 &FCI NORB=  14,NELEC=10,MS2=0,
  ORBSYM=1,1,3,1,2,1,3,2,1,3,1,3,1,1
  ISYM=1,
 &END
 4.739740105898745    1    1    1    1
 -0.4291619950279575    1    1    2    1
 1.043854097636526    1    1    2    2
 0.8579258957094917    1    1    3    3
 0.1468298009922245    1    1    4    1
 -0.09308711451479951    1    1    4    2
 0.9699811714249317    1    1    4    4
 1.037078473335731    1    1    5    5
 -0.1552600989238938    1    1    6    1
 0.2337802818902956    1    1    6    2
 0.1389763839675628    1    1    6    4
 0.4746465203612215    1    1    6    6
 -0.2849490619791876    1    1    7    3
 0.5030714865652162    1    1    7    7
 -0.4753638557937379    1    1    8    5
 0.8338995334736076    1    1    8    8
 -0.06589803229803592    1    1    9    1
 -0.002588345448953245    1    1    9    2
 -0.4305255931807048    1    1    9    4
 -0.1484218551412574    1    1    9    6
 0.8267981504441868    1    1    9    9
 -0.2145129428434394    1    1   10    3
 0.1074826129184426    1    1   10    7
 0.5549593905588148    1    1   10   10
 0.1663402589650055    1    1   11    1
 -0.1829631088716974    1    1   11    2
 -0.08962745802774491    1    1   11    4
 -0.1925661842622294    1    1   11    6
 0.1429603536843246    1    1   11    9
 0.5865237000246877    1    1   11   11
 0.3156507746347704    1    1   12    3
 -0.313381233887524    1    1   12    7
 -0.1953819930469186    1    1   12   10
 0.7953392063614614    1    1   12   12
 0.4350383306692577    1    1   13    1
 -0.3723184358451847    1    1   13    2
 0.1235480299396575    1    1   13    4
 -0.1894004694584004    1    1   13    6
 -0.05632394417840948    1    1   13    9
 0.1413111644176613    1    1   13   11
 0.874802558578518    1    1   13   13
 -1.257064177405779    1    1   14    1
 0.4414566502590571    1    1   14    2
 -0.1617030046283215    1    1   14    4
 0.1637740713149157    1    1   14    6
 0.08075999766720424    1    1   14    9
 -0.2021339848472719    1    1   14   11
 -0.5655307106452058    1    1   14   13
 4.493022809314176    1    1   14   14
 -0.4291619950279576    2    1    1    1
 0.06341899823275728    2    1    2    1
 -0.01358066542275991    2    1    2    2
 -0.006568537495817637    2    1    3    3
 -0.01711455485208958    2    1    4    1
 0.0083351944369394    2    1    4    2
 -0.01337657593609333    2    1    4    4
 -0.01159565825973379    2    1    5    5
 0.02484356264021034    2    1    6    1
 -0.004439748033230898    2    1    6    2
 -0.001321547210413672    2    1    6    4
 -0.002287498479429875    2    1    6    6
 0.005603991222442199    2    1    7    3
 -0.003466262541998253    2    1    7    7
 0.01216866119774098    2    1    8    5
 -0.01294815874552683    2    1    8    8
 0.004398551180118191    2    1    9    1
 -0.003510595047173298    2    1    9    2
 0.01272781104230025    2    1    9    4
 0.00226073135498439    2    1    9    6
 -0.01419589011780203    2    1    9    9
 0.004588813671774493    2    1   10    3
 -0.003583453404518906    2    1   10    7
 -0.004131060979991099    2    1   10   10
 -0.02695226804691684    2    1   11    1
 0.00549498756735464    2    1   11    2
 0.001563788508064349    2    1   11    4
 0.002951989026333779    2    1   11    6
 -0.003015352843688944    2    1   11    9
 -0.002298452395754332    2    1   11   11
 -0.009653009165466797    2    1   12    3
 0.006417542178449062    2    1   12    7
 0.007152914333206682    2    1   12   10
 -0.01062388612291285    2    1   12   12
 -0.0657369892358423    2    1   13    1
 0.01593338807943867    2    1   13    2
 -0.007586405571855224    2    1   13    4
 0.00516829074070242    2    1   13    6
 0.005519428495706381    2    1   13    9
 -0.005894342757237155    2    1   13   11
 -0.01731141965868714    2    1   13   13
 0.2220427443143499    2    1   14    1
 -0.05753268014296491    2    1   14    2
 0.02276223475019377    2    1   14    4
 -0.02058880107735853    2    1   14    6
 -0.01272641468174254    2    1   14    9
 0.02288171235293405    2    1   14   11
 0.0646635240948539    2    1   14   13
 -0.4120921929108091    2    1   14   14
 1.043854097636527    2    2    1    1
 -0.01358066542275994    2    2    2    1
 0.7513809915995947    2    2    2    2
 0.6617263760265574    2    2    3    3
 0.01542649218371199    2    2    4    1
 0.01427407468858738    2    2    4    2
 0.6636328425195077    2    2    4    4
 0.7081292025368564    2    2    5    5
 -0.0009312760665768234    2    2    6    1
 0.1210634153373127    2    2    6    2
 0.06853505117060299    2    2    6    4
 0.4138915348362852    2    2    6    6
 -0.1297808488028598    2    2    7    3
 0.4179205509194627    2    2    7    7
 -0.1894479819964638    2    2    8    5
 0.5489776311594519    2    2    8    8
 -0.01348352310696286    2    2    9    1
 -0.01535553165314903    2    2    9    2
 -0.1643803717629838    2    2    9    4
 -0.0782115175608431    2    2    9    6
 0.5345806381759323    2    2    9    9
 -0.1089291943355495    2    2   10    3
 0.02817232659286532    2    2   10    7
 0.4617047163888383    2    2   10   10
 0.0009501888413594001    2    2   11    1
 -0.05975155605655384    2    2   11    2
 -0.0183269074305896    2    2   11    4
 -0.1206923390253299    2    2   11    6
 0.05683748054729482    2    2   11    9
 0.539480178926106    2    2   11   11
 0.0830909620911898    2    2   12    3
 -0.1660212154526185    2    2   12    7
 -0.04156798429668959    2    2   12   10
 0.5744589823099489    2    2   12   12
 0.01354345892211664    2    2   13    1
 -0.1147089131279513    2    2   13    2
 0.03869634971523845    2    2   13    4
 -0.08962720757423602    2    2   13    6
 0.003660653627776413    2    2   13    9
 0.03464030259304266    2    2   13   11
 0.5993537923791578    2    2   13   13
 -0.04001732918177524    2    2   14    1
 0.0155030025303096    2    2   14    2
 -0.009113368107001552    2    2   14    4
 0.002701851491470907    2    2   14    6
 0.006249224540199869    2    2   14    9
 -0.01702584336472483    2    2   14   11
 -0.05505372414204331    2    2   14   13
 1.031665747171843    2    2   14   14
 0.01947180624910808    3    1    3    1
 0.02235176191878982    3    1    3    2
 -0.004052628639851709    3    1    4    3
 0.003772294278246169    3    1    6    3
 -0.01371882062774167    3    1    7    1
 -0.01136720339770441    3    1    7    2
 0.00625796320502141    3    1    7    4
 -0.005413704042839216    3    1    7    6
 0.001299812115840748    3    1    9    3
 -0.001118267368079912    3    1    9    7
 -0.01481067174491704    3    1   10    1
 -0.008056140647593309    3    1   10    2
 -0.001004909399264313    3    1   10    4
 -0.004936635760703585    3    1   10    6
 -0.002159521299442772    3    1   10    9
 -0.000658182259340129    3    1   11    3
 0.003686585824901955    3    1   11    7
 0.0001698996031799169    3    1   11   10
 0.02424074027054354    3    1   12    1
 0.01272993551627979    3    1   12    2
 -0.008003683744737554    3    1   12    4
 0.00565608283596213    3    1   12    6
 0.003242662543414328    3    1   12    9
 -0.009765925369575332    3    1   12   11
 -0.01197794982811278    3    1   13    3
 0.007537007459266346    3    1   13    7
 0.01033476242459823    3    1   13   10
 -0.01383200723969707    3    1   13   12
 0.009477529743313005    3    1   14    3
 -0.006971867413852732    3    1   14    7
 -0.008464301959285497    3    1   14   10
 0.01350465564781345    3    1   14   12
 0.02235176191878982    3    2    3    1
 0.1439323227545316    3    2    3    2
 0.01299208289648781    3    2    4    3
 -0.01411503422152335    3    2    6    3
 -0.0152661721606223    3    2    7    1
 -0.03824974582457701    3    2    7    2
 0.04503019424390377    3    2    7    4
 -0.05727135460147041    3    2    7    6
 -0.002229886853790325    3    2    9    3
 0.007297365451476679    3    2    9    7
 -0.01520187904865    3    2   10    1
 -0.0327622332513657    3    2   10    2
 -0.03384390240620403    3    2   10    4
 -0.03225151053812801    3    2   10    6
 -0.02129645068646001    3    2   10    9
 0.05752191096506343    3    2   11    3
 0.02711221216998681    3    2   11    7
 -0.04415998475085953    3    2   11   10
 0.02524344716201053    3    2   12    1
 0.0118044642184533    3    2   12    2
 -0.05413111599357898    3    2   12    4
 0.03264458615142216    3    2   12    6
 0.01077273366371663    3    2   12    9
 -0.1147771718100236    3    2   12   11
 -0.02726383256628331    3    2   13    3
 0.004475905636073838    3    2   13    7
 0.0543206402171353    3    2   13   10
 -0.03991719239216712    3    2   13   12
 -0.004967392564842016    3    2   14    3
 0.002388152333909598    3    2   14    7
 -3.321541625474661e-05    3    2   14   10
 -0.001340017585054849    3    2   14   12
 0.8579258957094918    3    3    1    1
 -0.006568537495817678    3    3    2    1
 0.6617263760265573    3    3    2    2
 0.6396413069706666    3    3    3    3
 0.005853427193212727    3    3    4    1
 0.006395397521398805    3    3    4    2
 0.5899441293217772    3    3    4    4
 0.6052848132996385    3    3    5    5
 -0.0009644823824771069    3    3    6    1
 0.07718712804143867    3    3    6    2
 0.03927917777854566    3    3    6    4
 0.3991453039854242    3    3    6    6
 -0.1028599106135943    3    3    7    3
 0.4170699093800909    3    3    7    7
 -0.1399083777064372    3    3    8    5
 0.4859063620211037    3    3    8    8
 -0.004642890677345512    3    3    9    1
 -0.00394579100195761    3    3    9    2
 -0.1262466175473997    3    3    9    4
 -0.05668122130586743    3    3    9    6
 0.4772413735187283    3    3    9    9
 -0.09668854485962063    3    3   10    3
 0.01943342551248047    3    3   10    7
 0.4564982174122763    3    3   10   10
 0.001069487122016216    3    3   11    1
 -0.01194215330202938    3    3   11    2
 0.01293306404801096    3    3   11    4
 -0.1055678181570108    3    3   11    6
 0.03964985107092788    3    3   11    9
 0.5399982224476783    3    3   11   11
 0.04719138242313304    3    3   12    3
 -0.1520949034151376    3    3   12    7
 -0.02028055280473632    3    3   12   10
 0.5679931805752785    3    3   12   12
 0.005355801964762075    3    3   13    1
 -0.09004391717735896    3    3   13    2
 0.03120855197055518    3    3   13    4
 -0.06448715872247154    3    3   13    6
 -0.006354250912231139    3    3   13    9
 0.01673114873280972    3    3   13   11
 0.5364869398881289    3    3   13   13
 -0.004169589700878352    3    3   14    1
 0.008497915208504812    3    3   14    2
 -0.005462547047717444    3    3   14    4
 0.0003444502338897129    3    3   14    6
 0.005419441424625089    3    3   14    9
 -0.01110361403031727    3    3   14   11
 -0.03827666111333932    3    3   14   13
 0.845123913811943    3    3   14   14
 0.1468298009922247    4    1    1    1
 -0.01711455485208957    4    1    2    1
 0.01542649218371198    4    1    2    2
 0.005853427193212721    4    1    3    3
 0.03030310452804554    4    1    4    1
 0.02148536606893442    4    1    4    2
 -0.01098560327149771    4    1    4    4
 0.003577044979006115    4    1    5    5
 0.002244871000060163    4    1    6    1
 0.01165767971027892    4    1    6    2
 0.003044690821181043    4    1    6    4
 0.008373779274795032    4    1    6    6
 0.000653128254017271    4    1    7    3
 0.001785470995286286    4    1    7    7
 -0.003836062110395364    4    1    8    5
 0.004113061219773249    4    1    8    8
 -0.03116115141479149    4    1    9    1
 -0.01484431726086996    4    1    9    2
 0.004440609594053536    4    1    9    4
 -0.007836196500389709    4    1    9    6
 -0.002707319805627082    4    1    9    9
 -0.00579199308239779    4    1   10    3
 0.002371997998934595    4    1   10    7
 0.001404798421155625    4    1   10   10
 -0.002484988199762088    4    1   11    1
 -0.009641889139101934    4    1   11    2
 -0.002524815262003276    4    1   11    4
 -0.006943815135047234    4    1   11    6
 0.005834810927284475    4    1   11    9
 0.01203894769845204    4    1   11   11
 -0.0005431788724873413    4    1   12    3
 -0.001445411546892162    4    1   12    7
 -0.0002787678612984661    4    1   12   10
 0.005782691154105193    4    1   12   12
 0.02104709821366879    4    1   13    1
 -0.008318191135885739    4    1   13    2
 -0.01033015302083739    4    1   13    4
 -0.007739390478801648    4    1   13    6
 0.01683588823023718    4    1   13    9
 0.007462181815635732    4    1   13   11
 0.008486947029644523    4    1   13   13
 -0.07754332285593279    4    1   14    1
 0.02201449593171758    4    1   14    2
 0.00429310115715651    4    1   14    4
 0.01258956953490412    4    1   14    6
 -0.0121414448541595    4    1   14    9
 -0.01427487137183431    4    1   14   11
 -0.02305157160663215    4    1   14   13
 0.1408230467869227    4    1   14   14
 -0.09308711451479958    4    2    1    1
 0.008335194436939386    4    2    2    1
 0.01427407468858736    4    2    2    2
 0.006395397521398816    4    2    3    3
 0.02148536606893443    4    2    4    1
 0.1171424248396062    4    2    4    2
 -0.08100807923419366    4    2    4    4
 -0.04589735395387722    4    2    5    5
 0.01119721461692725    4    2    6    1
 0.01790869709475366    4    2    6    2
 -0.01256767774650432    4    2    6    4
 0.03353247645810514    4    2    6    6
 0.04379039755595233    4    2    7    3
 0.008731096150308416    4    2    7    7
 0.02407946464753165    4    2    8    5
 -0.02868254807300583    4    2    8    8
 -0.02479998953380859    4    2    9    1
 -0.03520983649909128    4    2    9    2
 0.03826652467921308    4    2    9    4
 -0.03206509778393616    4    2    9    6
 -0.05328593367424759    4    2    9    9
 -0.02780353750450757    4    2   10    3
 0.002137138855931271    4    2   10    7
 -0.01690388838153615    4    2   10   10
 -0.01168619150973487    4    2   11    1
 0.001606409402283858    4    2   11    2
 0.01591663048450536    4    2   11    4
 -0.01466284781959728    4    2   11    6
 0.004397309606122202    4    2   11    9
 0.07549210294598195    4    2   11   11
 -0.05588771039576633    4    2   12    3
 0.01161209331707807    4    2   12    7
 0.03872999501004559    4    2   12   10
 0.02107272149001168    4    2   12   12
 -0.004891971081995094    4    2   13    1
 0.01246694359126963    4    2   13    2
 -0.01555993028805186    4    2   13    4
 0.002248926737614532    4    2   13    6
 0.06709407204061703    4    2   13    9
 -0.005991170124388875    4    2   13   11
 -0.008789830501197811    4    2   13   13
 0.01270085723678042    4    2   14    1
 -0.004539988230851962    4    2   14    2
 -0.002134026915241809    4    2   14    4
 -0.002911461233946081    4    2   14    6
 6.088431515634161e-05    4    2   14    9
 0.003264333365184608    4    2   14   11
 0.009320040062603627    4    2   14   13
 -0.09233686085661549    4    2   14   14
 -0.00405262863985171    4    3    3    1
 0.01299208289648781    4    3    3    2
 0.04183559014510958    4    3    4    3
 -0.01131286326461135    4    3    6    3
 0.00305664217901933    4    3    7    1
 0.0181166258139154    4    3    7    2
 -0.005255715281382305    4    3    7    4
 -0.02602406338472156    4    3    7    6
 -0.008039296725561447    4    3    9    3
 0.01049717937310942    4    3    9    7
 0.002650642764841135    4    3   10    1
 -0.01424079040504633    4    3   10    2
 -0.01042604224080615    4    3   10    4
 0.003947330489708847    4    3   10    6
 0.01120511028371656    4    3   10    9
 0.03272533445147232    4    3   11    3
 0.0126823579092714    4    3   11    7
 -0.02666557202432649    4    3   11   10
 -0.005164520128460403    4    3   12    1
 -0.02921922835426739    4    3   12    2
 -0.002145261034841832    4    3   12    4
 0.00746607336819388    4    3   12    6
 -0.01455880070589044    4    3   12    9
 -0.05178076777992878    4    3   12   11
 0.0005617605371969136    4    3   13    3
 -0.00863994029714801    4    3   13    7
 -0.003598400124902673    4    3   13   10
 0.009519760161629346    4    3   13   12
 4.87957788165728e-05    4    3   14    3
 -9.236709647946703e-05    4    3   14    7
 0.001195007635913563    4    3   14   10
 -0.001810594539611904    4    3   14   12
 0.9699811714249318    4    4    1    1
 -0.01337657593609338    4    4    2    1
 0.6636328425195076    4    4    2    2
 0.5899441293217772    4    4    3    3
 -0.0109856032714977    4    4    4    1
 -0.08100807923419366    4    4    4    2
 0.7183876362211054    4    4    4    4
 0.6549356357567147    4    4    5    5
 -0.009747984600830331    4    4    6    1
 0.07722856181585934    4    4    6    2
 0.07253691673122382    4    4    6    4
 0.3746056701607928    4    4    6    6
 -0.1278721043980121    4    4    7    3
 0.3940705327054563    4    4    7    7
 -0.1670815345466214    4    4    8    5
 0.518253313749039    4    4    8    8
 0.01489337627952023    4    4    9    1
 0.02298966188439768    4    4    9    2
 -0.1780753016174476    4    4    9    4
 -0.04750597705401778    4    4    9    6
 0.5703196394326343    4    4    9    9
 -0.07368305158786184    4    4   10    3
 0.01295860851115813    4    4   10    7
 0.4481513904727893    4    4   10   10
 0.0100654726682934    4    4   11    1
 -0.03769970761473106    4    4   11    2
 -0.03061609716705907    4    4   11    4
 -0.09538603711520439    4    4   11    6
 0.04532045167344006    4    4   11    9
 0.4630424780212812    4    4   11   11
 0.09262801322378021    4    4   12    3
 -0.1492483285906291    4    4   12    7
 -0.05121903366459563    4    4   12   10
 0.5202263311085343    4    4   12   12
 0.009228710381707224    4    4   13    1
 -0.09934892681145893    4    4   13    2
 0.05237276431042532    4    4   13    4
 -0.07353773499609494    4    4   13    6
 -0.05542493557790356    4    4   13    9
 0.02591904571576512    4    4   13   11
 0.5588523796765846    4    4   13   13
 -0.00959347057809389    4    4   14    1
 0.01365129453403825    4    4   14    2
 -0.00422853544454767    4    4   14    4
 0.002828568731328734    4    4   14    6
 0.00617004080370687    4    4   14    9
 -0.01471393721134421    4    4   14   11
 -0.04872198814086749    4    4   14   13
 0.9540916997623961    4    4   14   14
 0.03079338282424844    5    1    5    1
 0.03026515653578665    5    1    5    2
 -0.01022960622402437    5    1    5    4
 0.009194859941289969    5    1    6    5
 -0.03289413007971975    5    1    8    1
 -0.01825969148419654    5    1    8    2
 0.006861401414308995    5    1    8    4
 -0.009139715861207881    5    1    8    6
 0.003996928796835598    5    1    9    5
 -0.003883443427995755    5    1    9    8
 -0.01129007331557591    5    1   11    5
 0.007201852202379286    5    1   11    8
 -0.01366123236015789    5    1   13    5
 0.02120042218168927    5    1   13    8
 0.01559951376383844    5    1   14    5
 -0.01824095848683751    5    1   14    8
 0.03026515653578665    5    2    5    1
 0.1298453759730267    5    2    5    2
 -0.0345220515296936    5    2    5    4
 0.02943269543224405    5    2    6    5
 -0.02993122348337869    5    2    8    1
 -0.04339989172592146    5    2    8    2
 0.01704558986940292    5    2    8    4
 -0.04143816902881886    5    2    8    6
 0.00979298248659052    5    2    9    5
 -0.01133390605078663    5    2    9    8
 -0.04497319682343472    5    2   11    5
 0.01319808134012286    5    2   11    8
 0.002637321335131072    5    2   13    5
 0.08072707127243521    5    2   13    8
 -0.003077669617673888    5    2   14    5
 0.001168858580479414    5    2   14    8
 0.02764910452760116    5    3    5    3
 -0.01326541453766667    5    3    7    5
 -0.006480369922250772    5    3    8    3
 0.009702444340566373    5    3    8    7
 0.0002834091014025585    5    3   10    5
 0.01428522953882938    5    3   10    8
 0.01346720935416539    5    3   12    5
 -0.0131227258694538    5    3   12    8
 -0.01022960622402436    5    4    5    1
 -0.03452205152969359    5    4    5    2
 0.04367820474309039    5    4    5    4
 5.587808665535237e-05    5    4    6    5
 0.01016333418383893    5    4    8    1
 0.01370952835150804    5    4    8    2
 -0.01435248605533001    5    4    8    4
 0.005585052402748948    5    4    8    6
 -0.01333465593535315    5    4    9    5
 0.02573066403521678    5    4    9    8
 0.003883292008891698    5    4   11    5
 -0.001164778784274975    5    4   11    8
 0.003234867163543497    5    4   13    5
 -0.02312217050035286    5    4   13    8
 0.0009550939756685896    5    4   14    5
 0.0002815490465611034    5    4   14    8
 1.037078473335731    5    5    1    1
 -0.01159565825973378    5    5    2    1
 0.7081292025368564    5    5    2    2
 0.6052848132996386    5    5    3    3
 0.003577044979006105    5    5    4    1
 -0.04589735395387721    5    5    4    2
 0.6549356357567148    5    5    4    4
 0.7547439355086963    5    5    5    5
 -0.003722779618861749    5    5    6    1
 0.1098752774492592    5    5    6    2
 0.06704899170113948    5    5    6    4
 0.3819706228233378    5    5    6    6
 -0.1374532801207271    5    5    7    3
 0.3910880618448468    5    5    7    7
 -0.2053324590808454    5    5    8    5
 0.5826030471668793    5    5    8    8
 -0.001261796444909476    5    5    9    1
 0.003785140311993692    5    5    9    2
 -0.1657238437835735    5    5    9    4
 -0.05695178732927147    5    5    9    6
 0.5342134437280829    5    5    9    9
 -0.07959126446470771    5    5   10    3
 0.02698733164497614    5    5   10    7
 0.4453443090940786    5    5   10   10
 0.003422851714776822    5    5   11    1
 -0.07483412525011045    5    5   11    2
 -0.02896646037259574    5    5   11    4
 -0.1022982229564419    5    5   11    6
 0.04904074805095444    5    5   11    9
 0.4653205880257494    5    5   11   11
 0.1095995472692321    5    5   12    3
 -0.1534311320801991    5    5   12    7
 -0.06259748849902781    5    5   12   10
 0.5207082203907922    5    5   12   12
 0.009257635033740337    5    5   13    1
 -0.1052534449605059    5    5   13    2
 0.04314648996185255    5    5   13    4
 -0.08741977932135198    5    5   13    6
 -0.02493105090773033    5    5   13    9
 0.03362783851011666    5    5   13   11
 0.5945875274108198    5    5   13   13
 -0.006678237567317491    5    5   14    1
 0.01596239623091665    5    5   14    2
 -0.007142378788351158    5    5   14    4
 0.003113246162550996    5    5   14    6
 0.005317948772910342    5    5   14    9
 -0.01696594660760073    5    5   14   11
 -0.05416287887481606    5    5   14   13
 1.017655283119798    5    5   14   14
 -0.1552600989238941    6    1    1    1
 0.02484356264021036    6    1    2    1
 -0.0009312760665767903    6    1    2    2
 -0.0009644823824771107    6    1    3    3
 0.002244871000060169    6    1    4    1
 0.01119721461692725    6    1    4    2
 -0.009747984600830279    6    1    4    4
 -0.003722779618861805    6    1    5    5
 0.01285668711692583    6    1    6    1
 0.001988177338452597    6    1    6    2
 0.0005221784239276312    6    1    6    4
 0.001833634010385576    6    1    6    6
 0.002722428191391733    6    1    7    3
 -0.0009618671741461436    6    1    7    7
 0.004042650948863064    6    1    8    5
 -0.004334140617146002    6    1    8    8
 -0.008732478711265113    6    1    9    1
 -0.006761630731718008    6    1    9    2
 0.007275334623233584    6    1    9    4
 -0.001694363838517156    6    1    9    6
 -0.007357554450175656    6    1    9    9
 0.0001272007590134249    6    1   10    3
 -0.0008237724856956411    6    1   10    7
 -0.001417178506490129    6    1   10   10
 -0.01397331116210525    6    1   11    1
 -0.000832581394411436    6    1   11    2
 -0.0002472539225259156    6    1   11    4
 -0.0010436169464793    6    1   11    6
 0.0006734479954143313    6    1   11    9
 0.003028256633600531    6    1   11   11
 -0.004518964625898533    6    1   12    3
 0.00242567568963736    6    1   12    7
 0.003148970820563137    6    1   12   10
 -0.002911166926701106    6    1   12   12
 -0.02463175839634908    6    1   13    1
 0.004562736666056776    6    1   13    2
 -0.007122058346154369    6    1   13    4
 -0.0002737916875696848    6    1   13    6
 0.008354729181856493    6    1   13    9
 -0.000159144661198705    6    1   13   11
 -0.005135511965954887    6    1   13   13
 0.08169145590903368    6    1   14    1
 -0.02017771542919632    6    1   14    2
 0.01256645690176543    6    1   14    4
 -0.005556902117495099    6    1   14    6
 -0.01043577632602938    6    1   14    9
 0.006070291275457263    6    1   14   11
 0.02320383474255763    6    1   14   13
 -0.1495559844686199    6    1   14   14
 0.2337802818902959    6    2    1    1
 -0.004439748033230885    6    2    2    1
 0.1210634153373129    6    2    2    2
 0.07718712804143876    6    2    3    3
 0.01165767971027891    6    2    4    1
 0.0179086970947537    6    2    4    2
 0.07722856181585944    6    2    4    4
 0.1098752774492592    6    2    5    5
 0.001988177338452599    6    2    6    1
 0.0496014666194896    6    2    6    2
 0.02784223411624738    6    2    6    4
 0.0270727867735635    6    2    6    6
 -0.041464722615315    6    2    7    3
 0.02086473216456852    6    2    7    7
 -0.05944150003072771    6    2    8    5
 0.0689788797755799    6    2    8    8
 -0.01163656405640191    6    2    9    1
 -0.01819911022829157    6    2    9    2
 -0.04693550296704084    6    2    9    4
 -0.0251095930283221    6    2    9    6
 0.05924715246581819    6    2    9    9
 -0.03036327057021788    6    2   10    3
 0.01511074019876267    6    2   10    7
 0.02891193515005872    6    2   10   10
 -0.002153685009326918    6    2   11    1
 -0.03860547190284265    6    2   11    2
 -0.01948355548681033    6    2   11    4
 -0.02732158882114828    6    2   11    6
 0.02223776850444031    6    2   11    9
 0.03779397735877622    6    2   11   11
 0.04092284948496733    6    2   12    3
 -0.03502081035763805    6    2   12    7
 -0.02308423940413101    6    2   12   10
 0.05423322395325392    6    2   12   12
 0.005174387486639928    6    2   13    1
 -0.04149671415650914    6    2   13    2
 0.004962774106822191    6    2   13    4
 -0.02944522500210866    6    2   13    6
 0.01268911852107843    6    2   13    9
 0.02168649597900757    6    2   13   11
 0.0753385906276737    6    2   13   13
 -0.01518100501439297    6    2   14    1
 0.007105882793375108    6    2   14    2
 -0.004563606936935269    6    2   14    4
 0.002631817631349056    6    2   14    6
 0.0008875571169857541    6    2   14    9
 -0.006823797957235772    6    2   14   11
 -0.02026512614124426    6    2   14   13
 0.2285795176062591    6    2   14   14
 0.003772294278246171    6    3    3    1
 -0.01411503422152335    6    3    3    2
 -0.01131286326461135    6    3    4    3
 0.03230077512180222    6    3    6    3
 -0.002581497222224879    6    3    7    1
 -0.01467499262253054    6    3    7    2
 -0.01958429397658162    6    3    7    4
 0.03827979829015107    6    3    7    6
 -0.001588893965995688    6    3    9    3
 -0.004927928084811411    6    3    9    7
 -0.002762133711180803    6    3   10    1
 -0.005223415413460757    6    3   10    2
 0.01105292675515791    6    3   10    4
 0.009520846004579022    6    3   10    6
 0.01443280251933326    6    3   10    9
 -0.03333125471330672    6    3   11    3
 -0.004673508001880132    6    3   11    7
 0.02746001638027384    6    3   11   10
 0.00441083053062954    6    3   12    1
 0.02282643432114996    6    3   12    2
 0.01393463524807126    6    3   12    4
 0.0003405809187920169    6    3   12    6
 -0.003370690287022836    6    3   12    9
 0.04681997201349888    6    3   12   11
 -0.005307632400165758    6    3   13    3
 0.02108039542743887    6    3   13    7
 -0.007723227276003596    6    3   13   10
 -0.004057828915054487    6    3   13   12
 -0.0002572742141544498    6    3   14    3
 0.0003937731167921818    6    3   14    7
 -0.001630992736047899    6    3   14   10
 0.003673455528336587    6    3   14   12
 0.1389763839675627    6    4    1    1
 -0.001321547210413686    6    4    2    1
 0.06853505117060299    6    4    2    2
 0.03927917777854566    6    4    3    3
 0.003044690821181042    6    4    4    1
 -0.01256767774650431    6    4    4    2
 0.07253691673122369    6    4    4    4
 0.0670489917011395    6    4    5    5
 0.0005221784239276016    6    4    6    1
 0.02784223411624734    6    4    6    2
 0.03009728058098494    6    4    6    4
 0.003422336382573511    6    4    6    6
 -0.03723298230175515    6    4    7    3
 -0.001189506394829644    6    4    7    7
 -0.03227342022036419    6    4    8    5
 0.04451608620770112    6    4    8    8
 -0.003098569769559666    6    4    9    1
 -0.01145328601788613    6    4    9    2
 -0.03306128701974492    6    4    9    4
 -0.00237944271969242    6    4    9    6
 0.06117763960385952    6    4    9    9
 -0.00584257327525876    6    4   10    3
 0.004477321995329882    6    4   10    7
 0.03020325172868413    6    4   10   10
 -0.0006498244715060256    6    4   11    1
 -0.02440092905136012    6    4   11    2
 -0.02036503608908108    6    4   11    4
 -0.0160963864656964    6    4   11    6
 0.01527071718238441    6    4   11    9
 -9.178394940348294e-05    6    4   11   11
 0.03280914862109084    6    4   12    3
 -0.02239491332382303    6    4   12    7
 -0.02451124634024255    6    4   12   10
 0.01799741333897257    6    4   12   12
 0.001037440381232361    6    4   13    1
 -0.0233662748982133    6    4   13    2
 -0.0003473187181673252    6    4   13    4
 -0.02244867484823224    6    4   13    6
 -0.008472888497376888    6    4   13    9
 0.01607152489739725    6    4   13   11
 0.04524830760636579    6    4   13   13
 0.002868977562782238    6    4   14    1
 0.002913050781814636    6    4   14    2
 -0.001736388592341248    6    4   14    4
 0.0009180952432770752    6    4   14    6
 -0.001097178930347999    6    4   14    9
 -0.004047119579536103    6    4   14   11
 -0.01101937548739256    6    4   14   13
 0.1340201106004677    6    4   14   14
 0.009194859941289969    6    5    5    1
 0.02943269543224407    6    5    5    2
 5.587808665536434e-05    6    5    5    4
 0.01447783304709357    6    5    6    5
 -0.00918955484989537    6    5    8    1
 -0.01876808200834461    6    5    8    2
 0.001210592700272184    6    5    8    4
 -0.005117594062002499    6    5    8    6
 -0.0006252140673586941    6    5    9    5
 0.003880779548861498    6    5    9    8
 -0.01285683481398326    6    5   11    5
 0.009880042857202046    6    5   11    8
 -0.01058895892879993    6    5   13    5
 0.01238924611773525    6    5   13    8
 -0.0008388226773811372    6    5   14    5
 -0.001720473790856626    6    5   14    8
 0.4746465203612213    6    6    1    1
 -0.002287498479429871    6    6    2    1
 0.4138915348362851    6    6    2    2
 0.3991453039854241    6    6    3    3
 0.008373779274795013    6    6    4    1
 0.03353247645810527    6    6    4    2
 0.3746056701607931    6    6    4    4
 0.3819706228233378    6    6    5    5
 0.001833634010385583    6    6    6    1
 0.02707278677356366    6    6    6    2
 0.003422336382573493    6    6    6    4
 0.345824723434303    6    6    6    6
 -0.008832466404077748    6    6    7    3
 0.346303322994369    6    6    7    7
 -0.0498330926517631    6    6    8    5
 0.3387592335897832    6    6    8    8
 -0.008440880223093666    6    6    9    1
 -0.006814585868938386    6    6    9    2
 -0.04008197426823183    6    6    9    4
 -0.03888066636827384    6    6    9    6
 0.3320615078464608    6    6    9    9
 -0.03927347446651409    6    6   10    3
 0.007359324288011898    6    6   10    7
 0.3281748591785788    6    6   10   10
 -0.001932578525287688    6    6   11    1
 -0.006305030228556319    6    6   11    2
 0.005846396318582758    6    6   11    4
 -0.04328529545523507    6    6   11    6
 0.01570985043553878    6    6   11    9
 0.3944190598462935    6    6   11   11
 -0.001397246703299945    6    6   12    3
 -0.04646508135440176    6    6   12    7
 0.006642518310203155    6    6   12   10
 0.3841307137239776    6    6   12   12
 0.002811994057938028    6    6   13    1
 -0.03093152859637436    6    6   13    2
 0.007517226618640377    6    6   13    4
 -0.01707140264327265    6    6   13    6
 0.0159942200959073    6    6   13    9
 0.002973558277426322    6    6   13   11
 0.3686947131215959    6    6   13   13
 -0.006490036073518473    6    6   14    1
 0.004594879458999717    6    6   14    2
 -0.002511114088352806    6    6   14    4
 0.0009357756319401654    6    6   14    6
 0.002068680210969705    6    6   14    9
 -0.004007007249542138    6    6   14   11
 -0.01384466691903787    6    6   14   13
 0.4703882462413948    6    6   14   14
 -0.01371882062774166    7    1    3    1
 -0.0152661721606223    7    1    3    2
 0.003056642179019329    7    1    4    3
 -0.002581497222224879    7    1    6    3
 0.00967080760383713    7    1    7    1
 0.007864686851889194    7    1    7    2
 -0.004408434480327831    7    1    7    4
 0.003637356564202137    7    1    7    6
 -0.001049884663079368    7    1    9    3
 0.0008859938645011378    7    1    9    7
 0.01044323737391975    7    1   10    1
 0.005491581535551631    7    1   10    2
 0.000565232271893306    7    1   10    4
 0.003362461568228671    7    1   10    6
 0.001574809845421212    7    1   10    9
 0.0005490167116135766    7    1   11    3
 -0.002481683911306275    7    1   11    7
 -0.0001926097152767844    7    1   11   10
 -0.01709811752879031    7    1   12    1
 -0.008885846510034538    7    1   12    2
 0.005618423243369646    7    1   12    4
 -0.003831115391386215    7    1   12    6
 -0.002392912077095721    7    1   12    9
 0.006523267537135626    7    1   12   11
 0.008303883653063924    7    1   13    3
 -0.005246658210816203    7    1   13    7
 -0.007124143583311079    7    1   13   10
 0.009603678718057687    7    1   13   12
 -0.006746338487975574    7    1   14    3
 0.004952861584469719    7    1   14    7
 0.006001049460149896    7    1   14   10
 -0.009569404989427155    7    1   14   12
 -0.01136720339770441    7    2    3    1
 -0.03824974582457699    7    2    3    2
 0.01811662581391538    7    2    4    3
 -0.0146749926225305    7    2    6    3
 0.007864686851889194    7    2    7    1
 0.02837606213909993    7    2    7    2
 -0.007983878121836908    7    2    7    4
 -0.007498627230517017    7    2    7    6
 0.0004603119602398599    7    2    9    3
 0.003288191132162391    7    2    9    7
 0.007800370679981418    7    2   10    1
 0.006768598835341986    7    2   10    2
 0.00318820703455479    7    2   10    4
 0.01115648665385953    7    2   10    6
 0.006690511263763502    7    2   10    9
 0.01093730853136747    7    2   11    3
 -0.001226790418923108    7    2   11    7
 -0.009688713111044111    7    2   11   10
 -0.01311958593749762    7    2   12    1
 -0.02802445113570673    7    2   12    2
 0.008952644125385807    7    2   12    4
 -0.008218109803442725    7    2   12    6
 -0.007572769523521456    7    2   12    9
 -0.004222478941633571    7    2   12   11
 0.01238524879679256    7    2   13    3
 -0.01391908525718507    7    2   13    7
 -0.01786769015519141    7    2   13   10
 0.02044054530950022    7    2   13   12
 0.001822675962244727    7    2   14    3
 -0.0008285353564588486    7    2   14    7
 0.001152742869434983    7    2   14   10
 -0.0021022922934006    7    2   14   12
 -0.2849490619791875    7    3    1    1
 0.005603991222442203    7    3    2    1
 -0.1297808488028598    7    3    2    2
 -0.1028599106135944    7    3    3    3
 0.0006531282540172711    7    3    4    1
 0.04379039755595234    7    3    4    2
 -0.1278721043980121    7    3    4    4
 -0.1374532801207272    7    3    5    5
 0.002722428191391711    7    3    6    1
 -0.041464722615315    7    3    6    2
 -0.03723298230175508    7    3    6    4
 -0.00883246640407769    7    3    6    6
 0.07958820178522986    7    3    7    3
 -0.01893148792496668    7    3    7    7
 0.06835833018657517    7    3    8    5
 -0.08981338836927476    7    3    8    8
 -0.001820929099320208    7    3    9    1
 0.001253614871585412    7    3    9    2
 0.06402394356222091    7    3    9    4
 0.005637532003292251    7    3    9    6
 -0.09732591280404015    7    3    9    9
 0.01841873380609995    7    3   10    3
 -0.01411685542291439    7    3   10    7
 -0.05819624251802624    7    3   10   10
 -0.002769882032428633    7    3   11    1
 0.03551720364086755    7    3   11    2
 0.0252367879551334    7    3   11    4
 0.02178504122437476    7    3   11    6
 -0.01878814413949324    7    3   11    9
 -0.007107148303695288    7    3   11   11
 -0.07615459690938577    7    3   12    3
 0.05333095731694232    7    3   12    7
 0.04934337811213883    7    3   12   10
 -0.05988468988402903    7    3   12   12
 -0.004116968010688767    7    3   13    1
 0.0473248284587327    7    3   13    2
 -0.01338621891677153    7    3   13    4
 0.03716524811405379    7    3   13    6
 0.02352058745983613    7    3   13    9
 -0.02486102962915802    7    3   13   11
 -0.09081852214495344    7    3   13   13
 0.002957094086493052    7    3   14    1
 -0.007149366481655529    7    3   14    2
 0.00294944029749135    7    3   14    4
 -0.002671578067895238    7    3   14    6
 -0.0006067669710946161    7    3   14    9
 0.008125012012878366    7    3   14   11
 0.02296315255589666    7    3   14   13
 -0.2764662896981397    7    3   14   14
 0.006257963205021406    7    4    3    1
 0.04503019424390378    7    4    3    2
 -0.005255715281382297    7    4    4    3
 -0.01958429397658162    7    4    6    3
 -0.004408434480327831    7    4    7    1
 -0.007983878121836924    7    4    7    2
 0.03007619737727342    7    4    7    4
 -0.03261748991308304    7    4    7    6
 0.006339299188841894    7    4    9    3
 0.001917309617652751    7    4    9    7
 -0.004111597046730549    7    4   10    1
 -0.003524004956359049    7    4   10    2
 -0.01314337570412842    7    4   10    4
 -0.01280401158989482    7    4   10    6
 -0.01831515408979574    7    4   10    9
 0.02515639836182097    7    4   11    3
 0.006288978305001874    7    4   11    7
 -0.02065766342912044    7    4   11   10
 0.007268120817398185    7    4   12    1
 0.0007216436222702881    7    4   12    2
 -0.02604780698110158    7    4   12    4
 0.00537984158926866    7    4   12    6
 0.01119775936599953    7    4   12    9
 -0.04447443310575312    7    4   12   11
 -0.006694065346044729    7    4   13    3
 -0.008028019499704523    7    4   13    7
 0.02085439273760617    7    4   13   10
 -0.01339714250889387    7    4   13   12
 -0.001130964466191295    7    4   14    3
 0.0003440201413085237    7    4   14    7
 2.40135988906116e-05    7    4   14   10
 -0.001695204156682682    7    4   14   12
 -0.01326541453766668    7    5    5    3
 0.009063136283994059    7    5    7    5
 0.006900332872870232    7    5    8    3
 -0.003262080628815814    7    5    8    7
 0.001349131096669006    7    5   10    5
 -0.005710119407388319    7    5   10    8
 -0.009081448278271828    7    5   12    5
 0.00770607296867074    7    5   12    8
 -0.005413704042839218    7    6    3    1
 -0.05727135460147045    7    6    3    2
 -0.02602406338472156    7    6    4    3
 0.03827979829015107    7    6    6    3
 0.003637356564202129    7    6    7    1
 -0.007498627230517096    7    6    7    2
 -0.03261748991308295    7    6    7    4
 0.08644830288286157    7    6    7    6
 -0.0003192570063455954    7    6    9    3
 -0.009794052090419138    7    6    9    7
 0.003692696825236827    7    6   10    1
 0.01184334840276613    7    6   10    2
 0.01629958352069622    7    6   10    4
 0.01842693119602264    7    6   10    6
 0.01011900598413414    7    6   10    9
 -0.0403989598224842    7    6   11    3
 -0.005566768178918767    7    6   11    7
 0.03787543791280888    7    6   11   10
 -0.005983030672762679    7    6   12    1
 0.01263764622868292    7    6   12    2
 0.02199277385176833    7    6   12    4
 0.002612259137632856    7    6   12    6
 0.0006806643595060699    7    6   12    9
 0.08619295891413757    7    6   12   11
 0.01356449071399662    7    6   13    3
 0.02571308871001607    7    6   13    7
 -0.01901860383356952    7    6   13   10
 0.01669303015529611    7    6   13   12
 0.000931470291751295    7    6   14    3
 0.001716943470140042    7    6   14    7
 -0.0001468072997620493    7    6   14   10
 0.002785012712016164    7    6   14   12
 0.5030714865652161    7    7    1    1
 -0.003466262541998306    7    7    2    1
 0.4179205509194626    7    7    2    2
 0.4170699093800911    7    7    3    3
 0.001785470995286307    7    7    4    1
 0.008731096150308447    7    7    4    2
 0.3940705327054562    7    7    4    4
 0.391088061844847    7    7    5    5
 -0.0009618671741461547    7    7    6    1
 0.02086473216456879    7    7    6    2
 -0.001189506394829672    7    7    6    4
 0.3463033229943687    7    7    6    6
 -0.01893148792496702    7    7    7    3
 0.3637935016375172    7    7    7    7
 -0.0583653621119215    7    7    8    5
 0.3418826888433882    7    7    8    8
 -0.001044954210686776    7    7    9    1
 0.006284076255558475    7    7    9    2
 -0.05151117932362165    7    7    9    4
 -0.03607496792607058    7    7    9    6
 0.3365983045899771    7    7    9    9
 -0.04416688877451772    7    7   10    3
 0.008576496403814292    7    7   10    7
 0.3301014322442372    7    7   10   10
 0.001025610631238936    7    7   11    1
 0.0002535929108510159    7    7   11    2
 0.009580848591514521    7    7   11    4
 -0.04108848237050725    7    7   11    6
 0.01397138323633559    7    7   11    9
 0.3933174617918235    7    7   11   11
 0.01378592303137682    7    7   12    3
 -0.05342669613173206    7    7   12    7
 0.001512041637847931    7    7   12   10
 0.4024432235923983    7    7   12   12
 0.002789238200658984    7    7   13    1
 -0.03753842799659074    7    7   13    2
 0.01497508490029556    7    7   13    4
 -0.01256089268804048    7    7   13    6
 0.001143200657544245    7    7   13    9
 0.003016955186905623    7    7   13   11
 0.3747351009591081    7    7   13   13
 -0.00215479387801397    7    7   14    1
 0.004994915029398164    7    7   14    2
 -0.002054658711543716    7    7   14    4
 0.001770987694782322    7    7   14    6
 0.003235016043189993    7    7   14    9
 -0.004304128229839303    7    7   14   11
 -0.015949158359285    7    7   14   13
 0.4971286878534371    7    7   14   14
 -0.03289413007971977    8    1    5    1
 -0.02993122348337869    8    1    5    2
 0.01016333418383893    8    1    5    4
 -0.00918955484989537    8    1    6    5
 0.03522487459810299    8    1    8    1
 0.01838638320218831    8    1    8    2
 -0.006902990948355676    8    1    8    4
 0.009055053228404561    8    1    8    6
 -0.004012800452808109    8    1    9    5
 0.003870045623832391    8    1    9    8
 0.01122870549108567    8    1   11    5
 -0.007308869492443766    8    1   11    8
 0.01415011869254932    8    1   13    5
 -0.02119213481296165    8    1   13    8
 -0.0170646637160924    8    1   14    5
 0.01981459527672943    8    1   14    8
 -0.01825969148419654    8    2    5    1
 -0.04339989172592144    8    2    5    2
 0.01370952835150804    8    2    5    4
 -0.01876808200834461    8    2    6    5
 0.01838638320218829    8    2    8    1
 0.03396718071754972    8    2    8    2
 -0.008709480598576316    8    2    8    4
 0.007475733561130127    8    2    8    6
 -0.004806114203620749    8    2    9    5
 0.003203710952183626    8    2    9    8
 0.01588697114997595    8    2   11    5
 -0.01560199148969041    8    2   11    8
 0.02828054434245436    8    2   13    5
 -0.01905175009420152    8    2   13    8
 -0.0004312950009410255    8    2   14    5
 0.005709447855774998    8    2   14    8
 -0.006480369922250771    8    3    5    3
 0.006900332872870229    8    3    7    5
 0.01105393068597565    8    3    8    3
 -0.002759943518571325    8    3    8    7
 0.007779810803828923    8    3   10    5
 0.001921606967892771    8    3   10    8
 -0.009457145214860328    8    3   12    5
 0.006483448473163956    8    3   12    8
 0.006861401414308996    8    4    5    1
 0.01704558986940291    8    4    5    2
 -0.01435248605533002    8    4    5    4
 0.001210592700272188    8    4    6    5
 -0.006902990948355673    8    4    8    1
 -0.008709480598576319    8    4    8    2
 0.0162222213776536    8    4    8    4
 -0.002253550527502569    8    4    8    6
 0.01550321425110831    8    4    9    5
 -0.004061725205943819    8    4    9    8
 -0.0029538601244336    8    4   11    5
 -0.0008224233530594224    8    4   11    8
 -0.006814316788304211    8    4   13    5
 0.01094081628750914    8    4   13    8
 0.0003870080091817598    8    4   14    5
 -0.0017367106310671    8    4   14    8
 -0.4753638557937379    8    5    1    1
 0.01216866119774098    8    5    2    1
 -0.1894479819964637    8    5    2    2
 -0.1399083777064372    8    5    3    3
 -0.003836062110395372    8    5    4    1
 0.02407946464753163    8    5    4    2
 -0.1670815345466215    8    5    4    4
 -0.2053324590808454    8    5    5    5
 0.004042650948863071    8    5    6    1
 -0.05944150003072774    8    5    6    2
 -0.03227342022036422    8    5    6    4
 -0.0498330926517631    8    5    6    6
 0.0683583301865751    8    5    7    3
 -0.05836536211192122    8    5    7    7
 0.1407215442503777    8    5    8    5
 -0.126294547231422    8    5    8    8
 0.001481759817221418    8    5    9    1
 -0.0007637943043133019    8    5    9    2
 0.1017341139101233    8    5    9    4
 0.03293047902983354    8    5    9    6
 -0.1176831008046884    8    5    9    9
 0.05064108498077918    8    5   10    3
 -0.02359937916002287    8    5   10    7
 -0.05698782751389365    8    5   10   10
 -0.003866799994645763    8    5   11    1
 0.04367979296195103    8    5   11    2
 0.02026975479755211    8    5   11    4
 0.04407324535492357    8    5   11    6
 -0.03211012502372854    8    5   11    9
 -0.07258801505848328    8    5   11   11
 -0.07376066563381434    8    5   12    3
 0.06796954261195817    8    5   12    7
 0.03981213944750603    8    5   12   10
 -0.1187467040265197    8    5   12   12
 -0.01001547824194464    8    5   13    1
 0.08676201847554961    8    5   13    2
 -0.02807317490025384    8    5   13    4
 0.03749580691298252    8    5   13    6
 0.01303988087429415    8    5   13    9
 -0.03469792230316514    8    5   13   11
 -0.1220975403560993    8    5   13   13
 0.007769771699648481    8    5   14    1
 -0.01895820607997897    8    5   14    2
 0.008255340200630143    8    5   14    4
 -0.007914944116340673    8    5   14    6
 -0.005189099769574765    8    5   14    9
 0.01287861712314006    8    5   14   11
 0.04465811493748569    8    5   14   13
 -0.4565180486104289    8    5   14   14
 -0.009139715861207875    8    6    5    1
 -0.04143816902881888    8    6    5    2
 0.005585052402748945    8    6    5    4
 -0.005117594062002514    8    6    6    5
 0.00905505322840456    8    6    8    1
 0.007475733561130139    8    6    8    2
 -0.002253550527502569    8    6    8    4
 0.02356875860892809    8    6    8    6
 0.001493343504533876    8    6    9    5
 0.002069399198178994    8    6    9    8
 0.01680946570657671    8    6   11    5
 0.0005197180388459856    8    6   11    8
 -0.007211807489047075    8    6   13    5
 -0.03256106441881065    8    6   13    8
 -0.0005474067358898875    8    6   14    5
 -0.0007607103218468266    8    6   14    8
 0.00970244434056638    8    7    5    3
 -0.003262080628815815    8    7    7    5
 -0.002759943518571326    8    7    8    3
 0.007200850527496435    8    7    8    7
 -0.002042894996964195    8    7   10    5
 0.004965591760011265    8    7   10    8
 0.006166317717929367    8    7   12    5
 -0.00501808908429855    8    7   12    8
 0.8338995334736071    8    8    1    1
 -0.01294815874552682    8    8    2    1
 0.5489776311594518    8    8    2    2
 0.4859063620211038    8    8    3    3
 0.004113061219773255    8    8    4    1
 -0.02868254807300578    8    8    4    2
 0.5182533137490389    8    8    4    4
 0.5826030471668793    8    8    5    5
 -0.004334140617146003    8    8    6    1
 0.06897887977557991    8    8    6    2
 0.04451608620770104    8    8    6    4
 0.3387592335897832    8    8    6    6
 -0.08981338836927458    8    8    7    3
 0.3418826888433881    8    8    7    7
 -0.126294547231422    8    8    8    5
 0.4957631382145419    8    8    8    8
 -0.001592875063905154    8    8    9    1
 0.001659814100923909    8    8    9    2
 -0.1081101195257997    8    8    9    4
 -0.0387556208103839    8    8    9    6
 0.4494561634946934    8    8    9    9
 -0.05138946735095427    8    8   10    3
 0.01931855754045668    8    8   10    7
 0.3896563051547157    8    8   10   10
 0.004163566527675365    8    8   11    1
 -0.0495481697698885    8    8   11    2
 -0.01988251587398724    8    8   11    4
 -0.06805711834190752    8    8   11    6
 0.03225914430873661    8    8   11    9
 0.3955712731726034    8    8   11   11
 0.07255466033370098    8    8   12    3
 -0.1062679689320782    8    8   12    7
 -0.04473346782115023    8    8   12   10
 0.4313219320244084    8    8   12   12
 0.01089585788946405    8    8   13    1
 -0.0704075621475445    8    8   13    2
 0.02966006063228947    8    8   13    4
 -0.06434366766777232    8    8   13    6
 -0.01680785871260684    8    8   13    9
 0.01945875208207323    8    8   13   11
 0.4889332558217571    8    8   13   13
 -0.009001821646585353    8    8   14    1
 0.02052717661784379    8    8   14    2
 -0.00816851167963761    8    8   14    4
 0.004908077135826342    8    8   14    6
 0.005033669920437181    8    8   14    9
 -0.01551091878827182    8    8   14   11
 -0.04448224759344606    8    8   14   13
 0.8142189424621259    8    8   14   14
 -0.06589803229803602    9    1    1    1
 0.004398551180118193    9    1    2    1
 -0.01348352310696285    9    1    2    2
 -0.004642890677345516    9    1    3    3
 -0.0311611514147915    9    1    4    1
 -0.02479998953380859    9    1    4    2
 0.01489337627952023    9    1    4    4
 -0.001261796444909497    9    1    5    5
 -0.008732478711265111    9    1    6    1
 -0.01163656405640191    9    1    6    2
 -0.003098569769559668    9    1    6    4
 -0.008440880223093677    9    1    6    6
 -0.001820929099320202    9    1    7    3
 -0.001044954210686778    9    1    7    7
 0.001481759817221423    9    1    8    5
 -0.001592875063905164    9    1    8    8
 0.03538859544544537    9    1    9    1
 0.01702601186477918    9    1    9    2
 -0.007728763606561493    9    1    9    4
 0.007887235033459408    9    1    9    6
 0.006025872298142418    9    1    9    9
 0.005071880767079499    9    1   10    3
 -0.00173759504303187    9    1   10    7
 -0.0006416691431361568    9    1   10   10
 0.009551381473257022    9    1   11    1
 0.009363413895625386    9    1   11    2
 0.002537532805137925    9    1   11    4
 0.006874928486145938    9    1   11    6
 -0.005739664188755766    9    1   11    9
 -0.0121897373801909    9    1   11   11
 0.00251833201268589    9    1   12    3
 0.0001163692357621886    9    1   12    7
 -0.001105682334121165    9    1   12   10
 -0.003656881379240417    9    1   12   12
 -0.008398026137531928    9    1   13    1
 0.005629592602638091    9    1   13    2
 0.01325185430097669    9    1   13    4
 0.00741028256930169    9    1   13    6
 -0.01955861475625918    9    1   13    9
 -0.007002842385507108    9    1   13   11
 -0.005294839377196962    9    1   13   13
 0.03587360307648429    9    1   14    1
 -0.01165141475675885    9    1   14    2
 -0.01100392541866759    9    1   14    4
 -0.009804731745578348    9    1   14    6
 0.01763761615814567    9    1   14    9
 0.01118442818889815    9    1   14   11
 0.01104360308854166    9    1   14   13
 -0.06303567155763773    9    1   14   14
 -0.00258834544895312    9    2    1    1
 -0.0035105950471733    9    2    2    1
 -0.015355531653149    9    2    2    2
 -0.003945791001957603    9    2    3    3
 -0.01484431726086995    9    2    4    1
 -0.03520983649909126    9    2    4    2
 0.02298966188439767    9    2    4    4
 0.003785140311993672    9    2    5    5
 -0.006761630731718008    9    2    6    1
 -0.01819911022829157    9    2    6    2
 -0.01145328601788614    9    2    6    4
 -0.006814585868938434    9    2    6    6
 0.001253614871585428    9    2    7    3
 0.006284076255558403    9    2    7    7
 -0.0007637943043132966    9    2    8    5
 0.001659814100923947    9    2    8    8
 0.01702601186477918    9    2    9    1
 0.03121544330282965    9    2    9    2
 -0.01177795768935363    9    2    9    4
 0.004060333621686226    9    2    9    6
 0.003784742926485488    9    2    9    9
 0.002832989478098469    9    2   10    3
 -0.0007168705735055929    9    2   10    7
 -0.007301145147278016    9    2   10   10
 0.007160525487899498    9    2   11    1
 0.01271910039916715    9    2   11    2
 0.005160049530318169    9    2   11    4
 0.01118962798462739    9    2   11    6
 -0.009975817333323301    9    2   11    9
 -0.009014065818469127    9    2   11   11
 0.003968592167449117    9    2   12    3
 -0.001339221900607374    9    2   12    7
 0.001513474427792506    9    2   12   10
 0.002096526578687255    9    2   12   12
 0.001558986195912686    9    2   13    1
 0.00713957673586296    9    2   13    2
 0.02458679727817569    9    2   13    4
 0.01042792683970523    9    2   13    6
 -0.02013085801073778    9    2   13    9
 -0.01106200723086404    9    2   13   11
 0.0008487903988922567    9    2   13   13
 -0.004997568900337735    9    2   14    1
 0.0001688737924816349    9    2   14    2
 3.276970695778823e-05    9    2   14    4
 -0.0005442534010644942    9    2   14    6
 0.005185358303001032    9    2   14    9
 0.00152515880150011    9    2   14   11
 0.0008216910725945198    9    2   14   13
 -0.0008938495346263803    9    2   14   14
 0.00129981211584075    9    3    3    1
 -0.00222988685379033    9    3    3    2
 -0.008039296725561437    9    3    4    3
 -0.001588893965995689    9    3    6    3
 -0.001049884663079369    9    3    7    1
 0.0004603119602398414    9    3    7    2
 0.006339299188841898    9    3    7    4
 -0.0003192570063455848    9    3    7    6
 0.01095929287781666    9    3    9    3
 -0.005406815073187302    9    3    9    7
 -0.0008189876525343619    9    3   10    1
 -0.001295818878535136    9    3   10    2
 0.007130005990102157    9    3   10    4
 0.007454711220540565    9    3   10    6
 0.002329504990534892    9    3   10    9
 0.0003952120481180518    9    3   11    3
 -0.0007783552644428707    9    3   11    7
 -0.0002638686418288059    9    3   11   10
 0.001793930658863934    9    3   12    1
 0.00292420151360467    9    3   12    2
 -0.009070372670856003    9    3   12    4
 -0.002826660823387094    9    3   12    6
 0.005425864129017082    9    3   12    9
 0.002972747250828802    9    3   12   11
 -0.002421740134511327    9    3   13    3
 0.003073099637201058    9    3   13    7
 -0.002759786498487552    9    3   13   10
 -0.001909082647488156    9    3   13   12
 0.0004678178674870169    9    3   14    3
 4.717700657986018e-05    9    3   14    7
 -0.001302345927530214    9    3   14   10
 0.0005328072807581379    9    3   14   12
 -0.4305255931807047    9    4    1    1
 0.01272781104230028    9    4    2    1
 -0.1643803717629838    9    4    2    2
 -0.1262466175473998    9    4    3    3
 0.004440609594053523    9    4    4    1
 0.03826652467921306    9    4    4    2
 -0.1780753016174476    9    4    4    4
 -0.1657238437835737    9    4    5    5
 0.007275334623233574    9    4    6    1
 -0.04693550296704087    9    4    6    2
 -0.03306128701974496    9    4    6    4
 -0.04008197426823183    9    4    6    6
 0.06402394356222091    9    4    7    3
 -0.05151117932362191    9    4    7    7
 0.1017341139101234    9    4    8    5
 -0.1081101195257998    9    4    8    8
 -0.007728763606561492    9    4    9    1
 -0.01177795768935363    9    4    9    2
 0.1240855726790622    9    4    9    4
 0.03414761743157668    9    4    9    6
 -0.1129973475722486    9    4    9    9
 0.04259712504907218    9    4   10    3
 -0.02463316703703539    9    4   10    7
 -0.05004457498133968    9    4   10   10
 -0.007473147145530081    9    4   11    1
 0.03320592328569268    9    4   11    2
 0.02261938406593298    9    4   11    4
 0.03657748513757211    9    4   11    6
 -0.03394053054968085    9    4   11    9
 -0.05997683048853049    9    4   11   11
 -0.06993587198566595    9    4   12    3
 0.06247437302446276    9    4   12    7
 0.03607607144220101    9    4   12   10
 -0.1060825726188721    9    4   12   12
 -0.009619290951665522    9    4   13    1
 0.07657667650245144    9    4   13    2
 -0.03629636262026292    9    4   13    4
 0.02943101201267481    9    4   13    6
 0.02394453120843254    9    4   13    9
 -0.02486406017049203    9    4   13   11
 -0.1135819580322798    9    4   13   13
 0.008693085772945437    9    4   14    1
 -0.01705430953885054    9    4   14    2
 0.007814111537603202    9    4   14    4
 -0.006937036055509002    9    4   14    6
 -0.007578539630522215    9    4   14    9
 0.01147422819271338    9    4   14   11
 0.03963717079019838    9    4   14   13
 -0.4141769605872929    9    4   14   14
 0.003996928796835595    9    5    5    1
 0.009792982486590522    9    5    5    2
 -0.01333465593535314    9    5    5    4
 -0.0006252140673587013    9    5    6    5
 -0.004012800452808108    9    5    8    1
 -0.004806114203620748    9    5    8    2
 0.01550321425110831    9    5    8    4
 0.001493343504533877    9    5    8    6
 0.01594483555330237    9    5    9    5
 -0.003661433557694521    9    5    9    8
 -0.0003649228197404649    9    5   11    5
 -0.002753351246979529    9    5   11    8
 -0.003572278472253843    9    5   13    5
 0.006472644652087973    9    5   13    8
 -9.012270736747246e-05    9    5   14    5
 -0.0008378296424667684    9    5   14    8
 -0.1484218551412572    9    6    1    1
 0.00226073135498441    9    6    2    1
 -0.07821151756084323    9    6    2    2
 -0.05668122130586748    9    6    3    3
 -0.007836196500389711    9    6    4    1
 -0.03206509778393614    9    6    4    2
 -0.0475059770540178    9    6    4    4
 -0.05695178732927143    9    6    5    5
 -0.001694363838517146    9    6    6    1
 -0.025109593028322    9    6    6    2
 -0.002379442719692418    9    6    6    4
 -0.03888066636827371    9    6    6    6
 0.005637532003292233    9    6    7    3
 -0.03607496792607048    9    6    7    7
 0.03293047902983355    9    6    8    5
 -0.03875562081038392    9    6    8    8
 0.007887235033459412    9    6    9    1
 0.00406033362168625    9    6    9    2
 0.03414761743157664    9    6    9    4
 0.03803880732834956    9    6    9    6
 -0.02594194706646011    9    6    9    9
 0.03218598563225838    9    6   10    3
 -0.01148496246009489    9    6   10    7
 -0.005476986593271846    9    6   10   10
 0.001834062420422422    9    6   11    1
 0.0162222595050567    9    6   11    2
 0.006022370661109575    9    6   11    4
 0.01634421718656859    9    6   11    6
 -0.01190701626976434    9    6   11    9
 -0.06091019238246402    9    6   11   11
 -0.009693238446130896    9    6   12    3
 0.01994688471529146    9    6   12    7
 -0.002365434945006709    9    6   12   10
 -0.05638069248330806    9    6   12   12
 -0.002502059084804989    9    6   13    1
 0.02471577884312516    9    6   13    2
 -0.01174674499644352    9    6   13    4
 0.01227157091606556    9    6   13    6
 -0.0226521238769136    9    6   13    9
 -0.006375043357439557    9    6   13   11
 -0.05225208388907594    9    6   13   13
 0.0006673229783855828    9    6   14    1
 -0.006111926064432989    9    6   14    2
 0.002559931822612168    9    6   14    4
 -0.002450880075158753    9    6   14    6
 -0.002621828692622902    9    6   14    9
 0.004259784136290354    9    6   14   11
 0.01285587086094218    9    6   14   13
 -0.1420343703585223    9    6   14   14
 -0.001118267368079911    9    7    3    1
 0.007297365451476665    9    7    3    2
 0.01049717937310942    9    7    4    3
 -0.004927928084811443    9    7    6    3
 0.000885993864501128    9    7    7    1
 0.003288191132162281    9    7    7    2
 0.001917309617652817    9    7    7    4
 -0.009794052090419258    9    7    7    6
 -0.00540681507318729    9    7    9    3
 0.008803278092047886    9    7    9    7
 0.0007354449500610509    9    7   10    1
 -0.0003939183108651176    9    7   10    2
 -0.008987778237758154    9    7   10    4
 -0.004705418231083698    9    7   10    6
 -0.004291039751126615    9    7   10    9
 0.006359828493174997    9    7   11    3
 0.002166079352151574    9    7   11    7
 -0.005911926283178387    9    7   11   10
 -0.001525056770034664    9    7   12    1
 -0.006621736285273571    9    7   12    2
 0.002546624304642776    9    7   12    4
 0.002699937972721579    9    7   12    6
 -0.00376110733273541    9    7   12    9
 -0.01357934554574883    9    7   12   11
 0.003198437103026603    9    7   13    3
 -0.00449177015424555    9    7   13    7
 0.004292038831090475    9    7   13   10
 0.0008985132295528439    9    7   13   12
 -0.0001210705620014791    9    7   14    3
 5.887255665266901e-06    9    7   14    7
 0.001105623547553386    9    7   14   10
 -0.0009900971950801175    9    7   14   12
 -0.003883443427995755    9    8    5    1
 -0.01133390605078662    9    8    5    2
 0.0257306640352168    9    8    5    4
 0.003880779548861497    9    8    6    5
 0.003870045623832388    9    8    8    1
 0.003203710952183626    9    8    8    2
 -0.004061725205943813    9    8    8    4
 0.002069399198178968    9    8    8    6
 -0.003661433557694515    9    8    9    5
 0.02482554245953351    9    8    9    8
 -0.002205251020828484    9    8   11    5
 3.725516414580455e-05    9    8   11    8
 0.0002298505587041726    9    8   13    5
 -0.0093423508880004    9    8   13    8
 -0.0002274182102529506    9    8   14    5
 0.0001986217023815132    9    8   14    8
 0.826798150444187    9    9    1    1
 -0.01419589011780213    9    9    2    1
 0.5345806381759325    9    9    2    2
 0.4772413735187285    9    9    3    3
 -0.002707319805627034    9    9    4    1
 -0.05328593367424763    9    9    4    2
 0.5703196394326345    9    9    4    4
 0.5342134437280832    9    9    5    5
 -0.007357554450175671    9    9    6    1
 0.0592471524658184    9    9    6    2
 0.06117763960385953    9    9    6    4
 0.3320615078464612    9    9    6    6
 -0.09732591280404002    9    9    7    3
 0.3365983045899772    9    9    7    7
 -0.1176831008046884    9    9    8    5
 0.4494561634946931    9    9    8    8
 0.006025872298142401    9    9    9    1
 0.00378474292648556    9    9    9    2
 -0.1129973475722485    9    9    9    4
 -0.02594194706645992    9    9    9    6
 0.5085000584297095    9    9    9    9
 -0.0453556488385549    9    9   10    3
 0.007477757235489583    9    9   10    7
 0.400692025942636    9    9   10   10
 0.007505266932203569    9    9   11    1
 -0.03902293100731859    9    9   11    2
 -0.03173781045780701    9    9   11    4
 -0.06878309608108497    9    9   11    6
 0.0335175858612334    9    9   11    9
 0.3797140922466468    9    9   11   11
 0.07509829665795402    9    9   12    3
 -0.1066977357122358    9    9   12    7
 -0.05217115900012802    9    9   12   10
 0.4242345606491814    9    9   12   12
 0.01110787479994795    9    9   13    1
 -0.0740266409714827    9    9   13    2
 0.03035077712876681    9    9   13    4
 -0.06289557713958834    9    9   13    6
 -0.03802797544915385    9    9   13    9
 0.02399522594903278    9    9   13   11
 0.470489589759115    9    9   13   13
 -0.009656960062940298    9    9   14    1
 0.01984478347339952    9    9   14    2
 -0.008104858946815091    9    9   14    4
 0.00473202844762914    9    9   14    6
 0.004821526472282232    9    9   14    9
 -0.01480953016374555    9    9   14   11
 -0.04484392717832401    9    9   14   13
 0.8076266050052753    9    9   14   14
 -0.01481067174491705   10    1    3    1
 -0.01520187904865   10    1    3    2
 0.002650642764841136   10    1    4    3
 -0.002762133711180805   10    1    6    3
 0.01044323737391975   10    1    7    1
 0.007800370679981413   10    1    7    2
 -0.004111597046730549   10    1    7    4
 0.003692696825236816   10    1    7    6
 -0.0008189876525343621   10    1    9    3
 0.0007354449500610467   10    1    9    7
 0.01132666218302696   10    1   10    1
 0.005692214460686839   10    1   10    2
 0.0006056209235026641   10    1   10    4
 0.003342839842872342   10    1   10    6
 0.001308114281361345   10    1   10    9
 0.0006732729355233774   10    1   11    3
 -0.002584371207057246   10    1   11    7
 -0.0002689177101537915   10    1   11   10
 -0.01850843068496924   10    1   12    1
 -0.008892530382107255   10    1   12    2
 0.005338950104901363   10    1   12    4
 -0.003942444338960595   10    1   12    6
 -0.002098124083601302   10    1   12    9
 0.006653692609385096   10    1   12   11
 0.008486848430521738   10    1   13    3
 -0.005372598380509313   10    1   13    7
 -0.007108059864295926   10    1   13   10
 0.009690185145676083   10    1   13   12
 -0.00749867717112035   10    1   14    3
 0.005488321406809407   10    1   14    7
 0.006561838393433763   10    1   14   10
 -0.010510182340616   10    1   14   12
 -0.008056140647593314   10    2    3    1
 -0.0327622332513657   10    2    3    2
 -0.01424079040504633   10    2    4    3
 -0.005223415413460766   10    2    6    3
 0.005491581535551641   10    2    7    1
 0.006768598835342011   10    2    7    2
 -0.003524004956359055   10    2    7    4
 0.01184334840276617   10    2    7    6
 -0.001295818878535133   10    2    9    3
 -0.0003939183108651088   10    2    9    7
 0.005692214460686839   10    2   10    1
 0.02290737598540563   10    2   10    2
 0.003768869713855558   10    2   10    4
 -0.005062061683400325   10    2   10    6
 -0.00945151512414418   10    2   10    9
 -0.01744361665976672   10    2   11    3
 -0.0125502211833653   10    2   11    7
 0.0136833862322369   10    2   11   10
 -0.009220093107884618   10    2   12    1
 -0.002032078720450356   10    2   12    2
 0.01503014611574193   10    2   12    4
 -0.01123341348141534   10    2   12    6
 0.002633399147156922   10    2   12    9
 0.03672745906896929   10    2   12   11
 0.01802086017185271   10    2   13    3
 -0.009068816336748322   10    2   13    7
 -0.005060113828345533   10    2   13   10
 0.009055104639129143   10    2   13   12
 2.794359603840258e-05   10    2   14    3
 0.0002978827825649491   10    2   14    7
 0.002397745517970111   10    2   14   10
 -0.00252501461442128   10    2   14   12
 -0.2145129428434392   10    3    1    1
 0.00458881367177449   10    3    2    1
 -0.1089291943355495   10    3    2    2
 -0.09668854485962065   10    3    3    3
 -0.005791993082397796   10    3    4    1
 -0.02780353750450756   10    3    4    2
 -0.07368305158786169   10    3    4    4
 -0.07959126446470778   10    3    5    5
 0.0001272007590134116   10    3    6    1
 -0.03036327057021787   10    3    6    2
 -0.005842573275258803   10    3    6    4
 -0.03927347446651408   10    3    6    6
 0.01841873380610002   10    3    7    3
 -0.04416688877451787   10    3    7    7
 0.05064108498077919   10    3    8    5
 -0.0513894673509543   10    3    8    8
 0.005071880767079493   10    3    9    1
 0.002832989478098482   10    3    9    2
 0.04259712504907222   10    3    9    4
 0.03218598563225836   10    3    9    6
 -0.0453556488385549   10    3    9    9
 0.05708782469082649   10    3   10    3
 -0.01294901713852472   10    3   10    7
 -0.0218213620488203   10    3   10   10
 -0.0001625695384649661   10    3   11    1
 0.003540147482291498   10    3   11    2
 -0.008277944380424942   10    3   11    4
 0.03254665993610845   10    3   11    6
 -0.0143662280643862   10    3   11    9
 -0.09939688923504185   10    3   11   11
 -0.009971643861154286   10    3   12    3
 0.04374037258232192   10    3   12    7
 -0.00595235272932021   10    3   12   10
 -0.1023329695474672   10    3   12   12
 -0.004186775625696755   10    3   13    1
 0.04125171844185051   10    3   13    2
 -0.01515159404323195   10    3   13    4
 0.0142894513385585   10    3   13    6
 -0.01372853305697897   10    3   13    9
 -0.005645714935841234   10    3   13   11
 -0.06610133498759777   10    3   13   13
 0.003602115722824322   10    3   14    1
 -0.008210170754852295   10    3   14    2
 0.004967887960804273   10    3   14    4
 -0.00287230215902972   10    3   14    6
 -0.004532068225114381   10    3   14    9
 0.005203315612332129   10    3   14   11
 0.01922857572745484   10    3   14   13
 -0.2061222427203659   10    3   14   14
 -0.001004909399264311   10    4    3    1
 -0.03384390240620403   10    4    3    2
 -0.01042604224080615   10    4    4    3
 0.01105292675515793   10    4    6    3
 0.000565232271893307   10    4    7    1
 0.003188207034554776   10    4    7    2
 -0.0131433757041284   10    4    7    4
 0.01629958352069628   10    4    7    6
 0.007130005990102167   10    4    9    3
 -0.008987778237758129   10    4    9    7
 0.0006056209235026645   10    4   10    1
 0.003768869713855554   10    4   10    2
 0.02090685275910422   10    4   10    4
 0.01219247310499868   10    4   10    6
 0.01442826614591402   10    4   10    9
 -0.02554832456655364   10    4   11    3
 -0.009466941491192789   10    4   11    7
 0.02070824336108312   10    4   11   10
 -0.0007925401441086146   10    4   12    1
 0.01081620952820344   10    4   12    2
 0.0118404306122192   10    4   12    4
 -0.01039259548351303   10    4   12    6
 -0.0006182326171256793   10    4   12    9
 0.04207546228919364   10    4   12   11
 -0.001380506616708832   10    4   13    3
 0.008007157578808976   10    4   13    7
 -0.0164083627301507   10    4   13   10
 0.002076420693271867   10    4   13   12
 0.001631836558340489   10    4   14    3
 -0.0009857978654162455   10    4   14    7
 -0.002044221611036182   10    4   14   10
 0.002714564088585092   10    4   14   12
 0.0002834091014025575   10    5    5    3
 0.001349131096669005   10    5    7    5
 0.007779810803828923   10    5    8    3
 -0.00204289499696419   10    5    8    7
 0.009181119758017782   10    5   10    5
 0.007119170738397773   10    5   10    8
 -0.004350193866544931   10    5   12    5
 0.002766641856781889   10    5   12    8
 -0.004936635760703594   10    6    3    1
 -0.03225151053812807   10    6    3    2
 0.003947330489708856   10    6    4    3
 0.009520846004578948   10    6    6    3
 0.003362461568228664   10    6    7    1
 0.01115648665385958   10    6    7    2
 -0.01280401158989487   10    6    7    4
 0.01842693119602264   10    6    7    6
 0.007454711220540576   10    6    9    3
 -0.004705418231083705   10    6    9    7
 0.003342839842872332   10    6   10    1
 -0.00506206168340029   10    6   10    2
 0.01219247310499871   10    6   10    4
 0.02888311609682519   10    6   10    6
 0.02247045797677625   10    6   10    9
 -0.001644099676274557   10    6   11    3
 0.002713319051606243   10    6   11    7
 0.004898638064960941   10    6   11   10
 -0.005554324895577876   10    6   12    1
 -0.007136277596519108   10    6   12    2
 0.003939812774850384   10    6   12    4
 -0.002431955013412057   10    6   12    6
 -0.005787107670992281   10    6   12    9
 0.01428307451168255   10    6   12   11
 0.0003517543550792198   10    6   13    3
 0.004998699376663591   10    6   13    7
 -0.01922509580921641   10    6   13   10
 0.01438302122685335   10    6   13   12
 0.0005764334193909584   10    6   14    3
 0.000375990056759066   10    6   14    7
 -0.001098013019910936   10    6   14   10
 0.0005001122525095185   10    6   14   12
 0.1074826129184423   10    7    1    1
 -0.003583453404518888   10    7    2    1
 0.02817232659286513   10    7    2    2
 0.01943342551248041   10    7    3    3
 0.002371997998934582   10    7    4    1
 0.002137138855931292   10    7    4    2
 0.01295860851115825   10    7    4    4
 0.02698733164497606   10    7    5    5
 -0.0008237724856956392   10    7    6    1
 0.01511074019876258   10    7    6    2
 0.004477321995329898   10    7    6    4
 0.007359324288011598   10    7    6    6
 -0.01411685542291428   10    7    7    3
 0.008576496403814075   10    7    7    7
 -0.02359937916002269   10    7    8    5
 0.01931855754045657   10    7    8    8
 -0.001737595043031866   10    7    9    1
 -0.000716870573505658   10    7    9    2
 -0.02463316703703546   10    7    9    4
 -0.01148496246009492   10    7    9    6
 0.007477757235489498   10    7    9    9
 -0.01294901713852472   10    7   10    3
 0.01598027087038515   10    7   10    7
 -0.004190505031000128   10    7   10   10
 0.0008314907423165788   10    7   11    1
 -0.01584643025910291   10    7   11    2
 -0.008808622064866723   10    7   11    4
 -0.002021699311982879   10    7   11    6
 0.007348388480527552   10    7   11    9
 -0.002568846333436213   10    7   11   11
 0.02647971250464076   10    7   12    3
 -0.00999374434163346   10    7   12    7
 -0.01391095073141197   10    7   12   10
 0.01474438396104406   10    7   12   12
 0.003089589059433343   10    7   13    1
 -0.02098234565430781   10    7   13    2
 0.009194116494216179   10    7   13    4
 -0.006716578953829501   10    7   13    6
 0.004184295188102085   10    7   13    9
 0.00990015192172395   10    7   13   11
 0.01784841334195219   10    7   13   13
 -0.002575953726064581   10    7   14    1
 0.006270746882988143   10    7   14    2
 -0.003128957203757649   10    7   14    4
 0.002846469698766963   10    7   14    6
 0.002334563444472046   10    7   14    9
 -0.003876683843037875   10    7   14   11
 -0.01172983595025288   10    7   14   13
 0.1018015631121078   10    7   14   14
 0.01428522953882938   10    8    5    3
 -0.005710119407388319   10    8    7    5
 0.001921606967892769   10    8    8    3
 0.004965591760011268   10    8    8    7
 0.007119170738397777   10    8   10    5
 0.01823203829288698   10    8   10    8
 0.005188130984322959   10    8   12    5
 -0.006641183408367122   10    8   12    8
 -0.002159521299442774   10    9    3    1
 -0.02129645068646002   10    9    3    2
 0.01120511028371656   10    9    4    3
 0.01443280251933323   10    9    6    3
 0.001574809845421212   10    9    7    1
 0.006690511263763514   10    9    7    2
 -0.01831515408979576   10    9    7    4
 0.01011900598413419   10    9    7    6
 0.002329504990534895   10    9    9    3
 -0.004291039751126536   10    9    9    7
 0.001308114281361342   10    9   10    1
 -0.009451515124144161   10    9   10    2
 0.01442826614591403   10    9   10    4
 0.02247045797677627   10    9   10    6
 0.03208909068190424   10    9   10    9
 -0.00895477802566654   10    9   11    3
 0.0005391352180114739   10    9   11    7
 0.008983004124978487   10    9   11   10
 -0.002557967752868648   10    9   12    1
 -3.113638699656956e-05   10    9   12    2
 0.009583339377753453   10    9   12    4
 -0.00303605802535044   10    9   12    6
 -0.01249730907372957   10    9   12    9
 0.01387717457752776   10    9   12   11
 -0.003951248533795646   10    9   13    3
 0.008334716019681733   10    9   13    7
 -0.01777900597780206   10    9   13   10
 0.007742040736493022   10    9   13   12
 3.103039697874966e-05   10    9   14    3
 0.0002397399504466237   10    9   14    7
 -0.001360042697172636   10    9   14   10
 0.001291122431290714   10    9   14   12
 0.5549593905588145   10   10    1    1
 -0.0041310609799911   10   10    2    1
 0.4617047163888384   10   10    2    2
 0.4564982174122762   10   10    3    3
 0.001404798421155641   10   10    4    1
 -0.01690388838153618   10   10    4    2
 0.4481513904727893   10   10    4    4
 0.4453443090940788   10   10    5    5
 -0.001417178506490121   10   10    6    1
 0.02891193515005867   10   10    6    2
 0.03020325172868413   10   10    6    4
 0.3281748591785795   10   10    6    6
 -0.0581962425180264   10   10    7    3
 0.3301014322442373   10   10    7    7
 -0.05698782751389379   10   10    8    5
 0.3896563051547155   10   10    8    8
 -0.0006416691431361523   10   10    9    1
 -0.007301145147278018   10   10    9    2
 -0.05004457498133976   10   10    9    4
 -0.005476986593271892   10   10    9    6
 0.4006920259426359   10   10    9    9
 -0.02182136204882028   10   10   10    3
 -0.004190505031000299   10   10   10    7
 0.4177571582431187   10   10   10   10
 0.001470944472871115   10   10   11    1
 3.623949079455058e-06   10   10   11    2
 0.008223031327488339   10   10   11    4
 -0.0584308981203151   10   10   11    6
 0.02001632178517961   10   10   11    9
 0.3990032865138315   10   10   11   11
 0.01418593249335326   10   10   12    3
 -0.08215908504755107   10   10   12    7
 -0.01761531232250043   10   10   12   10
 0.4100839367748537   10   10   12   12
 0.003410618819057883   10   10   13    1
 -0.03238697309103471   10   10   13    2
 0.002944453872651014   10   10   13    4
 -0.04027875011983559   10   10   13    6
 -0.02121511198060176   10   10   13    9
 0.004458659668709771   10   10   13   11
 0.4109347109313352   10   10   13   13
 -0.003050029540548096   10   10   14    1
 0.005577259910719379   10   10   14    2
 -0.002400641193460592   10   10   14    4
 -0.0007802286224396876   10   10   14    6
 -2.004716012175649e-05   10   10   14    9
 -0.005964324665114284   10   10   14   11
 -0.01761394200523523   10   10   14   13
 0.5482824176400348   10   10   14   14
 0.1663402589650056   11    1    1    1
 -0.02695226804691683   11    1    2    1
 0.0009501888413593676   11    1    2    2
 0.001069487122016202   11    1    3    3
 -0.002484988199762089   11    1    4    1
 -0.01168619150973488   11    1    4    2
 0.01006547266829339   11    1    4    4
 0.003422851714776794   11    1    5    5
 -0.01397331116210525   11    1    6    1
 -0.002153685009326898   11    1    6    2
 -0.0006498244715060323   11    1    6    4
 -0.001932578525287632   11    1    6    6
 -0.002769882032428628   11    1    7    3
 0.001025610631238929   11    1    7    7
 -0.003866799994645762   11    1    8    5
 0.004163566527675352   11    1    8    8
 0.009551381473257032   11    1    9    1
 0.007160525487899499   11    1    9    2
 -0.007473147145530066   11    1    9    4
 0.001834062420422427   11    1    9    6
 0.007505266932203505   11    1    9    9
 -0.0001625695384649556   11    1   10    3
 0.0008314907423165933   11    1   10    7
 0.001470944472871116   11    1   10   10
 0.01519836912118027   11    1   11    1
 0.001031914149818793   11    1   11    2
 0.0004070111602159787   11    1   11    4
 0.001138516953616973   11    1   11    6
 -0.0008106684289410418   11    1   11    9
 -0.003065438833340488   11    1   11   11
 0.004554200786343342   11    1   12    3
 -0.002499156839025531   11    1   12    7
 -0.003168645096423344   11    1   12   10
 0.003079413884309968   11    1   12   12
 0.02675460579169641   11    1   13    1
 -0.00473642283784009   11    1   13    2
 0.007542845987045234   11    1   13    4
 0.0003554983153825962   11    1   13    6
 -0.008803946699788023   11    1   13    9
 8.963461592723393e-05   11    1   13   11
 0.005329706169012769   11    1   13   13
 -0.08945303742206037   11    1   14    1
 0.02170562951831142   11    1   14    2
 -0.01367593859578351   11    1   14    4
 0.005922243887236789   11    1   14    6
 0.0113919790082245   11    1   14    9
 -0.006466885032045674   11    1   14   11
 -0.02493119708012393   11    1   14   13
 0.1604914737274907   11    1   14   14
 -0.1829631088716975   11    2    1    1
 0.005494987567354635   11    2    2    1
 -0.0597515560565538   11    2    2    2
 -0.01194215330202939   11    2    3    3
 -0.009641889139101932   11    2    4    1
 0.001606409402283886   11    2    4    2
 -0.03769970761473104   11    2    4    4
 -0.07483412525011046   11    2    5    5
 -0.0008325813944114219   11    2    6    1
 -0.03860547190284262   11    2    6    2
 -0.02440092905136014   11    2    6    4
 -0.006305030228556282   11    2    6    6
 0.03551720364086753   11    2    7    3
 0.0002535929108510364   11    2    7    7
 0.04367979296195102   11    2    8    5
 -0.04954816976988848   11    2    8    8
 0.009363413895625387   11    2    9    1
 0.01271910039916714   11    2    9    2
 0.03320592328569266   11    2    9    4
 0.01622225950505669   11    2    9    6
 -0.03902293100731851   11    2    9    9
 0.003540147482291481   11    2   10    3
 -0.01584643025910292   11    2   10    7
 3.623949079496161e-06   11    2   10   10
 0.001031914149818788   11    2   11    1
 0.05303289196264729   11    2   11    2
 0.03581607033680027   11    2   11    4
 0.00383590434642434   11    2   11    6
 -0.01591122476772493   11    2   11    9
 0.03817829795858843   11    2   11   11
 -0.05901686118749935   11    2   12    3
 0.0107312586055363   11    2   12    7
 0.03897856170025583   11    2   12   10
 0.009379459024107615   11    2   12   12
 -0.005938825999640421   11    2   13    1
 0.02901123728448161   11    2   13    2
 -0.004137624460921931   11    2   13    4
 0.02402490717763288   11    2   13    6
 -0.007903080080527227   11    2   13    9
 -0.02370559020797359   11    2   13   11
 -0.04509147990887066   11    2   13   13
 0.01663795511311851   11    2   14    1
 -0.009223412611316225   11    2   14    2
 0.003753651582062375   11    2   14    4
 -0.00414342799615007   11    2   14    6
 0.0001898589604979608   11    2   14    9
 0.007460025266740966   11    2   14   11
 0.01846073663090552   11    2   14   13
 -0.1777805093016586   11    2   14   14
 -0.0006581822593401313   11    3    3    1
 0.05752191096506346   11    3    3    2
 0.03272533445147231   11    3    4    3
 -0.0333312547133067   11    3    6    3
 0.0005490167116135832   11    3    7    1
 0.01093730853136745   11    3    7    2
 0.02515639836182098   11    3    7    4
 -0.04039895982248423   11    3    7    6
 0.0003952120481180502   11    3    9    3
 0.006359828493174994   11    3    9    7
 0.0006732729355233779   11    3   10    1
 -0.01744361665976671   11    3   10    2
 -0.02554832456655365   11    3   10    4
 -0.001644099676274535   11    3   10    6
 -0.008954778025666544   11    3   10    9
 0.0805358313296293   11    3   11    3
 0.02785405123893901   11    3   11    7
 -0.06006288203461934   11    3   11   10
 -0.001147255953509089   11    3   12    1
 -0.04111053190684359   11    3   12    2
 -0.0403839402417779   11    3   12    4
 0.02200269221210941   11    3   12    6
 0.002124873926727502   11    3   12    9
 -0.111793992062889   11    3   12   11
 -0.003290291971628855   11    3   13    3
 -0.01573512259874338   11    3   13    7
 0.01744052916023831   11    3   13   10
 0.007619119486899504   11    3   13   12
 -0.001595070960142703   11    3   14    3
 0.001731113509158678   11    3   14    7
 0.001881852024458251   11    3   14   10
 -0.005041172703987028   11    3   14   12
 -0.08962745802774492   11    4    1    1
 0.001563788508064353   11    4    2    1
 -0.01832690743058962   11    4    2    2
 0.01293306404801095   11    4    3    3
 -0.002524815262003274   11    4    4    1
 0.01591663048450534   11    4    4    2
 -0.03061609716705913   11    4    4    4
 -0.02896646037259573   11    4    5    5
 -0.0002472539225259296   11    4    6    1
 -0.01948355548681035   11    4    6    2
 -0.02036503608908108   11    4    6    4
 0.005846396318582781   11    4    6    6
 0.02523678795513338   11    4    7    3
 0.009580848591514394   11    4    7    7
 0.02026975479755209   11    4    8    5
 -0.0198825158739872   11    4    8    8
 0.002537532805137928   11    4    9    1
 0.005160049530318186   11    4    9    2
 0.02261938406593297   11    4    9    4
 0.006022370661109598   11    4    9    6
 -0.03173781045780704   11    4    9    9
 -0.008277944380424904   11    4   10    3
 -0.008808622064866737   11    4   10    7
 0.008223031327488362   11    4   10   10
 0.0004070111602159873   11    4   11    1
 0.03581607033680028   11    4   11    2
 0.03297309242838183   11    4   11    4
 -0.006378063070772265   11    4   11    6
 -0.008429134728637469   11    4   11    9
 0.05375765084419599   11    4   11   11
 -0.04525106684042195   11    4   12    3
 -0.001516262030818997   11    4   12    7
 0.03202671635547898   11    4   12   10
 0.02931452995326789   11    4   12   12
 -0.00121384100523698   11    4   13    1
 0.01438708592991394   11    4   13    2
 -0.003006388241175787   11    4   13    4
 0.01446204199220833   11    4   13    6
 0.002982325764152256   11    4   13    9
 -0.017113264661147   11    4   13   11
 -0.01706836939414158   11    4   13   13
 -0.003066633272757698   11    4   14    1
 -0.003947216917445454   11    4   14    2
 0.001021598504381593   11    4   14    4
 -0.002257530676956343   11    4   14    6
 0.0009711058655094473   11    4   14    9
 0.004136717542448131   11    4   14   11
 0.008867360660294369   11    4   14   13
 -0.08462338902807499   11    4   14   14
 -0.01129007331557591   11    5    5    1
 -0.04497319682343471   11    5    5    2
 0.003883292008891705   11    5    5    4
 -0.01285683481398328   11    5    6    5
 0.01122870549108567   11    5    8    1
 0.01588697114997595   11    5    8    2
 -0.002953860124433604   11    5    8    4
 0.01680946570657672   11    5    8    6
 -0.0003649228197404632   11    5    9    5
 -0.002205251020828489   11    5    9    8
 0.02020055454576872   11    5   11    5
 -0.004199632602455623   11    5   11    8
 -0.0007294212892481262   11    5   13    5
 -0.02983978678024924   11    5   13    8
 0.0001887772988310613   11    5   14    5
 0.0002779527694631934   11    5   14    8
 -0.1925661842622295   11    6    1    1
 0.002951989026333753   11    6    2    1
 -0.1206923390253299   11    6    2    2
 -0.1055678181570111   11    6    3    3
 -0.00694381513504723   11    6    4    1
 -0.01466284781959723   11    6    4    2
 -0.0953860371152043   11    6    4    4
 -0.1022982229564418   11    6    5    5
 -0.001043616946479315   11    6    6    1
 -0.02732158882114825   11    6    6    2
 -0.01609638646569651   11    6    6    4
 -0.04328529545523482   11    6    6    6
 0.0217850412243746   11    6    7    3
 -0.04108848237050708   11    6    7    7
 0.04407324535492351   11    6    8    5
 -0.06805711834190749   11    6    8    8
 0.006874928486145949   11    6    9    1
 0.01118962798462735   11    6    9    2
 0.03657748513757204   11    6    9    4
 0.01634421718656844   11    6    9    6
 -0.06878309608108515   11    6    9    9
 0.03254665993610843   11    6   10    3
 -0.002021699311982749   11    6   10    7
 -0.05843089812031532   11    6   10   10
 0.001138516953616965   11    6   11    1
 0.003835904346424332   11    6   11    2
 -0.006378063070772289   11    6   11    4
 0.04392568099916622   11    6   11    6
 -0.01810984750466649   11    6   11    9
 -0.09968757120317562   11    6   11   11
 -0.0007083579558222795   11    6   12    3
 0.04719794184034262   11    6   12    7
 -0.001236597003971348   11    6   12   10
 -0.0951845178632663   11    6   12   12
 -0.003227384017095442   11    6   13    1
 0.03123679472292175   11    6   13    2
 -0.001292153080118147   11    6   13    4
 0.01962324256186241   11    6   13    6
 -0.003935706689973353   11    6   13    9
 -0.005248405462774654   11    6   13   11
 -0.08014320570537944   11    6   13   13
 0.007138407287051045   11    6   14    1
 -0.005301769585525526   11    6   14    2
 0.002307157272292057   11    6   14    4
 -0.001261044806291958   11    6   14    6
 -0.0002583985885835396   11    6   14    9
 0.004366512572875748   11    6   14   11
 0.01461162966227088   11    6   14   13
 -0.1880407709513426   11    6   14   14
 0.003686585824901952   11    7    3    1
 0.02711221216998681   11    7    3    2
 0.01268235790927141   11    7    4    3
 -0.004673508001880058   11    7    6    3
 -0.002481683911306292   11    7    7    1
 -0.001226790418923047   11    7    7    2
 0.006288978305001846   11    7    7    4
 -0.005566768178918751   11    7    7    6
 -0.000778355264442851   11    7    9    3
 0.002166079352151737   11    7    9    7
 -0.002584371207057243   11    7   10    1
 -0.01255022118336529   11    7   10    2
 -0.009466941491192812   11    7   10    4
 0.002713319051606318   11    7   10    6
 0.0005391352180114519   11    7   10    9
 0.02785405123893906   11    7   11    3
 0.0201211343160434   11    7   11    7
 -0.0195942744259767   11    7   11   10
 0.004144378266730787   11    7   12    1
 -0.008813168757000145   11    7   12    2
 -0.01661234163774769   11    7   12    4
 0.01914217886459349   11    7   12    6
 -0.001478703998639422   11    7   12    9
 -0.04095386584930101   11    7   12   11
 -0.007614792586817626   11    7   13    3
 0.002794722998943326   11    7   13    7
 0.009224069612200276   11    7   13   10
 0.001407004761009728   11    7   13   12
 0.0002421597498444885   11    7   14    3
 0.0005197586004883309   11    7   14    7
 -0.000648274662135167   11    7   14   10
 0.0005723281082023115   11    7   14   12
 0.007201852202379289   11    8    5    1
 0.01319808134012285   11    8    5    2
 -0.001164778784274982   11    8    5    4
 0.009880042857202058   11    8    6    5
 -0.007308869492443765   11    8    8    1
 -0.01560199148969041   11    8    8    2
 -0.0008224233530594213   11    8    8    4
 0.0005197180388459762   11    8    8    6
 -0.002753351246979525   11    8    9    5
 3.725516414581668e-05   11    8    9    8
 -0.004199632602455617   11    8   11    5
 0.01196754123182464   11    8   11    8
 -0.01599524843848808   11    8   13    5
 0.0008142041191713742   11    8   13    8
 0.0004267874154506245   11    8   14    5
 -0.003390328265086491   11    8   14    8
 0.1429603536843245   11    9    1    1
 -0.003015352843688936   11    9    2    1
 0.05683748054729482   11    9    2    2
 0.03964985107092785   11    9    3    3
 0.005834810927284478   11    9    4    1
 0.004397309606122213   11    9    4    2
 0.04532045167344011   11    9    4    4
 0.04904074805095446   11    9    5    5
 0.0006734479954143268   11    9    6    1
 0.02223776850444022   11    9    6    2
 0.01527071718238446   11    9    6    4
 0.01570985043553858   11    9    6    6
 -0.01878814413949324   11    9    7    3
 0.0139713832363357   11    9    7    7
 -0.03211012502372855   11    9    8    5
 0.03225914430873657   11    9    8    8
 -0.005739664188755768   11    9    9    1
 -0.009975817333323315   11    9    9    2
 -0.03394053054968082   11    9    9    4
 -0.0119070162697643   11    9    9    6
 0.03351758586123339   11    9    9    9
 -0.01436622806438626   11    9   10    3
 0.007348388480527606   11    9   10    7
 0.02001632178517952   11    9   10   10
 -0.0008106684289410583   11    9   11    1
 -0.01591122476772495   11    9   11    2
 -0.008429134728637471   11    9   11    4
 -0.01810984750466646   11    9   11    6
 0.0174314158928228   11    9   11    9
 0.02155195484739231   11    9   11   11
 0.01950892095614728   11    9   12    3
 -0.01975734301070405   11    9   12    7
 -0.01175114276899867   11    9   12   10
 0.03230293540284251   11    9   12   12
 0.00289598259826344   11    9   13    1
 -0.02730322116809178   11    9   13    2
 0.0007214118165617575   11    9   13    4
 -0.01317474333789405   11    9   13    6
 0.001508501424972317   11    9   13    9
 0.01355768315571059   11    9   13   11
 0.03452318412041088   11    9   13   13
 -0.0008185164603543869   11    9   14    1
 0.006609371993688979   11    9   14    2
 -0.002299850064919996   11    9   14    4
 0.003077159776677657   11    9   14    6
 -0.0002714196054185445   11    9   14    9
 -0.004814872250413275   11    9   14   11
 -0.01403843753304397   11    9   14   13
 0.1360587251593237   11    9   14   14
 0.0001698996031799194   11   10    3    1
 -0.0441599847508596   11   10    3    2
 -0.02666557202432649   11   10    4    3
 0.02746001638027382   11   10    6    3
 -0.0001926097152767812   11   10    7    1
 -0.009688713111044057   11   10    7    2
 -0.02065766342912045   11   10    7    4
 0.03787543791280919   11   10    7    6
 -0.0002638686418287784   11   10    9    3
 -0.005911926283178329   11   10    9    7
 -0.000268917710153796   11   10   10    1
 0.0136833862322369   11   10   10    2
 0.02070824336108308   11   10   10    4
 0.004898638064960887   11   10   10    6
 0.008983004124978456   11   10   10    9
 -0.06006288203461934   11   10   11    3
 -0.01959427442597659   11   10   11    7
 0.05099338229830237   11   10   11   10
 0.0004851705877008654   11   10   12    1
 0.03129141559691743   11   10   12    2
 0.03077974570545625   11   10   12    4
 -0.01409502749696568   11   10   12    6
 -0.001316416664868708   11   10   12    9
 0.09062572091519708   11   10   12   11
 0.003520755296786643   11   10   13    3
 0.01396021351641629   11   10   13    7
 -0.01490125036271158   11   10   13   10
 -0.004666383869868253   11   10   13   12
 0.00110059633657874   11   10   14    3
 -0.0009491450273339836   11   10   14    7
 -0.001425956055711765   11   10   14   10
 0.003906608189753773   11   10   14   12
 0.5865237000246875   11   11    1    1
 -0.00229845239575435   11   11    2    1
 0.539480178926106   11   11    2    2
 0.539998222447678   11   11    3    3
 0.01203894769845205   11   11    4    1
 0.07549210294598191   11   11    4    2
 0.4630424780212813   11   11    4    4
 0.4653205880257493   11   11    5    5
 0.003028256633600515   11   11    6    1
 0.0377939773587762   11   11    6    2
 -9.178394940356047e-05   11   11    6    4
 0.3944190598462939   11   11    6    6
 -0.007107148303695402   11   11    7    3
 0.3933174617918232   11   11    7    7
 -0.07258801505848332   11   11    8    5
 0.3955712731726035   11   11    8    8
 -0.0121897373801909   11   11    9    1
 -0.009014065818469209   11   11    9    2
 -0.05997683048853056   11   11    9    4
 -0.06091019238246414   11   11    9    6
 0.3797140922466466   11   11    9    9
 -0.09939688923504181   11   11   10    3
 -0.002568846333436119   11   11   10    7
 0.3990032865138315   11   11   10   10
 -0.00306543883334048   11   11   11    1
 0.03817829795858842   11   11   11    2
 0.05375765084419593   11   11   11    4
 -0.09968757120317563   11   11   11    6
 0.02155195484739236   11   11   11    9
 0.6017449892361937   11   11   11   11
 -0.06538957203631955   11   11   12    3
 -0.1062550534956277   11   11   12    7
 0.05943705626339015   11   11   12   10
 0.5426893512776915   11   11   12   12
 0.003266368110743925   11   11   13    1
 -0.04578966380769648   11   11   13    2
 0.01301559893237912   11   11   13    4
 -0.0277682466545271   11   11   13    6
 0.02987689563090853   11   11   13    9
 -0.01907113019194514   11   11   13   11
 0.447303640783911   11   11   13   13
 -0.007922575387207391   11   11   14    1
 0.005002234503396688   11   11   14    2
 -0.002867125826769222   11   11   14    4
 -0.001237907559725436   11   11   14    6
 0.004314437933372874   11   11   14    9
 -0.003788984617594937   11   11   14   11
 -0.01856662202405471   11   11   14   13
 0.5812692502473908   11   11   14   14
 0.02424074027054354   12    1    3    1
 0.02524344716201053   12    1    3    2
 -0.005164520128460404   12    1    4    3
 0.00441083053062955   12    1    6    3
 -0.01709811752879031   12    1    7    1
 -0.01311958593749762   12    1    7    2
 0.007268120817398185   12    1    7    4
 -0.005983030672762688   12    1    7    6
 0.001793930658863936   12    1    9    3
 -0.001525056770034668   12    1    9    7
 -0.01850843068496923   12    1   10    1
 -0.009220093107884615   12    1   10    2
 -0.0007925401441086153   12    1   10    4
 -0.005554324895577879   12    1   10    6
 -0.002557967752868649   12    1   10    9
 -0.001147255953509089   12    1   11    3
 0.004144378266730785   12    1   11    7
 0.0004851705877008691   12    1   11   10
 0.03028166678741619   12    1   12    1
 0.01499406092091682   12    1   12    2
 -0.009309136590936053   12    1   12    4
 0.006395374031052345   12    1   12    6
 0.003992082011272416   12    1   12    9
 -0.01069805858846669   12    1   12   11
 -0.01405773205815517   12    1   13    3
 0.008928785904271156   12    1   13    7
 0.01189368815035171   12    1   13   10
 -0.0162007304660745   12    1   13   12
 0.0121945706372318   12    1   14    3
 -0.008923066411198669   12    1   14    7
 -0.01072173892075869   12    1   14   10
 0.01712823475193775   12    1   14   12
 0.01272993551627979   12    2    3    1
 0.01180446421845326   12    2    3    2
 -0.02921922835426739   12    2    4    3
 0.02282643432114998   12    2    6    3
 -0.00888584651003455   12    2    7    1
 -0.02802445113570675   12    2    7    2
 0.0007216436222702816   12    2    7    4
 0.01263764622868295   12    2    7    6
 0.002924201513604683   12    2    9    3
 -0.006621736285273492   12    2    9    7
 -0.008892530382107258   12    2   10    1
 -0.002032078720450358   12    2   10    2
 0.01081620952820346   12    2   10    4
 -0.007136277596519099   12    2   10    6
 -3.113638699656464e-05   12    2   10    9
 -0.04111053190684356   12    2   11    3
 -0.008813168757000198   12    2   11    7
 0.03129141559691744   12    2   11   10
 0.01499406092091682   12    2   12    1
 0.04419769602712881   12    2   12    2
 0.005353962678705649   12    2   12    4
 -0.002163591359059803   12    2   12    6
 0.006410959422096699   12    2   12    9
 0.04284994541989486   12    2   12   11
 -0.01633131021559299   12    2   13    3
 0.01834101867991059   12    2   13    7
 0.008412996247547948   12    2   13   10
 -0.02433127338281984   12    2   13   12
 0.0001770962794446934   12    2   14    3
 -0.001032101039150099   12    2   14    7
 -0.003319435502478223   12    2   14   10
 0.005424947961497316   12    2   14   12
 0.3156507746347703   12    3    1    1
 -0.009653009165466801   12    3    2    1
 0.08309096209118985   12    3    2    2
 0.0471913824231331   12    3    3    3
 -0.0005431788724873321   12    3    4    1
 -0.05588771039576632   12    3    4    2
 0.09262801322378014   12    3    4    4
 0.1095995472692322   12    3    5    5
 -0.004518964625898529   12    3    6    1
 0.0409228494849673   12    3    6    2
 0.03280914862109087   12    3    6    4
 -0.001397246703299949   12    3    6    6
 -0.07615459690938575   12    3    7    3
 0.01378592303137713   12    3    7    7
 -0.07376066563381434   12    3    8    5
 0.07255466033370093   12    3    8    8
 0.002518332012685897   12    3    9    1
 0.003968592167449104   12    3    9    2
 -0.06993587198566599   12    3    9    4
 -0.009693238446130898   12    3    9    6
 0.07509829665795388   12    3    9    9
 -0.009971643861154298   12    3   10    3
 0.02647971250464067   12    3   10    7
 0.01418593249335326   12    3   10   10
 0.004554200786343333   12    3   11    1
 -0.05901686118749933   12    3   11    2
 -0.04525106684042195   12    3   11    4
 -0.0007083579558222067   12    3   11    6
 0.01950892095614723   12    3   11    9
 -0.06538957203631954   12    3   11   11
 0.1122235894459651   12    3   12    3
 -0.03356695048041829   12    3   12    7
 -0.07048421881971657   12    3   12   10
 0.01309088913089467   12    3   12   12
 0.007430164569303931   12    3   13    1
 -0.05615644720982494   12    3   13    2
 0.01897112379256289   12    3   13    4
 -0.03046984576940225   12    3   13    6
 -0.02365662267747227   12    3   13    9
 0.0351428274775402   12    3   13   11
 0.06501370102795286   12    3   13   13
 -0.005622873917249339   12    3   14    1
 0.014495608523038   12    3   14    2
 -0.005257519441077083   12    3   14    4
 0.007134577914057704   12    3   14    6
 0.001964640190566802   12    3   14    9
 -0.01149048065810103   12    3   14   11
 -0.03122890924037438   12    3   14   13
 0.3019313100921009   12    3   14   14
 -0.008003683744737552   12    4    3    1
 -0.05413111599357898   12    4    3    2
 -0.002145261034841829   12    4    4    3
 0.01393463524807124   12    4    6    3
 0.00561842324336965   12    4    7    1
 0.008952644125385815   12    4    7    2
 -0.02604780698110156   12    4    7    4
 0.0219927738517683   12    4    7    6
 -0.009070372670856001   12    4    9    3
 0.002546624304642754   12    4    9    7
 0.005338950104901361   12    4   10    1
 0.01503014611574194   12    4   10    2
 0.0118404306122192   12    4   10    4
 0.003939812774850391   12    4   10    6
 0.009583339377753452   12    4   10    9
 -0.04038394024177791   12    4   11    3
 -0.0166123416377477   12    4   11    7
 0.03077974570545632   12    4   11   10
 -0.009309136590936049   12    4   12    1
 0.005353962678705672   12    4   12    2
 0.0371551995950449   12    4   12    4
 -0.0151593037076498   12    4   12    6
 -0.01046595462164714   12    4   12    9
 0.06149994825997545   12    4   12   11
 0.01164841297364914   12    4   13    3
 -0.0008256485049152457   12    4   13    7
 -0.01913492896464877   12    4   13   10
 0.01028107469703926   12    4   13   12
 0.0008965028830650402   12    4   14    3
 -0.0009945045407789394   12    4   14    7
 0.001032219068033038   12    4   14   10
 0.0006416443857440389   12    4   14   12
 0.01346720935416539   12    5    5    3
 -0.00908144827827183   12    5    7    5
 -0.009457145214860331   12    5    8    3
 0.006166317717929369   12    5    8    7
 -0.004350193866544931   12    5   10    5
 0.005188130984322961   12    5   10    8
 0.01188169168398322   12    5   12    5
 -0.008844871090250773   12    5   12    8
 0.005656082835962137   12    6    3    1
 0.0326445861514222   12    6    3    2
 0.00746607336819389   12    6    4    3
 0.0003405809187920906   12    6    6    3
 -0.003831115391386229   12    6    7    1
 -0.008218109803442784   12    6    7    2
 0.005379841589268643   12    6    7    4
 0.002612259137632893   12    6    7    6
 -0.002826660823387103   12    6    9    3
 0.002699937972721767   12    6    9    7
 -0.003942444338960586   12    6   10    1
 -0.01123341348141532   12    6   10    2
 -0.01039259548351305   12    6   10    4
 -0.002431955013411972   12    6   10    6
 -0.003036058025350443   12    6   10    9
 0.0220026922121095   12    6   11    3
 0.01914217886459349   12    6   11    7
 -0.01409502749696589   12    6   11   10
 0.006395374031052347   12    6   12    1
 -0.002163591359059846   12    6   12    2
 -0.01515930370764983   12    6   12    4
 0.02201274455092086   12    6   12    6
 0.0002496453687211138   12    6   12    9
 -0.03316232273379488   12    6   12   11
 -0.007393851131053735   12    6   13    3
 0.007952996581163614   12    6   13    7
 0.0133720059946074   12    6   13   10
 -0.002272719350367727   12    6   13   12
 0.0001201768423897497   12    6   14    3
 0.0008080667456547825   12    6   14    7
 -0.0006111507601750987   12    6   14   10
 0.00121911392119074   12    6   14   12
 -0.3133812338875241   12    7    1    1
 0.006417542178449006   12    7    2    1
 -0.1660212154526184   12    7    2    2
 -0.1520949034151377   12    7    3    3
 -0.001445411546892157   12    7    4    1
 0.01161209331707802   12    7    4    2
 -0.1492483285906292   12    7    4    4
 -0.1534311320801992   12    7    5    5
 0.002425675689637339   12    7    6    1
 -0.03502081035763774   12    7    6    2
 -0.02239491332382335   12    7    6    4
 -0.04646508135440155   12    7    6    6
 0.05333095731694211   12    7    7    3
 -0.05342669613173173   12    7    7    7
 0.06796954261195802   12    7    8    5
 -0.1062679689320783   12    7    8    8
 0.0001163692357621936   12    7    9    1
 -0.001339221900607322   12    7    9    2
 0.06247437302446281   12    7    9    4
 0.01994688471529145   12    7    9    6
 -0.1066977357122361   12    7    9    9
 0.04374037258232192   12    7   10    3
 -0.009993744341633207   12    7   10    7
 -0.08215908504755133   12    7   10   10
 -0.002499156839025535   12    7   11    1
 0.01073125860553628   12    7   11    2
 -0.001516262030819013   12    7   11    4
 0.04719794184034251   12    7   11    6
 -0.01975734301070404   12    7   11    9
 -0.1062550534956277   12    7   11   11
 -0.03356695048041842   12    7   12    3
 0.0747662507138913   12    7   12    7
 0.01766820951253249   12    7   12   10
 -0.1282625088786227   12    7   12   12
 -0.005131672684240368   12    7   13    1
 0.04791553446241462   12    7   13    2
 -0.01759901560432978   12    7   13    4
 0.03208820144897553   12    7   13    6
 0.009541313284646444   12    7   13    9
 -0.009117086958895805   12    7   13   11
 -0.1178695468352304   12    7   13   13
 0.004070834649974468   12    7   14    1
 -0.009666846046353299   12    7   14    2
 0.003804111587241365   12    7   14    4
 -0.00244704312242646   12    7   14    6
 -0.002963165657821186   12    7   14    9
 0.007677945446432654   12    7   14   11
 0.02448995570416396   12    7   14   13
 -0.3034356536169154   12    7   14   14
 -0.0131227258694538   12    8    5    3
 0.00770607296867074   12    8    7    5
 0.006483448473163958   12    8    8    3
 -0.005018089084298553   12    8    8    7
 0.002766641856781885   12    8   10    5
 -0.006641183408367123   12    8   10    8
 -0.008844871090250771   12    8   12    5
 0.009257466253829238   12    8   12    8
 0.003242662543414331   12    9    3    1
 0.01077273366371662   12    9    3    2
 -0.01455880070589043   12    9    4    3
 -0.00337069028702285   12    9    6    3
 -0.002392912077095727   12    9    7    1
 -0.007572769523521506   12    9    7    2
 0.01119775936599954   12    9    7    4
 0.0006806643595059985   12    9    7    6
 0.005425864129017076   12    9    9    3
 -0.003761107332735408   12    9    9    7
 -0.002098124083601298   12    9   10    1
 0.002633399147156924   12    9   10    2
 -0.0006182326171256927   12    9   10    4
 -0.005787107670992188   12    9   10    6
 -0.01249730907372958   12    9   10    9
 0.00212487392672752   12    9   11    3
 -0.001478703998639465   12    9   11    7
 -0.00131641666486878   12    9   11   10
 0.003992082011272418   12    9   12    1
 0.006410959422096649   12    9   12    2
 -0.01046595462164716   12    9   12    4
 0.0002496453687209512   12    9   12    6
 0.01170546160101506   12    9   12    9
 -0.0007913461638281682   12    9   12   11
 -0.002342676201842022   12    9   13    3
 0.001069054674722703   12    9   13    7
 0.007853516182430154   12    9   13   10
 -0.006068346300106893   12    9   13   12
 -8.260532083775212e-05   12    9   14    3
 3.723926349325748e-05   12    9   14    7
 -0.0003667777470596538   12    9   14   10
 0.0003110930392679055   12    9   14   12
 -0.1953819930469186   12   10    1    1
 0.007152914333206665   12   10    2    1
 -0.04156798429668975   12   10    2    2
 -0.02028055280473658   12   10    3    3
 -0.0002787678612984745   12   10    4    1
 0.0387299950100456   12   10    4    2
 -0.05121903366459542   12   10    4    4
 -0.06259748849902788   12   10    5    5
 0.003148970820563126   12   10    6    1
 -0.02308423940413085   12   10    6    2
 -0.02451124634024254   12   10    6    4
 0.006642518310203251   12   10    6    6
 0.04934337811213906   12   10    7    3
 0.001512041637847502   12   10    7    7
 0.03981213944750609   12   10    8    5
 -0.04473346782115024   12   10    8    8
 -0.001105682334121171   12   10    9    1
 0.001513474427792486   12   10    9    2
 0.03607607144220095   12   10    9    4
 -0.002365434945006741   12   10    9    6
 -0.05217115900012805   12   10    9    9
 -0.005952352729320168   12   10   10    3
 -0.01391095073141189   12   10   10    7
 -0.01761531232250032   12   10   10   10
 -0.003168645096423337   12   10   11    1
 0.03897856170025581   12   10   11    2
 0.03202671635547898   12   10   11    4
 -0.001236597003971472   12   10   11    6
 -0.01175114276899851   12   10   11    9
 0.05943705626338985   12   10   11   11
 -0.07048421881971638   12   10   12    3
 0.01766820951253257   12   10   12    7
 0.05294442723911452   12   10   12   10
 0.008088342861581801   12   10   12   12
 -0.0057711695132516   12   10   13    1
 0.02988841571917489   12   10   13    2
 -0.007601102239089952   12   10   13    4
 0.02174540876441912   12   10   13    6
 0.01838169804232142   12   10   13    9
 -0.02401850833485966   12   10   13   11
 -0.03639445607051894   12   10   13   13
 0.004829767268084662   12   10   14    1
 -0.01113263920818568   12   10   14    2
 0.004199599098393189   12   10   14    4
 -0.004732665635403217   12   10   14    6
 -0.0006669788871621065   12   10   14    9
 0.007881074820491241   12   10   14   11
 0.0203522117202131   12   10   14   13
 -0.1854573122261878   12   10   14   14
 -0.009765925369575336   12   11    3    1
 -0.1147771718100235   12   11    3    2
 -0.05178076777992875   12   11    4    3
 0.04681997201349895   12   11    6    3
 0.006523267537135628   12   11    7    1
 -0.004222478941633446   12   11    7    2
 -0.04447443310575313   12   11    7    4
 0.08619295891413761   12   11    7    6
 0.002972747250828836   12   11    9    3
 -0.01357934554574866   12   11    9    7
 0.006653692609385106   12   11   10    1
 0.03672745906896931   12   11   10    2
 0.04207546228919359   12   11   10    4
 0.01428307451168264   12   11   10    6
 0.01387717457752776   12   11   10    9
 -0.1117939920628888   12   11   11    3
 -0.04095386584930105   12   11   11    7
 0.09062572091519706   12   11   11   10
 -0.01069805858846669   12   11   12    1
 0.04284994541989491   12   11   12    2
 0.06149994825997544   12   11   12    4
 -0.03316232273379488   12   11   12    6
 -0.0007913461638280697   12   11   12    9
 0.185843933774799   12   11   12   11
 0.02135515903435051   12   11   13    3
 0.02072696354902649   12   11   13    7
 -0.03917107126153893   12   11   13   10
 0.008637103276741645   12   11   13   12
 0.001090004142399786   12   11   14    3
 -0.0002257738546054955   12   11   14    7
 -0.0001181640363652075   12   11   14   10
 0.003697150361328222   12   11   14   12
 0.7953392063614614   12   12    1    1
 -0.01062388612291289   12   12    2    1
 0.5744589823099492   12   12    2    2
 0.5679931805752783   12   12    3    3
 0.00578269115410522   12   12    4    1
 0.02107272149001159   12   12    4    2
 0.5202263311085342   12   12    4    4
 0.5207082203907923   12   12    5    5
 -0.002911166926701137   12   12    6    1
 0.05423322395325421   12   12    6    2
 0.01799741333897218   12   12    6    4
 0.3841307137239778   12   12    6    6
 -0.05988468988402925   12   12    7    3
 0.4024432235923985   12   12    7    7
 -0.1187467040265199   12   12    8    5
 0.4313219320244082   12   12    8    8
 -0.003656881379240407   12   12    9    1
 0.002096526578687249   12   12    9    2
 -0.1060825726188722   12   12    9    4
 -0.05638069248330788   12   12    9    6
 0.4242345606491812   12   12    9    9
 -0.1023329695474671   12   12   10    3
 0.0147443839610441   12   12   10    7
 0.4100839367748538   12   12   10   10
 0.003079413884309946   12   12   11    1
 0.009379459024107592   12   12   11    2
 0.02931452995326781   12   12   11    4
 -0.09518451786326641   12   12   11    6
 0.03230293540284249   12   12   11    9
 0.5426893512776912   12   12   11   11
 0.01309088913089465   12   12   12    3
 -0.1282625088786227   12   12   12    7
 0.008088342861581409   12   12   12   10
 0.5506025278396877   12   12   12   12
 0.009016714494301527   12   12   13    1
 -0.08211849563353781   12   12   13    2
 0.02972686394456691   12   12   13    4
 -0.04187112569763774   12   12   13    6
 0.0003154460337202672   12   12   13    9
 0.004502330154525229   12   12   13   11
 0.477045273332768   12   12   13   13
 -0.00773805852436631   12   12   14    1
 0.01655576616743983   12   12   14    2
 -0.007481629913037164   12   12   14    4
 0.004195246005435044   12   12   14    6
 0.007287136080490603   12   12   14    9
 -0.01123778131285806   12   12   14   11
 -0.04077906158226927   12   12   14   13
 0.7781510059630657   12   12   14   14
 0.4350383306692574   13    1    1    1
 -0.06573698923584224   13    1    2    1
 0.01354345892211657   13    1    2    2
 0.005355801964762019   13    1    3    3
 0.02104709821366879   13    1    4    1
 -0.004891971081995138   13    1    4    2
 0.009228710381707117   13    1    4    4
 0.009257635033740235   13    1    5    5
 -0.02463175839634907   13    1    6    1
 0.005174387486640017   13    1    6    2
 0.001037440381232368   13    1    6    4
 0.002811994057938239   13    1    6    6
 -0.004116968010688698   13    1    7    3
 0.002789238200658913   13    1    7    7
 -0.01001547824194463   13    1    8    5
 0.01089585788946403   13    1    8    8
 -0.008398026137531923   13    1    9    1
 0.001558986195912689   13    1    9    2
 -0.009619290951665449   13    1    9    4
 -0.00250205908480497   13    1    9    6
 0.01110787479994762   13    1    9    9
 -0.004186775625696706   13    1   10    3
 0.003089589059433406   13    1   10    7
 0.003410618819057902   13    1   10   10
 0.0267546057916964   13    1   11    1
 -0.005938825999640414   13    1   11    2
 -0.001213841005237022   13    1   11    4
 -0.003227384017095393   13    1   11    6
 0.002895982598263539   13    1   11    9
 0.003266368110743894   13    1   11   11
 0.007430164569303946   13    1   12    3
 -0.005131672684240291   13    1   12    7
 -0.005771169513251629   13    1   12   10
 0.009016714494301543   13    1   12   12
 0.06880082479323411   13    1   13    1
 -0.01511138115015892   13    1   13    2
 0.005615713150711487   13    1   13    4
 -0.005477598978867001   13    1   13    6
 -0.002917421261216316   13    1   13    9
 0.006110490155040557   13    1   13   11
 0.01647274330879393   13    1   13   13
 -0.2380283432684805   13    1   14    1
 0.05954348152513494   13    1   14    2
 -0.02196496846722709   13    1   14    4
 0.02184858412226301   13    1   14    6
 0.01105908340599113   13    1   14    9
 -0.0242538575235566   13    1   14   11
 -0.06630971737409651   13    1   14   13
 0.4195960466714097   13    1   14   14
 -0.3723184358451846   13    2    1    1
 0.01593338807943867   13    2    2    1
 -0.1147089131279515   13    2    2    2
 -0.09004391717735882   13    2    3    3
 -0.008318191135885755   13    2    4    1
 0.01246694359126973   13    2    4    2
 -0.09934892681145888   13    2    4    4
 -0.1052534449605059   13    2    5    5
 0.004562736666056792   13    2    6    1
 -0.04149671415650901   13    2    6    2
 -0.0233662748982133   13    2    6    4
 -0.03093152859637463   13    2    6    6
 0.04732482845873271   13    2    7    3
 -0.03753842799659094   13    2    7    7
 0.0867620184755495   13    2    8    5
 -0.07040756214754432   13    2    8    8
 0.005629592602638098   13    2    9    1
 0.007139576735862959   13    2    9    2
 0.07657667650245142   13    2    9    4
 0.02471577884312495   13    2    9    6
 -0.07402664097148276   13    2    9    9
 0.04125171844185042   13    2   10    3
 -0.02098234565430786   13    2   10    7
 -0.03238697309103453   13    2   10   10
 -0.004736422837840116   13    2   11    1
 0.02901123728448165   13    2   11    2
 0.01438708592991394   13    2   11    4
 0.03123679472292172   13    2   11    6
 -0.02730322116809181   13    2   11    9
 -0.04578966380769641   13    2   11   11
 -0.05615644720982491   13    2   12    3
 0.04791553446241431   13    2   12    7
 0.02988841571917486   13    2   12   10
 -0.08211849563353794   13    2   12   12
 -0.01511138115015898   13    2   13    1
 0.07439834115605169   13    2   13    2
 -0.01325273027284006   13    2   13    4
 0.02630797452333567   13    2   13    6
 0.008078162012580247   13    2   13    9
 -0.02849478597824448   13    2   13   11
 -0.06855587101070985   13    2   13   13
 0.04290543331009865   13    2   14    1
 -0.02176372081566122   13    2   14    2
 0.008485546192414621   13    2   14    4
 -0.009648957400888267   13    2   14    6
 -0.003381259889866205   13    2   14    9
 0.01313530632073188   13    2   14   11
 0.0406602073337718   13    2   14   13
 -0.3621468905254159   13    2   14   14
 -0.01197794982811278   13    3    3    1
 -0.02726383256628322   13    3    3    2
 0.0005617605371969181   13    3    4    3
 -0.005307632400165749   13    3    6    3
 0.008303883653063957   13    3    7    1
 0.0123852487967925   13    3    7    2
 -0.006694065346044685   13    3    7    4
 0.01356449071399661   13    3    7    6
 -0.002421740134511339   13    3    9    3
 0.003198437103026641   13    3    9    7
 0.008486848430521745   13    3   10    1
 0.01802086017185271   13    3   10    2
 -0.001380506616708847   13    3   10    4
 0.0003517543550792731   13    3   10    6
 -0.003951248533795585   13    3   10    9
 -0.003290291971628858   13    3   11    3
 -0.007614792586817559   13    3   11    7
 0.003520755296786686   13    3   11   10
 -0.01405773205815519   13    3   12    1
 -0.01633131021559298   13    3   12    2
 0.01164841297364918   13    3   12    4
 -0.007393851131053706   13    3   12    6
 -0.002342676201841984   13    3   12    9
 0.02135515903435067   13    3   12   11
 0.02488176744639602   13    3   13    3
 -0.009323032835960343   13    3   13    7
 -0.007351722884656617   13    3   13   10
 0.01578156990891707   13    3   13   12
 -0.001282757896119262   13    3   14    3
 0.001872697379702606   13    3   14    7
 0.004045839086675136   13    3   14   10
 -0.004989149261474211   13    3   14   12
 0.1235480299396575   13    4    1    1
 -0.007586405571855219   13    4    2    1
 0.03869634971523851   13    4    2    2
 0.03120855197055514   13    4    3    3
 -0.01033015302083743   13    4    4    1
 -0.01555993028805185   13    4    4    2
 0.05237276431042533   13    4    4    4
 0.04314648996185253   13    4    5    5
 -0.007122058346154368   13    4    6    1
 0.0049627741068221   13    4    6    2
 -0.0003473187181672945   13    4    6    4
 0.007517226618640397   13    4    6    6
 -0.01338621891677153   13    4    7    3
 0.01497508490029549   13    4    7    7
 -0.0280731749002538   13    4    8    5
 0.02966006063228936   13    4    8    8
 0.01325185430097672   13    4    9    1
 0.02458679727817572   13    4    9    2
 -0.03629636262026294   13    4    9    4
 -0.01174674499644352   13    4    9    6
 0.0303507771287667   13    4    9    9
 -0.01515159404323194   13    4   10    3
 0.009194116494216231   13    4   10    7
 0.002944453872650944   13    4   10   10
 0.007542845987045237   13    4   11    1
 -0.004137624460921982   13    4   11    2
 -0.003006388241175788   13    4   11    4
 -0.001292153080118237   13    4   11    6
 0.0007214118165617205   13    4   11    9
 0.01301559893237895   13    4   11   11
 0.01897112379256296   13    4   12    3
 -0.01759901560432969   13    4   12    7
 -0.00760110223908999   13    4   12   10
 0.02972686394456688   13    4   12   12
 0.005615713150711466   13    4   13    1
 -0.01325273027284008   13    4   13    2
 0.03530174020711045   13    4   13    4
 -0.002168292346197884   13    4   13    6
 -0.00906306148149159   13    4   13    9
 -0.002332138389260466   13    4   13   11
 0.0337873664707159   13    4   13   13
 -0.01440001272173231   13    4   14    1
 0.006595126749942968   13    4   14    2
 -0.004966638181456652   13    4   14    4
 0.001074322808394156   13    4   14    6
 0.008934891387667097   13    4   14    9
 -0.002073005629574405   13    4   14   11
 -0.01176330812102968   13    4   14   13
 0.1210988752385926   13    4   14   14
 -0.0136612323601579   13    5    5    1
 0.002637321335131153   13    5    5    2
 0.00323486716354352   13    5    5    4
 -0.01058895892879998   13    5    6    5
 0.01415011869254933   13    5    8    1
 0.02828054434245439   13    5    8    2
 -0.00681431678830422   13    5    8    4
 -0.007211807489047058   13    5    8    6
 -0.003572278472253837   13    5    9    5
 0.0002298505587041679   13    5    9    8
 -0.0007294212892481395   13    5   11    5
 -0.01599524843848809   13    5   11    8
 0.04700671979282862   13    5   13    5
 0.01176666992290847   13    5   13    8
 -0.003651831435238418   13    5   14    5
 0.01058556783442934   13    5   14    8
 -0.1894004694584003   13    6    1    1
 0.005168290740702392   13    6    2    1
 -0.08962720757423664   13    6    2    2
 -0.06448715872247118   13    6    3    3
 -0.007739390478801673   13    6    4    1
 0.002248926737614863   13    6    4    2
 -0.07353773499609559   13    6    4    4
 -0.08741977932135139   13    6    5    5
 -0.0002737916875697038   13    6    6    1
 -0.02944522500210857   13    6    6    2
 -0.02244867484823226   13    6    6    4
 -0.017071402643273   13    6    6    6
 0.03716524811405349   13    6    7    3
 -0.01256089268803978   13    6    7    7
 0.03749580691298223   13    6    8    5
 -0.06434366766777158   13    6    8    8
 0.00741028256930171   13    6    9    1
 0.01042792683970515   13    6    9    2
 0.02943101201267487   13    6    9    4
 0.01227157091606497   13    6    9    6
 -0.062895577139589   13    6    9    9
 0.01428945133855854   13    6   10    3
 -0.006716578953829945   13    6   10    7
 -0.04027875011983596   13    6   10   10
 0.0003554983153825931   13    6   11    1
 0.02402490717763293   13    6   11    2
 0.01446204199220845   13    6   11    4
 0.0196232425618624   13    6   11    6
 -0.01317474333789433   13    6   11    9
 -0.02776824665452737   13    6   11   11
 -0.03046984576940249   13    6   12    3
 0.03208820144897515   13    6   12    7
 0.02174540876441905   13    6   12   10
 -0.04187112569763823   13    6   12   12
 -0.00547759897886709   13    6   13    1
 0.02630797452333591   13    6   13    2
 -0.002168292346197912   13    6   13    4
 0.02855849982348765   13    6   13    6
 -0.001258615652327426   13    6   13    9
 -0.01440330651251263   13    6   13   11
 -0.06469136446616663   13    6   13   13
 0.01604018212532041   13    6   14    1
 -0.008405516466526042   13    6   14    2
 0.002151967912875715   13    6   14    4
 -0.002767472283741734   13    6   14    6
 0.001014504458455256   13    6   14    9
 0.006840487515526938   13    6   14   11
 0.01660992977546574   13    6   14   13
 -0.1851930449737204   13    6   14   14
 0.007537007459266353   13    7    3    1
 0.004475905636073736   13    7    3    2
 -0.00863994029714805   13    7    4    3
 0.02108039542743874   13    7    6    3
 -0.00524665821081622   13    7    7    1
 -0.01391908525718498   13    7    7    2
 -0.008028019499704345   13    7    7    4
 0.02571308871001612   13    7    7    6
 0.003073099637201018   13    7    9    3
 -0.00449177015424536   13    7    9    7
 -0.005372598380509304   13    7   10    1
 -0.009068816336748404   13    7   10    2
 0.008007157578809   13    7   10    4
 0.004998699376663653   13    7   10    6
 0.008334716019681792   13    7   10    9
 -0.01573512259874344   13    7   11    3
 0.002794722998943837   13    7   11    7
 0.01396021351641617   13    7   11   10
 0.008928785904271203   13    7   12    1
 0.01834101867991058   13    7   12    2
 -0.0008256485049150747   13    7   12    4
 0.007952996581164143   13    7   12    6
 0.001069054674722928   13    7   12    9
 0.02072696354902759   13    7   12   11
 -0.00932303283596039   13    7   13    3
 0.02190078436066428   13    7   13    7
 -0.0001172129834288233   13    7   13   10
 -0.008105685642621102   13    7   13   12
 0.001390499489614577   13    7   14    3
 -0.0001807651874733923   13    7   14    7
 -0.002901649425991159   13    7   14   10
 0.004827252273576967   13    7   14   12
 0.0212004221816893   13    8    5    1
 0.0807270712724351   13    8    5    2
 -0.0231221705003529   13    8    5    4
 0.01238924611773529   13    8    6    5
 -0.02119213481296168   13    8    8    1
 -0.01905175009420155   13    8    8    2
 0.01094081628750914   13    8    8    4
 -0.03256106441881065   13    8    8    6
 0.00647264465208796   13    8    9    5
 -0.009342350888000362   13    8    9    8
 -0.02983978678024925   13    8   11    5
 0.0008142041191714059   13    8   11    8
 0.01176666992290842   13    8   13    5
 0.06542461267841722   13    8   13    8
 0.003467297751817497   13    8   14    5
 -0.0014589001927334   13    8   14    8
 -0.0563239441784093   13    9    1    1
 0.005519428495706376   13    9    2    1
 0.003660653627776122   13    9    2    2
 -0.006354250912230891   13    9    3    3
 0.01683588823023721   13    9    4    1
 0.06709407204061704   13    9    4    2
 -0.05542493557790378   13    9    4    4
 -0.02493105090773018   13    9    5    5
 0.008354729181856485   13    9    6    1
 0.01268911852107839   13    9    6    2
 -0.00847288849737687   13    9    6    4
 0.01599422009590687   13    9    6    6
 0.02352058745983611   13    9    7    3
 0.001143200657544454   13    9    7    7
 0.01303988087429412   13    9    8    5
 -0.01680785871260661   13    9    8    8
 -0.01955861475625919   13    9    9    1
 -0.0201308580107379   13    9    9    2
 0.02394453120843259   13    9    9    4
 -0.02265212387691385   13    9    9    6
 -0.03802797544915396   13    9    9    9
 -0.01372853305697895   13    9   10    3
 0.004184295188101832   13    9   10    7
 -0.02121511198060173   13    9   10   10
 -0.008803946699788023   13    9   11    1
 -0.007903080080527277   13    9   11    2
 0.002982325764152275   13    9   11    4
 -0.003935706689973383   13    9   11    6
 0.001508501424972201   13    9   11    9
 0.02987689563090833   13    9   11   11
 -0.02365662267747234   13    9   12    3
 0.009541313284646359   13    9   12    7
 0.01838169804232129   13    9   12   10
 0.0003154460337199732   13    9   12   12
 -0.002917421261216305   13    9   13    1
 0.008078162012580232   13    9   13    2
 -0.00906306148149153   13    9   13    4
 -0.001258615652327824   13    9   13    6
 0.04799158809996122   13    9   13    9
 -0.002011354295502687   13    9   13   11
 -0.004820606320342744   13    9   13   13
 0.006177189100888912   13    9   14    1
 -0.002008213529248209   13    9   14    2
 0.00296575120968185   13    9   14    4
 2.599486731573717e-05   13    9   14    6
 -0.003871252818529528   13    9   14    9
 -0.0001724780678481364   13    9   14   11
 0.005469260679206817   13    9   14   13
 -0.05583047173439075   13    9   14   14
 0.01033476242459821   13   10    3    1
 0.05432064021713517   13   10    3    2
 -0.00359840012490267   13   10    4    3
 -0.007723227276003628   13   10    6    3
 -0.007124143583311123   13   10    7    1
 -0.01786769015519142   13   10    7    2
 0.02085439273760616   13   10    7    4
 -0.01901860383356956   13   10    7    6
 -0.00275978649848753   13   10    9    3
 0.004292038831090392   13   10    9    7
 -0.007108059864295948   13   10   10    1
 -0.005060113828345497   13   10   10    2
 -0.01640836273015072   13   10   10    4
 -0.01922509580921639   13   10   10    6
 -0.01777900597780207   13   10   10    9
 0.01744052916023828   13   10   11    3
 0.009224069612200198   13   10   11    7
 -0.0149012503627118   13   10   11   10
 0.01189368815035172   13   10   12    1
 0.00841299624754792   13   10   12    2
 -0.01913492896464879   13   10   12    4
 0.01337200599460724   13   10   12    6
 0.007853516182430065   13   10   12    9
 -0.03917107126153939   13   10   12   11
 -0.00735172288465667   13   10   13    3
 -0.0001172129834288853   13   10   13    7
 0.03034067036035949   13   10   13   10
 -0.01735782921284012   13   10   13   12
 0.0003190187899639561   13   10   14    3
 -0.000546966772632921   13   10   14    7
 -0.0004163383163030466   13   10   14   10
 0.001458756449391087   13   10   14   12
 0.1413111644176612   13   11    1    1
 -0.005894342757237177   13   11    2    1
 0.03464030259304271   13   11    2    2
 0.01673114873280963   13   11    3    3
 0.007462181815635757   13   11    4    1
 -0.005991170124388744   13   11    4    2
 0.025919045715765   13   11    4    4
 0.03362783851011716   13   11    5    5
 -0.0001591446611987298   13   11    6    1
 0.02168649597900737   13   11    6    2
 0.01607152489739715   13   11    6    4
 0.002973558277426306   13   11    6    6
 -0.02486102962915827   13   11    7    3
 0.003016955186906019   13   11    7    7
 -0.03469792230316514   13   11    8    5
 0.01945875208207343   13   11    8    8
 -0.00700284238550711   13   11    9    1
 -0.01106200723086417   13   11    9    2
 -0.02486406017049195   13   11    9    4
 -0.006375043357439698   13   11    9    6
 0.02399522594903224   13   11    9    9
 -0.005645714935841113   13   11   10    3
 0.009900151921723889   13   11   10    7
 0.004458659668709138   13   11   10   10
 8.963461592722848e-05   13   11   11    1
 -0.02370559020797373   13   11   11    2
 -0.01711326466114696   13   11   11    4
 -0.005248405462774783   13   11   11    6
 0.01355768315571036   13   11   11    9
 -0.01907113019194585   13   11   11   11
 0.03514282747754011   13   11   12    3
 -0.009117086958895631   13   11   12    7
 -0.02401850833485981   13   11   12   10
 0.00450233015452501   13   11   12   12
 0.00611049015504047   13   11   13    1
 -0.0284947859782444   13   11   13    2
 -0.002332138389260413   13   11   13    4
 -0.0144033065125127   13   11   13    6
 -0.002011354295502511   13   11   13    9
 0.02219787307399163   13   11   13   11
 0.0161614024867528   13   11   13   13
 -0.01759467452249835   13   11   14    1
 0.009327472503567129   13   11   14    2
 -0.002534765259796   13   11   14    4
 0.004876083245629831   13   11   14    6
 -0.00152745832699268   13   11   14    9
 -0.006327388888041786   13   11   14   11
 -0.01685946225986724   13   11   14   13
 0.1369067777174529   13   11   14   14
 -0.01383200723969705   13   12    3    1
 -0.03991719239216684   13   12    3    2
 0.009519760161629306   13   12    4    3
 -0.004057828915054576   13   12    6    3
 0.009603678718057741   13   12    7    1
 0.02044054530950023   13   12    7    2
 -0.01339714250889363   13   12    7    4
 0.0166930301552961   13   12    7    6
 -0.001909082647488181   13   12    9    3
 0.0008985132295530791   13   12    9    7
 0.009690185145676112   13   12   10    1
 0.009055104639129051   13   12   10    2
 0.002076420693271893   13   12   10    4
 0.01438302122685332   13   12   10    6
 0.007742040736492992   13   12   10    9
 0.007619119486899592   13   12   11    3
 0.001407004761010126   13   12   11    7
 -0.004666383869868662   13   12   11   10
 -0.01620073046607451   13   12   12    1
 -0.0243312733828199   13   12   12    2
 0.01028107469703946   13   12   12    4
 -0.002272719350367275   13   12   12    6
 -0.006068346300106705   13   12   12    9
 0.008637103276742421   13   12   12   11
 1.069060795881236e-15   13   12   12   12
 0.01578156990891703   13   12   13    3
 -0.008105685642621376   13   12   13    7
 -0.01735782921284018   13   12   13   10
 0.02686702496829367   13   12   13   12
 -0.001612115920920802   13   12   14    3
 0.002143959414158078   13   12   14    7
 0.003344337614023773   13   12   14   10
 -0.004862083483401126   13   12   14   12
 0.8748025585785185   13   13    1    1
 -0.01731141965868718   13   13    2    1
 0.5993537923791573   13   13    2    2
 0.5364869398881287   13   13    3    3
 0.008486947029644564   13   13    4    1
 -0.008789830501197322   13   13    4    2
 0.5588523796765835   13   13    4    4
 0.5945875274108211   13   13    5    5
 -0.005135511965955047   13   13    6    1
 0.07533859062767381   13   13    6    2
 0.04524830760636557   13   13    6    4
 0.3686947131215965   13   13    6    6
 -0.09081852214495428   13   13    7    3
 0.3747351009591088   13   13    7    7
 -0.1220975403560996   13   13    8    5
 0.4889332558217581   13   13    8    8
 -0.00529483937719696   13   13    9    1
 0.0008487903988920191   13   13    9    2
 -0.1135819580322801   13   13    9    4
 -0.05225208388907652   13   13    9    6
 0.4704895897591135   13   13    9    9
 -0.06610133498759745   13   13   10    3
 0.01784841334195006   13   13   10    7
 0.4109347109313358   13   13   10   10
 0.005329706169012782   13   13   11    1
 -0.04509147990887048   13   13   11    2
 -0.01706836939414142   13   13   11    4
 -0.08014320570537935   13   13   11    6
 0.03452318412041089   13   13   11    9
 0.4473036407839109   13   13   11   11
 0.06501370102795213   13   13   12    3
 -0.1178695468352316   13   13   12    7
 -0.0363944560705196   13   13   12   10
 0.4770452733327675   13   13   12   12
 0.01647274330879388   13   13   13    1
 -0.06855587101070808   13   13   13    2
 0.03378736647071559   13   13   13    4
 -0.06469136446616536   13   13   13    6
 -0.004820606320341455   13   13   13    9
 0.01616140248675307   13   13   13   11
 0.5252082985071587   13   13   13   13
 -0.04617968503907616   13   13   14    1
 0.0227264767125727   13   13   14    2
 -0.00873501611997507   13   13   14    4
 0.005566867129836963   13   13   14    6
 0.006250413251911879   13   13   14    9
 -0.0167109727981059   13   13   14   11
 -0.04711246321245358   13   13   14   13
 0.8635970049510466   13   13   14   14
 -1.25706417740578   14    1    1    1
 0.2220427443143499   14    1    2    1
 -0.04001732918177518   14    1    2    2
 -0.004169589700878092   14    1    3    3
 -0.07754332285593279   14    1    4    1
 0.01270085723678036   14    1    4    2
 -0.009593470578093699   14    1    4    4
 -0.006678237567317377   14    1    5    5
 0.08169145590903377   14    1    6    1
 -0.01518100501439303   14    1    6    2
 0.002868977562782408   14    1    6    4
 -0.006490036073518706   14    1    6    6
 0.002957094086493074   14    1    7    3
 -0.002154793878014158   14    1    7    7
 0.007769771699648303   14    1    8    5
 -0.009001821646585053   14    1    8    8
 0.03587360307648428   14    1    9    1
 -0.004997568900337736   14    1    9    2
 0.008693085772945346   14    1    9    4
 0.0006673229783855516   14    1    9    6
 -0.00965696006294031   14    1    9    9
 0.003602115722824343   14    1   10    3
 -0.00257595372606454   14    1   10    7
 -0.003050029540548025   14    1   10   10
 -0.0894530374220603   14    1   11    1
 0.01663795511311848   14    1   11    2
 -0.003066633272757745   14    1   11    4
 0.007138407287050755   14    1   11    6
 -0.0008185164603542848   14    1   11    9
 -0.007922575387207413   14    1   11   11
 -0.005622873917249321   14    1   12    3
 0.004070834649974694   14    1   12    7
 0.004829767268084386   14    1   12   10
 -0.007738058524366136   14    1   12   12
 -0.2380283432684806   14    1   13    1
 0.04290543331009884   14    1   13    2
 -0.01440001272173224   14    1   13    4
 0.01604018212532002   14    1   13    6
 0.00617718910088871   14    1   13    9
 -0.01759467452249866   14    1   13   11
 -0.04617968503907652   14    1   13   13
 1.062735770380643   14    1   14    1
 -0.2136868461279478   14    1   14    2
 0.07484067714426229   14    1   14    4
 -0.07927459087073978   14    1   14    6
 -0.03469755222067752   14    1   14    9
 0.08719259620229666   14    1   14   11
 0.232138557594011   14    1   14   13
 -1.42323837973655   14    1   14   14
 0.4414566502590576   14    2    1    1
 -0.05753268014296493   14    2    2    1
 0.01550300253030942   14    2    2    2
 0.00849791520850467   14    2    3    3
 0.02201449593171758   14    2    4    1
 -0.004539988230851883   14    2    4    2
 0.01365129453403824   14    2    4    4
 0.01596239623091663   14    2    5    5
 -0.02017771542919631   14    2    6    1
 0.007105882793375171   14    2    6    2
 0.002913050781814576   14    2    6    4
 0.00459487945899975   14    2    6    6
 -0.007149366481655575   14    2    7    3
 0.004994915029398188   14    2    7    7
 -0.01895820607997891   14    2    8    5
 0.02052717661784367   14    2    8    8
 -0.01165141475675885   14    2    9    1
 0.0001688737924816279   14    2    9    2
 -0.01705430953885053   14    2    9    4
 -0.006111926064433017   14    2    9    6
 0.01984478347339951   14    2    9    9
 -0.008210170754852319   14    2   10    3
 0.006270746882988116   14    2   10    7
 0.005577259910719378   14    2   10   10
 0.0217056295183114   14    2   11    1
 -0.009223412611316229   14    2   11    2
 -0.003947216917445431   14    2   11    4
 -0.005301769585525486   14    2   11    6
 0.006609371993688962   14    2   11    9
 0.005002234503396722   14    2   11   11
 0.01449560852303796   14    2   12    3
 -0.009666846046353378   14    2   12    7
 -0.01113263920818558   14    2   12   10
 0.01655576616743977   14    2   12   12
 0.0595434815251349   14    2   13    1
 -0.02176372081566118   14    2   13    2
 0.006595126749942931   14    2   13    4
 -0.008405516466525965   14    2   13    6
 -0.002008213529248156   14    2   13    9
 0.009327472503567132   14    2   13   11
 0.02272647671257251   14    2   13   13
 -0.2136868461279478   14    2   14    1
 0.0657170007853036   14    2   14    2
 -0.02066886610134861   14    2   14    4
 0.02539232342329577   14    2   14    6
 0.008090171862632823   14    2   14    9
 -0.02825139231854939   14    2   14   11
 -0.0732673520101402   14    2   14   13
 0.456777687369414   14    2   14   14
 0.009477529743313009   14    3    3    1
 -0.004967392564841995   14    3    3    2
 4.879577881656959e-05   14    3    4    3
 -0.0002572742141544558   14    3    6    3
 -0.006746338487975572   14    3    7    1
 0.001822675962244717   14    3    7    2
 -0.001130964466191289   14    3    7    4
 0.0009314702917512879   14    3    7    6
 0.0004678178674870172   14    3    9    3
 -0.0001210705620014751   14    3    9    7
 -0.007498677171120348   14    3   10    1
 2.794359603840095e-05   14    3   10    2
 0.001631836558340488   14    3   10    4
 0.0005764334193909586   14    3   10    6
 3.10303969787518e-05   14    3   10    9
 -0.001595070960142701   14    3   11    3
 0.0002421597498444888   14    3   11    7
 0.001100596336578736   14    3   11   10
 0.01219457063723181   14    3   12    1
 0.0001770962794447165   14    3   12    2
 0.0008965028830650404   14    3   12    4
 0.0001201768423897553   14    3   12    6
 -8.260532083774064e-05   14    3   12    9
 0.001090004142399778   14    3   12   11
 -0.001282757896119258   14    3   13    3
 0.001390499489614558   14    3   13    7
 0.000319018789963965   14    3   13   10
 -0.001612115920920808   14    3   13   12
 0.01150591131214855   14    3   14    3
 -0.00795081162378262   14    3   14    7
 -0.00825007865063045   14    3   14   10
 0.01362803980959049   14    3   14   12
 -0.1617030046283216   14    4    1    1
 0.02276223475019376   14    4    2    1
 -0.00911336810700146   14    4    2    2
 -0.005462547047717387   14    4    3    3
 0.004293101157156525   14    4    4    1
 -0.002134026915241826   14    4    4    2
 -0.00422853544454771   14    4    4    4
 -0.007142378788351151   14    4    5    5
 0.01256645690176542   14    4    6    1
 -0.004563606936935292   14    4    6    2
 -0.001736388592341217   14    4    6    4
 -0.002511114088352824   14    4    6    6
 0.002949440297491372   14    4    7    3
 -0.002054658711543728   14    4    7    7
 0.008255340200630117   14    4    8    5
 -0.008168511679637565   14    4    8    8
 -0.01100392541866758   14    4    9    1
 3.27697069577871e-05   14    4    9    2
 0.007814111537603202   14    4    9    4
 0.002559931822612182   14    4    9    6
 -0.008104858946815107   14    4    9    9
 0.004967887960804281   14    4   10    3
 -0.003128957203757645   14    4   10    7
 -0.002400641193460573   14    4   10   10
 -0.0136759385957835   14    4   11    1
 0.003753651582062374   14    4   11    2
 0.001021598504381579   14    4   11    4
 0.002307157272292043   14    4   11    6
 -0.002299850064919994   14    4   11    9
 -0.002867125826769236   14    4   11   11
 -0.005257519441077062   14    4   12    3
 0.003804111587241415   14    4   12    7
 0.004199599098393134   14    4   12   10
 -0.007481629913037122   14    4   12   12
 -0.02196496846722705   14    4   13    1
 0.008485546192414598   14    4   13    2
 -0.004966638181456633   14    4   13    4
 0.002151967912875698   14    4   13    6
 0.002965751209681844   14    4   13    9
 -0.00253476525979598   14    4   13   11
 -0.008735016119974997   14    4   13   13
 0.0748406771442623   14    4   14    1
 -0.02066886610134862   14    4   14    2
 0.02172927412467434   14    4   14    4
 -0.00285643947046439   14    4   14    6
 -0.01957160478024231   14    4   14    9
 0.003487914825604304   14    4   14   11
 0.02560792786262575   14    4   14   13
 -0.1670209272572386   14    4   14   14
 0.01559951376383843   14    5    5    1
 -0.00307766961767387   14    5    5    2
 0.0009550939756685887   14    5    5    4
 -0.0008388226773811386   14    5    6    5
 -0.0170646637160924   14    5    8    1
 -0.0004312950009410398   14    5    8    2
 0.0003870080091817628   14    5    8    4
 -0.0005474067358898914   14    5    8    6
 -9.012270736746671e-05   14    5    9    5
 -0.0002274182102529577   14    5    9    8
 0.000188777298831065   14    5   11    5
 0.0004267874154506185   14    5   11    8
 -0.003651831435238399   14    5   13    5
 0.003467297751817484   14    5   13    8
 0.01783479068059738   14    5   14    5
 -0.01837073647937395   14    5   14    8
 0.1637740713149156   14    6    1    1
 -0.02058880107735848   14    6    2    1
 0.002701851491470597   14    6    2    2
 0.0003444502338895956   14    6    3    3
 0.01258956953490414   14    6    4    1
 -0.002911461233946022   14    6    4    2
 0.002828568731328968   14    6    4    4
 0.003113246162551017   14    6    5    5
 -0.005556902117495095   14    6    6    1
 0.002631817631349114   14    6    6    2
 0.000918095243277035   14    6    6    4
 0.0009357756319402439   14    6    6    6
 -0.002671578067895284   14    6    7    3
 0.001770987694782355   14    6    7    7
 -0.007914944116340637   14    6    8    5
 0.004908077135826285   14    6    8    8
 -0.009804731745578341   14    6    9    1
 -0.0005442534010645113   14    6    9    2
 -0.006937036055509048   14    6    9    4
 -0.002450880075158877   14    6    9    6
 0.004732028447628949   14    6    9    9
 -0.002872302159029721   14    6   10    3
 0.002846469698766926   14    6   10    7
 -0.0007802286224397891   14    6   10   10
 0.005922243887236788   14    6   11    1
 -0.004143427996150097   14    6   11    2
 -0.002257530676956355   14    6   11    4
 -0.001261044806292005   14    6   11    6
 0.00307715977667767   14    6   11    9
 -0.001237907559725511   14    6   11   11
 0.007134577914057675   14    6   12    3
 -0.002447043122426621   14    6   12    7
 -0.004732665635403172   14    6   12   10
 0.004195246005434926   14    6   12   12
 0.02184858412226296   14    6   13    1
 -0.009648957400888152   14    6   13    2
 0.00107432280839417   14    6   13    4
 -0.002767472283741794   14    6   13    6
 2.5994867315764e-05   14    6   13    9
 0.0048760832456298   14    6   13   11
 0.005566867129836263   14    6   13   13
 -0.07927459087073982   14    6   14    1
 0.02539232342329576   14    6   14    2
 -0.002856439470464383   14    6   14    4
 0.0117763226962132   14    6   14    6
 -0.002782408697131012   14    6   14    9
 -0.01284028158023267   14    6   14   11
 -0.02779959876374513   14    6   14   13
 0.1691926303150249   14    6   14   14
 -0.00697186741385273   14    7    3    1
 0.002388152333909587   14    7    3    2
 -9.236709647945986e-05   14    7    4    3
 0.0003937731167921631   14    7    6    3
 0.004952861584469725   14    7    7    1
 -0.0008285353564588451   14    7    7    2
 0.0003440201413085345   14    7    7    4
 0.001716943470140015   14    7    7    6
 4.717700657985783e-05   14    7    9    3
 5.887255665299062e-06   14    7    9    7
 0.00548832140680941   14    7   10    1
 0.000297882782564951   14    7   10    2
 -0.0009857978654162611   14    7   10    4
 0.0003759900567590585   14    7   10    6
 0.000239739950446622   14    7   10    9
 0.001731113509158691   14    7   11    3
 0.0005197586004883032   14    7   11    7
 -0.0009491450273340273   14    7   11   10
 -0.008923066411198667   14    7   12    1
 -0.001032101039150118   14    7   12    2
 -0.0009945045407789468   14    7   12    4
 0.0008080667456548466   14    7   12    6
 3.723926349330309e-05   14    7   12    9
 -0.0002257738546054958   14    7   12   11
 0.001872697379702569   14    7   13    3
 -0.0001807651874734135   14    7   13    7
 -0.0005469667726328665   14    7   13   10
 0.002143959414158107   14    7   13   12
 -0.00795081162378262   14    7   14    3
 0.00570517927146109   14    7   14    7
 0.005811212684719749   14    7   14   10
 -0.009583818274137589   14    7   14   12
 -0.0182409584868375   14    8    5    1
 0.001168858580479396   14    8    5    2
 0.000281549046561101   14    8    5    4
 -0.001720473790856621   14    8    6    5
 0.01981459527672941   14    8    8    1
 0.005709447855775009   14    8    8    2
 -0.001736710631067104   14    8    8    4
 -0.0007607103218468262   14    8    8    6
 -0.0008378296424667722   14    8    9    5
 0.0001986217023815207   14    8    9    8
 0.0002779527694631905   14    8   11    5
 -0.003390328265086488   14    8   11    8
 0.01058556783442933   14    8   13    5
 -0.001458900192733408   14    8   13    8
 -0.01837073647937394   14    8   14    5
 0.02029375260215408   14    8   14    8
 0.08075999766720429   14    9    1    1
 -0.01272641468174254   14    9    2    1
 0.006249224540199752   14    9    2    2
 0.00541944142462505   14    9    3    3
 -0.01214144485415952   14    9    4    1
 6.088431515634606e-05   14    9    4    2
 0.006170040803706949   14    9    4    4
 0.00531794877291035   14    9    5    5
 -0.01043577632602937   14    9    6    1
 0.0008875571169857716   14    9    6    2
 -0.00109717893034802   14    9    6    4
 0.002068680210969688   14    9    6    6
 -0.0006067669710946319   14    9    7    3
 0.003235016043190025   14    9    7    7
 -0.005189099769574749   14    9    8    5
 0.00503366992043715   14    9    8    8
 0.01763761615814566   14    9    9    1
 0.005185358303001032   14    9    9    2
 -0.007578539630522224   14    9    9    4
 -0.002621828692622952   14    9    9    6
 0.004821526472282203   14    9    9    9
 -0.004532068225114382   14    9   10    3
 0.002334563444472027   14    9   10    7
 -2.004716012178754e-05   14    9   10   10
 0.0113919790082245   14    9   11    1
 0.0001898589604979501   14    9   11    2
 0.0009711058655094529   14    9   11    4
 -0.0002583985885835528   14    9   11    6
 -0.000271419605418546   14    9   11    9
 0.004314437933372841   14    9   11   11
 0.001964640190566791   14    9   12    3
 -0.002963165657821217   14    9   12    7
 -0.0006669788871620979   14    9   12   10
 0.00728713608049057   14    9   12   12
 0.01105908340599111   14    9   13    1
 -0.003381259889866164   14    9   13    2
 0.008934891387667091   14    9   13    4
 0.001014504458455234   14    9   13    6
 -0.003871252818529537   14    9   13    9
 -0.001527458326992716   14    9   13   11
 0.006250413251911674   14    9   13   13
 -0.03469755222067752   14    9   14    1
 0.008090171862632837   14    9   14    2
 -0.01957160478024231   14    9   14    4
 -0.002782408697131004   14    9   14    6
 0.02123974153610475   14    9   14    9
 0.002867709433229012   14    9   14   11
 -0.01171162135066508   14    9   14   13
 0.08323605649432964   14    9   14   14
 -0.008464301959285499   14   10    3    1
 -3.321541625478769e-05   14   10    3    2
 0.001195007635913563   14   10    4    3
 -0.00163099273604789   14   10    6    3
 0.006001049460149891   14   10    7    1
 0.001152742869434981   14   10    7    2
 2.401359889061343e-05   14   10    7    4
 -0.0001468072997620319   14   10    7    6
 -0.001302345927530211   14   10    9    3
 0.001105623547553379   14   10    9    7
 0.006561838393433757   14   10   10    1
 0.002397745517970115   14   10   10    2
 -0.002044221611036181   14   10   10    4
 -0.001098013019910933   14   10   10    6
 -0.001360042697172635   14   10   10    9
 0.001881852024458249   14   10   11    3
 -0.0006482746621351591   14   10   11    7
 -0.00142595605571176   14   10   11   10
 -0.0107217389207587   14   10   12    1
 -0.003319435502478245   14   10   12    2
 0.001032219068033031   14   10   12    4
 -0.00061115076017509   14   10   12    6
 -0.0003667777470596631   14   10   12    9
 -0.0001181640363652227   14   10   12   11
 0.004045839086675143   14   10   13    3
 -0.002901649425991114   14   10   13    7
 -0.0004163383163030662   14   10   13   10
 0.003344337614023849   14   10   13   12
 -0.00825007865063045   14   10   14    3
 0.005811212684719752   14   10   14    7
 0.00656155320757385   14   10   14   10
 -0.01044225222554355   14   10   14   12
 -0.2021339848472724   14   11    1    1
 0.02288171235293408   14   11    2    1
 -0.01702584336472484   14   11    2    2
 -0.01110361403031724   14   11    3    3
 -0.01427487137183432   14   11    4    1
 0.003264333365184579   14   11    4    2
 -0.01471393721134408   14   11    4    4
 -0.01696594660760069   14   11    5    5
 0.006070291275457254   14   11    6    1
 -0.006823797957235773   14   11    6    2
 -0.004047119579536125   14   11    6    4
 -0.004007007249541994   14   11    6    6
 0.008125012012878397   14   11    7    3
 -0.004304128229839322   14   11    7    7
 0.01287861712314003   14   11    8    5
 -0.01551091878827176   14   11    8    8
 0.01118442818889814   14   11    9    1
 0.001525158801500102   14   11    9    2
 0.01147422819271336   14   11    9    4
 0.004259784136290311   14   11    9    6
 -0.01480953016374573   14   11    9    9
 0.005203315612332139   14   11   10    3
 -0.003876683843037908   14   11   10    7
 -0.005964324665114278   14   11   10   10
 -0.006466885032045655   14   11   11    1
 0.007460025266740937   14   11   11    2
 0.004136717542448102   14   11   11    4
 0.004366512572875686   14   11   11    6
 -0.004814872250413287   14   11   11    9
 -0.003788984617595086   14   11   11   11
 -0.01149048065810099   14   11   12    3
 0.007677945446432637   14   11   12    7
 0.007881074820491144   14   11   12   10
 -0.01123778131285806   14   11   12   12
 -0.02425385752355657   14   11   13    1
 0.01313530632073194   14   11   13    2
 -0.002073005629574372   14   11   13    4
 0.006840487515526901   14   11   13    6
 -0.000172478067848134   14   11   13    9
 -0.006327388888041744   14   11   13   11
 -0.01671097279810622   14   11   13   13
 0.08719259620229659   14   11   14    1
 -0.02825139231854937   14   11   14    2
 0.003487914825604292   14   11   14    4
 -0.0128402815802327   14   11   14    6
 0.002867709433229009   14   11   14    9
 0.01464599445173323   14   11   14   11
 0.03191139971125757   14   11   14   13
 -0.2075358854642031   14   11   14   14
 0.01350465564781345   14   12    3    1
 -0.001340017585054793   14   12    3    2
 -0.001810594539611909   14   12    4    3
 0.00367345552833658   14   12    6    3
 -0.009569404989427148   14   12    7    1
 -0.002102292293400629   14   12    7    2
 -0.001695204156682666   14   12    7    4
 0.002785012712016147   14   12    7    6
 0.0005328072807581415   14   12    9    3
 -0.0009900971950800852   14   12    9    7
 -0.010510182340616   14   12   10    1
 -0.002525014614421279   14   12   10    2
 0.002714564088585086   14   12   10    4
 0.0005001122525094816   14   12   10    6
 0.001291122431290693   14   12   10    9
 -0.005041172703986999   14   12   11    3
 0.0005723281082022634   14   12   11    7
 0.003906608189753715   14   12   11   10
 0.01712823475193777   14   12   12    1
 0.005424947961497327   14   12   12    2
 0.0006416443857440327   14   12   12    4
 0.001219113921190815   14   12   12    6
 0.0003110930392679558   14   12   12    9
 0.003697150361328172   14   12   12   11
 -0.004989149261474229   14   12   13    3
 0.004827252273576943   14   12   13    7
 0.001458756449391114   14   12   13   10
 -0.004862083483401097   14   12   13   12
 0.01362803980959049   14   12   14    3
 -0.009583818274137583   14   12   14    7
 -0.01044225222554356   14   12   14   10
 0.0172357205390793   14   12   14   12
 -0.5655307106452091   14   13    1    1
 0.06466352409485408   14   13    2    1
 -0.05505372414204332   14   13    2    2
 -0.03827666111333909   14   13    3    3
 -0.02305157160663219   14   13    4    1
 0.00932004006260352   14   13    4    2
 -0.0487219881408671   14   13    4    4
 -0.05416287887481615   14   13    5    5
 0.02320383474255759   14   13    6    1
 -0.02026512614124424   14   13    6    2
 -0.01101937548739261   14   13    6    4
 -0.01384466691903762   14   13    6    6
 0.02296315255589669   14   13    7    3
 -0.01594915835928558   14   13    7    7
 0.04465811493748564   14   13    8    5
 -0.04448224759344585   14   13    8    8
 0.01104360308854166   14   13    9    1
 0.0008216910725945127   14   13    9    2
 0.03963717079019818   14   13    9    4
 0.01285587086094203   14   13    9    6
 -0.04484392717832458   14   13    9    9
 0.01922857572745489   14   13   10    3
 -0.01172983595025288   14   13   10    7
 -0.01761394200523546   14   13   10   10
 -0.02493119708012386   14   13   11    1
 0.0184607366309055   14   13   11    2
 0.008867360660294263   14   13   11    4
 0.01461162966227076   14   13   11    6
 -0.01403843753304392   14   13   11    9
 -0.01856662202405496   14   13   11   11
 -0.03122890924037437   14   13   12    3
 0.02448995570416341   14   13   12    7
 0.02035221172021301   14   13   12   10
 -0.04077906158226965   14   13   12   12
 -0.06630971737409634   14   13   13    1
 0.04066020733377201   14   13   13    2
 -0.01176330812102952   14   13   13    4
 0.0166099297754652   14   13   13    6
 0.005469260679206717   14   13   13    9
 -0.01685946225986739   14   13   13   11
 -0.04711246321245558   14   13   13   13
 0.2321385575940103   14   13   14    1
 -0.07326735201014004   14   13   14    2
 0.02560792786262569   14   13   14    4
 -0.02779959876374499   14   13   14    6
 -0.01171162135066504   14   13   14    9
 0.03191139971125768   14   13   14   11
 0.08697701201093981   14   13   14   13
 -0.5789768487579584   14   13   14   14
 4.493022809314173   14   14    1    1
 -0.4120921929108082   14   14    2    1
 1.031665747171843   14   14    2    2
 0.8451239138119431   14   14    3    3
 0.1408230467869229   14   14    4    1
 -0.09233686085661533   14   14    4    2
 0.9540916997623964   14   14    4    4
 1.017655283119798   14   14    5    5
 -0.1495559844686199   14   14    6    1
 0.2285795176062585   14   14    6    2
 0.1340201106004674   14   14    6    4
 0.4703882462413968   14   14    6    6
 -0.2764662896981389   14   14    7    3
 0.4971286878534356   14   14    7    7
 -0.4565180486104291   14   14    8    5
 0.814218942462127   14   14    8    8
 -0.0630356715576377   14   14    9    1
 -0.0008938495346265519   14   14    9    2
 -0.4141769605872934   14   14    9    4
 -0.1420343703585234   14   14    9    6
 0.8076266050052741   14   14    9    9
 -0.2061222427203653   14   14   10    3
 0.1018015631121082   14   14   10    7
 0.5482824176400336   14   14   10   10
 0.1604914737274908   14   14   11    1
 -0.1777805093016589   14   14   11    2
 -0.08462338902807552   14   14   11    4
 -0.1880407709513419   14   14   11    6
 0.1360587251593241   14   14   11    9
 0.5812692502473908   14   14   11   11
 0.301931310092101   14   14   12    3
 -0.3034356536169157   14   14   12    7
 -0.1854573122261868   14   14   12   10
 0.778151005963065   14   14   12   12
 0.4195960466714101   14   14   13    1
 -0.3621468905254156   14   14   13    2
 0.1210988752385923   14   14   13    4
 -0.1851930449737188   14   14   13    6
 -0.05583047173439017   14   14   13    9
 0.1369067777174537   14   14   13   11
 0.8635970049510477   14   14   13   13
 -1.423238379736546   14   14   14    1
 0.4567776873694152   14   14   14    2
 -0.1670209272572389   14   14   14    4
 0.1691926303150259   14   14   14    6
 0.0832360564943302   14   14   14    9
 -0.2075358854642033   14   14   14   11
 -0.5789768487579598   14   14   14   13
 4.57122563151366   14   14   14   14
 -32.98009962011022    1    1  0  0
 0.5799264878140885    2    1  0  0
 -7.791652831230434    2    2  0  0
 -6.5303938982791    3    3  0  0
 -0.1915051671425841    4    1  0  0
 0.2932676223451891    4    2  0  0
 -6.802819125390484    4    4  0  0
 -7.0374694600417    5    5  0  0
 0.197565240931612    6    1  0  0
 -1.089612366957005    6    2  0  0
 -0.6913195418384008    6    4  0  0
 -3.74306746528583    6    6  0  0
 1.392480803722858    7    3  0  0
 -3.793437995632907    7    7  0  0
 2.051809077282601    8    5  0  0
 -4.836194617973592    8    8  0  0
 0.08111445614647356    9    1  0  0
 0.0251023711724223    9    2  0  0
 1.864083217298067    9    4  0  0
 0.7133377327755456    9    6  0  0
 -4.769560668874937    9    9  0  0
 0.9924059110585229   10    3  0  0
 -0.3662322843766191   10    7  0  0
 -3.678823328499367   10   10  0  0
 -0.2063343425744302   11    1  0  0
 0.676142821779542   11    2  0  0
 0.3143216689216291   11    4  0  0
 1.113889293652473   11    6  0  0
 -0.6226976145991643   11    9  0  0
 -3.815242925576659   11   11  0  0
 -1.201762821460118   12    3  0  0
 1.096274333773224e-15   12    6  0  0
 1.711947204318676   12    7  0  0
 0.719072187027859   12   10  0  0
 -4.532482021579875   12   12  0  0
 -0.5298454900408175   13    1  0  0
 1.342714931166218   13    2  0  0
 -0.4882609386809769   13    4  0  0
 0.9265723167401858   13    6  0  0
 0.235198225026993   13    9  0  0
 -0.4557192577002501   13   11  0  0
 -4.413252519639315   13   13  0  0
 1.349818895640802   14    1  0  0
 -0.7627758594127804   14    2  0  0
 0.2899917112790993   14    4  0  0
 -0.2595595224404618   14    6  0  0
 -0.1635990228059035   14    9  0  0
 0.4248255066145249   14   11  0  0
 1.253798633328378   14   13  0  0
 27.81504776258361   14   14  0  0
 8.801464571251927  0  0  0  0
