 &FCI NORB=  24,NELEC= 8,MS2=0,
  ORBSYM=1,3,1,2,1,3,1,2,3,1,3,1,4,1,2,3,3,1,2,4,1,1,3,1
  ISYM=1,
 &END
 0.7485835193753358    1    1    1    1
 0.1493513494181756    2    1    2    1
 0.6691971456005829    2    2    1    1
 0.6506816839632914    2    2    2    2
 0.01101104319744902    3    1    1    1
 0.01207227145008371    3    1    2    2
 0.1256280005149843    3    1    3    1
 0.01784194734476745    3    2    2    1
 0.04081975645029829    3    2    3    2
 0.6725289865031793    3    3    1    1
 0.5946729135840494    3    3    2    2
 -0.06981099885757903    3    3    3    1
 0.7089132489343566    3    3    3    3
 0.1291643421925048    4    1    4    1
 0.02926877702764314    4    2    4    2
 -0.02973578803525971    4    3    4    1
 0.04125416131535393    4    3    4    3
 0.7087898629030773    4    4    1    1
 0.6116897101467376    4    4    2    2
 -0.03966317632372002    4    4    3    1
 0.6518036078121104    4    4    3    3
 0.7503784649166841    4    4    4    4
 0.1178775784034299    5    1    1    1
 0.08060738789818281    5    1    2    2
 0.01881366293431708    5    1    3    1
 0.0803825390091599    5    1    3    3
 0.1089464470510742    5    1    4    4
 0.04645185077668103    5    1    5    1
 -0.009829942115164164    5    2    2    1
 -0.009161975473039208    5    2    3    2
 0.02938787382106421    5    2    5    2
 0.0689821758389158    5    3    1    1
 0.04163958017426167    5    3    2    2
 -0.007895473693949015    5    3    3    1
 0.0683809206491495    5    3    3    3
 0.06481887396531487    5    3    4    4
 0.02702447435014968    5    3    5    1
 0.02881442695043343    5    3    5    3
 0.02958920094986172    5    4    4    1
 0.0002884479083146379    5    4    4    3
 0.01473006763854132    5    4    5    4
 0.4054426896507839    5    5    1    1
 0.3942705471182153    5    5    2    2
 0.03317520345450879    5    5    3    1
 0.3733391489292535    5    5    3    3
 0.3788402039959436    5    5    4    4
 0.0267407045267928    5    5    5    1
 0.005087213379341146    5    5    5    3
 0.3384921179752786    5    5    5    5
 -0.03978390770264139    6    1    2    1
 0.01582259218967688    6    1    3    2
 -0.01369660585607861    6    1    5    2
 0.02759485217603118    6    1    6    1
 -0.1292755888798345    6    2    1    1
 -0.1036225453907526    6    2    2    2
 0.0414448338230102    6    2    3    1
 -0.1213628081378254    6    2    3    3
 -0.1321248805041698    6    2    4    4
 -0.03916202908199282    6    2    5    1
 -0.03416765394843776    6    2    5    3
 -0.009833904845232829    6    2    5    5
 0.0741582021200414    6    2    6    2
 0.04332774536582978    6    3    2    1
 -0.003232532780549047    6    3    3    2
 -0.01770565279331101    6    3    5    2
 -0.007753527208626486    6    3    6    1
 0.02858747339536416    6    3    6    3
 -0.01253015348573067    6    4    4    2
 0.008728431680493896    6    4    6    4
 -0.05571836106699042    6    5    2    1
 -0.02528077581626263    6    5    3    2
 0.03480292397172433    6    5    5    2
 -0.006417605018197044    6    5    6    1
 -0.03192676618950747    6    5    6    3
 0.08472157451560207    6    5    6    5
 0.4122369352665551    6    6    1    1
 0.4123448730500526    6    6    2    2
 0.0101823970593337    6    6    3    1
 0.3908788261978786    6    6    3    3
 0.3871906601985843    6    6    4    4
 0.02104311713563744    6    6    5    1
 -0.001358950673855007    6    6    5    3
 0.3410906814533636    6    6    5    5
 -0.01746230506853978    6    6    6    2
 0.3605251221379147    6    6    6    6
 -0.01953529030722775    7    1    1    1
 -0.00798794346723679    7    1    2    2
 -0.03885736899559808    7    1    3    1
 0.01652161961030572    7    1    3    3
 -0.003752907172700708    7    1    4    4
 -0.0210245082451962    7    1    5    1
 -0.01544936149532649    7    1    5    3
 -0.006694867114366241    7    1    5    5
 0.005068148076924087    7    1    6    2
 0.007637156243236048    7    1    6    6
 0.03419565214513392    7    1    7    1
 0.001743978919405103    7    2    2    1
 -0.004031448376236174    7    2    3    2
 -0.007633022669356144    7    2    5    2
 0.003311345655919703    7    2    6    1
 0.01005603709517164    7    2    6    3
 -0.007947575881354091    7    2    6    5
 0.01264298680188199    7    2    7    2
 -0.1657988848288185    7    3    1    1
 -0.1233386102300064    7    3    2    2
 0.03593074440750035    7    3    3    1
 -0.1729326905952062    7    3    3    3
 -0.1630806460085405    7    3    4    4
 -0.04906989615540493    7    3    5    1
 -0.03421425212294252    7    3    5    3
 -0.03588020913528985    7    3    5    5
 0.06408155647547067    7    3    6    2
 -0.04450523293411237    7    3    6    6
 -0.005937782853563973    7    3    7    1
 0.1176117842527193    7    3    7    3
 0.005419720601276745    7    4    4    1
 -0.01228119166325264    7    4    4    3
 -0.002168507966762562    7    4    5    4
 0.01424785287188028    7    4    7    4
 -0.08913852452573916    7    5    1    1
 -0.07306525127645917    7    5    2    2
 -0.03885978035462082    7    5    3    1
 -0.05996725285255791    7    5    3    3
 -0.06753131801388622    7    5    4    4
 -0.02577315909453513    7    5    5    1
 -0.002260075830671536    7    5    5    3
 -0.0460836127932971    7    5    5    5
 0.003839525381474598    7    5    6    2
 -0.04538628779910322    7    5    6    6
 0.006435525328725714    7    5    7    1
 0.03374722100082472    7    5    7    3
 0.04383903558735025    7    5    7    5
 0.01551202126077062    7    6    2    1
 0.0145657968438223    7    6    3    2
 -0.008865557932173989    7    6    5    2
 0.004255891622412545    7    6    6    1
 0.006260577787494105    7    6    6    3
 -0.01705878602368387    7    6    6    5
 -0.002067807001734971    7    6    7    2
 0.01255757646543879    7    6    7    6
 0.5284919944642553    7    7    1    1
 0.4747396147919544    7    7    2    2
 -0.04408472051615691    7    7    3    1
 0.550810865714579    7    7    3    3
 0.5190431402075768    7    7    4    4
 0.05685220788398001    7    7    5    1
 0.05553386581693819    7    7    5    3
 0.3304669308033557    7    7    5    5
 -0.08726248603513231    7    7    6    2
 0.3337705651949527    7    7    6    6
 -0.002309894435394646    7    7    7    1
 -0.1055265945437027    7    7    7    3
 -0.03112702819638791    7    7    7    5
 0.4826477492226526    7    7    7    7
 -0.04334709141918969    8    1    4    1
 0.01234783802959349    8    1    4    3
 -0.01884628193342382    8    1    5    4
 -0.002376109878426354    8    1    7    4
 0.03350774371081723    8    1    8    1
 -0.006812148687946856    8    2    4    2
 0.00690827410937431    8    2    6    4
 0.01073994470662898    8    2    8    2
 0.01512394893307937    8    3    4    1
 -0.01330182702519131    8    3    4    3
 0.0008767396019493879    8    3    5    4
 0.01399933551085912    8    3    7    4
 -0.008399599427467621    8    3    8    1
 0.01545770662921973    8    3    8    3
 -0.188793788648405    8    4    1    1
 -0.141386945634611    8    4    2    2
 0.02244788384643869    8    4    3    1
 -0.1650238877456476    8    4    3    3
 -0.2027835617376097    8    4    4    4
 -0.05836567011485837    8    4    5    1
 -0.03131178619077553    8    4    5    3
 -0.04785456369804661    8    4    5    5
 0.06613105601860174    8    4    6    2
 -0.05566505554308345    8    4    6    6
 0.003351152727040002    8    4    7    1
 0.09878420180212356    8    4    7    3
 0.03501003042697323    8    4    7    5
 -0.1108693310881551    8    4    7    7
 0.1387730502879657    8    4    8    4
 -0.04113081138725746    8    5    4    1
 0.004520781432134965    8    5    4    3
 -0.004954970633140965    8    5    5    4
 0.002540054807304779    8    5    7    4
 0.007658529344899078    8    5    8    1
 -0.001511787108396584    8    5    8    3
 0.02304224815878235    8    5    8    5
 0.009661338819239697    8    6    4    2
 -0.002815971716362769    8    6    6    4
 -0.003046282432651167    8    6    8    2
 0.006716647421843176    8    6    8    6
 -0.00755615168476358    8    7    4    1
 0.02334758085446573    8    7    4    3
 0.004772129078444517    8    7    5    4
 -0.003416365553938732    8    7    7    4
 0.0009050192093773013    8    7    8    1
 -0.003437374158917055    8    7    8    3
 0.00213551864487201    8    7    8    5
 0.02274661090650273    8    7    8    7
 0.5470930957318676    8    8    1    1
 0.4868339723612672    8    8    2    2
 -0.02914942739738753    8    8    3    1
 0.5166546407654591    8    8    3    3
 0.5798582628904273    8    8    4    4
 0.06798052411028667    8    8    5    1
 0.0439257888897728    8    8    5    3
 0.3338723279421433    8    8    5    5
 -0.08799273771936858    8    8    6    2
 0.3369043784185878    8    8    6    6
 -0.002374189710341624    8    8    7    1
 -0.1065641250282117    8    8    7    3
 -0.04380887582602152    8    8    7    5
 0.4390177497344183    8    8    7    7
 -0.1244981148415347    8    8    8    4
 0.4951040571853668    8    8    8    8
 -0.03676412913489791    9    1    2    1
 -0.01765145213840071    9    1    3    2
 -0.008857940647453941    9    1    5    2
 0.007965637512811912    9    1    6    1
 -0.001991639017465845    9    1    6    3
 0.01069322192445936    9    1    6    5
 -0.0004434096775423168    9    1    7    2
 -0.003330827042372782    9    1    7    6
 0.02766923189813589    9    1    9    1
 -0.1182860318570505    9    2    1    1
 -0.1047248200857733    9    2    2    2
 -0.03364514607728297    9    2    3    1
 -0.08213105313603646    9    2    3    3
 -0.08933725004899944    9    2    4    4
 -0.03590848522852107    9    2    5    1
 -0.01010085930112919    9    2    5    3
 -0.03776687357493986    9    2    5    5
 0.02325204408019476    9    2    6    2
 -0.0424056436505538    9    2    6    6
 0.007377093847517733    9    2    7    1
 0.04351941014142006    9    2    7    3
 0.03853545159322677    9    2    7    5
 -0.04949167732952422    9    2    7    7
 0.05430148127592498    9    2    8    4
 -0.05565760032922045    9    2    8    8
 0.06319535785717073    9    2    9    2
 -0.04016846056384263    9    3    2    1
 -0.01132450037097364    9    3    3    2
 0.008210979542235668    9    3    5    2
 0.00621781283249799    9    3    6    1
 -0.0140808727389392    9    3    6    3
 0.01584930324452203    9    3    6    5
 0.00432834253176857    9    3    7    2
 -0.01143741701941146    9    3    7    6
 0.006066975010130901    9    3    9    1
 0.02346564988755234    9    3    9    3
 -0.001016242609009914    9    4    4    2
 0.001689062128523071    9    4    6    4
 0.007852692458272593    9    4    8    2
 -0.00238812205701825    9    4    8    6
 0.009382912734982719    9    4    9    4
 -0.04040668219927939    9    5    2    1
 -1.884166762237684e-05    9    5    3    2
 0.01179387926683423    9    5    5    2
 0.01136250599977038    9    5    6    1
 -0.01493796770120642    9    5    6    3
 0.023355130336278    9    5    6    5
 0.006595871791397434    9    5    7    2
 -0.006915420488055737    9    5    7    6
 -0.002898279462244933    9    5    9    1
 0.01608205303120692    9    5    9    3
 0.03223514619914018    9    5    9    5
 0.03254594747789347    9    6    1    1
 0.02712943166275534    9    6    2    2
 0.00633959639849751    9    6    3    1
 0.01512061623270295    9    6    3    3
 0.02970496079496722    9    6    4    4
 0.01473479451593777    9    6    5    1
 0.003559795150683639    9    6    5    3
 0.01182225494479573    9    6    5    5
 -0.01160038002952299    9    6    6    2
 0.01263811168531706    9    6    6    6
 -0.002948641121951957    9    6    7    1
 -0.02379434749340071    9    6    7    3
 -0.01274189111320669    9    6    7    5
 0.007812578220938438    9    6    7    7
 -0.02369399543873899    9    6    8    4
 0.02084174308468016    9    6    8    8
 -0.01673314383223365    9    6    9    2
 0.01586419435182845    9    6    9    6
 -0.01894642238082484    9    7    2    1
 0.008257110908946805    9    7    3    2
 0.01632602618510339    9    7    5    2
 0.00407756425640725    9    7    6    1
 -0.01781993658196447    9    7    6    3
 0.01155695424912539    9    7    6    5
 -0.0002389002828213663    9    7    7    2
 -0.006193722404161986    9    7    7    6
 -0.01141061211414044    9    7    9    1
 0.0147849757748267    9    7    9    3
 0.02261333259777899    9    7    9    5
 0.03227954178653045    9    7    9    7
 0.01471495107645361    9    8    4    2
 -0.005468994715592086    9    8    6    4
 0.00146913704944554    9    8    8    2
 0.00462561180907621    9    8    8    6
 0.006260932950187677    9    8    9    4
 0.01783382173028486    9    8    9    8
 0.4767834704369972    9    9    1    1
 0.4680789295699945    9    9    2    2
 -0.0152825710522743    9    9    3    1
 0.4578068284183228    9    9    3    3
 0.4559363935016305    9    9    4    4
 0.03396565136342095    9    9    5    1
 0.03390018853564943    9    9    5    3
 0.3284066698999085    9    9    5    5
 -0.06260531612642282    9    9    6    2
 0.329455538480694    9    9    6    6
 -0.009709843748738589    9    9    7    1
 -0.0530838272092664    9    9    7    3
 -0.0154554758020547    9    9    7    5
 0.4047108857324736    9    9    7    7
 -0.06176008208001055    9    9    8    4
 0.3955521227454277    9    9    8    8
 -0.02600840662876745    9    9    9    2
 0.0004524622859412819    9    9    9    6
 0.4270062143632977    9    9    9    9
 -0.04767222666154947   10    1    1    1
 -0.003674622567775132   10    1    2    2
 0.002295809805098999   10    1    3    1
 -0.04041145035780893   10    1    3    3
 -0.065235847940022   10    1    4    4
 -0.02957340342480009   10    1    5    1
 -0.01866705094168777   10    1    5    3
 -0.004306300323418648   10    1    5    5
 0.02500740918865566   10    1    6    2
 0.001732352319598708   10    1    6    6
 0.008340406803743943   10    1    7    1
 0.03268676341887126   10    1    7    3
 0.01218098599368131   10    1    7    5
 -0.03113647720993544   10    1    7    7
 0.03758188891516213   10    1    8    4
 -0.0427539277384506   10    1    8    8
 0.008498406100612334   10    1    9    2
 -0.01003675506700389   10    1    9    6
 0.002457871620365073   10    1    9    9
 0.04162798589101844   10    1   10    1
 0.06741989579288055   10    2    2    1
 0.02912110360889527   10    2    3    2
 -0.03041964228567743   10    2    5    2
 0.00347626550079094   10    2    6    1
 0.0261845235564863   10    2    6    3
 -0.04251586687784703   10    2    6    5
 0.007702753903050407   10    2    7    2
 0.01572497400146964   10    2    7    6
 -0.0142023515552458   10    2    9    1
 -0.02576526643658695   10    2    9    3
 -0.01534561373959127   10    2    9    5
 -0.01490261552938002   10    2    9    7
 0.07829686897710909   10    2   10    2
 0.008099299135730756   10    3    1    1
 0.02850889944668578   10    3    2    2
 -0.007947048153101354   10    3    3    1
 0.009772718393437286   10    3    3    3
 0.007459319666793999   10    3    4    4
 -0.01010584240189763   10    3    5    1
 -0.009701114559903261   10    3    5    3
 0.007192263770745762   10    3    5    5
 0.006820675268928109   10    3    6    2
 0.01463846296020606   10    3    6    6
 0.011420690393434   10    3    7    1
 -0.003066554565370801   10    3    7    3
 0.0005660638925996731   10    3    7    5
 0.0009144134466507947   10    3    7    7
 -0.003422836807136675   10    3    8    4
 0.004374803024775159   10    3    8    8
 -0.007789432038631938   10    3    9    2
 -0.0009795555575428543   10    3    9    6
 0.01461908287263535   10    3    9    9
 0.02264136610367785   10    3   10    1
 0.02400532704723728   10    3   10    3
 -0.04583331374330773   10    4    4    1
 0.007152727118044232   10    4    4    3
 -0.01270993400915265   10    4    5    4
 -0.002293700665433202   10    4    7    4
 0.01722380659197389   10    4    8    1
 -0.00601630623867026   10    4    8    3
 0.01520000093267281   10    4    8    5
 -0.0007900047284188741   10    4    8    7
 0.02032380588049342   10    4   10    4
 -0.09491291520910268   10    5    1    1
 -0.08997851053313034   10    5    2    2
 -0.01024212219271609   10    5    3    1
 -0.07670478663389417   10    5    3    3
 -0.08240933709764893   10    5    4    4
 -0.0179922150869955   10    5    5    1
 -0.01238396510965303   10    5    5    3
 -0.03557115612019478   10    5    5    5
 0.01447056002879848   10    5    6    2
 -0.03456414304784987   10    5    6    6
 0.008099973207147821   10    5    7    1
 0.02355844580069649   10    5    7    3
 0.01409860473250356   10    5    7    5
 -0.0559494550471966   10    5    7    7
 0.03145039130616235   10    5    8    4
 -0.05403074060514023   10    5    8    8
 0.02165920995231289   10    5    9    2
 -0.00315286607304687   10    5    9    6
 -0.05572748274968594   10    5    9    9
 -0.005861513265425578   10    5   10    1
 -0.01400908685150049   10    5   10    3
 0.0367657920964473   10    5   10    5
 0.01961270104899204   10    6    2    1
 0.01165639437227986   10    6    3    2
 -0.006534742022537511   10    6    5    2
 0.001732216162441657   10    6    6    1
 0.005541651292378299   10    6    6    3
 -0.006578940924846536   10    6    6    5
 0.004228522507924665   10    6    7    2
 0.005732995138722642   10    6    7    6
 -0.008954147062936735   10    6    9    1
 -0.006326829988688005   10    6    9    3
 -0.000444498172039088   10    6    9    5
 -0.0005792861980571978   10    6    9    7
 0.02676664040947038   10    6   10    2
 0.01974979879579791   10    6   10    6
 0.01411766905342071   10    7    1    1
 0.01769693388153888   10    7    2    2
 0.02069522655481975   10    7    3    1
 -0.004390003616949929   10    7    3    3
 0.002287788620321236   10    7    4    4
 0.006398724560218273   10    7    5    1
 0.0001951570673369201   10    7    5    3
 0.01251911782657785   10    7    5    5
 0.00600260658039671   10    7    6    2
 0.01109026524913191   10    7    6    6
 -0.00971833632153301   10    7    7    1
 -0.00447988160818743   10    7    7    3
 -0.009750811526326484   10    7    7    5
 -0.005459789711798218   10    7    7    7
 -0.006125498499997298   10    7    8    4
 -0.001271009214073782   10    7    8    8
 -0.009668855684929376   10    7    9    2
 0.003534666267711641   10    7    9    6
 0.005505753625271616   10    7    9    9
 0.005943944677292558   10    7   10    1
 0.007333383290143161   10    7   10    3
 -0.01368215500176121   10    7   10    5
 0.01409685110419733   10    7   10    7
 0.01690585839703944   10    8    4    1
 -0.006892694214503132   10    8    4    3
 0.008680564831185346   10    8    5    4
 -0.001149329049689361   10    8    7    4
 -0.01537185029988873   10    8    8    1
 0.00124499570586057   10    8    8    3
 -0.0006534626493659613   10    8    8    5
 -0.003351968383361313   10    8    8    7
 -0.004953972421748704   10    8   10    4
 0.01047186195344936   10    8   10    8
 -0.02080295842520468   10    9    2    1
 -0.01803214070147325   10    9    3    2
 0.01128574199187035   10    9    5    2
 -0.006779815605495809   10    9    6    1
 -0.008130003995364253   10    9    6    3
 0.0170556743561274   10    9    6    5
 -0.004731479801498122   10    9    7    2
 -0.006296834426298525   10    9    7    6
 0.01064149875788685   10    9    9    1
 0.009854596470461848   10    9    9    3
 0.000118266732088297   10    9    9    5
 0.002727262484870589   10    9    9    7
 -0.03127516945323822   10    9   10    2
 -0.01118660283589037   10    9   10    6
 0.02108251133934571   10    9   10    9
 0.4961725513337966   10   10    1    1
 0.5110120926852664   10   10    2    2
 0.06445692763323642   10   10    3    1
 0.4409902863245254   10   10    3    3
 0.4389867379414701   10   10    4    4
 0.02559485160217513   10   10    5    1
 -0.004856500570024297   10   10    5    3
 0.3787979538505176   10   10    5    5
 -0.0005640142002809062   10   10    6    2
 0.3838779367885302   10   10    6    6
 0.002013286632471632   10   10    7    1
 -0.03742168636706182   10   10    7    3
 -0.06949149640832483   10   10    7    5
 0.3645401160532491   10   10    7    7
 -0.05725230082301245   10   10    8    4
 0.3720572183281973   10   10    8    8
 -0.077269229144642   10   10    9    2
 0.00599125717545287   10   10    9    6
 0.3840151281314607   10   10    9    9
 0.03683437043566583   10   10   10    1
 0.0456125825905506   10   10   10    3
 -0.07927878667880049   10   10   10    5
 0.02782738341645095   10   10   10    7
 0.5441117773695173   10   10   10   10
 0.01283301025591655   11    1    2    1
 -0.02879056067663126   11    1    3    2
 0.01886855806181044   11    1    5    2
 -0.02642236757604621   11    1    6    1
 0.001633632409065867   11    1    6    3
 0.01211736766619364   11    1    6    5
 -0.001981667046051812   11    1    7    2
 -0.01067906887666487   11    1    7    6
 -0.0003339852020136808   11    1    9    1
 0.008007311071007403   11    1    9    3
 -0.005860906192983776   11    1    9    5
 0.001797907224597005   11    1    9    7
 -0.0292581858382035   11    1   10    2
 -0.01070317281172358   11    1   10    6
 0.01858123101384518   11    1   10    9
 0.03842336301901871   11    1   11    1
 0.07207566991927353   11    2    1    1
 0.04136677459730592   11    2    2    2
 -0.05761978929390172   11    2    3    1
 0.07779258213140294   11    2    3    3
 0.09334397849103813   11    2    4    4
 0.03306194834860403   11    2    5    1
 0.02784168736790094   11    2    5    3
 -0.005032900529912602   11    2    5    5
 -0.06830691026212718   11    2    6    2
 0.006800122358023985   11    2    6    6
 0.0008206972139451361   11    2    7    1
 -0.06441447531564699   11    2    7    3
 0.001110171321857942   11    2    7    5
 0.05703978427132247   11    2    7    7
 -0.06253104569402142   11    2    8    4
 0.06330958321632359   11    2    8    8
 -0.007549350979582867   11    2    9    2
 0.01919341538071128   11    2    9    6
 0.01829528151917872   11    2    9    9
 -0.04082082061735923   11    2   10    1
 -0.01956156569418303   11    2   10    3
 0.007416472813286727   11    2   10    5
 -0.01149223756830667   11    2   10    7
 -0.06450384617275011   11    2   10   10
 0.09352851827461818   11    2   11    2
 -0.05741497954667503   11    3    2    1
 -0.005082217153873142   11    3    3    2
 0.01293799833897368   11    3    5    2
 0.009550148024682631   11    3    6    1
 -0.02720056829973084   11    3    6    3
 0.02468908556703012   11    3    6    5
 -0.01337445827596072   11    3    7    2
 -0.004339617723158272   11    3    7    6
 0.01532870759734963   11    3    9    1
 0.01550554103692001   11    3    9    3
 0.008031771239452808   11    3    9    5
 0.01031783687093248   11    3    9    7
 -0.0397680313149238   11    3   10    2
 -0.01577977583598149   11    3   10    6
 0.01761270938557959   11    3   10    9
 0.003763072350406638   11    3   11    1
 0.03986155145432226   11    3   11    3
 0.01171732575361912   11    4    4    2
 -0.007892187062253612   11    4    6    4
 -0.00792662044432069   11    4    8    2
 0.005132277240574213   11    4    8    6
 -0.003337432764488718   11    4    9    4
 0.004593727168176823   11    4    9    8
 0.009215638440072425   11    4   11    4
 0.02836318447594322   11    5    2    1
 0.008165899165638891   11    5    3    2
 -0.0006306179961526105   11    5    5    2
 -0.005611600674200235   11    5    6    1
 0.005918173065529762   11    5    6    3
 0.00225401776028437   11    5    6    5
 0.001596422096918665   11    5    7    2
 0.007260716465959782   11    5    7    6
 -0.01026769259451691   11    5    9    1
 -0.01014164702997039   11    5    9    3
 -0.002910806243760117   11    5    9    5
 -0.003713659219791504   11    5    9    7
 0.02316816530097535   11    5   10    2
 0.01708783390791141   11    5   10    6
 -0.008784581405766068   11    5   10    9
 -0.004756741212771313   11    5   11    1
 -0.01607170076625711   11    5   11    3
 0.02094443509505697   11    5   11    5
 -0.1565182537794651   11    6    1    1
 -0.1472685995624852   11    6    2    2
 0.008862650412899452   11    6    3    1
 -0.1423082765727774   11    6    3    3
 -0.1417001286108069   11    6    4    4
 -0.02909823011617863   11    6    5    1
 -0.01715456584095435   11    6    5    3
 -0.04649532424509498   11    6    5    5
 0.0435497863213974   11    6    6    2
 -0.05437142331229289   11    6    6    6
 -0.003399555189195871   11    6    7    1
 0.05201288275492056   11    6    7    3
 0.02522636186403954   11    6    7    5
 -0.09780646195889223   11    6    7    7
 0.05938173210677117   11    6    8    4
 -0.09772220263814461   11    6    8    8
 0.04200745296851174   11    6    9    2
 -0.00890392164308642   11    6    9    6
 -0.08174259397266902   11    6    9    9
 0.002635656656048242   11    6   10    1
 -0.01445758853272465   11    6   10    3
 0.03817492951667656   11    6   10    5
 -0.006950494742066522   11    6   10    7
 -0.09674674311252657   11    6   10   10
 -0.01895194942597128   11    6   11    2
 0.06821207937508374   11    6   11    6
 -0.004019535495958905   11    7    2    1
 -0.02194597842108303   11    7    3    2
 0.008078452761862781   11    7    5    2
 -0.01154548486017029   11    7    6    1
 0.001205067193264936   11    7    6    3
 0.01922884369255628   11    7    6    5
 0.0005294510370470363   11    7    7    2
 -0.008575351726512569   11    7    7    6
 0.006987631517784662   11    7    9    1
 0.003945421082978517   11    7    9    3
 -0.00281675219551367   11    7    9    5
 -0.0074343261520636   11    7    9    7
 -0.01635157350910807   11    7   10    2
 -0.007788418673235018   11    7   10    6
 0.009857544833622721   11    7   10    9
 0.01639792262172388   11    7   11    1
 0.001701267612146892   11    7   11    3
 -0.004133329970448436   11    7   11    5
 0.01703450532003851   11    7   11    7
 -0.01074907050665272   11    8    4    2
 0.00640757824751421   11    8    6    4
 0.005697838610489756   11    8    8    2
 -0.003602800181302184   11    8    8    6
 0.002423272824877956   11    8    9    4
 -0.005489140846990471   11    8    9    8
 -0.006256316848054158   11    8   11    4
 0.006642117926913556   11    8   11    8
 -0.02339124610288051   11    9    1    1
 -0.007182514430220469   11    9    2    2
 0.03478277129832474   11    9    3    1
 -0.02945903265380408   11    9    3    3
 -0.04048088815725708   11    9    4    4
 -0.01555890761125936   11    9    5    1
 -0.018120199689619   11    9    5    3
 0.00902058494645365   11    9    5    5
 0.03721336172918693   11    9    6    2
 0.006499050623041081   11    9    6    6
 0.003866279950274632   11    9    7    1
 0.02812305215002149   11    9    7    3
 -0.008637225634273861   11    9    7    5
 -0.03282887620446536   11    9    7    7
 0.02909245799749765   11    9    8    4
 -0.03100179522135686   11    9    8    8
 -0.005894533013977868   11    9    9    2
 -0.00848271595945811   11    9    9    6
 -0.01272438837625657   11    9    9    9
 0.0234911106097747   11    9   10    1
 0.01361370100836581   11    9   10    3
 -0.004396147669329233   11    9   10    5
 0.007531789237146834   11    9   10    7
 0.05131170686879302   11    9   10   10
 -0.05319011997664203   11    9   11    2
 0.005168084392171833   11    9   11    6
 0.0378965566176139   11    9   11    9
 -0.09150070631654564   11   10    2    1
 -0.04439016365772958   11   10    3    2
 0.043571948331003   11   10    5    2
 -0.007919803828616774   11   10    6    1
 -0.04080094793075346   11   10    6    3
 0.07981786647316   11   10    6    5
 -0.01338292063495965   11   10    7    2
 -0.02431963975634531   11   10    7    6
 0.0258608017256152   11   10    9    1
 0.03447432104616122   11   10    9    3
 0.02093687896680118   11   10    9    5
 0.01900517648000777   11   10    9    7
 -0.09749088996142283   11   10   10    2
 -0.03436164300304114   11   10   10    6
 0.04591096386860609   11   10   10    9
 0.0380494342605491   11   10   11    1
 0.05600778057182707   11   10   11    3
 -0.02613304859830308   11   10   11    5
 0.02759471513975195   11   10   11    7
 0.1463559316040451   11   10   11   10
 0.5208671907759468   11   11    1    1
 0.5236557666172906   11   11    2    2
 0.02272640560619409   11   11    3    1
 0.4842405251452571   11   11    3    3
 0.4729554951767302   11   11    4    4
 0.03897005626175146   11   11    5    1
 0.0082589072292251   11   11    5    3
 0.3670973628363769   11   11    5    5
 -0.0380371252507621   11   11    6    2
 0.3881280679579103   11   11    6    6
 0.009372491529334987   11   11    7    1
 -0.07504299250532322   11   11    7    3
 -0.06441764789302588   11   11    7    5
 0.3940083931239691   11   11    7    7
 -0.09228925600122616   11   11    8    4
 0.3946183076539627   11   11    8    8
 -0.08716439277270271   11   11    9    2
 0.01368363565983873   11   11    9    6
 0.3891003889671901   11   11    9    9
 0.01689256653017588   11   11   10    1
 0.03948930574343568   11   11   10    3
 -0.07074770321900005   11   11   10    5
 0.02225142314038019   11   11   10    7
 0.4906660729118362   11   11   10   10
 -0.01124305193768516   11   11   11    2
 -0.1092059742645527   11   11   11    6
 0.02436914508481448   11   11   11    9
 0.4917884442792715   11   11   11   11
 -0.0842549091153138   12    1    1    1
 -0.07932693156615078   12    1    2    2
 0.01815479048138036   12    1    3    1
 -0.05608959891590782   12    1    3    3
 -0.08253111767798021   12    1    4    4
 -0.02919754720611943   12    1    5    1
 -0.01583565773374523   12    1    5    3
 -0.01747931190936684   12    1    5    5
 0.04439649299870249   12    1    6    2
 -0.02407852900645501   12    1    6    6
 0.007507034664859974   12    1    7    1
 0.05420108202782941   12    1    7    3
 0.01206763534101862   12    1    7    5
 -0.04265308446688817   12    1    7    7
 0.06205356696433211   12    1    8    4
 -0.05480394883217962   12    1    8    8
 0.02391323574135099   12    1    9    2
 -0.01988691693267251   12    1    9    6
 -0.03277783079644154   12    1    9    9
 0.009556404297605393   12    1   10    1
 -0.006317267656197527   12    1   10    3
 0.01618090429327343   12    1   10    5
 -0.00709711148061329   12    1   10    7
 -0.01839448688127331   12    1   10   10
 -0.0460032194897516   12    1   11    2
 0.02940925456823306   12    1   11    6
 0.02546280672704763   12    1   11    9
 -0.03753386348120867   12    1   11   11
 0.05663797257795039   12    1   12    1
 -0.05078663886947558   12    2    2    1
 0.005951790554499276   12    2    3    2
 -0.00349521151283814   12    2    5    2
 0.02362815922010438   12    2    6    1
 -0.008335307846822015   12    2    6    3
 0.01419528940982575   12    2    6    5
 0.0031694598377116   12    2    7    2
 0.002692913053251616   12    2    7    6
 0.01092266705597243   12    2    9    1
 0.002506189410618272   12    2    9    3
 0.01779368704332123   12    2    9    5
 0.00179605049903111   12    2    9    7
 -0.01616690717361641   12    2   10    2
 -0.00363363997246353   12    2   10    6
 -0.002595048235772112   12    2   10    9
 -0.02192645511000806   12    2   11    1
 0.01037991474175631   12    2   11    3
 -0.005800615394655905   12    2   11    5
 -0.004843101449829391   12    2   11    7
 0.01519366352353328   12    2   11   10
 0.04203282047191561   12    2   12    2
 0.03632053125536092   12    3    1    1
 0.03459071687663226   12    3    2    2
 0.03652608365527091   12    3    3    1
 0.01459575634818974   12    3    3    3
 0.01898508952931406   12    3    4    4
 0.00711711360794518   12    3    5    1
 -0.01169572507880383   12    3    5    3
 0.02299297978896916   12    3    5    5
 0.01022849917822044   12    3    6    2
 0.02557035600411039   12    3    6    6
 0.01053748066440274   12    3    7    1
 -0.009176601677449957   12    3    7    3
 -0.02690818448582901   12    3    7    5
 -0.0008019996687362362   12    3    7    7
 -0.01304081239572165   12    3    8    4
 0.01076237414863729   12    3    8    8
 -0.02751246529353814   12    3    9    2
 0.006270865929081888   12    3    9    6
 -0.00202042857091966   12    3    9    9
 -0.004782145798422165   12    3   10    1
 0.002644248458686878   12    3   10    3
 -0.002185949311762365   12    3   10    5
 0.002366990978520803   12    3   10    7
 0.04576958810151685   12    3   10   10
 -0.01414068185378607   12    3   11    2
 -0.0147205547264769   12    3   11    6
 0.01636359453018616   12    3   11    9
 0.04408117342759826   12    3   11   11
 0.007194135773308933   12    3   12    1
 0.04674941344174537   12    3   12    3
 -0.007898774440732703   12    4    4    1
 0.000936453597811396   12    4    4    3
 -0.009144876409695394   12    4    5    4
 -0.001128460741743981   12    4    7    4
 0.02009689776518949   12    4    8    1
 -0.005146101330701309   12    4    8    3
 -0.0007294412491633117   12    4    8    5
 -0.002904289585013893   12    4    8    7
 0.003559317885393686   12    4   10    4
 -0.009203842204499381   12    4   10    8
 0.02065897730544609   12    4   12    4
 -0.07183071463945558   12    5    1    1
 -0.05419086263902896   12    5    2    2
 0.003800012160188579   12    5    3    1
 -0.06823053957895817   12    5    3    3
 -0.0699344346906936   12    5    4    4
 -0.01930147271447516   12    5    5    1
 -0.01413895544932506   12    5    5    3
 -0.01512342449182326   12    5    5    5
 0.02528179767913889   12    5    6    2
 -0.01620803258907565   12    5    6    6
 0.005087228771637578   12    5    7    1
 0.02020206461476814   12    5    7    3
 0.01116620375470178   12    5    7    5
 -0.05523565151414701   12    5    7    7
 0.02969409732789383   12    5    8    4
 -0.05049902145647383   12    5    8    8
 0.02037597874517212   12    5    9    2
 1.421148659524216e-05   12    5    9    6
 -0.03302888345449169   12    5    9    9
 0.01248292523236775   12    5   10    1
 0.003373189491128236   12    5   10    3
 0.01013371164583428   12    5   10    5
 0.002017340176210637   12    5   10    7
 -0.02092446790476115   12    5   10   10
 -0.01581412456511621   12    5   11    2
 0.02710123111980476   12    5   11    6
 0.007893589123684588   12    5   11    9
 -0.03501321944243563   12    5   11   11
 0.008589050371369438   12    5   12    1
 -0.002932125612347399   12    5   12    3
 0.0245640723385385   12    5   12    5
 0.0239341331204032   12    6    2    1
 0.003947378952134039   12    6    3    2
 0.01030920726239349   12    6    5    2
 -0.00958757385132198   12    6    6    1
 0.002606941421285907   12    6    6    3
 0.004714981476428211   12    6    6    5
 0.003560147179852187   12    6    7    2
 0.00220338519305695   12    6    7    6
 -0.01653489078322995   12    6    9    1
 -0.002178718515440252   12    6    9    3
 0.006027677756800377   12    6    9    5
 0.006649596395709117   12    6    9    7
 0.002795396651315681   12    6   10    2
 0.005340468474483006   12    6   10    6
 -0.003883150142833673   12    6   10    9
 0.006170226180066993   12    6   11    1
 -0.01249270874431519   12    6   11    3
 0.01229415222207354   12    6   11    5
 -0.00137868828498417   12    6   11    7
 -0.004844391926242175   12    6   11   10
 -0.00401245821928794   12    6   12    2
 0.02186218230768922   12    6   12    6
 0.02078631534878372   12    7    1    1
 0.01970339014866907   12    7    2    2
 0.05329995137586194   12    7    3    1
 -0.01516090351349686   12    7    3    3
 -2.127688282195434e-05   12    7    4    4
 0.009563546382275996   12    7    5    1
 -0.01051773272006162   12    7    5    3
 0.02497703010442439   12    7    5    5
 0.01831011591372389   12    7    6    2
 0.02055209878905903   12    7    6    6
 -0.007261531127862878   12    7    7    1
 0.00278985824392996   12    7    7    3
 -0.03064596730131073   12    7    7    5
 -0.02111538711385241   12    7    7    7
 -0.001750217484389639   12    7    8    4
 -0.004288550765244489   12    7    8    8
 -0.02236007513024494   12    7    9    2
 0.007069427527628806   12    7    9    6
 -0.01036741850327424   12    7    9    9
 -0.002924543680857289   12    7   10    1
 -0.001935741546794716   12    7   10    3
 -0.001856579529513948   12    7   10    5
 0.009174834578010809   12    7   10    7
 0.04080146006948258   12    7   10   10
 -0.02095285641097586   12    7   11    2
 -0.002705634723550321   12    7   11    6
 0.01832023674804625   12    7   11    9
 0.0272594037073364   12    7   11   11
 0.005226577371685461   12    7   12    1
 0.02898111092425749   12    7   12    3
 -0.0007744289943488637   12    7   12    5
 0.03798766079100553   12    7   12    7
 0.0519335409304865   12    8    4    1
 -0.01483828958089771   12    8    4    3
 0.009351289331688467   12    8    5    4
 0.0006855126896827   12    8    7    4
 -0.01454652354998489   12    8    8    1
 0.00437400759209424   12    8    8    3
 -0.01970287278193128   12    8    8    5
 -0.007437380840434598   12    8    8    7
 -0.01867220905808645   12    8   10    4
 0.005351897916264978   12    8   10    8
 0.0002746308094596533   12    8   12    4
 0.02741014092560851   12    8   12    8
 0.0124153723498089   12    9    2    1
 -0.0154354861037016   12    9    3    2
 0.01166983975195236   12    9    5    2
 -0.01753711956688727   12    9    6    1
 0.001450221440303399   12    9    6    3
 0.01194493576301638   12    9    6    5
 -0.005376437667025905   12    9    7    2
 -0.002016704045065567   12    9    7    6
 0.0005229743849966828   12    9    9    1
 -0.00312487454150453   12    9    9    3
 -0.006494630535513556   12    9    9    5
 -0.005768518066573389   12    9    9    7
 -0.01124250789096751   12    9   10    2
 -0.004669453381079394   12    9   10    6
 0.007868293821521386   12    9   10    9
 0.01931986727424569   12    9   11    1
 0.002924369511375098   12    9   11    3
 0.001264714180444594   12    9   11    5
 0.01101287061286707   12    9   11    7
 0.01657191540375617   12    9   11   10
 -0.01197821708333094   12    9   12    2
 0.0020624582989703   12    9   12    6
 0.0199309358932622   12    9   12    9
 -0.009586331302774361   12   10    1    1
 -0.01905940697136361   12   10    2    2
 -0.01332896365935649   12   10    3    1
 0.001645370887227872   12   10    3    3
 0.0005888834685673017   12   10    4    4
 0.003657728429124806   12   10    5    1
 0.003867859311494543   12   10    5    3
 -0.009557484553653744   12   10    5    5
 -0.00533029566352167   12   10    6    2
 -0.006207544859559263   12   10    6    6
 -0.0006714006440558285   12   10    7    1
 -0.008294590104226269   12   10    7    3
 0.002148443182708784   12   10    7    5
 0.003818572926838553   12   10    7    7
 -0.01295785928595757   12   10    8    4
 0.0004730797161025254   12   10    8    8
 -0.003453006033490734   12   10    9    2
 -0.0007690735652406434   12   10    9    6
 -0.01048781695875215   12   10    9    9
 -0.008209398713040198   12   10   10    1
 -0.0011310980573754   12   10   10    3
 0.005640960889160793   12   10   10    5
 0.0001978842017581454   12   10   10    7
 -0.028167213496495   12   10   10   10
 0.01150946863282154   12   10   11    2
 0.00118765402115586   12   10   11    6
 -0.004638922722348148   12   10   11    9
 -0.006433580866028453   12   10   11   11
 -0.002025926014209164   12   10   12    1
 -0.005006975365174744   12   10   12    3
 -0.008244395955596114   12   10   12    5
 -0.005432788805912838   12   10   12    7
 0.02018261305562965   12   10   12   10
 -0.05399361184837896   12   11    2    1
 -0.01072345107048415   12   11    3    2
 0.009005354394016762   12   11    5    2
 0.009323027777050559   12   11    6    1
 -0.02311668457233098   12   11    6    3
 0.0362730810743639   12   11    6    5
 -0.006049397083997759   12   11    7    2
 -0.009637498542554933   12   11    7    6
 0.0177793036188081   12   11    9    1
 0.01630125880901864   12   11    9    3
 0.0126067396460951   12   11    9    5
 0.01039539767387346   12   11    9    7
 -0.02245621435792546   12   11   10    2
 -0.006045873666417666   12   11   10    6
 0.012276009501577   12   11   10    9
 -0.001141466195137649   12   11   11    1
 0.02723068375610076   12   11   11    3
 -0.008943259020027225   12   11   11    5
 0.006639844479493734   12   11   11    7
 0.04492094831849167   12   11   11   10
 0.007409179867943995   12   11   12    2
 -0.01468451260447724   12   11   12    6
 0.0009959924705232614   12   11   12    9
 0.03829707372065866   12   11   12   11
 0.5512207121053255   12   12    1    1
 0.5228038897391259   12   12    2    2
 0.02146064831342808   12   12    3    1
 0.5181090918198367   12   12    3    3
 0.5134674891297457   12   12    4    4
 0.05054559164080744   12   12    5    1
 0.02546678115524873   12   12    5    3
 0.3691625988104864   12   12    5    5
 -0.05306054366979312   12   12    6    2
 0.3764626715905731   12   12    6    6
 -0.001013838922961727   12   12    7    1
 -0.06786289195109321   12   12    7    3
 -0.05899472273785337   12   12    7    5
 0.4278922607855508   12   12    7    7
 -0.08831755189386506   12   12    8    4
 0.4265507720861014   12   12    8    8
 -0.07022337199313854   12   12    9    2
 0.01034643199303921   12   12    9    6
 0.4073362112353903   12   12    9    9
 -0.01052744803252639   12   12   10    1
 0.01079310760103555   12   12   10    3
 -0.06343616499911045   12   12   10    5
 0.006070772465319615   12   12   10    7
 0.4527795104719228   12   12   10   10
 0.008567651255661855   12   12   11    2
 -0.1031699457705552   12   12   11    6
 0.005911617026987981   12   12   11    9
 0.4515439481609131   12   12   11   11
 -0.02308599215832655   12   12   12    1
 0.03820411280184437   12   12   12    3
 -0.04553162607656829   12   12   12    5
 0.02384841244675796   12   12   12    7
 -0.01642725615384867   12   12   12   10
 0.4843193318843946   12   12   12   12
 0.0253835222147513   13    1    4    2
 -0.005850966386157312   13    1    6    4
 0.0001931860876365637   13    1    8    2
 0.008609467012706725   13    1    8    6
 0.0002979656221847176   13    1    9    4
 0.0113444582270265   13    1    9    8
 0.004268469008565872   13    1   11    4
 -0.006633358128227042   13    1   11    8
 0.03215476730369946   13    1   13    1
 0.05811476756794836   13    2    4    1
 -0.001563344204488479   13    2    4    3
 0.005595493178761493   13    2    5    4
 0.003205875587418434   13    2    7    4
 -0.006528949244954094   13    2    8    1
 0.007552048268338174   13    2    8    3
 -0.02481776783176797   13    2    8    5
 0.001897905087331256   13    2    8    7
 -0.01366715047361241   13    2   10    4
 0.002363945144943791   13    2   10    8
 0.002032717920282578   13    2   12    4
 0.02136440319405251   13    2   12    8
 0.06167633552880192   13    2   13    2
 0.006573283150085442   13    3    4    2
 0.003048021275657938   13    3    6    4
 0.003955041206598072   13    3    8    2
 0.004034983312703232   13    3    8    6
 -0.0007507957131170128   13    3    9    4
 0.002587451579408994   13    3    9    8
 -0.003225533449741227   13    3   11    4
 -0.0004875686812724283   13    3   11    8
 0.01639183483333682   13    3   13    1
 0.01486623271484051   13    3   13    3
 0.0637705864625219   13    4    2    1
 0.01178443000799125   13    4    3    2
 -0.009949446422156304   13    4    5    2
 -0.01198608201038003   13    4    6    1
 0.02051247486631986   13    4    6    3
 -0.03063148764916277   13    4    6    5
 0.002642710414623864   13    4    7    2
 0.009220948747011312   13    4    7    6
 -0.0115294832625101   13    4    9    1
 -0.01737385184837945   13    4    9    3
 -0.01900323077259102   13    4    9    5
 -0.009569928354037478   13    4    9    7
 0.03027692774212525   13    4   10    2
 0.008701979240811491   13    4   10    6
 -0.009889092110647852   13    4   10    9
 0.0002734827067233715   13    4   11    1
 -0.02419298163432962   13    4   11    3
 0.01101707103169208   13    4   11    5
 -0.004380346134183648   13    4   11    7
 -0.04367429026294011   13    4   11   10
 -0.01626285498053823   13    4   12    2
 0.007439779809443737   13    4   12    6
 0.002004201198984065   13    4   12    9
 -0.02297548958535442   13    4   12   11
 0.03646467455504247   13    4   13    4
 -0.003594966933620604   13    5    4    2
 -0.004216746744596006   13    5    6    4
 -0.00686813479942423   13    5    8    2
 -0.004823440173522472   13    5    8    6
 -0.003976478305304246   13    5    9    4
 -0.004915669430295882   13    5    9    8
 0.002746580134346769   13    5   11    4
 -0.000292987403624139   13    5   11    8
 -0.01129026566471825   13    5   13    1
 -0.01099948227189061   13    5   13    3
 0.01727810395657267   13    5   13    5
 -0.0007125394255332039   13    6    4    1
 0.007095134757192917   13    6    4    3
 -0.006219923675911026   13    6    5    4
 0.002075296453980092   13    6    7    4
 0.008525594271350646   13    6    8    1
 0.002445772729251902   13    6    8    3
 -0.007517906142634149   13    6    8    5
 0.004472306473058482   13    6    8    7
 0.001024811853822151   13    6   10    4
 -0.004447393598783341   13    6   10    8
 0.005493777849436543   13    6   12    4
 4.589241904140812e-05   13    6   12    8
 0.01880627383584815   13    6   13    2
 0.02081833704570255   13    6   13    6
 0.003675263836070245   13    7    4    2
 0.001524269474162914   13    7    6    4
 0.002606633359434847   13    7    8    2
 0.003304525084344237   13    7    8    6
 0.0008445911761636062   13    7    9    4
 0.001639882540315115   13    7    9    8
 -0.0006508597988880703   13    7   11    4
 -0.0008699564447997579   13    7   11    8
 0.008169889076833409   13    7   13    1
 0.007366897214813544   13    7   13    3
 -0.008934706523423012   13    7   13    5
 0.006475908786274864   13    7   13    7
 0.01171755687466305   13    8    2    1
 0.009532315349344518   13    8    3    2
 -0.0140409965719829   13    8    5    2
 0.006689672873462674   13    8    6    1
 0.008656097253989626   13    8    6    3
 -0.01886453068784158   13    8    6    5
 0.003141650954310369   13    8    7    2
 0.006556434498994751   13    8    7    6
 0.002162863982431967   13    8    9    1
 -0.005764751756409326   13    8    9    3
 -0.007367405991902632   13    8    9    5
 -0.005944959133310381   13    8    9    7
 0.01625490562407644   13    8   10    2
 0.003028324582637152   13    8   10    6
 -0.006613924620320866   13    8   10    9
 -0.010523124075797   13    8   11    1
 -0.006998252247308489   13    8   11    3
 0.001514359677577016   13    8   11    5
 -0.005584528296403671   13    8   11    7
 -0.02281510441409731   13    8   11   10
 0.002040242485418673   13    8   12    2
 -0.002650492332841495   13    8   12    6
 -0.005580120349398393   13    8   12    9
 -0.006409463533068421   13    8   12   11
 0.01102141246664637   13    8   13    4
 0.01150864013494482   13    8   13    8
 -0.001242499916607983   13    9    4    1
 -0.003890481634415251   13    9    4    3
 -0.003908828920666524   13    9    5    4
 0.0001194547028106821   13    9    7    4
 0.004843002487616943   13    9    8    1
 -0.0003926531939615202   13    9    8    3
 -0.00275086373154251   13    9    8    5
 -0.002938522683829407   13    9    8    7
 0.0005641665892354713   13    9   10    4
 -0.002110985479656076   13    9   10    8
 0.002628466673900861   13    9   12    4
 -9.412097571357893e-05   13    9   12    8
 -0.001261962309745001   13    9   13    2
 0.0008642808696208881   13    9   13    6
 0.007643826739614665   13    9   13    9
 0.006690314652431307   13   10    4    2
 0.001725029766506499   13   10    6    4
 0.004344402590642526   13   10    8    2
 0.002677160342744947   13   10    8    6
 0.001486958959472399   13   10    9    4
 0.003043897727436421   13   10    9    8
 -0.003121126528948653   13   10   11    4
 -0.001777137308386572   13   10   11    8
 0.01636728602688291   13   10   13    1
 0.01246360050623879   13   10   13    3
 -0.01428399508793941   13   10   13    5
 0.00715558355052498   13   10   13    7
 0.02430044256061393   13   10   13   10
 -0.002188116475833519   13   11    4    1
 -0.007470091614547624   13   11    4    3
 0.003527587113364036   13   11    5    4
 -0.0008606685945320618   13   11    7    4
 -0.006561949886216871   13   11    8    1
 -0.0009537327572368389   13   11    8    3
 0.004143431800622781   13   11    8    5
 -0.003644288974252115   13   11    8    7
 -0.00254326607546577   13   11   10    4
 0.001252619701392554   13   11   10    8
 -0.005136402462444115   13   11   12    4
 -0.0005399400159597366   13   11   12    8
 -0.02313116961141571   13   11   13    2
 -0.01601587723827439   13   11   13    6
 0.003773395159637081   13   11   13    9
 0.02119498337295666   13   11   13   11
 -0.001825816377992349   13   12    4    2
 0.003094168522583733   13   12    6    4
 0.003121360611271278   13   12    8    2
 -0.0001069390485785714   13   12    8    6
 0.0002670359032533176   13   12    9    4
 -0.001691269932946991   13   12    9    8
 -0.00334701059041256   13   12   11    4
 0.001042549062041144   13   12   11    8
 0.00296232248532559   13   12   13    1
 0.006670100332963324   13   12   13    3
 -0.003075151034154596   13   12   13    5
 0.004988509543437655   13   12   13    7
 -0.0006408311671201807   13   12   13   10
 0.01284427088643494   13   12   13   12
 0.5254094532538126   13   13    1    1
 0.5294345597207933   13   13    2    2
 0.06258593884940782   13   13    3    1
 0.4601010956307539   13   13    3    3
 0.4774934006885855   13   13    4    4
 0.03265784732484811   13   13    5    1
 -0.0001850912975034504   13   13    5    3
 0.385260186837953   13   13    5    5
 -0.0117619786971327   13   13    6    2
 0.3915625645985577   13   13    6    6
 0.002678300161633631   13   13    7    1
 -0.04071264066662495   13   13    7    3
 -0.07013706359269656   13   13    7    5
 0.3782906002651087   13   13    7    7
 -0.05471384161575426   13   13    8    4
 0.399416169036427   13   13    8    8
 -0.06932026334771384   13   13    9    2
 0.01116466940603917   13   13    9    6
 0.3957293575764103   13   13    9    9
 0.01902021929950951   13   13   10    1
 0.03180161206228285   13   13   10    3
 -0.0718805185562187   13   13   10    5
 0.02053430478462806   13   13   10    7
 0.5063302914071549   13   13   10   10
 -0.04221634836578181   13   13   11    2
 -0.0966031214667341   13   13   11    6
 0.03587514234121449   13   13   11    9
 0.4714774629001992   13   13   11   11
 -0.01508802895636764   13   13   12    1
 0.05046504093196934   13   13   12    3
 -0.02792508520257055   13   13   12    5
 0.04294212333035081   13   13   12    7
 -0.02649000957706012   13   13   12   10
 0.4673092139340707   13   13   12   12
 0.5642971252392397   13   13   13   13
 -0.07858429804676938   14    1    1    1
 -0.0573474586509042   14    1    2    2
 -0.001475585176293435   14    1    3    1
 -0.08590581675283768   14    1    3    3
 -0.05459226185032857   14    1    4    4
 -0.02592667690696414   14    1    5    1
 -0.01621851422794557   14    1    5    3
 -0.02297113021353853   14    1    5    5
 0.02274075659654825   14    1    6    2
 -0.02664118035703397   14    1    6    6
 0.002446078739596277   14    1    7    1
 0.05098752622153253   14    1    7    3
 0.02390346953097701   14    1    7    5
 -0.05735133007706535   14    1    7    7
 0.05351856576601213   14    1    8    4
 -0.03745054180270852   14    1    8    8
 0.03872884359272465   14    1    9    2
 -0.01047068897350394   14    1    9    6
 -0.02031069434201333   14    1    9    9
 0.01429957059474867   14    1   10    1
 -0.001313039454585002   14    1   10    3
 0.01293601161062859   14    1   10    5
 -0.005506493482095262   14    1   10    7
 -0.02985118217897042   14    1   10   10
 -0.0194599892762305   14    1   11    2
 0.02965173270810342   14    1   11    6
 0.005536890955472198   14    1   11    9
 -0.05331539762266629   14    1   11   11
 0.01950487429671508   14    1   12    1
 -0.01427074141980039   14    1   12    3
 0.01808393346646167   14    1   12    5
 -0.005796210635571105   14    1   12    7
 -0.01274522111508595   14    1   12   10
 -0.04293822130111814   14    1   12   12
 -0.01809109848693685   14    1   13   13
 0.0486833298436696   14    1   14    1
 -0.002629314961790702   14    2    2    1
 -0.00636840145715254   14    2    3    2
 -0.00788255802785816   14    2    5    2
 0.0002643164907217404   14    2    6    1
 -0.001393563383357382   14    2    6    3
 0.002568364232160917   14    2    6    5
 -0.004463461994077955   14    2    7    2
 -0.000513073894705335   14    2    7    6
 0.01852890618344234   14    2    9    1
 0.0004519062761924397   14    2    9    3
 -0.01088437896158513   14    2    9    5
 -0.007707830139039194   14    2    9    7
 0.003993567230657048   14    2   10    2
 -0.004183703744226422   14    2   10    6
 0.007503391950382518   14    2   10    9
 -7.557411598380377e-05   14    2   11    1
 0.009913181076702891   14    2   11    3
 -0.004092050184809758   14    2   11    5
 0.003010163964131229   14    2   11    7
 0.009491707195520126   14    2   11   10
 -0.007687699006132092   14    2   12    2
 -0.01302180788109414   14    2   12    6
 0.001325819535235745   14    2   12    9
 0.01524228147383028   14    2   12   11
 0.005994109861667017   14    2   13    4
 0.005472378144412611   14    2   13    8
 0.0290194341717931   14    2   14    2
 0.01779351707647238   14    3    1    1
 0.008947917010947702   14    3    2    2
 -0.06251482383755354   14    3    3    1
 0.06202301642838102   14    3    3    3
 0.03821231180614196   14    3    4    4
 -0.001641781739685903   14    3    5    1
 0.008565940331452368   14    3    5    3
 -0.01071864374489754   14    3    5    5
 -0.02676234661840682   14    3    6    2
 -0.0005745184464823229   14    3    6    6
 0.02500737141535493   14    3    7    1
 -0.04157456327197585   14    3    7    3
 0.01044849919072361   14    3    7    5
 0.03997821325533237   14    3    7    7
 -0.02689129595559135   14    3    8    4
 0.02890362101880986   14    3    8    8
 0.006276237309358301   14    3    9    2
 0.005344150753311175   14    3    9    6
 0.006053507742563962   14    3    9    9
 -0.009211734059266606   14    3   10    1
 0.002441286993950643   14    3   10    3
 0.003427855783136498   14    3   10    5
 -0.01237530631734148   14    3   10    7
 -0.02500705873583214   14    3   10   10
 0.0384010590060364   14    3   11    2
 -0.01030190531134848   14    3   11    6
 -0.02275872467714951   14    3   11    9
 -0.003640379306818347   14    3   11   11
 -0.01785229112000361   14    3   12    1
 -0.009726623615719861   14    3   12    3
 -0.001475357632427072   14    3   12    5
 -0.02420344592287225   14    3   12    7
 0.002798798791612652   14    3   12   10
 -0.002916830448123585   14    3   12   12
 -0.01906295186017088   14    3   13   13
 -0.009182734171376291   14    3   14    1
 0.04895398721085351   14    3   14    3
 0.03336057851880666   14    4    4    1
 -0.001972850052460291   14    4    4    3
 0.0001610769292981937   14    4    5    4
 -0.0005378533939760775   14    4    7    4
 0.01103822282578275   14    4    8    1
 -0.002248996471564141   14    4    8    3
 -0.01553266676593482   14    4    8    5
 0.0001835588426152206   14    4    8    7
 -0.01128744990138316   14    4   10    4
 -0.006956724735219268   14    4   10    8
 0.01795601031860448   14    4   12    4
 0.01528504986710162   14    4   12    8
 0.0256628142476042   14    4   13    2
 0.005393808550008604   14    4   13    6
 0.006318156733753253   14    4   13    9
 -0.005072759292140398   14    4   13   11
 0.04122435785251927   14    4   14    4
 -0.04845461034416389   14    5    1    1
 -0.04048284752739865   14    5    2    2
 -0.0043667049290927   14    5    3    1
 -0.03319124259738938   14    5    3    3
 -0.04217657169908044   14    5    4    4
 -0.01538579278013495   14    5    5    1
 -0.01258671909982184   14    5    5    3
 -0.01273435856688946   14    5    5    5
 0.01822826626341055   14    5    6    2
 -0.006916283838723609   14    5    6    6
 0.0107009966483171   14    5    7    1
 0.01832983455697616   14    5    7    3
 0.006249999712145688   14    5    7    5
 -0.02588926954228445   14    5    7    7
 0.01650578751537442   14    5    8    4
 -0.03350012654555138   14    5    8    8
 0.005205588123959286   14    5    9    2
 -0.006910493158674712   14    5    9    6
 -0.0289737922919727   14    5    9    9
 0.006831636481322628   14    5   10    1
 0.003364543914918942   14    5   10    3
 0.01030991217573538   14    5   10    5
 -0.00237773626270266   14    5   10    7
 -0.01539944936368233   14    5   10   10
 -0.01364512783533969   14    5   11    2
 0.01246064751528879   14    5   11    6
 0.009644603291949352   14    5   11    9
 -0.01322899231848199   14    5   11   11
 0.01626334069308137   14    5   12    1
 0.004283703329090251   14    5   12    3
 0.002813693660038575   14    5   12    5
 0.0007372825121863229   14    5   12    7
 0.005956858746344001   14    5   12   10
 -0.02269494141913219   14    5   12   12
 -0.01960787612328687   14    5   13   13
 0.004146442111831507   14    5   14    1
 -0.001239502669668794   14    5   14    3
 0.01530573898329198   14    5   14    5
 -0.005456781691677359   14    6    2    1
 -0.01045579775899377   14    6    3    2
 0.01219911257339718   14    6    5    2
 -0.008308478148822452   14    6    6    1
 -0.007616591125890004   14    6    6    3
 0.01960188686867328   14    6    6    5
 -0.002307186078191556   14    6    7    2
 -0.007739684345560593   14    6    7    6
 -0.001100139741234793   14    6    9    1
 0.007555679906567261   14    6    9    3
 0.0006074184888286877   14    6    9    5
 0.005068740269479025   14    6    9    7
 -0.01386766949324401   14    6   10    2
 -0.001138670400264057   14    6   10    6
 0.008177123030406378   14    6   10    9
 0.01318036199723782   14    6   11    1
 0.005369624100533465   14    6   11    3
 8.991387551953527e-05   14    6   11    5
 0.008930536492885577   14    6   11    7
 0.02315520605201901   14    6   11   10
 -0.009016601177069612   14    6   12    2
 0.0001705263175879606   14    6   12    6
 0.007064856621314571   14    6   12    9
 0.0100597468129465   14    6   12   11
 -0.005590148458714291   14    6   13    4
 -0.005565590633521756   14    6   13    8
 5.474725898241048e-05   14    6   14    2
 0.01385599426244936   14    6   14    6
 -0.0297228095302197   14    7    1    1
 -0.03221406622026529   14    7    2    2
 0.04182213094166641   14    7    3    1
 -0.06326476708770823   14    7    3    3
 -0.0365834199871498   14    7    4    4
 0.005719576554609624   14    7    5    1
 0.0003880834244581258   14    7    5    3
 -0.007474761340901847   14    7    5    5
 0.01361552139255454   14    7    6    2
 -0.02091329597690178   14    7    6    6
 -0.02320242307727161   14    7    7    1
 0.03026588416632716   14    7    7    3
 -0.0007206890444561421   14    7    7    5
 -0.0338317248957305   14    7    7    7
 0.02126358244748645   14    7    8    4
 -0.02513341597698555   14    7    8    8
 0.002229783570875081   14    7    9    2
 0.0007771884931319468   14    7    9    6
 -0.02171904298703685   14    7    9    9
 -0.003707459961314839   14    7   10    1
 -0.01168525419216451   14    7   10    3
 0.003826867001519888   14    7   10    5
 0.004020589299440304   14    7   10    7
 -0.01531752866596976   14    7   10   10
 -0.01325897912075832   14    7   11    2
 0.01816514539806051   14    7   11    6
 0.004288424842224458   14    7   11    9
 -0.03257295965662513   14    7   11   11
 0.007596578673524495   14    7   12    1
 -0.003643425676481184   14    7   12    3
 0.004596697691159691   14    7   12    5
 0.01142534412932   14    7   12    7
 -0.004703220028628501   14    7   12   10
 -0.02393200713392107   14    7   12   12
 -0.01308990329596992   14    7   13   13
 0.01313464870171917   14    7   14    1
 -0.02517149905685945   14    7   14    3
 -0.004131491451334939   14    7   14    5
 0.03030541501129279   14    7   14    7
 0.05153712826830653   14    8    4    1
 -0.01334777989261525   14    8    4    3
 0.004934259282071742   14    8    5    4
 0.004889393284508937   14    8    7    4
 -0.007069732707230591   14    8    8    1
 0.007675376254859998   14    8    8    3
 -0.02263264453925021   14    8    8    5
 -0.004454381451501448   14    8    8    7
 -0.01890471060233394   14    8   10    4
 -0.0006419640794263398   14    8   10    8
 0.004801158153612301   14    8   12    4
 0.02653970778272369   14    8   12    8
 0.02738769869267373   14    8   13    2
 0.004489538002918245   14    8   13    6
 0.004372391538521245   14    8   13    9
 -0.00279871562665085   14    8   13   11
 0.02437946800644119   14    8   14    4
 0.03578834516320725   14    8   14    8
 0.06466640078435158   14    9    2    1
 0.01167422242909969   14    9    3    2
 -0.01613657606484976   14    9    5    2
 -0.01048556503421838   14    9    6    1
 0.02386177536821252   14    9    6    3
 -0.03314541873203211   14    9    6    5
 0.001990826433160866   14    9    7    2
 0.01055235927598088   14    9    7    6
 -0.009351788895285089   14    9    9    1
 -0.02229203879514621   14    9    9    3
 -0.02367462889195299   14    9    9    5
 -0.01601236771238171   14    9    9    7
 0.03929494644259873   14    9   10    2
 0.01128049005626925   14    9   10    6
 -0.013216679141145   14    9   10    9
 -0.004366098658211646   14    9   11    1
 -0.02854904920188982   14    9   11    3
 0.0134808621361773   14    9   11    5
 -0.005325683501712784   14    9   11    7
 -0.05461418112907122   14    9   11   10
 -0.01574727312030446   14    9   12    2
 0.006042131577794322   14    9   12    6
 -0.0002761771411682372   14    9   12    9
 -0.02688895836956147   14    9   12   11
 0.03018557362560557   14    9   13    4
 0.01169080792539615   14    9   13    8
 0.003368141129850435   14    9   14    2
 -0.007811549907924475   14    9   14    6
 0.03986079025743587   14    9   14    9
 0.01169883031241926   14   10    1    1
 0.009366988885972522   14   10    2    2
 -0.01719221836306361   14   10    3    1
 0.0135403700186307   14   10    3    3
 0.0109240899094763   14   10    4    4
 0.006480735893823668   14   10    5    1
 0.009683949655015588   14   10    5    3
 -0.0005915849715455394   14   10    5    5
 -0.01733609360790644   14   10    6    2
 -0.0002691545778112862   14   10    6    6
 -0.00450472129361266   14   10    7    1
 -0.01939016888874973   14   10    7    3
 0.00444505496915243   14   10    7    5
 0.01177522710307034   14   10    7    7
 -0.017629456721062   14   10    8    4
 0.006306884865113035   14   10    8    8
 0.008490673554669634   14   10    9    2
 0.006391515633351676   14   10    9    6
 0.008046762911061333   14   10    9    9
 -0.005711528676110721   14   10   10    1
 -0.004941820838378916   14   10   10    3
 -0.001472443843872219   14   10   10    5
 -0.0002697427181302842   14   10   10    7
 -0.02022877473141914   14   10   10   10
 0.0256043487915316   14   10   11    2
 0.0008655126984048932   14   10   11    6
 -0.01981118990811132   14   10   11    9
 -0.01476923569821217   14   10   11   11
 -0.02103519776837088   14   10   12    1
 -0.01249398311210759   14   10   12    3
 0.004158133099570084   14   10   12    5
 -0.01028450412506011   14   10   12    7
 -0.006237711734047306   14   10   12   10
 -0.003339894953581731   14   10   12   12
 -0.01463128269282879   14   10   13   13
 -0.001936965885212776   14   10   14    1
 0.01238714864530883   14   10   14    3
 -0.01041171261225047   14   10   14    5
 -0.003566223533521538   14   10   14    7
 0.02468773963684549   14   10   14   10
 0.004192052026141477   14   11    2    1
 0.02161119582398484   14   11    3    2
 -0.009715834920216581   14   11    5    2
 0.01359052263126146   14   11    6    1
 0.002844095188493042   14   11    6    3
 -0.008754278756798631   14   11    6    5
 0.002949253935555766   14   11    7    2
 0.01024526671454415   14   11    7    6
 -0.006569029654066759   14   11    9    1
 -0.01058159288194426   14   11    9    3
 0.006116650753582883   14   11    9    5
 -0.000847322703610005   14   11    9    7
 0.02292980926154597   14   11   10    2
 0.010452838014178   14   11   10    6
 -0.01766777358290232   14   11   10    9
 -0.02521633128485853   14   11   11    1
 -0.01062943178960841   14   11   11    3
 0.009855865707604966   14   11   11    5
 -0.01362703466651241   14   11   11    7
 -0.03348527561133809   14   11   11   10
 0.01775068055908657   14   11   12    2
 0.006026838675141527   14   11   12    6
 -0.01322416435241293   14   11   12    9
 -0.01105445847888304   14   11   12   11
 0.004446128705248947   14   11   13    4
 0.005809549022949811   14   11   13    8
 -0.007950192595517311   14   11   14    2
 -0.01304359828988174   14   11   14    6
 0.008316574184206574   14   11   14    9
 0.02705231076447303   14   11   14   11
 0.03489308512631226   14   12    1    1
 0.007158300315114464   14   12    2    2
 -0.03024746806155027   14   12    3    1
 0.03687761692840848   14   12    3    3
 0.06211710521589318   14   12    4    4
 0.0208308491101688   14   12    5    1
 0.01881502100212876   14   12    5    3
 -0.01041933164120369   14   12    5    5
 -0.03508440231995015   14   12    6    2
 -0.009271992057369609   14   12    6    6
 -0.002434155474612555   14   12    7    1
 -0.03414538202734718   14   12    7    3
 0.003008702289294874   14   12    7    5
 0.03026967479755703   14   12    7    7
 -0.02732366821050092   14   12    8    4
 0.04658856618376532   14   12    8    8
 -0.001992670369650765   14   12    9    2
 0.00838472838463963   14   12    9    6
 0.005983911114068252   14   12    9    9
 -0.02737024988308211   14   12   10    1
 -0.011026225490442   14   12   10    3
 0.004335405885354106   14   12   10    5
 -0.007152973898804394   14   12   10    7
 -0.04041956892497345   14   12   10   10
 0.04668488123084144   14   12   11    2
 -0.004785901568190073   14   12   11    6
 -0.02816648177682529   14   12   11    9
 -0.01777804176211608   14   12   11   11
 -0.02017290313576505   14   12   12    1
 -0.01407520944994147   14   12   12    3
 -0.009081151620404834   14   12   12    5
 -0.01518149593585668   14   12   12    7
 0.00856128599083999   14   12   12   10
 -0.008438772408322621   14   12   12   12
 -0.02902084953719674   14   12   13   13
 -0.00438321603307209   14   12   14    1
 0.02164471055455301   14   12   14    3
 -0.00818073145182836   14   12   14    5
 -0.001409218281123365   14   12   14    7
 0.006785977597924986   14   12   14   10
 0.04165973604826178   14   12   14   12
 0.01051452143757152   14   13    4    2
 -0.002356836377680033   14   13    6    4
 0.003774320599098823   14   13    8    2
 0.002011268942868089   14   13    8    6
 0.005565310293481109   14   13    9    4
 0.008220609532563226   14   13    9    8
 0.001355856422501304   14   13   11    4
 -0.001071014904467013   14   13   11    8
 0.01161123335057461   14   13   13    1
 0.002303493488397365   14   13   13    3
 -0.003784805413365885   14   13   13    5
 0.000816562058432365   14   13   13    7
 0.004647267760411704   14   13   13   10
 -0.005720027038956055   14   13   13   12
 0.016100418480909   14   13   14   13
 0.5625493160861351   14   14    1    1
 0.529623277284628   14   14    2    2
 0.0003997086190605175   14   14    3    1
 0.5308429284276744   14   14    3    3
 0.5470124020352413   14   14    4    4
 0.05245614611491761   14   14    5    1
 0.02912723810215574   14   14    5    3
 0.3635131909429097   14   14    5    5
 -0.06263112028838923   14   14    6    2
 0.3708000663385462   14   14    6    6
 0.005971506727503878   14   14    7    1
 -0.09039381565405742   14   14    7    3
 -0.05616687866340779   14   14    7    5
 0.433830443562082   14   14    7    7
 -0.08869925863440689   14   14    8    4
 0.4520702700894074   14   14    8    8
 -0.06135570507146905   14   14    9    2
 0.011945396141461   14   14    9    6
 0.4160259981316723   14   14    9    9
 -0.01262013686564683   14   14   10    1
 0.01788585164189565   14   14   10    3
 -0.06620404293615162   14   14   10    5
 0.006100314667032831   14   14   10    7
 0.4485538647594637   14   14   10   10
 0.01772772686123417   14   14   11    2
 -0.1060227348678242   14   14   11    6
 0.001092436833466467   14   14   11    9
 0.4482962803693581   14   14   11   11
 -0.0338945817689975   14   14   12    1
 0.03057955198942968   14   14   12    3
 -0.04178330366407292   14   14   12    5
 0.0155226758590357   14   14   12    7
 -0.01512720987267744   14   14   12   10
 0.4682740415032114   14   14   12   12
 0.4701892948693033   14   14   13   13
 -0.03109001289621146   14   14   14    1
 0.01314029250116772   14   14   14    3
 -0.02645363572083992   14   14   14    5
 -0.02933074567829404   14   14   14    7
 -0.003920728921702709   14   14   14   10
 0.009467163401585283   14   14   14   12
 0.4937008285795055   14   14   14   14
 0.01112213133678654   15    1    4    1
 0.02100906487802038   15    1    4    3
 0.002517963100706704   15    1    5    4
 -0.003047724932401346   15    1    7    4
 0.003167003684907306   15    1    8    1
 -0.001465408345315887   15    1    8    3
 -0.007727805643797476   15    1    8    5
 0.01209189856303094   15    1    8    7
 -0.002008497054838373   15    1   10    4
 -0.001920061106908252   15    1   10    8
 0.001673403547840313   15    1   12    4
 0.001256748752950973   15    1   12    8
 0.03022104590093808   15    1   13    2
 0.01374633752261107   15    1   13    6
 -0.004422572095404286   15    1   13    9
 -0.01739557442752151   15    1   13   11
 0.008408566394256084   15    1   14    4
 0.00432756474682184   15    1   14    8
 0.02808399127372731   15    1   15    1
 0.01402084124849706   15    2    4    2
 0.002200320934166241   15    2    6    4
 0.005318174099420549   15    2    8    2
 0.006411310993936178   15    2    8    6
 -6.745878897582412e-05   15    2    9    4
 0.005510477588469321   15    2    9    8
 -0.003119653082559104   15    2   11    4
 -0.001950651815361972   15    2   11    8
 0.02794747140734657   15    2   13    1
 0.0209308504623808   15    2   13    3
 -0.0170460515308936   15    2   13    5
 0.0101841642422101   15    2   13    7
 0.02291346570079322   15    2   13   10
 0.004629183752179175   15    2   13   12
 0.008253258805331058   15    2   14   13
 0.03340087470953002   15    2   15    2
 0.05250825476388515   15    3    4    1
 -0.01452640267333923   15    3    4    3
 0.004914622021851304   15    3    5    4
 0.005521069770016882   15    3    7    4
 -0.008922970621483164   15    3    8    1
 0.008790022216966965   15    3    8    3
 -0.01962856230509688   15    3    8    5
 -0.006337027531319761   15    3    8    7
 -0.01505397722558141   15    3   10    4
 0.003643868956217633   15    3   10    8
 0.006129177986759088   15    3   12    4
 0.02205089143591919   15    3   12    8
 0.03887030528760339   15    3   13    2
 0.01198772313720857   15    3   13    6
 -0.001882033708471676   15    3   13    9
 -0.01417056117236152   15    3   13   11
 0.01669877138822609   15    3   14    4
 0.02407780508585074   15    3   14    8
 0.01329266863328574   15    3   15    1
 0.03665724769743446   15    3   15    3
 0.004156045969936092   15    4    1    1
 0.01613785437605545   15    4    2    2
 0.05460663364443597   15    4    3    1
 -0.02889127076227764   15    4    3    3
 -0.02920427614063303   15    4    4    4
 0.00155367694509867   15    4    5    1
 -0.008865064842348848   15    4    5    3
 0.01970204031348301   15    4    5    5
 0.02212769871746132   15    4    6    2
 0.01369889522682241   15    4    6    6
 -0.01008558149590862   15    4    7    1
 0.01825577689586464   15    4    7    3
 -0.01740918927582774   15    4    7    5
 -0.02166584499047213   15    4    7    7
 0.01497576339550565   15    4    8    4
 -0.0240492872332742   15    4    8    8
 -0.01364322219311707   15    4    9    2
 0.002608836510136576   15    4    9    6
 -0.003772632988184206   15    4    9    9
 0.009449434234778595   15    4   10    1
 0.0001944536217769388   15    4   10    3
 -0.005428538053160975   15    4   10    5
 0.009308826211971157   15    4   10    7
 0.04063894902080026   15    4   10   10
 -0.03030836012692489   15    4   11    2
 0.00173241806521167   15    4   11    6
 0.01905558066324656   15    4   11    9
 0.02032176395753107   15    4   11   11
 0.008039803828635851   15    4   12    1
 0.02035906781439693   15    4   12    3
 0.005086357771977781   15    4   12    5
 0.02491412120030434   15    4   12    7
 -0.009338416498966131   15    4   12   10
 0.01336597668029723   15    4   12   12
 0.05132215840893365   15    4   13   13
 0.001921729643195646   15    4   14    1
 -0.02131967284683793   15    4   14    3
 1.693119679742459e-06   15    4   14    5
 0.01406376100307064   15    4   14    7
 -0.00705673222929524   15    4   14   10
 -0.02104583088104423   15    4   14   12
 0.004386178584687887   15    4   14   14
 0.03559619226429744   15    4   15    4
 -0.001657903407692034   15    5    4    1
 -0.001956775941561249   15    5    4    3
 0.004195364162081714   15    5    5    4
 -0.003747816376661109   15    5    7    4
 -0.003796523796926291   15    5    8    1
 -0.004275507449652717   15    5    8    3
 0.004603987837321422   15    5    8    5
 -0.003312223954770175   15    5    8    7
 -0.001527188002710202   15    5   10    4
 0.001361539643123943   15    5   10    8
 -0.0006679637755708055   15    5   12    4
 0.0003576792544487669   15    5   12    8
 -0.01749642140263947   15    5   13    2
 -0.01593163466624518   15    5   13    6
 -0.001425584485029628   15    5   13    9
 0.01266174780220781   15    5   13   11
 -0.003414323399011153   15    5   14    4
 -0.002908288705727879   15    5   14    8
 -0.009767838780564593   15    5   15    1
 -0.009199130372978221   15    5   15    3
 0.01487509070052533   15    5   15    5
 0.007965239937807284   15    6    4    2
 0.001301423349364653   15    6    6    4
 0.004136779662588203   15    6    8    2
 0.005775714038075968   15    6    8    6
 0.002545891440587857   15    6    9    4
 0.005654610767452794   15    6    9    8
 -0.0003328437134237421   15    6   11    4
 -0.002143852298449364   15    6   11    8
 0.0142333819841832   15    6   13    1
 0.01151831637040348   15    6   13    3
 -0.01612061370840183   15    6   13    5
 0.009535293920385907   15    6   13    7
 0.01374701628377079   15    6   13   10
 0.00480886577222548   15    6   13   12
 0.002234529284099441   15    6   14   13
 0.01727696362365813   15    6   15    2
 0.01717728793776463   15    6   15    6
 0.0001966338403567255   15    7    4    1
 0.004597896672410596   15    7    4    3
 -0.005070759897090218   15    7    5    4
 -0.0025827270846115   15    7    7    4
 0.009147610357903013   15    7    8    1
 -0.002904666846465808   15    7    8    3
 -0.006448653220481135   15    7    8    5
 -0.0002446090516424251   15    7    8    7
 0.001470280064481978   15    7   10    4
 -0.003706215919274408   15    7   10    8
 0.007702532137804713   15    7   12    4
 0.003378425233574858   15    7   12    8
 0.01269105382210071   15    7   13    2
 0.01127648091461761   15    7   13    6
 0.0006466814370569974   15    7   13    9
 -0.01004475378530039   15    7   13   11
 0.008473833109424954   15    7   14    4
 0.00359885594901328   15    7   14    8
 0.008543242140758271   15    7   15    1
 0.008096449262827193   15    7   15    3
 -0.007842035923766356   15    7   15    5
 0.01058906218662404   15    7   15    7
 0.03536529368322078   15    8    1    1
 0.03663650245403029   15    8    2    2
 0.00260289535995943   15    8    3    1
 0.03275178687995017   15    8    3    3
 0.02959517770181988   15    8    4    4
 0.003090452775670278   15    8    5    1
 -0.004161820928086181   15    8    5    3
 0.02100608061766272   15    8    5    5
 -0.0001838809157889251   15    8    6    2
 0.02606899212081078   15    8    6    6
 0.00803083937682513   15    8    7    1
 -0.01522639132505179   15    8    7    3
 -0.01324444188518861   15    8    7    5
 0.01590978682646234   15    8    7    7
 -0.02314107972821755   15    8    8    4
 0.01355114737224649   15    8    8    8
 -0.01254060111144861   15    8    9    2
 0.005004383434185658   15    8    9    6
 0.01160142816871103   15    8    9    9
 0.001164390725765945   15    8   10    1
 0.006551306450607228   15    8   10    3
 -0.006937193080741448   15    8   10    5
 0.002337895015490077   15    8   10    7
 0.03515950961891027   15    8   10   10
 -0.001222274174333274   15    8   11    2
 -0.01282007134317347   15    8   11    6
 0.004065907812375624   15    8   11    9
 0.03558954626131732   15    8   11   11
 -0.00701806341921995   15    8   12    1
 0.0136808151577787   15    8   12    3
 -0.001217542746453429   15    8   12    5
 0.008671577687400183   15    8   12    7
 -0.001674889015467626   15    8   12   10
 0.02700578075807763   15    8   12   12
 0.04239357345587177   15    8   13   13
 -0.009916867023075685   15    8   14    1
 0.004782993459084043   15    8   14    3
 -0.0003974921980296224   15    8   14    5
 -0.006955917262381572   15    8   14    7
 0.0007702222856560246   15    8   14   10
 -0.006208509354528216   15    8   14   12
 0.02502560531018086   15    8   14   14
 0.007511848421865073   15    8   15    4
 0.0155555370864159   15    8   15    8
 -0.00435777119106161   15    9    4    2
 0.001491185198998336   15    9    6    4
 -0.0004893012259163986   15    9    8    2
 0.0001953018834061057   15    9    8    6
 -0.0007887370902629839   15    9    9    4
 -0.003135680600091101   15    9    9    8
 0.0005690374122469732   15    9   11    4
 0.001450441835501038   15    9   11    8
 -0.006253756461878794   15    9   13    1
 -0.004067052733211305   15    9   13    3
 0.0001922637952311186   15    9   13    5
 -0.001326197232499804   15    9   13    7
 -0.003412685392654114   15    9   13   10
 -0.004351546981769239   15    9   13   12
 0.002042568414020751   15    9   14   13
 -0.005008919263698762   15    9   15    2
 -0.002186628742889862   15    9   15    6
 0.006003868888044192   15    9   15    9
 0.01377558373975742   15   10    4    1
 -0.002776096393393712   15   10    4    3
 -0.002464887601205472   15   10    5    4
 0.003113740366287641   15   10    7    4
 0.0009103604135628963   15   10    8    1
 0.004277303831539707   15   10    8    3
 -0.00782068708880315   15   10    8    5
 -0.001107680941985303   15   10    8    7
 0.000605686839262421   15   10   10    4
 0.001586667751524255   15   10   10    8
 5.890648630909677e-06   15   10   12    4
 0.004372216726310618   15   10   12    8
 0.02888841257793952   15   10   13    2
 0.01433083867208676   15   10   13    6
 -0.0009208869576012986   15   10   13    9
 -0.019288948349128   15   10   13   11
 0.007383043015829188   15   10   14    4
 0.008406655088774587   15   10   14    8
 0.0131745115138643   15   10   15    1
 0.01632285156050442   15   10   15    3
 -0.0144287419956978   15   10   15    5
 0.00774732495612711   15   10   15    7
 0.0259343233708574   15   10   15   10
 -0.01003356791938741   15   11    4    2
 -0.0003340169057793276   15   11    6    4
 -0.002399753630436122   15   11    8    2
 -0.004990084320268675   15   11    8    6
 0.0003323904835554311   15   11    9    4
 -0.003294965412994558   15   11    9    8
 0.0008639697509330222   15   11   11    4
 0.003346953891392109   15   11   11    8
 -0.01887116651469878   15   11   13    1
 -0.01439597559403106   15   11   13    3
 0.0135296612702438   15   11   13    5
 -0.009331518376185803   15   11   13    7
 -0.01970578443642214   15   11   13   10
 -0.005989089127178221   15   11   13   12
 -0.001345016849019799   15   11   14   13
 -0.02253221961363456   15   11   15    2
 -0.01515594852490303   15   11   15    6
 0.005349892549306643   15   11   15    9
 0.02118087121374215   15   11   15   11
 -0.001601315524079033   15   12    4    1
 0.00996223814039952   15   12    4    3
 0.001630550679698858   15   12    5    4
 0.004255901229073925   15   12    7    4
 -0.001171322542713784   15   12    8    1
 0.004919240171594678   15   12    8    3
 0.001418814478499526   15   12    8    5
 0.00821635328277316   15   12    8    7
 -0.002107822254849726   15   12   10    4
 -0.001718591458514127   15   12   10    8
 -0.000787283915174532   15   12   12    4
 -0.001543222235592925   15   12   12    8
 0.00453943060539829   15   12   13    2
 0.006568087063037228   15   12   13    6
 -0.00632568266110496   15   12   13    9
 -0.007333351133891801   15   12   13   11
 -0.005184069810704746   15   12   14    4
 -0.003161659363184981   15   12   14    8
 0.01014508773608052   15   12   15    1
 0.003863418008942095   15   12   15    3
 -0.003731534064256161   15   12   15    5
 0.002995810408761472   15   12   15    7
 -0.0009687707788653444   15   12   15   10
 0.01768417511744313   15   12   15   12
 0.1129274497119757   15   13    2    1
 0.05288166051817369   15   13    3    2
 -0.04787509629593004   15   13    5    2
 0.007393066718322581   15   13    6    1
 0.04635574683396631   15   13    6    3
 -0.09090109916718833   15   13    6    5
 0.01405683377536732   15   13    7    2
 0.03118087606822911   15   13    7    6
 -0.02465519212196005   15   13    9    1
 -0.03742162147047032   15   13    9    3
 -0.03191818069669503   15   13    9    5
 -0.01977184851220305   15   13    9    7
 0.09515620522810703   15   13   10    2
 0.0307835478249006   15   13   10    6
 -0.03743383323573487   15   13   10    9
 -0.03692153674090727   15   13   11    1
 -0.05667670492143659   15   13   11    3
 0.02665945517728956   15   13   11    5
 -0.02853896321269891   15   13   11    7
 -0.1348011678594724   15   13   11   10
 -0.01535482660027308   15   13   12    2
 0.009725807617590367   15   13   12    6
 -0.01903269021424249   15   13   12    9
 -0.05082380455850945   15   13   12   11
 0.06818810466622077   15   13   13    4
 0.03811292739958185   15   13   13    8
 0.004227593978265214   15   13   14    2
 -0.02320675577882013   15   13   14    6
 0.06275156367568224   15   13   14    9
 0.02939261415912368   15   13   14   11
 0.1975528636452681   15   13   15   13
 0.00192394102354364   15   14    4    1
 2.106195673105272e-05   15   14    4    3
 0.0004416956396691783   15   14    5    4
 0.002372757519499772   15   14    7    4
 -0.00262071057290481   15   14    8    1
 0.003386349815948997   15   14    8    3
 0.0003577239832165465   15   14    8    5
 -0.0001723825704496119   15   14    8    7
 0.0005247591846554622   15   14   10    4
 0.001733054703385328   15   14   10    8
 -0.005123716785174279   15   14   12    4
 -0.002436969631984014   15   14   12    8
 0.004465555910419083   15   14   13    2
 -0.001153935931496424   15   14   13    6
 0.003407684042933039   15   14   13    9
 0.001688970180543421   15   14   13   11
 -0.002027855145788157   15   14   14    4
 7.476873288822388e-05   15   14   14    8
 0.002768857669772239   15   14   15    1
 -0.0006215424544153087   15   14   15    3
 -0.0009174965093719744   15   14   15    5
 -0.002420214395964904   15   14   15    7
 0.001554058475419238   15   14   15   10
 -0.003427125896266957   15   14   15   12
 0.01062498909329775   15   14   15   14
 0.5152335352888857   15   15    1    1
 0.5106493416712267   15   15    2    2
 0.04626406423068507   15   15    3    1
 0.4695928337417912   15   15    3    3
 0.4774824165790726   15   15    4    4
 0.03090870735544825   15   15    5    1
 0.004019024215362236   15   15    5    3
 0.3757864937212269   15   15    5    5
 -0.01422638821231387   15   15    6    2
 0.3819974134300567   15   15    6    6
 0.005383215995738161   15   15    7    1
 -0.04384011115448486   15   15    7    3
 -0.06358121826112446   15   15    7    5
 0.3855802372739964   15   15    7    7
 -0.05491568619093925   15   15    8    4
 0.4021985592766482   15   15    8    8
 -0.06431804946027939   15   15    9    2
 0.007830861194558811   15   15    9    6
 0.3912209166018776   15   15    9    9
 0.01447739126889975   15   15   10    1
 0.02989783407763295   15   15   10    3
 -0.06952967616649908   15   15   10    5
 0.01714556871064245   15   15   10    7
 0.4890624747673374   15   15   10   10
 -0.0370475546276948   15   15   11    2
 -0.09440070539756285   15   15   11    6
 0.03165231537495181   15   15   11    9
 0.4596081499219782   15   15   11   11
 -0.009989973037720555   15   15   12    1
 0.04325972544707595   15   15   12    3
 -0.03002042695714707   15   15   12    5
 0.03394352640368072   15   15   12    7
 -0.02216359711415496   15   15   12   10
 0.4605365697027639   15   15   12   12
 0.5377235544238451   15   15   13   13
 -0.02209852872335316   15   15   14    1
 -0.01341169860449477   15   15   14    3
 -0.01768972640270679   15   15   14    5
 -0.01746522967168266   15   15   14    7
 -0.01466915236970074   15   15   14   10
 -0.02282651376366055   15   15   14   12
 0.4616155872233449   15   15   14   14
 0.03751544015397134   15   15   15    4
 0.03720467508245302   15   15   15    8
 0.5207760986347635   15   15   15   15
 -0.0005972816704761627   16    1    2    1
 0.0015810614501575   16    1    3    2
 0.005133964371025818   16    1    5    2
 -0.0002061116527175005   16    1    6    1
 0.00244123994368774   16    1    6    3
 0.0009677367892371933   16    1    6    5
 0.001382832093341237   16    1    7    2
 0.002317734929171474   16    1    7    6
 -0.004945184225089545   16    1    9    1
 -0.003915370853739285   16    1    9    3
 0.003201700625243268   16    1    9    5
 0.0002603323826341562   16    1    9    7
 -0.01368786327626381   16    1   10    2
 -0.00376292624341155   16    1   10    6
 0.0006909294704288063   16    1   10    9
 0.0009526074774988751   16    1   11    1
 -0.002736102000334168   16    1   11    3
 -0.0007816299522607017   16    1   11    5
 0.0001109388935825156   16    1   11    7
 0.007989520248990297   16    1   11   10
 0.01513756615282791   16    1   12    2
 0.007821288027284504   16    1   12    6
 -0.0006170784867095257   16    1   12    9
 -0.01142677910420146   16    1   12   11
 0.001069760483387392   16    1   13    4
 -0.000654429609446373   16    1   13    8
 -0.01293513735164127   16    1   14    2
 -0.003077810034275933   16    1   14    6
 -0.0001353028960428392   16    1   14    9
 0.006288219123396777   16    1   14   11
 -0.00138201242151651   16    1   15   13
 0.01720615331719377   16    1   16    1
 0.00976106024478697   16    2    1    1
 -0.01552001704313424   16    2    2    2
 0.005838594136398193   16    2    3    1
 0.01958206466284725   16    2    3    3
 0.0134915285014049   16    2    4    4
 0.009792862470987125   16    2    5    1
 0.005012359121412617   16    2    5    3
 -0.002250672554917944   16    2    5    5
 -0.00357978231830347   16    2    6    2
 -0.002523765042098621   16    2    6    6
 0.0007134454598032366   16    2    7    1
 -0.00385829401654148   16    2    7    3
 -0.008178448596027042   16    2    7    5
 0.01357882419269013   16    2    7    7
 -0.006776722337032557   16    2    8    4
 0.009691904445633677   16    2    8    8
 -0.01007033476112591   16    2    9    2
 -0.002903489946792316   16    2    9    6
 -0.009627407021669199   16    2    9    9
 -0.0234510750280458   16    2   10    1
 -0.01519443984579852   16    2   10    3
 0.01273107189049792   16    2   10    5
 -0.007287493905057618   16    2   10    7
 -0.0291685260807377   16    2   10   10
 0.01010640924782224   16    2   11    2
 -6.124293662920177e-06   16    2   11    6
 -0.001862558578382671   16    2   11    9
 -0.006554704400064287   16    2   11   11
 0.01850641140471415   16    2   12    1
 0.01584142411325111   16    2   12    3
 -0.01616283651210016   16    2   12    5
 0.008166462490615046   16    2   12    7
 0.01618285620120493   16    2   12   10
 0.009323589319476485   16    2   12   12
 -0.0110729909966614   16    2   13   13
 -0.01614927490385721   16    2   14    1
 -0.004401778991565522   16    2   14    3
 0.008087207732133974   16    2   14    5
 -0.0008149494607787729   16    2   14    7
 -0.01440909908050013   16    2   14   10
 0.007473360792260029   16    2   14   12
 3.211893387532381e-05   16    2   14   14
 -0.00221775796322991   16    2   15    4
 -0.001130844158759728   16    2   15    8
 -0.006045991660574407   16    2   15   15
 0.04044318555518003   16    2   16    2
 0.0004849700075619465   16    3    2    1
 0.0145836244520417   16    3    3    2
 0.001004052328223274   16    3    5    2
 0.00727082747671737   16    3    6    1
 -0.0009566468368497421   16    3    6    3
 -0.006915001207351231   16    3    6    5
 0.002082327101648757   16    3    7    2
 0.005162459068614028   16    3    7    6
 -0.009415950731797768   16    3    9    1
 -0.001833865066775618   16    3    9    3
 0.006814961287400105   16    3    9    5
 0.00669089254190588   16    3    9    7
 -0.003070296085966775   16    3   10    2
 -0.001027832149250395   16    3   10    6
 -0.004040422126505586   16    3   10    9
 -0.008759450032488307   16    3   11    1
 -0.002662887878409877   16    3   11    3
 0.0006456654803844965   16    3   11    5
 -0.008151177889711892   16    3   11    7
 -0.003507447623030667   16    3   11   10
 0.01382376657152877   16    3   12    2
 0.01052850750115656   16    3   12    6
 -0.009843764086939091   16    3   12    9
 -0.01225899635341368   16    3   12   11
 0.002219386526560519   16    3   13    4
 0.002457479707408494   16    3   13    8
 -0.01120845570962816   16    3   14    2
 -0.006943611226662202   16    3   14    6
 0.001553661090773291   16    3   14    9
 0.01250540479007168   16    3   14   11
 0.01344131602996096   16    3   15   13
 0.01336372233989939   16    3   16    1
 0.01890125876562369   16    3   16    3
 0.004510073123932674   16    4    4    2
 -0.001774494807283087   16    4    6    4
 -0.0002824032302337393   16    4    8    2
 0.001420485683891515   16    4    8    6
 0.0006991076297812171   16    4    9    4
 0.003324580260715468   16    4    9    8
 0.001480110831634101   16    4   11    4
 -0.001625814807342789   16    4   11    8
 0.003897043160257609   16    4   13    1
 0.001853236344175413   16    4   13    3
 -0.0003357040570529461   16    4   13    5
 0.001488983810079143   16    4   13    7
 -0.001650598491275129   16    4   13   10
 0.003695745438562733   16    4   13   12
 -0.000176220597279922   16    4   14   13
 0.001144559694323122   16    4   15    2
 0.002008250718669383   16    4   15    6
 -0.002417505137919076   16    4   15    9
 -0.001603596740140207   16    4   15   11
 0.002693721624398062   16    4   16    4
 0.01414688250354693   16    5    2    1
 0.003599955163650588   16    5    3    2
 -0.005357917258411993   16    5    5    2
 -0.001921355694100289   16    5    6    1
 0.0007675940399253138   16    5    6    3
 -0.007324112136804633   16    5    6    5
 -0.00135838394586306   16    5    7    2
 -0.001794728045366144   16    5    7    6
 -0.0009641226212063153   16    5    9    1
 -0.0007465837109551972   16    5    9    3
 -0.007823035239953266   16    5    9    5
 0.0008851796102316245   16    5    9    7
 0.0175266704812184   16    5   10    2
 0.009058056508685965   16    5   10    6
 -0.001231828016960668   16    5   10    9
 -0.001571192922573652   16    5   11    1
 -0.004014949870389773   16    5   11    3
 0.003292407645035135   16    5   11    5
 -0.002023139121185194   16    5   11    7
 -0.01690678560459265   16    5   11   10
 -0.01616197507131917   16    5   12    2
 -0.008663323670618476   16    5   12    6
 -0.0022571670472232   16    5   12    9
 0.005717495619050155   16    5   12   11
 0.005834710194854588   16    5   13    4
 0.001797784934983026   16    5   13    8
 0.009628675467006411   16    5   14    2
 0.005277627956764894   16    5   14    6
 0.007488362480425927   16    5   14    9
 -0.005638066336486304   16    5   14   11
 0.01443901367208721   16    5   15   13
 -0.01278778482979849   16    5   16    1
 -0.01060864133832896   16    5   16    3
 0.01999117665692731   16    5   16    5
 -0.003714340355434121   16    6    1    1
 -0.006895755796577962   16    6    2    2
 0.02134847700422705   16    6    3    1
 -0.009133139563654384   16    6    3    3
 -0.01086089281749341   16    6    4    4
 -0.0002389152785623866   16    6    5    1
 -0.008214332819796928   16    6    5    3
 0.004452886512877688   16    6    5    5
 0.01100533452232592   16    6    6    2
 0.004625431454949779   16    6    6    6
 0.002418416617412612   16    6    7    1
 0.01002285481174601   16    6    7    3
 -0.01299709088448934   16    6    7    5
 -0.009422130890494927   16    6    7    7
 0.006179125110778148   16    6    8    4
 -0.00765125825563014   16    6    8    8
 -0.01042136355012173   16    6    9    2
 -0.002540581923303345   16    6    9    6
 -0.01567221002513974   16    6    9    9
 -0.004868645702617127   16    6   10    1
 -0.006027629981353005   16    6   10    3
 0.01080734797343545   16    6   10    5
 -0.003690679004555114   16    6   10    7
 0.002322105176699836   16    6   10   10
 -0.01043224435071856   16    6   11    2
 0.002547004455982577   16    6   11    6
 0.0104322991607951   16    6   11    9
 0.003958977213788855   16    6   11   11
 0.01492335974478106   16    6   12    1
 0.02041499634445616   16    6   12    3
 -0.008536817644985701   16    6   12    5
 0.01809908922805736   16    6   12    7
 0.004112295030922298   16    6   12   10
 0.01018331837058831   16    6   12   12
 0.01091064307535645   16    6   13   13
 -0.004726404735644998   16    6   14    1
 -0.0121666278269953   16    6   14    3
 0.009091518612612155   16    6   14    5
 0.001313185826515954   16    6   14    7
 -0.01224481750774879   16    6   14   10
 -0.009622901834266855   16    6   14   12
 0.001353874640162951   16    6   14   14
 0.009636790843754307   16    6   15    4
 0.002845660600222289   16    6   15    8
 0.008864178795740503   16    6   15   15
 0.02062486957713346   16    6   16    2
 0.02444007161738395   16    6   16    6
 0.002702637009965201   16    7    2    1
 0.005890419820626342   16    7    3    2
 -0.00164725850162466   16    7    5    2
 0.004079093132438755   16    7    6    1
 0.003460971348935974   16    7    6    3
 -0.007850878752719989   16    7    6    5
 0.006183453038448355   16    7    7    2
 0.001784927232795123   16    7    7    6
 -0.005731360003441999   16    7    9    1
 0.001613519422869803   16    7    9    3
 0.007493807386461143   16    7    9    5
 0.006530891240725529   16    7    9    7
 0.0009349180092338442   16    7   10    2
 -0.0006068356174080667   16    7   10    6
 -0.003424413686973567   16    7   10    9
 -0.003582312167521467   16    7   11    1
 -0.006427844865292995   16    7   11    3
 0.0003893533863644901   16    7   11    5
 -0.005076285677974735   16    7   11    7
 -0.005615059364282303   16    7   11   10
 0.006617261413606394   16    7   12    2
 0.009073287001609923   16    7   12    6
 -0.007321739468165507   16    7   12    9
 -0.009194109229068438   16    7   12   11
 0.002684134443638788   16    7   13    4
 0.002399378245971607   16    7   13    8
 -0.006978694653348534   16    7   14    2
 -0.005235878259799548   16    7   14    6
 0.002012979231135163   16    7   14    9
 0.00711289484744763   16    7   14   11
 0.01202029277419679   16    7   15   13
 0.0069374597958577   16    7   16    1
 0.01161312657170302   16    7   16    3
 -0.007734848162153882   16    7   16    5
 0.01160103292473517   16    7   16    7
 0.0008701694482417188   16    8    4    2
 0.0005979056319755622   16    8    6    4
 0.002537112451620493   16    8    8    2
 0.000128180121968271   16    8    8    6
 0.002659016738070958   16    8    9    4
 0.003432174587136994   16    8    9    8
 -0.0009876672637942167   16    8   11    4
 0.00024007933150934   16    8   11    8
 0.001719013801705927   16    8   13    1
 0.001774947294126566   16    8   13    3
 -0.001638189668377442   16    8   13    5
 0.001592370149314896   16    8   13    7
 -0.0008245195068315402   16    8   13   10
 0.003421874676100019   16    8   13   12
 0.0001466207313049331   16    8   14   13
 0.001130283400952588   16    8   15    2
 0.001910478872350673   16    8   15    6
 -0.002128685770703788   16    8   15    9
 -0.0008362828929620911   16    8   15   11
 0.001802846697790261   16    8   16    4
 0.002570950031611243   16    8   16    8
 -0.0286337982726461   16    9    1    1
 -0.02897421074121118   16    9    2    2
 -0.02581691730312398   16    9    3    1
 -0.01314063343444493   16    9    3    3
 -0.01376633086880097   16    9    4    4
 -0.005326060780873719   16    9    5    1
 0.005744288011113175   16    9    5    3
 -0.02282221243711342   16    9    5    5
 -0.008744375083278308   16    9    6    2
 -0.02263780565178228   16    9    6    6
 -0.0004469339864383219   16    9    7    1
 0.005484101063400135   16    9    7    3
 0.01902192809313391   16    9    7    5
 -0.000913272282802993   16    9    7    7
 0.008556962625789406   16    9    8    4
 -0.005918043932205457   16    9    8    8
 0.01582535245483947   16    9    9    2
 -0.00647697807661855   16    9    9    6
 -0.001774805820315408   16    9    9    9
 0.0001456786186694994   16    9   10    1
 -0.001880347863462346   16    9   10    3
 0.006385764712164067   16    9   10    5
 -0.005020031328103267   16    9   10    7
 -0.03550897049022319   16    9   10   10
 0.01060723989224936   16    9   11    2
 0.008563856967101938   16    9   11    6
 -0.01088754561334704   16    9   11    9
 -0.03052475214494117   16    9   11   11
 -0.001331093132603548   16    9   12    1
 -0.02077713720908345   16    9   12    3
 -0.001100412184253885   16    9   12    5
 -0.01897703654607793   16    9   12    7
 0.004762547797940351   16    9   12   10
 -0.03131961579266909   16    9   12   12
 -0.03924304797439367   16    9   13   13
 0.00802253384341195   16    9   14    1
 0.009671896425558485   16    9   14    3
 0.001252061157854304   16    9   14    5
 -0.0001401702311037832   16    9   14    7
 0.002062201711560947   16    9   14   10
 0.01462650157976433   16    9   14   12
 -0.02449105399500724   16    9   14   14
 -0.01404202396013593   16    9   15    4
 -0.008802625626671515   16    9   15    8
 -0.03416694731306662   16    9   15   15
 -0.002501024985697136   16    9   16    2
 -0.008267680195946304   16    9   16    6
 0.01907021550032866   16    9   16    9
 -0.0665308380726012   16   10    2    1
 -0.02294956761098862   16   10    3    2
 0.03008755812925051   16   10    5    2
 0.0002503177593487525   16   10    6    1
 -0.02500293799324636   16   10    6    3
 0.04901468395789142   16   10    6    5
 -0.005093210891636057   16   10    7    2
 -0.01363939560253661   16   10    7    6
 0.008929335514923774   16   10    9    1
 0.01934355842850947   16   10    9    3
 0.02414982642782226   16   10    9    5
 0.01421518216617092   16   10    9    7
 -0.06658002280088228   16   10   10    2
 -0.02084084003089438   16   10   10    6
 0.01877576108538084   16   10   10    9
 0.01728130060033028   16   10   11    1
 0.03036763335100942   16   10   11    3
 -0.01617285890891689   16   10   11    5
 0.01237464660766004   16   10   11    7
 0.08363312282638927   16   10   11   10
 0.02887349892521581   16   10   12    2
 0.004592513409016349   16   10   12    6
 0.007605361133249905   16   10   12    9
 0.01384200232835441   16   10   12   11
 -0.03192312958765426   16   10   13    4
 -0.01616586303093622   16   10   13    8
 -0.01491284022787119   16   10   14    2
 0.006621820130918913   16   10   14    6
 -0.03663939086871418   16   10   14    9
 -0.004709547246851138   16   10   14   11
 -0.08735416414335526   16   10   15   13
 0.01870422662886492   16   10   16    1
 0.008310986763498356   16   10   16    3
 -0.02546408683569097   16   10   16    5
 0.002288071552482355   16   10   16    7
 0.0808366558909475   16   10   16   10
 0.008295020993135104   16   11    1    1
 0.01803838150022254   16   11    2    2
 -0.01414331613456485   16   11    3    1
 0.006068231808730123   16   11    3    3
 0.0114246899786203   16   11    4    4
 -0.0009369539498214071   16   11    5    1
 0.001486127079071778   16   11    5    3
 0.002297815441457618   16   11    5    5
 -0.006682909222490991   16   11    6    2
 0.003762720485376147   16   11    6    6
 0.0006632836530654628   16   11    7    1
 -0.01122247600450294   16   11    7    3
 0.003656041992921918   16   11    7    5
 0.002943078485034308   16   11    7    7
 -0.007254409920338586   16   11    8    4
 0.007749393881869885   16   11    8    8
 0.003194832482397885   16   11    9    2
 0.004859964574612893   16   11    9    6
 0.009190377643325318   16   11    9    9
 0.01033149093565161   16   11   10    1
 0.01017299188028948   16   11   10    3
 -0.01087014657543352   16   11   10    5
 0.004690247190532007   16   11   10    7
 0.02199891908472485   16   11   10   10
 0.004256335355288732   16   11   11    2
 -0.005072808943344809   16   11   11    6
 -0.004974985687479932   16   11   11    9
 0.009211810162455192   16   11   11   11
 -0.01981879409690406   16   11   12    1
 -0.01544860571807441   16   11   12    3
 0.009349283794146339   16   11   12    5
 -0.01086821548755844   16   11   12    7
 -0.009935508004756215   16   11   12   10
 -0.007200295299494609   16   11   12   12
 0.004381550832147996   16   11   13   13
 0.006069740694018481   16   11   14    1
 0.01170217247541526   16   11   14    3
 -0.008249860008658483   16   11   14    5
 -0.001416728157813849   16   11   14    7
 0.01214761928922767   16   11   14   10
 0.006573947599844858   16   11   14   12
 0.004112735452878683   16   11   14   14
 -0.004229418200507598   16   11   15    4
 0.001111455536755088   16   11   15    8
 0.003076473023401665   16   11   15   15
 -0.02867240595215191   16   11   16    2
 -0.01982673696071173   16   11   16    6
 0.006608984587438056   16   11   16    9
 0.02837638778408142   16   11   16   11
 0.08117934389339758   16   12    2    1
 0.0333957953578447   16   12    3    2
 -0.03761428142289724   16   12    5    2
 0.004132273314071718   16   12    6    1
 0.03783308229087998   16   12    6    3
 -0.06450927809598865   16   12    6    5
 0.009482167191712994   16   12    7    2
 0.02382742921545352   16   12    7    6
 -0.01401682392144092   16   12    9    1
 -0.03248368883545485   16   12    9    3
 -0.02654991341622726   16   12    9    5
 -0.02302485597404336   16   12    9    7
 0.06974459658785155   16   12   10    2
 0.01994774047308249   16   12   10    6
 -0.02361602481214424   16   12   10    9
 -0.02695615410580353   16   12   11    1
 -0.04341959575572284   16   12   11    3
 0.02011548395453172   16   12   11    5
 -0.01901712879890009   16   12   11    7
 -0.09534855224660953   16   12   11   10
 -0.009171277675656059   16   12   12    2
 0.007759774905088708   16   12   12    6
 -0.01704457342514358   16   12   12    9
 -0.04137967804934363   16   12   12   11
 0.04097743606389521   16   12   13    4
 0.02226346662621242   16   12   13    8
 0.002441490936306248   16   12   14    2
 -0.02060413157198527   16   12   14    6
 0.05030790240052219   16   12   14    9
 0.02407494038129463   16   12   14   11
 0.1158117616735739   16   12   15   13
 0.002224020396271671   16   12   16    1
 0.01419175572293854   16   12   16    3
 0.008453547411574813   16   12   16    5
 0.01245665624105751   16   12   16    7
 -0.06995101721103983   16   12   16   10
 0.1067732480185872   16   12   16   12
 0.007827916115089602   16   13    4    1
 0.00291788816903687   16   13    4    3
 0.002088695791972336   16   13    5    4
 0.002012322920522138   16   13    7    4
 -0.0005953192593952459   16   13    8    1
 0.002266116124806726   16   13    8    3
 -0.00294452249706207   16   13    8    5
 0.003666206470325649   16   13    8    7
 -0.006344522014720004   16   13   10    4
 -0.002998612598762636   16   13   10    8
 0.00535957528320435   16   13   12    4
 0.006056355829746623   16   13   12    8
 0.0009952339197775836   16   13   13    2
 0.002931344813342757   16   13   13    6
 -0.005520885044896209   16   13   13    9
 -0.001395235440879533   16   13   13   11
 0.001662884441503343   16   13   14    4
 0.002871339054458446   16   13   14    8
 0.003481655436409013   16   13   15    1
 0.007280797646209388   16   13   15    3
 0.001236143257975361   16   13   15    5
 0.003660285716342949   16   13   15    7
 -0.008573287652152491   16   13   15   10
 0.01561779638785618   16   13   15   12
 -0.00882651661584825   16   13   15   14
 0.02326776025172143   16   13   16   13
 -0.05579695023929691   16   14    2    1
 -0.02157643636962841   16   14    3    2
 0.02472298021138023   16   14    5    2
 -0.001440469771109804   16   14    6    1
 -0.02437286935328927   16   14    6    3
 0.04386037685235252   16   14    6    5
 -0.006387125104071506   16   14    7    2
 -0.01426176640331356   16   14    7    6
 0.0108870354200797   16   14    9    1
 0.01914548892435426   16   14    9    3
 0.01773565146192848   16   14    9    5
 0.01324497330963994   16   14    9    7
 -0.04827883617040919   16   14   10    2
 -0.01452400431903821   16   14   10    6
 0.01440107522297158   16   14   10    9
 0.015798934413335   16   14   11    1
 0.02959916299933433   16   14   11    3
 -0.01397548485109036   16   14   11    5
 0.01263566646825891   16   14   11    7
 0.06404627040744791   16   14   11   10
 0.01183083231755691   16   14   12    2
 -0.006290227301793082   16   14   12    6
 0.01331657729954178   16   14   12    9
 0.02737316185731879   16   14   12   11
 -0.02571609473159257   16   14   13    4
 -0.01316931855898206   16   14   13    8
 -0.00136353326358059   16   14   14    2
 0.01265526631531188   16   14   14    6
 -0.03389151561996853   16   14   14    9
 -0.01413793044547178   16   14   14   11
 -0.07549851406146538   16   14   15   13
 0.002246262053273915   16   14   16    1
 -0.007875069239563872   16   14   16    3
 -0.008294410160653872   16   14   16    5
 -0.007901556755015405   16   14   16    7
 0.04817036591325558   16   14   16   10
 -0.07036111548016806   16   14   16   12
 0.05146663728535236   16   14   16   14
 -0.002732970661772763   16   15    4    2
 0.001936228023876538   16   15    6    4
 -0.001032496696459803   16   15    8    2
 0.000398450113579134   16   15    8    6
 -0.003729554176658449   16   15    9    4
 -0.004734555320796772   16   15    9    8
 -0.001104742333907825   16   15   11    4
 0.0008744433493078403   16   15   11    8
 -0.0009478270274281814   16   15   13    1
 0.003814906929583916   16   15   13    3
 0.002270284236028503   16   15   13    5
 0.002796642525164093   16   15   13    7
 -0.00910968350972308   16   15   13   10
 0.01397491511991333   16   15   13   12
 -0.01025196650247105   16   15   14   13
 -0.00135063582051394   16   15   15    2
 0.0001646964423457922   16   15   15    6
 -0.003510216422332077   16   15   15    9
 -0.0002034094050919425   16   15   15   11
 0.004114431099934225   16   15   16    4
 0.003141347204480017   16   15   16    8
 0.02074564509685847   16   15   16   15
 0.4860672258986183   16   16    1    1
 0.5019483783068882   16   16    2    2
 0.06476381734174327   16   16    3    1
 0.4405059122830423   16   16    3    3
 0.4243309186297021   16   16    4    4
 0.01751008622438374   16   16    5    1
 -0.00759291214439878   16   16    5    3
 0.3836719459725934   16   16    5    5
 0.003499548407175931   16   16    6    2
 0.3873248878129538   16   16    6    6
 0.005532823107702681   16   16    7    1
 -0.0233451869500806   16   16    7    3
 -0.06529758262434032   16   16    7    5
 0.3682714095318925   16   16    7    7
 -0.04285401288988634   16   16    8    4
 0.3644896956059943   16   16    8    8
 -0.0596698178334118   16   16    9    2
 0.003648695114186416   16   16    9    6
 0.3906643208855994   16   16    9    9
 0.02971413020849488   16   16   10    1
 0.03121554423595988   16   16   10    3
 -0.07000976399580659   16   16   10    5
 0.01858426388896215   16   16   10    7
 0.5155184968139186   16   16   10   10
 -0.05865122697464358   16   16   11    2
 -0.08990418907910611   16   16   11    6
 0.04231221067397298   16   16   11    9
 0.4668980256275235   16   16   11   11
 -0.003509330368098711   16   16   12    1
 0.05549129925555704   16   16   12    3
 -0.02094897894141073   16   16   12    5
 0.04631107848397847   16   16   12    7
 -0.03969460224702647   16   16   12   10
 0.4767702549914296   16   16   12   12
 0.5090112502105031   16   16   13   13
 -0.0229456673851998   16   16   14    1
 -0.02747415775807718   16   16   14    3
 -0.0161176669087237   16   16   14    5
 -0.01811227406016914   16   16   14    7
 -0.00644455967423608   16   16   14   10
 -0.05689054812312108   16   16   14   12
 0.4536004545659082   16   16   14   14
 0.04319566542357085   16   16   15    4
 0.03577624760969458   16   16   15    8
 0.4912330710719931   16   16   15   15
 -0.01852901955536382   16   16   16    2
 0.01329693640361907   16   16   16    6
 -0.04844015926809115   16   16   16    9
 0.002702677172278458   16   16   16   11
 0.5563779701167971   16   16   16   16
 -0.02082020438757423   17    1    2    1
 -0.02782141389613707   17    1    3    2
 -0.0002818314467733828   17    1    5    2
 -0.005045030697004695   17    1    6    1
 0.00670104522464653   17    1    6    3
 0.004707270649717106   17    1    6    5
 0.008545450145026478   17    1    7    2
 -0.006901575658137972   17    1    7    6
 0.01182736240059097   17    1    9    1
 0.01152080836953091   17    1    9    3
 0.00401335922307453   17    1    9    5
 -0.004658368191767293   17    1    9    7
 -0.01811528321017317   17    1   10    2
 -0.001718180322318024   17    1   10    6
 0.009885005571892253   17    1   10    9
 0.01847524400184532   17    1   11    1
 0.0004533395846347457   17    1   11    3
 -0.002595031730631216   17    1   11    5
 0.008972027429028423   17    1   11    7
 0.01668111078087623   17    1   11   10
 -0.0007319170665396553   17    1   12    2
 -0.001588911027294752   17    1   12    6
 0.00746687194977453   17    1   12    9
 0.001527670217047202   17    1   12   11
 -0.01285749913105239   17    1   13    4
 -0.005710424494473273   17    1   13    8
 -0.004660134687003854   17    1   14    2
 0.004585609043575819   17    1   14    6
 -0.009429394789673664   17    1   14    9
 -0.01198961958482944   17    1   14   11
 -0.03273047155706867   17    1   15   13
 -0.0002183142839325946   17    1   16    1
 -0.009196099365538179   17    1   16    3
 -0.003770520403072517   17    1   16    5
 -0.001277318473641184   17    1   16    7
 0.0143626725964055   17    1   16   10
 -0.01962158997874974   17    1   16   12
 0.0116059269602613   17    1   16   14
 0.03496096168528164   17    1   17    1
 -0.003569928937484059   17    2    1    1
 -0.007211649928640014   17    2    2    2
 -0.0522433833763841   17    2    3    1
 0.03344144620835046   17    2    3    3
 0.02106218821022509   17    2    4    4
 -0.004210316301904203   17    2    5    1
 -0.0003727855286762083   17    2    5    3
 -1.64691773972312e-05   17    2    5    5
 -0.01542809130680607   17    2    6    2
 0.01606704448382422   17    2    6    6
 0.01804765520403013   17    2    7    1
 -0.02530015025523274   17    2    7    3
 0.003282057989348665   17    2    7    5
 0.02703828197695759   17    2    7    7
 -0.02713737737458001   17    2    8    4
 0.01927109122649174   17    2    8    8
 0.005720193152933395   17    2    9    2
 0.004007851702165716   17    2    9    6
 -0.001858704029657442   17    2    9    9
 -0.01025690966493022   17    2   10    1
 0.002450713703706093   17    2   10    3
 -0.000481778618917605   17    2   10    5
 -0.001319688595651354   17    2   10    7
 -0.01985823289235105   17    2   10   10
 0.03617109883876838   17    2   11    2
 -0.01441799201220972   17    2   11    6
 -0.02151977094266267   17    2   11    9
 0.01087235962310766   17    2   11   11
 -0.01446326764486084   17    2   12    1
 -0.007075797687091169   17    2   12    3
 -0.005698865130116045   17    2   12    5
 -0.01599180075655725   17    2   12    7
 0.0143618070103269   17    2   12   10
 -0.004069983564763014   17    2   12   12
 -0.03138177828428066   17    2   13   13
 -0.01503393587010497   17    2   14    1
 0.02646446971488713   17    2   14    3
 0.00478948034320859   17    2   14    5
 -0.02085221053008591   17    2   14    7
 0.005593890624354727   17    2   14   10
 0.01553097591321662   17    2   14   12
 -0.001954906023168338   17    2   14   14
 -0.02491480785215259   17    2   15    4
 0.003203183299913117   17    2   15    8
 -0.02187463082784665   17    2   15   15
 0.005461211236116167   17    2   16    2
 -0.00782972923621948   17    2   16    6
 0.006501658989766027   17    2   16    9
 0.005107241592824373   17    2   16   11
 -0.02359640296796628   17    2   16   16
 0.05832140742522404   17    2   17    2
 -0.05216083159574054   17    3    2    1
 0.007805021298199767   17    3    3    2
 -0.005882719365308603   17    3    5    2
 0.02277836721026125   17    3    6    1
 -0.0165982474582465   17    3    6    3
 0.001073158778896399   17    3    6    5
 -0.002268827354230981   17    3    7    2
 0.003620911306553115   17    3    7    6
 0.01250444139358918   17    3    9    1
 0.01372397796841019   17    3    9    3
 0.01275461568793294   17    3    9    5
 0.008107335696144129   17    3    9    7
 -0.0103239109821908   17    3   10    2
 0.0002424832926841475   17    3   10    6
 0.002008391685799538   17    3   10    9
 -0.01443723089076537   17    3   11    1
 0.02401747284547256   17    3   11    3
 -0.005213132334477963   17    3   11    5
 -0.01226659641901961   17    3   11    7
 0.01091312715590717   17    3   11   10
 0.01553273966143163   17    3   12    2
 -0.008746365041584903   17    3   12    6
 -0.01031188884925199   17    3   12    9
 0.01559069263489922   17    3   12   11
 -0.02004465921298341   17    3   13    4
 0.0003192522401990555   17    3   13    8
 0.004501619960458598   17    3   14    2
 -0.00609872889803557   17    3   14    6
 -0.01897046811036194   17    3   14    9
 0.006850265323704996   17    3   14   11
 -0.02027074912008869   17    3   15   13
 -0.005933088024286725   17    3   16    1
 0.001428644040220964   17    3   16    3
 -0.002228455411740409   17    3   16    5
 6.50490115063874e-05   17    3   16    7
 0.01053849537198079   17    3   16   10
 -0.01591380224384852   17    3   16   12
 0.009707945444022379   17    3   16   14
 0.006321085305880762   17    3   17    1
 0.03786868834033589   17    3   17    3
 0.001075928562255424   17    4    4    2
 -0.004297627932019623   17    4    6    4
 -0.005604065063612383   17    4    8    2
 0.001651073582913635   17    4    8    6
 -0.001677303242325045   17    4    9    4
 0.0005720876178523755   17    4    9    8
 0.005766066659579469   17    4   11    4
 -0.004029415171414196   17    4   11    8
 -0.006240934684961756   17    4   13    1
 -0.006589837511548227   17    4   13    3
 0.001647989916636133   17    4   13    5
 -0.0006138796640045883   17    4   13    7
 -0.002909863676213455   17    4   13   10
 -0.002246711770488972   17    4   13   12
 -0.004339452744481703   17    4   14   13
 -0.009409689100577401   17    4   15    2
 -0.000163855315858551   17    4   15    6
 0.001618598537819874   17    4   15    9
 0.00199080177291748   17    4   15   11
 7.841644774007644e-05   17    4   16    4
 -0.001106349603994629   17    4   16    8
 -0.001355894980753864   17    4   16   15
 0.009340763379518733   17    4   17    4
 -0.02041389692652204   17    5    2    1
 -0.01432219505070239   17    5    3    2
 0.01376725158117887   17    5    5    2
 -0.005760238425473432   17    5    6    1
 -0.01275543190318039   17    5    6    3
 0.02798105995628478   17    5    6    5
 -0.005469493420839339   17    5    7    2
 -0.01066256761784768   17    5    7    6
 0.006801707023915893   17    5    9    1
 0.008841664107655413   17    5    9    3
 0.003036940943406818   17    5    9    5
 0.003166681258594041   17    5    9    7
 -0.02363750334821633   17    5   10    2
 -0.0127197870247682   17    5   10    6
 0.009320762027811657   17    5   10    9
 0.01189757638386667   17    5   11    1
 0.01434932601375197   17    5   11    3
 -0.008439986099830862   17    5   11    5
 0.01010614772374832   17    5   11    7
 0.03690461633421153   17    5   11   10
 -0.001275576825806948   17    5   12    2
 -0.002249571791871366   17    5   12    6
 0.006538033208391672   17    5   12    9
 0.01293045295234994   17    5   12   11
 -0.01063421944226119   17    5   13    4
 -0.006460122260790344   17    5   13    8
 0.005401112812258551   17    5   14    2
 0.009705024935538363   17    5   14    6
 -0.01185883578361561   17    5   14    9
 -0.01129514830782466   17    5   14   11
 -0.03984731169824166   17    5   15   13
 -0.001478416947901475   17    5   16    1
 -0.004580962362662036   17    5   16    3
 -0.002912995376192554   17    5   16    5
 -0.003438590047105608   17    5   16    7
 0.0198677466221465   17    5   16   10
 -0.02928018444434447   17    5   16   12
 0.01956309337656459   17    5   16   14
 0.002800170664141885   17    5   17    1
 -0.002205984560619785   17    5   17    3
 0.02227889288676372   17    5   17    5
 -0.04269917758219965   17    6    1    1
 -0.02301167109045243   17    6    2    2
 0.03853380580853873   17    6    3    1
 -0.05561234854997721   17    6    3    3
 -0.05548603837310827   17    6    4    4
 -0.01793626921885362   17    6    5    1
 -0.02128601097439508   17    6    5    3
 0.01706438187733411   17    6    5    5
 0.04468088613041731   17    6    6    2
 0.0144838471202649   17    6    6    6
 -0.002777244341412763   17    6    7    1
 0.03853141947117685   17    6    7    3
 -0.007934918832139223   17    6    7    5
 -0.03777944651438397   17    6    7    7
 0.03361759228243653   17    6    8    4
 -0.03887744115054246   17    6    8    8
 0.004426449583503303   17    6    9    2
 -0.006223100609936421   17    6    9    6
 -0.017926903007647   17    6    9    9
 0.02045895703235628   17    6   10    1
 0.009521179202469969   17    6   10    3
 -0.005518164715169985   17    6   10    5
 0.01134607209087179   17    6   10    7
 0.03727972753452919   17    6   10   10
 -0.04837178081291013   17    6   11    2
 0.01237758562677321   17    6   11    6
 0.02633859928827464   17    6   11    9
 0.007340138323891806   17    6   11   11
 0.02012208160023611   17    6   12    1
 0.008890334457621671   17    6   12    3
 0.01043980516306743   17    6   12    5
 0.01789407034384891   17    6   12    7
 -0.006304526645496997   17    6   12   10
 -0.004542510602380425   17    6   12   12
 0.02817570590389789   17    6   13   13
 0.01215104731014698   17    6   14    1
 -0.02568541589422824   17    6   14    3
 0.01047325069857861   17    6   14    5
 0.008984529552985244   17    6   14    7
 -0.01161699330231088   17    6   14   10
 -0.02858284439919184   17    6   14   12
 -0.01214524692957031   17    6   14   14
 0.02022059914424541   17    6   15    4
 0.002088764315078768   17    6   15    8
 0.02312231198815973   17    6   15   15
 -0.007670463484418645   17    6   16    2
 0.007133260515930022   17    6   16    6
 -0.009676971868163456   17    6   16    9
 -0.002474536323225066   17    6   16   11
 0.03837145086679125   17    6   16   16
 -0.01041701402068654   17    6   17    2
 0.04526298428916605   17    6   17    6
 0.03584609887362089   17    7    2    1
 0.002441918420878634   17    7    3    2
 -0.01089823129295608   17    7    5    2
 -0.005754003984477242   17    7    6    1
 0.01877035879467201   17    7    6    3
 -0.0265387880406419   17    7    6    5
 0.008046886139479714   17    7    7    2
 0.003640760171924641   17    7    7    6
 -0.008537599833202559   17    7    9    1
 -0.007570190828404763   17    7    9    3
 -0.00890442734213602   17    7    9    5
 -0.007345637294285052   17    7    9    7
 0.02202097011533962   17    7   10    2
 0.008935323031790631   17    7   10    6
 -0.007827699284237421   17    7   10    9
 0.001015626383585711   17    7   11    1
 -0.02240633197101771   17    7   11    3
 0.006705431877438816   17    7   11    5
 -0.001578080727010391   17    7   11    7
 -0.03519174354062799   17    7   11   10
 -0.01052908967455062   17    7   12    2
 0.005043654812804748   17    7   12    6
 -0.001266927222069234   17    7   12    9
 -0.01791933280832351   17    7   12   11
 0.01463819030610146   17    7   13    4
 0.004464347871698318   17    7   13    8
 -0.006030958755913461   17    7   14    2
 -0.004543120368305919   17    7   14    6
 0.01748108509812599   17    7   14    9
 0.002135698461406479   17    7   14   11
 0.03546085843239318   17    7   15   13
 0.000153074114966973   17    7   16    1
 0.0001292511156210285   17    7   16    3
 0.00366047816723766   17    7   16    5
 0.002946321916290514   17    7   16    7
 -0.02074259922221552   17    7   16   10
 0.0265529640670037   17    7   16   12
 -0.02001981687223224   17    7   16   14
 0.002791583162257259   17    7   17    1
 -0.01144813833962146   17    7   17    3
 -0.01461445874193641   17    7   17    5
 0.0194997856131845   17    7   17    7
 -0.008202873435807004   17    8    4    2
 0.003892240510555733   17    8    6    4
 0.002978081798050403   17    8    8    2
 -0.004216843308696723   17    8    8    6
 0.0007973039325472743   17    8    9    4
 -0.005279427118383968   17    8    9    8
 -0.005104205414392839   17    8   11    4
 0.00420395093052944   17    8   11    8
 -0.005097786965858116   17    8   13    1
 -0.0004159312094795428   17    8   13    3
 0.0009395649588771943   17    8   13    5
 -0.001275305295907486   17    8   13    7
 -0.0002375401437629814   17    8   13   10
 0.000577400725692058   17    8   13   12
 -0.002922852638589386   17    8   14   13
 -0.001382704260704348   17    8   15    2
 -0.001779101756659183   17    8   15    6
 -0.0001147925119832902   17    8   15    9
 0.002124993167682663   17    8   15   11
 -0.001369088522753986   17    8   16    4
 -0.0002414327498457221   17    8   16    8
 0.0006627312281223298   17    8   16   15
 -0.00281630553621288   17    8   17    4
 0.004899410237070511   17    8   17    8
 0.01049357058688601   17    9    1    1
 0.008517522351019619   17    9    2    2
 0.01959385052137132   17    9    3    1
 0.003207987385732167   17    9    3    3
 -0.005054850804662791   17    9    4    4
 0.002045199815014453   17    9    5    1
 0.001921072611278757   17    9    5    3
 0.003758458623844964   17    9    5    5
 0.006711323907745178   17    9    6    2
 -0.0006081887028495658   17    9    6    6
 -0.006864433764738657   17    9    7    1
 0.01031572588531291   17    9    7    3
 -0.002200426714818513   17    9    7    5
 -0.002409682649241733   17    9    7    7
 0.0104376886010953   17    9    8    4
 -0.008556561913751691   17    9    8    8
 -0.005445545700201729   17    9    9    2
 -0.005464214976164971   17    9    9    6
 0.003961540908990334   17    9    9    9
 0.00555423666003241   17    9   10    1
 -0.0005753387921045957   17    9   10    3
 -0.002579194361426577   17    9   10    5
 0.0004462448758286708   17    9   10    7
 0.01609057554364141   17    9   10   10
 -0.01867774495115057   17    9   11    2
 0.003461786172107131   17    9   11    6
 0.01264991750184415   17    9   11    9
 0.003532822502231303   17    9   11   11
 0.01137211970344027   17    9   12    1
 0.00165489899749114   17    9   12    3
 0.0001878696216342557   17    9   12    5
 0.004394561960312169   17    9   12    7
 -0.004763487868554381   17    9   12   10
 0.01031157886359501   17    9   12   12
 0.01669905447078152   17    9   13   13
 0.0008604470989858565   17    9   14    1
 -0.01209152180081696   17    9   14    3
 4.889142890851298e-05   17    9   14    5
 0.007009533249828725   17    9   14    7
 -0.004890886110708765   17    9   14   10
 -0.008193033990788117   17    9   14   12
 0.003701396440064419   17    9   14   14
 0.008787028832719052   17    9   15    4
 -0.001415326272278236   17    9   15    8
 0.01571221653925563   17    9   15   15
 0.001863331236714428   17    9   16    2
 0.002428598220549984   17    9   16    6
 -0.002205778895470713   17    9   16    9
 -0.00362248242065283   17    9   16   11
 0.01691391130997524   17    9   16   16
 -0.02322221004758255   17    9   17    2
 0.006631135539211063   17    9   17    6
 0.01635257301247917   17    9   17    9
 0.0005146791146931461   17   10    2    1
 0.009296256724142702   17   10    3    2
 -0.0197984798502527   17   10    5    2
 0.01248921111126064   17   10    6    1
 0.01265172226756983   17   10    6    3
 -0.03321172951395408   17   10    6    5
 0.007498929400671053   17   10    7    2
 0.01013861643027421   17   10    7    6
 0.003014155373883238   17   10    9    1
 -0.003310152284750058   17   10    9    3
 -0.003798842190456978   17   10    9    5
 -0.006130387280832959   17   10    9    7
 0.01500483852517894   17   10   10    2
 0.01127218755082471   17   10   10    6
 -0.006236121525696578   17   10   10    9
 -0.01179833663893386   17   10   11    1
 -0.007918003575665441   17   10   11    3
 0.003538387117457764   17   10   11    5
 -0.01271412931463934   17   10   11    7
 -0.0352918897777718   17   10   11   10
 0.007684042074120446   17   10   12    2
 -0.00535972656710091   17   10   12    6
 -0.009234316494158392   17   10   12    9
 -0.01095700327641331   17   10   12   11
 0.00442704788542348   17   10   13    4
 0.008197508494657103   17   10   13    8
 -0.003526246392291468   17   10   14    2
 -0.01033296348447252   17   10   14    6
 0.006954412767768915   17   10   14    9
 0.009536531927141871   17   10   14   11
 0.03155329639977562   17   10   15   13
 0.002047926283429422   17   10   16    1
 0.003024946047325149   17   10   16    3
 0.003356535545098331   17   10   16    5
 0.001663053415008577   17   10   16    7
 -0.01652854024059514   17   10   16   10
 0.0233253873230624   17   10   16   12
 -0.01414790860873094   17   10   16   14
 0.009689796052344478   17   10   17    1
 0.01427222702623158   17   10   17    3
 -0.0214261794698652   17   10   17    5
 0.01281938022228081   17   10   17    7
 0.0375920847208179   17   10   17   10
 0.1232835331262741   17   11    1    1
 0.09914614865989639   17   11    2    2
 -0.03014945362546023   17   11    3    1
 0.1212635375448453   17   11    3    3
 0.1215263531403629   17   11    4    4
 0.03418412628872831   17   11    5    1
 0.02916587680851341   17   11    5    3
 0.01316965006324433   17   11    5    5
 -0.06136961357507455   17   11    6    2
 0.01854788442935067   17   11    6    6
 0.0005759331133024108   17   11    7    1
 -0.06284811051999256   17   11    7    3
 -0.007304807558889794   17   11    7    5
 0.08161462147797525   17   11    7    7
 -0.06019406975583293   17   11    8    4
 0.08316304520528352   17   11    8    8
 -0.02839630645620385   17   11    9    2
 0.01253187380155765   17   11    9    6
 0.05754820729496407   17   11    9    9
 -0.02159917501296569   17   11   10    1
 -0.00440940849338609   17   11   10    3
 -0.01058652348448787   17   11   10    5
 -0.008691268147017954   17   11   10    7
 0.01148021392371765   17   11   10   10
 0.05373666217114034   17   11   11    2
 -0.03807361261111254   17   11   11    6
 -0.02647177770796562   17   11   11    9
 0.04331776159247779   17   11   11   11
 -0.03341695268479924   17   11   12    1
 0.001274017611687814   17   11   12    3
 -0.01983775047399104   17   11   12    5
 -0.01276673244314228   17   11   12    7
 0.001395487090687434   17   11   12   10
 0.0571825611177654   17   11   12   12
 0.02688233281088864   17   11   13   13
 -0.02623131589448384   17   11   14    1
 0.02637694381989705   17   11   14    3
 -0.01695712378986619   17   11   14    5
 -0.01406947077756744   17   11   14    7
 0.013573413056483   17   11   14   10
 0.02850700728891394   17   11   14   12
 0.0648040764664037   17   11   14   14
 -0.01494673224163612   17   11   15    4
 0.004807865264642062   17   11   15    8
 0.02865841953263868   17   11   15   15
 0.006630626030747481   17   11   16    2
 -0.006686434144026376   17   11   16    6
 0.002217738554673714   17   11   16    9
 0.003732193919994937   17   11   16   11
 0.01247794636511797   17   11   16   16
 0.003769193239413651   17   11   17    2
 -0.04626256353046013   17   11   17    6
 -0.0009746072211881033   17   11   17    9
 0.0693267111116448   17   11   17   11
 8.623404846791348e-05   17   12    2    1
 0.004629433184540612   17   12    3    2
 -0.008638976996741985   17   12    5    2
 0.005131487193034303   17   12    6    1
 0.002907815322285796   17   12    6    3
 -0.008980551053491362   17   12    6    5
 -0.001122061982406403   17   12    7    2
 0.005629556436634839   17   12    7    6
 0.005038597858615166   17   12    9    1
 -0.00455415637743278   17   12    9    3
 -0.001745309094419691   17   12    9    5
 -0.00449540701692565   17   12    9    7
 0.0113649423461309   17   12   10    2
 0.0001211322815406594   17   12   10    6
 -0.004251937501211884   17   12   10    9
 -0.008350605251936261   17   12   11    1
 0.0006868891597977247   17   12   11    3
 0.0006010824430456247   17   12   11    5
 -0.005207789678184257   17   12   11    7
 -0.01230992076301739   17   12   11   10
 0.001983353445867154   17   12   12    2
 -0.002114977272970484   17   12   12    6
 -0.001859347663159632   17   12   12    9
 -0.0002986631018841376   17   12   12   11
 0.0008744177991599741   17   12   13    4
 0.003319623966973322   17   12   13    8
 0.005418239696410472   17   12   14    2
 -0.008751479559319205   17   12   14    6
 0.00268419570466659   17   12   14    9
 0.006881895648090607   17   12   14   11
 0.01042906584838342   17   12   15   13
 -0.004703065798089564   17   12   16    1
 -0.001502589046120748   17   12   16    3
 -0.00324539113457184   17   12   16    5
 0.001307048516587682   17   12   16    7
 -0.005587858432736052   17   12   16   10
 0.009322226323854788   17   12   16   12
 -0.007751270581100784   17   12   16   14
 -0.002472314236686689   17   12   17    1
 0.007886071651808994   17   12   17    3
 -0.005344124055460763   17   12   17    5
 0.002401243471932154   17   12   17    7
 0.004205692657074463   17   12   17   10
 0.01512859403087515   17   12   17   12
 -0.01976027330389299   17   13    4    1
 -0.005907153647206813   17   13    4    3
 -0.004355436334466642   17   13    5    4
 0.001236950942752814   17   13    7    4
 0.0004729464801615308   17   13    8    1
 0.0002476370289427549   17   13    8    3
 0.005906809896207584   17   13    8    5
 -0.002893255148320529   17   13    8    7
 0.005412301247122771   17   13   10    4
 0.0007532957549694049   17   13   10    8
 -0.002900405402714946   17   13   12    4
 -0.006272327870614493   17   13   12    8
 -0.01857070448801708   17   13   13    2
 0.003448224452459611   17   13   13    6
 0.002103678300292257   17   13   13    9
 0.002807841055694211   17   13   13   11
 -0.01228939419635853   17   13   14    4
 -0.009360891297055689   17   13   14    8
 -0.01372638296721495   17   13   15    1
 -0.009836395997620338   17   13   15    3
 -0.004118740113080697   17   13   15    5
 0.0002418901565491178   17   13   15    7
 -0.001007071941441018   17   13   15   10
 -0.001733167561909893   17   13   15   12
 -0.005070429375599649   17   13   15   14
 -0.002357195967021277   17   13   16   13
 0.02438066342064009   17   13   17   13
 -0.03173388639350068   17   14    2    1
 0.002671564115095486   17   14    3    2
 0.01022303438957506   17   14    5    2
 0.007040017497332877   17   14    6    1
 -0.01756443672440577   17   14    6    3
 0.02105974750245372   17   14    6    5
 -0.008033560899035236   17   14    7    2
 -0.004187055325136684   17   14    7    6
 0.002541867591383317   17   14    9    1
 0.004511270028196887   17   14    9    3
 0.008534746693515853   17   14    9    5
 0.008803849056543288   17   14    9    7
 -0.01734328048164436   17   14   10    2
 -0.005850651863270282   17   14   10    6
 0.004215900990699734   17   14   10    9
 -0.005175503095809726   17   14   11    1
 0.01770841516568926   17   14   11    3
 -0.00746006654166617   17   14   11    5
 0.0004108224917692206   17   14   11    7
 0.02641536650949075   17   14   11   10
 0.01152262031970959   17   14   12    2
 -0.007609898764495466   17   14   12    6
 -0.001979920864763022   17   14   12    9
 0.01616200816272596   17   14   12   11
 -0.01632802024006036   17   14   13    4
 -0.006137145668841985   17   14   13    8
 -0.001408572561759347   17   14   14    2
 0.004505780301888879   17   14   14    6
 -0.01642308155442989   17   14   14    9
 0.0002406448544950813   17   14   14   11
 -0.03361213358359898   17   14   15   13
 0.001989421735376712   17   14   16    1
 0.001163137598180031   17   14   16    3
 0.0004459956065919845   17   14   16    5
 -0.004581000408630089   17   14   16    7
 0.01698754432162046   17   14   16   10
 -0.02330070239511433   17   14   16   12
 0.01756880661632235   17   14   16   14
 -0.007103781652274225   17   14   17    1
 0.00679089788107998   17   14   17    3
 0.008994287572390618   17   14   17    5
 -0.01435101698923981   17   14   17    7
 -0.008630486294773738   17   14   17   10
 -0.005897646778905669   17   14   17   12
 0.02161112724224806   17   14   17   14
 -0.0120738078934983   17   15    4    2
 0.004984021159260443   17   15    6    4
 0.001940999409341808   17   15    8    2
 -0.001303411902518824   17   15    8    6
 0.0008936071947255183   17   15    9    4
 -0.004160154171095245   17   15    9    8
 -0.002750137376021507   17   15   11    4
 0.003133521538280449   17   15   11    8
 -0.01309709462658813   17   15   13    1
 -0.003593871968563285   17   15   13    3
 -0.005307288562278532   17   15   13    5
 0.001718470558577379   17   15   13    7
 0.0005239475288897547   17   15   13   10
 -0.0001278677209510047   17   15   13   12
 -0.007762983729483718   17   15   14   13
 -0.00708088535688386   17   15   15    2
 0.003947080231066985   17   15   15    6
 0.003789288390833327   17   15   15    9
 0.001580441421350877   17   15   15   11
 -0.002223261278149503   17   15   16    4
 -0.0003959008148115368   17   15   16    8
 -0.0007408235756382827   17   15   16   15
 0.004950844542309136   17   15   17    4
 0.003612629663915099   17   15   17    8
 0.02038091574097341   17   15   17   15
 0.005657903499396447   17   16    1    1
 0.01134386462073409   17   16    2    2
 -0.02144165975057549   17   16    3    1
 0.01258877379470965   17   16    3    3
 0.01075534364898989   17   16    4    4
 -0.002063040312374633   17   16    5    1
 0.001052871475148182   17   16    5    3
 -0.003870268340877652   17   16    5    5
 -0.01251041377272921   17   16    6    2
 0.001916581636201907   17   16    6    6
 0.004099661516164071   17   16    7    1
 -0.006534947943486866   17   16    7    3
 0.004630432014069701   17   16    7    5
 0.01056065627124822   17   16    7    7
 -0.006665123171663577   17   16    8    4
 0.007624662957671078   17   16    8    8
 0.00306913627751353   17   16    9    2
 -0.002206637980805037   17   16    9    6
 0.008414888034693009   17   16    9    9
 0.003401608957316934   17   16   10    1
 0.002403720295498924   17   16   10    3
 0.002906404175898402   17   16   10    5
 -0.003929035677974769   17   16   10    7
 -0.007488044279609129   17   16   10   10
 0.01191404353465333   17   16   11    2
 -0.004974957956233848   17   16   11    6
 -0.006723455374721646   17   16   11    9
 0.002258732459679272   17   16   11   11
 -0.01025556340105959   17   16   12    1
 -0.007729247871583146   17   16   12    3
 -0.006963178065305674   17   16   12    5
 -0.006250752291974162   17   16   12    7
 0.004116593616346046   17   16   12   10
 0.001045536103736662   17   16   12   12
 -0.005612322763689483   17   16   13   13
 0.001117053007257294   17   16   14    1
 0.007853183152364451   17   16   14    3
 0.002252695033339497   17   16   14    5
 -0.009039151933314619   17   16   14    7
 0.003742130855731537   17   16   14   10
 0.001894858247407074   17   16   14   12
 0.006838166329738336   17   16   14   14
 -0.0083779484158847   17   16   15    4
 -0.000274571103048518   17   16   15    8
 -0.005344708773801148   17   16   15   15
 -0.003229698858252037   17   16   16    2
 0.004337388943350509   17   16   16    6
 0.005642753796911574   17   16   16    9
 6.066519720258016e-05   17   16   16   11
 -0.00648255798497174   17   16   16   16
 0.005517052517232891   17   16   17    2
 -0.007100313259113854   17   16   17    6
 -0.005737254923864221   17   16   17    9
 0.007623058169521256   17   16   17   11
 0.02160892979540158   17   16   17   16
 0.5751554861296316   17   17    1    1
 0.5670332873689521   17   17    2    2
 0.03376932258330386   17   17    3    1
 0.5274266375217909   17   17    3    3
 0.5177879996722999   17   17    4    4
 0.05081604249331739   17   17    5    1
 0.01541357238594556   17   17    5    3
 0.393979976342441   17   17    5    5
 -0.04420922542006665   17   17    6    2
 0.4135616283373797   17   17    6    6
 0.004154797965040657   17   17    7    1
 -0.08623412311652719   17   17    7    3
 -0.07650386824718325   17   17    7    5
 0.4235217218092632   17   17    7    7
 -0.1009829488920305   17   17    8    4
 0.4239377980293124   17   17    8    8
 -0.09201052715459292   17   17    9    2
 0.01798583878786305   17   17    9    6
 0.412621454484598   17   17    9    9
 0.008447391118546595   17   17   10    1
 0.0334913178764027   17   17   10    3
 -0.08124851581650104   17   17   10    5
 0.02348679964371888   17   17   10    7
 0.5089650807434609   17   17   10   10
 -0.005524920296766272   17   17   11    2
 -0.1200984124228072   17   17   11    6
 0.01842914112111594   17   17   11    9
 0.503971265387252   17   17   11   11
 -0.03993245238927993   17   17   12    1
 0.04787303756424369   17   17   12    3
 -0.03898647364320547   17   17   12    5
 0.03176754786486324   17   17   12    7
 -0.01526964262088841   17   17   12   10
 0.4872036471311345   17   17   12   12
 0.5151196896252304   17   17   13   13
 -0.05378336319977456   17   17   14    1
 -0.003526057877375333   17   17   14    3
 -0.01906159093847811   17   17   14    5
 -0.03168871648131889   17   17   14    7
 -0.007378231160821893   17   17   14   10
 -0.01705072721201185   17   17   14   12
 0.4842449390815468   17   17   14   14
 0.0278682202825626   17   17   15    4
 0.03880291364444746   17   17   15    8
 0.5000079993992828   17   17   15   15
 -0.005865282441910422   17   17   16    2
 0.003926097916039134   17   17   16    6
 -0.03694832491013546   17   17   16    9
 0.007703891260682218   17   17   16   11
 0.5021265465076655   17   17   16   16
 0.002174051515035711   17   17   17    2
 0.02125722644569044   17   17   17    6
 0.0111713319115762   17   17   17    9
 0.04584549965092228   17   17   17   11
 -0.001534583963176171   17   17   17   16
 0.566315987733559   17   17   17   17
 0.02250928169824046   18    1    1    1
 -0.009276102373213491   18    1    2    2
 -0.0119884265236571   18    1    3    1
 0.01596870060773277   18    1    3    3
 0.06019663280259532   18    1    4    4
 0.01858396339054017   18    1    5    1
 0.009565271435927383   18    1    5    3
 0.00658295488719445   18    1    5    5
 -0.01095681464282917   18    1    6    2
 0.002706935355880412   18    1    6    6
 -0.008038864209493598   18    1    7    1
 -0.02171061837322767   18    1    7    3
 -0.007368477712262676   18    1    7    5
 0.02038055484341668   18    1    7    7
 -0.03781959544864615   18    1    8    4
 0.0398340469201954   18    1    8    8
 0.0002561854144605353   18    1    9    2
 0.007274057040374145   18    1    9    6
 -0.004635188897067245   18    1    9    9
 -0.02765384877332518   18    1   10    1
 -0.007084675302170471   18    1   10    3
 -0.005244425493996698   18    1   10    5
 0.004073907792024567   18    1   10    7
 -0.0181476486732536   18    1   10   10
 0.02609737356613123   18    1   11    2
 -0.003682467687687054   18    1   11    6
 -0.01813736745248846   18    1   11    9
 -0.007155892072714895   18    1   11   11
 -0.01558142299175378   18    1   12    1
 -0.009926881834283807   18    1   12    3
 -0.00845559802595921   18    1   12    5
 -0.001749421336281438   18    1   12    7
 0.01290131021285078   18    1   12   10
 -0.003398056674202392   18    1   12   12
 -0.01922261200241944   18    1   13   13
 -0.00623138728964992   18    1   14    1
 0.005299219854173851   18    1   14    3
 -0.00315014267684643   18    1   14    5
 0.00263919744951551   18    1   14    7
 0.003685271973131115   18    1   14   10
 0.02298298543199996   18    1   14   12
 0.005572202955528308   18    1   14   14
 -0.01604101654393204   18    1   15    4
 -0.001103118495838144   18    1   15    8
 -0.01305805005241961   18    1   15   15
 0.007421638123683017   18    1   16    2
 -0.005141250030127704   18    1   16    6
 0.004033569883721033   18    1   16    9
 0.002491904621385525   18    1   16   11
 -0.02719864689989416   18    1   16   16
 0.02772452490517438   18    1   17    2
 -0.006276676421360215   18    1   17    6
 -0.01406165466733776   18    1   17    9
 0.0006009923458521151   18    1   17   11
 -0.0003045928826284007   18    1   17   16
 -0.009940942256039798   18    1   17   17
 0.04681722895780768   18    1   18    1
 -0.05011500166456181   18    2    2    1
 -0.007977469640789329   18    2    3    2
 -0.0005249853209694586   18    2    5    2
 0.013158634327223   18    2    6    1
 -0.008768048644392731   18    2    6    3
 0.0008882045000403405   18    2    6    5
 0.002045048603103924   18    2    7    2
 -0.0004614129751201807   18    2    7    6
 0.01260778885144127   18    2    9    1
 0.01571076284017123   18    2    9    3
 0.01058550323354678   18    2    9    5
 0.006219544367396355   18    2    9    7
 -0.02844998178554569   18    2   10    2
 -0.0003468632909186015   18    2   10    6
 0.01060378565001762   18    2   10    9
 0.002652401154088456   18    2   11    1
 0.01916207359715204   18    2   11    3
 -0.006679682526685909   18    2   11    5
 -0.003880592959835646   18    2   11    7
 0.02173878081644609   18    2   11   10
 0.01599945469393243   18    2   12    2
 -0.008215690572732047   18    2   12    6
 -0.00224285318049016   18    2   12    9
 0.01083179230744104   18    2   12   11
 -0.01862104183916461   18    2   13    4
 -0.00394582747265712   18    2   13    8
 -0.004562131665517783   18    2   14    2
 0.0003201649946559112   18    2   14    6
 -0.02034461784549639   18    2   14    9
 -0.004053176878685988   18    2   14   11
 -0.03317191462203378   18    2   15   13
 0.003229294836070711   18    2   16    1
 -0.0008023397577967352   18    2   16    3
 -0.004001329600160836   18    2   16    5
 -0.0009006562604610608   18    2   16    7
 0.02091670587001715   18    2   16   10
 -0.02540417518356727   18    2   16   12
 0.01737824879763251   18    2   16   14
 0.02425182707493649   18    2   17    1
 0.02749551435907683   18    2   17    3
 -0.002984847389687487   18    2   17    5
 -0.005511829075670326   18    2   17    7
 0.02127357802517158   18    2   17   10
 -0.001144821269472782   18    2   17   12
 0.003360653685411717   18    2   17   14
 0.0428911015499755   18    2   18    2
 0.007266205012819812   18    3    1    1
 0.002953493351987849   18    3    2    2
 -0.01899887941367391   18    3    3    1
 0.02213837875495527   18    3    3    3
 0.009574554571676757   18    3    4    4
 0.00442061998156893   18    3    5    1
 0.006734895688929158   18    3    5    3
 0.006066903684303592   18    3    5    5
 -0.01023422915800658   18    3    6    2
 0.01012220629928983   18    3    6    6
 1.158247148248191e-05   18    3    7    1
 -0.02468831337305885   18    3    7    3
 -0.004417192546336366   18    3    7    5
 0.02254295537086954   18    3    7    7
 -0.01762463097627317   18    3    8    4
 0.01031430825260275   18    3    8    8
 0.002508287108035912   18    3    9    2
 0.004779365948607789   18    3    9    6
 0.002244149725138536   18    3    9    9
 -0.006535670376533413   18    3   10    1
 -0.001318485906130567   18    3   10    3
 -0.00439863117050843   18    3   10    5
 0.004489713868824713   18    3   10    7
 -0.008859822304743813   18    3   10   10
 0.02119839211291786   18    3   11    2
 -0.007046791515038299   18    3   11    6
 -0.01399905432021291   18    3   11    9
 0.004349368022424079   18    3   11   11
 -0.01704403531133165   18    3   12    1
 -0.009401323231879524   18    3   12    3
 -0.003293199887329039   18    3   12    5
 -0.005520450340285666   18    3   12    7
 0.007339604000013071   18    3   12   10
 -0.004497046442581244   18    3   12   12
 -0.01313992332054974   18    3   13   13
 -0.01100683035174445   18    3   14    1
 0.01511284411167059   18    3   14    3
 -0.001631356759633784   18    3   14    5
 -0.008318969517949514   18    3   14    7
 0.008697000294506235   18    3   14   10
 0.008873706258147068   18    3   14   12
 0.002256388225541345   18    3   14   14
 -0.006203316643697001   18    3   15    4
 0.001059326631154972   18    3   15    8
 -0.01171966084252696   18    3   15   15
 -0.003039994185072827   18    3   16    2
 -0.006486963339745248   18    3   16    6
 0.003399150893561176   18    3   16    9
 0.006379724946241618   18    3   16   11
 -0.01317369544693704   18    3   16   16
 0.02670556941654486   18    3   17    2
 -0.002975941765164753   18    3   17    6
 -0.01243331034884137   18    3   17    9
 0.0006770794168951635   18    3   17   11
 0.005295049104085163   18    3   17   16
 0.004829835256322528   18    3   17   17
 0.01673608298573583   18    3   18    1
 0.02512842778482932   18    3   18    3
 0.0683044863936676   18    4    4    1
 -0.01709899631700324   18    4    4    3
 0.02024630047196362   18    4    5    4
 -0.0003264354082011781   18    4    7    4
 -0.02861673128617605   18    4    8    1
 0.004946186665432548   18    4    8    3
 -0.0209970675679805   18    4    8    5
 -0.00233137189631433   18    4    8    7
 -0.02844176088025909   18    4   10    4
 0.01269266700947787   18    4   10    8
 -0.007121650924155491   18    4   12    4
 0.02810929714468431   18    4   12    8
 0.01679080299463494   18    4   13    2
 -0.00309320167117429   18    4   13    6
 0.0001887582285547027   18    4   13    9
 0.003828467740231712   18    4   13   11
 0.01616273377902614   18    4   14    4
 0.02423631154438613   18    4   14    8
 -0.003863871381053706   18    4   15    1
 0.02013230479669904   18    4   15    3
 0.001134765770050622   18    4   15    5
 -0.002193160678264678   18    4   15    7
 0.00294957658726937   18    4   15   10
 -0.00362455413147948   18    4   15   12
 -0.002906101005961251   18    4   15   14
 0.003265919089029875   18    4   16   13
 -0.001541555086140279   18    4   17   13
 0.04995841615216418   18    4   18    4
 0.05383827036093933   18    5    1    1
 0.02662583936074541   18    5    2    2
 -0.008500084666371401   18    5    3    1
 0.04422154407725594   18    5    3    3
 0.06439972969487578   18    5    4    4
 0.02566980998332386   18    5    5    1
 0.02127550060955967   18    5    5    3
 -0.004395750169436821   18    5    5    5
 -0.03318860580181569   18    5    6    2
 -0.01170026283464798   18    5    6    6
 -0.01016699786410455   18    5    7    1
 -0.03245227159174226   18    5    7    3
 -0.004176966434967885   18    5    7    5
 0.03469895049584768   18    5    7    7
 -0.03603043579233019   18    5    8    4
 0.04269973908516446   18    5    8    8
 -0.009717422626274525   18    5    9    2
 0.006074629145633327   18    5    9    6
 0.01730689207720226   18    5    9    9
 -0.02272143494818997   18    5   10    1
 -0.01070657072305361   18    5   10    3
 -0.001118868310190605   18    5   10    5
 -0.004468362100836353   18    5   10    7
 -0.01559568994580144   18    5   10   10
 0.0311819431621785   18    5   11    2
 -0.01079096347030821   18    5   11    6
 -0.01754154389224328   18    5   11    9
 -0.002466002676814852   18    5   11   11
 -0.01870770721948687   18    5   12    1
 -0.005103932379276854   18    5   12    3
 -0.01271705572918797   18    5   12    5
 -0.003683370486314903   18    5   12    7
 0.004749425080515205   18    5   12   10
 0.01220746419845024   18    5   12   12
 -0.009752341840541329   18    5   13   13
 -0.01021257157478392   18    5   14    1
 0.009666805661294948   18    5   14    3
 -0.0116544487097385   18    5   14    5
 0.001726935991140328   18    5   14    7
 0.00752944982785738   18    5   14   10
 0.02223108698144642   18    5   14   12
 0.01989521904025467   18    5   14   14
 -0.00945604453029723   18    5   15    4
 -0.001875876539947825   18    5   15    8
 -0.008092077647449908   18    5   15   15
 0.006719722088470289   18    5   16    2
 -0.001731471425539338   18    5   16    6
 0.00465872477498151   18    5   16    9
 0.0002245499151313357   18    5   16   11
 -0.02003695719173462   18    5   16   16
 -0.002566464646570911   18    5   17    2
 -0.03085983350785493   18    5   17    6
 -0.002935646212231559   18    5   17    9
 0.03309134359029121   18    5   17   11
 0.005124230595223766   18    5   17   16
 -0.01164352155158078   18    5   17   17
 0.01455773620444202   18    5   18    1
 0.002418697847372243   18    5   18    3
 0.03213693688728887   18    5   18    5
 0.02791491303220121   18    6    2    1
 0.009229214338881166   18    6    3    2
 -0.02102568361756237   18    6    5    2
 0.00372589460578087   18    6    6    1
 0.01942504278089209   18    6    6    3
 -0.03797660748930041   18    6    6    5
 0.00786059424011944   18    6    7    2
 0.01022640949670761   18    6    7    6
 -0.002392243596308111   18    6    9    1
 -0.008503289932984279   18    6    9    3
 -0.009276650282668509   18    6    9    5
 -0.008957085761554427   18    6    9    7
 0.03064232461763545   18    6   10    2
 0.01173745891210259   18    6   10    6
 -0.009189379326329477   18    6   10    9
 -0.008691396838654735   18    6   11    1
 -0.01776899026752345   18    6   11    3
 0.006849627815797927   18    6   11    5
 -0.008674771381831358   18    6   11    7
 -0.04338526556685369   18    6   11   10
 -0.007001402599697861   18    6   12    2
 -0.0004603045097925983   18    6   12    6
 -0.006065409687937589   18    6   12    9
 -0.01535245106805905   18    6   12   11
 0.0132212428458806   18    6   13    4
 0.009426749373199912   18    6   13    8
 0.0003943904369569685   18    6   14    2
 -0.01093152199242856   18    6   14    6
 0.01680045063251715   18    6   14    9
 0.007473131511014142   18    6   14   11
 0.04766219205659917   18    6   15   13
 -0.004063025485650214   18    6   16    1
 -0.0001103441261018623   18    6   16    3
 0.005958489443437114   18    6   16    5
 0.002525927994000652   18    6   16    7
 -0.02877813282866173   18    6   16   10
 0.0356463149473654   18    6   16   12
 -0.0252353501051269   18    6   16   14
 0.001778155142373765   18    6   17    1
 0.002080768314888532   18    6   17    3
 -0.02347152306603499   18    6   17    5
 0.01881428162205605   18    6   17    7
 0.02401996853463049   18    6   17   10
 0.007982451694448233   18    6   17   12
 -0.01518405378762941   18    6   17   14
 0.0002190647923435861   18    6   18    2
 0.0309718290261621   18    6   18    6
 -0.07003372448094972   18    7    1    1
 -0.04384324494503943   18    7    2    2
 0.004739127264289722   18    7    3    1
 -0.06876178442449268   18    7    3    3
 -0.06847895641533544   18    7    4    4
 -0.02648648514655596   18    7    5    1
 -0.021295673898826   18    7    5    3
 -0.01143108311017134   18    7    5    5
 0.03085226082330755   18    7    6    2
 -0.007806111773758848   18    7    6    6
 0.007831004584181664   18    7    7    1
 0.04263949193280332   18    7    7    3
 0.01411230037935522   18    7    7    5
 -0.052545699289305   18    7    7    7
 0.03929684741340621   18    7    8    4
 -0.04920384244240389   18    7    8    8
 0.01785889452401929   18    7    9    2
 -0.008691351836324787   18    7    9    6
 -0.0228174868481471   18    7    9    9
 0.02196857466490874   18    7   10    1
 0.0095130790443283   18    7   10    3
 0.006266763147227162   18    7   10    5
 0.001566941774074233   18    7   10    7
 -0.003674854783666007   18    7   10   10
 -0.03061770227786835   18    7   11    2
 0.01849158242841956   18    7   11    6
 0.01610721905603311   18    7   11    9
 -0.01912550800286261   18    7   11   11
 0.01899181898277195   18    7   12    1
 -0.00102424827801251   18    7   12    3
 0.01442974280763318   18    7   12    5
 -0.0001431244493055979   18    7   12    7
 -0.004298316503159956   18    7   12   10
 -0.03062141386984673   18    7   12   12
 -0.008564080351126041   18    7   13   13
 0.02113552579709388   18    7   14    1
 -0.01200274872852448   18    7   14    3
 0.0111392067034447   18    7   14    5
 0.003417001274237033   18    7   14    7
 -0.0077037601180365   18    7   14   10
 -0.0189031502026268   18    7   14   12
 -0.03325200513526464   18    7   14   14
 0.00554306975133932   18    7   15    4
 -0.00163897574177441   18    7   15    8
 -0.01030001380530647   18    7   15   15
 -0.008757959681106981   18    7   16    2
 0.0009828553478298534   18    7   16    6
 0.0003885599965977178   18    7   16    9
 0.0005445101676752   18    7   16   11
 -0.002096565558943538   18    7   16   16
 -0.005529516571215837   18    7   17    2
 0.02434585303961299   18    7   17    6
 0.003432682424668401   18    7   17    9
 -0.03223948300657398   18    7   17   11
 -0.001530390506207928   18    7   17   16
 -0.01725299883608688   18    7   17   17
 -0.01285171143895366   18    7   18    1
 -0.009698006217469421   18    7   18    3
 -0.02486095177381008   18    7   18    5
 0.02796081946471965   18    7   18    7
 -0.03750798009960077   18    8    4    1
 0.003875340221736225   18    8    4    3
 -0.01336994505996616   18    8    5    4
 0.001255478085068086   18    8    7    4
 0.02081789848628529   18    8    8    1
 -0.003574501051944362   18    8    8    3
 0.01231661472675098   18    8    8    5
 -0.002826101607098736   18    8    8    7
 0.01573448565515057   18    8   10    4
 -0.008805928315207587   18    8   10    8
 0.01075877989305568   18    8   12    4
 -0.01399812309961355   18    8   12    8
 -0.01175883728176726   18    8   13    2
 0.001979929367175663   18    8   13    6
 0.001591174234446242   18    8   13    9
 -0.001225459575926126   18    8   13   11
 -0.0008017471164540367   18    8   14    4
 -0.01058746562792726   18    8   14    8
 -0.002760407193473975   18    8   15    1
 -0.01020634779979565   18    8   15    3
 -0.0005943715871074019   18    8   15    5
 0.002228576583662452   18    8   15    7
 -0.001537420895784347   18    8   15   10
 -0.001875351648844927   18    8   15   12
 -0.001917836762665148   18    8   15   14
 -0.002190033814469241   18    8   16   13
 0.00465358912837036   18    8   17   13
 -0.02506393296398338   18    8   18    4
 0.01857548475704916   18    8   18    8
 0.01628384649545871   18    9    2    1
 0.01112637823312921   18    9    3    2
 -0.001339954739227967   18    9    5    2
 0.0009903881652435548   18    9    6    1
 0.002923300623272637   18    9    6    3
 -0.005616135152708133   18    9    6    5
 0.001555723820353992   18    9    7    2
 0.001701588667287825   18    9    7    6
 -0.01017061180231298   18    9    9    1
 -0.00600254087342349   18    9    9    3
 0.001178870585640319   18    9    9    5
 0.001852747289859558   18    9    9    7
 0.01466499487209431   18    9   10    2
 0.00399950823060753   18    9   10    6
 -0.00931301469318244   18    9   10    9
 -0.008622876545554293   18    9   11    1
 -0.009882789145416517   18    9   11    3
 0.003019614940357268   18    9   11    5
 -0.002465123415529256   18    9   11    7
 -0.01752014073534864   18    9   11   10
 -0.0001526242574440841   18    9   12    2
 0.002850196857599051   18    9   12    6
 -0.003348799640011973   18    9   12    9
 -0.005845377624908365   18    9   12   11
 0.00654539285691424   18    9   13    4
 0.002304352291740401   18    9   13    8
 -0.005137920494490066   18    9   14    2
 -0.001786687080021426   18    9   14    6
 0.006410500598636476   18    9   14    9
 0.007203001920273133   18    9   14   11
 0.01940888934645841   18    9   15   13
 0.001578213665664592   18    9   16    1
 0.00405412061690248   18    9   16    3
 0.002091990400851372   18    9   16    5
 0.002139198691698096   18    9   16    7
 -0.009191864331990943   18    9   16   10
 0.01350929242763531   18    9   16   12
 -0.007599475308300367   18    9   16   14
 -0.01265053897475254   18    9   17    1
 -0.008878088586459752   18    9   17    3
 -0.004413465091770702   18    9   17    5
 0.003706399634269738   18    9   17    7
 -0.003808786690707129   18    9   17   10
 -0.001705958653255501   18    9   17   12
 0.002525333707771122   18    9   17   14
 -0.01393591465132607   18    9   18    2
 0.002696641168488876   18    9   18    6
 0.01104957419911441   18    9   18    9
 -0.1006425503876837   18   10    1    1
 -0.08138435174979548   18   10    2    2
 0.003867798937568593   18   10    3    1
 -0.07515832925897151   18   10    3    3
 -0.1000521410351092   18   10    4    4
 -0.03101672470037423   18   10    5    1
 -0.02346328166223331   18   10    5    3
 -0.01066747216491855   18   10    5    5
 0.04213324500150973   18   10    6    2
 -0.007263993914633333   18   10    6    6
 0.01204818208743153   18   10    7    1
 0.03779666908610434   18   10    7    3
 0.006727100938398066   18   10    7    5
 -0.05179969465200412   18   10    7    7
 0.04356726856100912   18   10    8    4
 -0.06400641662074344   18   10    8    8
 0.02321425695235289   18   10    9    2
 -0.006180519772067144   18   10    9    6
 -0.04725330312244582   18   10    9    9
 0.01113216168702347   18   10   10    1
 0.0005514392526761457   18   10   10    3
 0.01249261605861227   18   10   10    5
 0.002353035255367359   18   10   10    7
 -0.02260599098567572   18   10   10   10
 -0.0246285381258047   18   10   11    2
 0.02440513848032376   18   10   11    6
 0.01041499743953331   18   10   11    9
 -0.03202030241873742   18   10   11   11
 0.02704941087329947   18   10   12    1
 0.003997943611312387   18   10   12    3
 0.01640144426267936   18   10   12    5
 0.003441234366375562   18   10   12    7
 0.0005358056511579394   18   10   12   10
 -0.04273416292869809   18   10   12   12
 -0.03141545230985433   18   10   13   13
 0.01053409933032789   18   10   14    1
 -0.005398565287498549   18   10   14    3
 0.01403848046808259   18   10   14    5
 0.0007215510062050941   18   10   14    7
 -0.006789299432674704   18   10   14   10
 -0.01702318497280707   18   10   14   12
 -0.05375467102899443   18   10   14   14
 0.00524075815496822   18   10   15    4
 -0.0009774238607733398   18   10   15    8
 -0.02919646924086879   18   10   15   15
 0.002162170387761609   18   10   16    2
 0.002147512400594303   18   10   16    6
 -0.002750667929095959   18   10   16    9
 -0.003531234126017129   18   10   16   11
 -0.01496529292010154   18   10   16   16
 0.01966388411511314   18   10   17    2
 0.02935344766902323   18   10   17    6
 -0.006305978691669519   18   10   17    9
 -0.04740924634933764   18   10   17   11
 -0.01214163696690923   18   10   17   16
 -0.02989925341581566   18   10   17   17
 -0.0006621723804522093   18   10   18    1
 0.006500639709959726   18   10   18    3
 -0.03139691012086127   18   10   18    5
 0.02284381570766502   18   10   18    7
 0.05284894793005734   18   10   18   10
 0.006198899270148864   18   11    2    1
 0.005764256293438673   18   11    3    2
 0.0119328640801385   18   11    5    2
 -0.004771868796857862   18   11    6    1
 -0.008828866217650494   18   11    6    3
 0.01638443923329319   18   11    6    5
 -0.007042604555149605   18   11    7    2
 -0.002581896398421546   18   11    7    6
 -0.008212889156173587   18   11    9    1
 -0.003873922598810339   18   11    9    3
 0.001268050558189335   18   11    9    5
 0.005373356844668742   18   11    9    7
 -0.003519122152975956   18   11   10    2
 -0.003514400480191901   18   11   10    6
 -0.001743572630289547   18   11   10    9
 -0.0005434375887268787   18   11   11    1
 0.002498543625517624   18   11   11    3
 0.0004116760354771459   18   11   11    5
 0.002886256777162795   18   11   11    7
 0.009822273629697705   18   11   11   10
 -0.0003224006414117884   18   11   12    2
 0.003808403809401708   18   11   12    6
 0.002295966868425509   18   11   12    9
 0.002842590671588225   18   11   12   11
 0.001843084458013358   18   11   13    4
 -0.003521168345272704   18   11   13    8
 -0.002020211758254817   18   11   14    2
 0.00490431436876514   18   11   14    6
 0.0002935517058614974   18   11   14    9
 0.0008616633196132668   18   11   14   11
 -0.007260478051076349   18   11   15   13
 0.002798458967763751   18   11   16    1
 0.003101596188828974   18   11   16    3
 -0.0007959474283394973   18   11   16    5
 -0.0004078573277521924   18   11   16    7
 0.006029692712511599   18   11   16   10
 -0.006034847810211991   18   11   16   12
 0.005097733985187138   18   11   16   14
 -0.01448090093695821   18   11   17    1
 -0.01087822377738006   18   11   17    3
 0.01148075160694235   18   11   17    5
 -0.009434213928487747   18   11   17    7
 -0.02332772694988573   18   11   17   10
 -0.006247070284163356   18   11   17   12
 0.009849819340697372   18   11   17   14
 -0.01526450684039384   18   11   18    2
 -0.01707939782956041   18   11   18    6
 0.006768694252486521   18   11   18    9
 0.0220639141184649   18   11   18   11
 -0.04093860554731065   18   12    1    1
 -0.02014248737741802   18   12    2    2
 -0.01958251779919165   18   12    3    1
 -0.0311043030645002   18   12    3    3
 -0.03593560514274804   18   12    4    4
 -0.01724657297913814   18   12    5    1
 -0.008954010102398794   18   12    5    3
 -0.01552274286841014   18   12    5    5
 0.004287244502847459   18   12    6    2
 -0.009147729679597158   18   12    6    6
 0.008049184668891709   18   12    7    1
 0.01497337125585804   18   12    7    3
 0.01419152198834814   18   12    7    5
 -0.02205399554464051   18   12    7    7
 0.02528063702385372   18   12    8    4
 -0.02443090946018254   18   12    8    8
 0.01543487533449132   18   12    9    2
 -0.005785407043536551   18   12    9    6
 -0.009648951829799909   18   12    9    9
 0.01587636525652237   18   12   10    1
 0.006850562035970002   18   12   10    3
 0.007286105897082851   18   12   10    5
 -0.002746219769922027   18   12   10    7
 -0.01578780757300211   18   12   10   10
 -0.003504164609690328   18   12   11    2
 0.008232938989731426   18   12   11    6
 0.0008634384897682853   18   12   11    9
 -0.01692689601928549   18   12   11   11
 0.0006659936098285478   18   12   12    1
 -0.01182017024004875   18   12   12    3
 0.005284812645589401   18   12   12    5
 -0.009730799430497093   18   12   12    7
 -0.0007207101986431854   18   12   12   10
 -0.02591629625210865   18   12   12   12
 -0.01735088944815734   18   12   13   13
 0.01696112893458271   18   12   14    1
 0.00414215686108841   18   12   14    3
 0.006712777348099989   18   12   14    5
 -0.005429364921085298   18   12   14    7
 -5.088373611411075e-05   18   12   14   10
 -0.00309431275442156   18   12   14   12
 -0.01596485240803758   18   12   14   14
 -0.005820156247546585   18   12   15    4
 -0.004833430845753818   18   12   15    8
 -0.01729312587927575   18   12   15   15
 -0.011464038273796   18   12   16    2
 -0.0002005700955316182   18   12   16    6
 0.008182555203471635   18   12   16    9
 0.004858336160557289   18   12   16   11
 -0.01907764124535827   18   12   16   16
 0.001101018771843818   18   12   17    2
 0.005429029274332376   18   12   17    6
 -0.00325655042262542   18   12   17    9
 -0.01166578798396631   18   12   17   11
 0.01473439477761728   18   12   17   16
 -0.0188001021723087   18   12   17   17
 -0.009334225819287167   18   12   18    1
 0.001396301230184585   18   12   18    3
 -0.009178121472794282   18   12   18    5
 0.01313714060866322   18   12   18    7
 0.004081433698111527   18   12   18   10
 0.02342351300013243   18   12   18   12
 -0.00467918613719328   18   13    4    2
 0.001056152607652457   18   13    6    4
 -0.0007381469543243019   18   13    8    2
 0.0008978879758789587   18   13    8    6
 0.0002798636400440701   18   13    9    4
 -0.000955803152197509   18   13    9    8
 0.001038764589532331   18   13   11    4
 0.0003058292692189722   18   13   11    8
 -0.008132108793203367   18   13   13    1
 -0.003421627682583734   18   13   13    3
 -0.004049498739729205   18   13   13    5
 0.001686455232441308   18   13   13    7
 -0.001308997500722347   18   13   13   10
 -0.0005899729913169889   18   13   13   12
 -0.005004857746893614   18   13   14   13
 -0.006561813767581976   18   13   15    2
 0.004561358739094838   18   13   15    6
 0.003172932431566054   18   13   15    9
 0.001413465361961503   18   13   15   11
 -0.0003328881597693542   18   13   16    4
 -0.0004563158846373521   18   13   16    8
 -0.001001096253452504   18   13   16   15
 0.005769957840070027   18   13   17    4
 0.001424127989212908   18   13   17    8
 0.01621044823421072   18   13   17   15
 0.0157855008686181   18   13   18   13
 0.00239084199396645   18   14    1    1
 -0.006236880993274168   18   14    2    2
 -0.01057650577488882   18   14    3    1
 0.01336767070038562   18   14    3    3
 0.01241380590782111   18   14    4    4
 0.0002496574697023248   18   14    5    1
 0.003533904288925776   18   14    5    3
 -0.009453686319487068   18   14    5    5
 -0.003581154410743471   18   14    6    2
 -0.0102891242370202   18   14    6    6
 0.006006509363012322   18   14    7    1
 -0.004284278626765326   18   14    7    3
 0.006553302387210196   18   14    7    5
 0.004046101756569214   18   14    7    7
 0.004123448687588033   18   14    8    4
 0.005757202765819941   18   14    8    8
 -9.212471608120339e-05   18   14    9    2
 -0.001348764720491608   18   14    9    6
 -9.930308717755421e-05   18   14    9    9
 -0.003945609961842868   18   14   10    1
 0.0002645578886781865   18   14   10    3
 0.002169591543343398   18   14   10    5
 -0.005168901125005254   18   14   10    7
 -0.009206929551898148   18   14   10   10
 0.001545828926731383   18   14   11    2
 0.001104525144779656   18   14   11    6
 0.0007837443399308493   18   14   11    9
 -0.006246985749299031   18   14   11   11
 0.008745688078334268   18   14   12    1
 -0.0007230598303651882   18   14   12    3
 0.001585145700283649   18   14   12    5
 -0.007488128221829677   18   14   12    7
 -7.94530595595664e-05   18   14   12   10
 -0.001362812916080356   18   14   12   12
 -0.00905143363965066   18   14   13   13
 0.001509387455069081   18   14   14    1
 0.006663658089618176   18   14   14    3
 0.001175911040268479   18   14   14    5
 -0.002889220562808464   18   14   14    7
 -0.005054956637324783   18   14   14   10
 0.00801962251234682   18   14   14   12
 0.004401762031542085   18   14   14   14
 -0.007853730433756458   18   14   15    4
 -0.003838112964763162   18   14   15    8
 -0.004343991352794604   18   14   15   15
 0.006005230202285511   18   14   16    2
 -0.003845881560963358   18   14   16    6
 0.002556621420770091   18   14   16    9
 -0.001083742559910366   18   14   16   11
 -0.01087325581436671   18   14   16   16
 -0.00316485315962071   18   14   17    2
 -0.00966928676356002   18   14   17    6
 0.00519323338979452   18   14   17    9
 0.01023096973152582   18   14   17   11
 -0.007652945109613498   18   14   17   16
 -0.01033321965612983   18   14   17   17
 -0.001628970771535559   18   14   18    1
 -0.007781732403239892   18   14   18    3
 0.004113311091173409   18   14   18    5
 -0.0018296992448995   18   14   18    7
 -0.004916839515237356   18   14   18   10
 -0.003893292200531046   18   14   18   12
 0.01746458554246639   18   14   18   14
 -0.02326812571058921   18   15    4    1
 0.005836964378114506   18   15    4    3
 -0.004211993656094899   18   15    5    4
 -0.001503378074322479   18   15    7    4
 0.003910062518348215   18   15    8    1
 -0.002313322491274368   18   15    8    3
 0.005100029290056292   18   15    8    5
 0.002731387877801421   18   15    8    7
 0.006419317933618948   18   15   10    4
 -0.001441193416096643   18   15   10    8
 -0.002594675326938494   18   15   12    4
 -0.009507284079895376   18   15   12    8
 -0.01366460192043626   18   15   13    2
 0.005822479125829546   18   15   13    6
 0.002231366992915188   18   15   13    9
 0.0007018828262229433   18   15   13   11
 -0.01058719360513739   18   15   14    4
 -0.01012828286348114   18   15   14    8
 -0.004592761603964721   18   15   15    1
 -0.01111364839533892   18   15   15    3
 -0.00465832784715472   18   15   15    5
 0.001356683954389989   18   15   15    7
 -0.001269514922618066   18   15   15   10
 0.0001784163919504434   18   15   15   12
 -0.001523722475736132   18   15   15   14
 -0.002691003153309793   18   15   16   13
 0.01837625019553326   18   15   17   13
 -0.007428838061374347   18   15   18    4
 0.005485053698641152   18   15   18    8
 0.01862235117845948   18   15   18   15
 0.006257943546325807   18   16    2    1
 -0.004661101366054735   18   16    3    2
 0.003986639808817021   18   16    5    2
 -0.006313253226638093   18   16    6    1
 -0.001018714306811336   18   16    6    3
 0.006087934100812251   18   16    6    5
 -0.00199677964552986   18   16    7    2
 -0.00091416173012772   18   16    7    6
 0.0006821212713143035   18   16    9    1
 0.0004219663890075114   18   16    9    3
 0.0007410371322474121   18   16    9    5
 -3.578651876719587e-05   18   16    9    7
 0.001072329377966927   18   16   10    2
 -0.004251485087441293   18   16   10    6
 0.0004012506162921665   18   16   10    9
 0.005576165276772088   18   16   11    1
 0.001446881048322118   18   16   11    3
 0.00087605372549378   18   16   11    5
 0.002861189487851995   18   16   11    7
 0.005123198012947387   18   16   11   10
 -0.007619565190262166   18   16   12    2
 0.005659083236194092   18   16   12    6
 0.006056064995685139   18   16   12    9
 0.001188686825359821   18   16   12   11
 0.001296196779809217   18   16   13    4
 -0.00187762454393498   18   16   13    8
 0.004814305635163884   18   16   14    2
 -0.001653714483096179   18   16   14    6
 0.0004696962789094985   18   16   14    9
 -0.001999891000597262   18   16   14   11
 -0.005816509180445941   18   16   15   13
 -0.005437083358011717   18   16   16    1
 -0.003491646619603278   18   16   16    3
 -0.005364986851320509   18   16   16    5
 0.001358088174233032   18   16   16    7
 0.003057436610097445   18   16   16   10
 -0.005687287090250393   18   16   16   12
 0.0008745442883102554   18   16   16   14
 -0.0005861584377675556   18   16   17    1
 -0.0007895107733964971   18   16   17    3
 0.005207742552506233   18   16   17    5
 -0.0008750391792383272   18   16   17    7
 -0.01282345218539391   18   16   17   10
 0.0102742463172497   18   16   17   12
 -0.007739806580286402   18   16   17   14
 -0.008138562530411087   18   16   18    2
 -0.00286616208666983   18   16   18    6
 -0.002710864087430654   18   16   18    9
 0.002617954019716815   18   16   18   11
 0.01903698069564594   18   16   18   16
 0.1007342331387184   18   17    2    1
 0.04864395661497887   18   17    3    2
 -0.04050697664314223   18   17    5    2
 0.004697381990611284   18   17    6    1
 0.04020335891046043   18   17    6    3
 -0.08862350261164247   18   17    6    5
 0.008899015217287844   18   17    7    2
 0.02948254543340502   18   17    7    6
 -0.02751781748827589   18   17    9    1
 -0.03566260383533799   18   17    9    3
 -0.02663156539468047   18   17    9    5
 -0.01559737266735226   18   17    9    7
 0.08749439109494814   18   17   10    2
 0.0310290416090477   18   17   10    6
 -0.0349208851539337   18   17   10    9
 -0.03191401375478446   18   17   11    1
 -0.04923115668096945   18   17   11    3
 0.02396060141994048   18   17   11    5
 -0.02881796943818283   18   17   11    7
 -0.1265584003073376   18   17   11   10
 -0.01819820818280744   18   17   12    2
 0.008207646114920284   18   17   12    6
 -0.01572893568382046   18   17   12    9
 -0.04755179759116179   18   17   12   11
 0.04939741346707766   18   17   13    4
 0.02362829795979601   18   17   13    8
 -0.004987289642353708   18   17   14    2
 -0.02570046211388922   18   17   14    6
 0.05431085424761182   18   17   14    9
 0.02898404282796417   18   17   14   11
 0.1415564904394299   18   17   15   13
 -0.003130897114935499   18   17   16    1
 0.01061501213576047   18   17   16    3
 0.01491004939492797   18   17   16    5
 0.008160976529530217   18   17   16    7
 -0.07877990608270916   18   17   16   10
 0.1020988564293114   18   17   16   12
 -0.06888099322811125   18   17   16   14
 -0.02596421788449428   18   17   17    1
 -0.011454902589264   18   17   17    3
 -0.04805179424675852   18   17   17    5
 0.03936013436520718   18   17   17    7
 0.0386762444965888   18   17   17   10
 0.0137730762992595   18   17   17   12
 -0.02844162909400081   18   17   17   14
 -0.0232962103612315   18   17   18    2
 0.05582934537812878   18   17   18    6
 0.01904451655822441   18   17   18    9
 -0.01390578608411389   18   17   18   11
 -0.006262553470851609   18   17   18   16
 0.1523036415094422   18   17   18   17
 0.6035729967848763   18   18    1    1
 0.5757836808754838   18   18    2    2
 0.04737796752252716   18   18    3    1
 0.532323541719865   18   18    3    3
 0.5616310198099804   18   18    4    4
 0.06659112768694277   18   18    5    1
 0.02321308250630788   18   18    5    3
 0.401254047593661   18   18    5    5
 -0.04845845242236372   18   18    6    2
 0.4105556955621495   18   18    6    6
 -0.009845054113830624   18   18    7    1
 -0.09181688689623449   18   18    7    3
 -0.08334880431026469   18   18    7    5
 0.4319795512607172   18   18    7    7
 -0.1197153761548749   18   18    8    4
 0.4495684356474486   18   18    8    8
 -0.0945148722658018   18   18    9    2
 0.01996285814374808   18   18    9    6
 0.4179118523120344   18   18    9    9
 -0.003698150855876995   18   18   10    1
 0.02870622876049379   18   18   10    3
 -0.08718380453184323   18   18   10    5
 0.02609916590935393   18   18   10    7
 0.5156327356274082   18   18   10   10
 -0.004526652146516779   18   18   11    2
 -0.1188086270394496   18   18   11    6
 0.01705012929491493   18   18   11    9
 0.499774380552382   18   18   11   11
 -0.0473632742176984   18   18   12    1
 0.04388653612734478   18   18   12    3
 -0.04281152186850225   18   18   12    5
 0.03800123955611587   18   18   12    7
 -0.0168194562747542   18   18   12   10
 0.4965255014684805   18   18   12   12
 0.5188549762542791   18   18   13   13
 -0.04961629978976124   18   18   14    1
 -0.01261158110454742   18   18   14    3
 -0.02505599580229459   18   18   14    5
 -0.02122298685342284   18   18   14    7
 -0.005566123636411175   18   18   14   10
 -0.009898699816723505   18   18   14   12
 0.4970984717587951   18   18   14   14
 0.02547399642833712   18   18   15    4
 0.0366086669247958   18   18   15    8
 0.5041631402703223   18   18   15   15
 -0.008360676456043164   18   18   16    2
 0.002848464415792017   18   18   16    6
 -0.03716927270542275   18   18   16    9
 0.008870084666810402   18   18   16   11
 0.504576928253509   18   18   16   16
 -0.008661410810004908   18   18   17    2
 0.02038828662234437   18   18   17    6
 0.01403485319405749   18   18   17    9
 0.04851448214814407   18   18   17   11
 -0.003197162179950807   18   18   17   16
 0.5610362024345855   18   18   17   17
 0.008299615734669089   18   18   18    1
 0.003036912204098525   18   18   18    3
 0.003038858731495347   18   18   18    5
 -0.02650746036985894   18   18   18    7
 -0.04700655087075886   18   18   18   10
 -0.02633357864893943   18   18   18   12
 -0.008793091376215778   18   18   18   14
 0.5831422175262895   18   18   18   18
 0.01944854530532556   19    1    4    1
 0.03446665704458246   19    1    4    3
 0.01726116824864948   19    1    5    4
 -0.0153800575682375   19    1    7    4
 -0.008898693270164352   19    1    8    1
 -0.01249095736627203   19    1    8    3
 -0.009142862999968806   19    1    8    5
 0.0199174940363568   19    1    8    7
 -0.01352872433880752   19    1   10    4
 0.002242766256266491   19    1   10    8
 -0.004419602796015784   19    1   12    4
 0.005048914570930553   19    1   12    8
 0.008041146310427951   19    1   13    2
 -0.001446089009450571   19    1   13    6
 -0.005402140559119257   19    1   13    9
 -0.0001650018165725868   19    1   13   11
 0.008014592333248378   19    1   14    4
 0.003043708311041631   19    1   14    8
 0.02164840460531676   19    1   15    1
 -0.002737653286009584   19    1   15    3
 0.006246203463644606   19    1   15    5
 4.533208817469146e-05   19    1   15    7
 -0.007830372021461428   19    1   15   10
 0.007160777441169561   19    1   15   12
 -0.0006578729876230884   19    1   15   14
 0.006071189894199331   19    1   16   13
 -0.01304785240676868   19    1   17   13
 0.0134426354284228   19    1   18    4
 -0.01194913655274903   19    1   18    8
 -0.001144108928645045   19    1   18   15
 0.05807838244227367   19    1   19    1
 -0.001940837284946262   19    2    4    2
 0.0001442139313281331   19    2    6    4
 -0.00294900647303439   19    2    8    2
 -0.001591383353709312   19    2    8    6
 -0.004204165305903215   19    2    9    4
 -0.001902608951333812   19    2    9    8
 -0.000637892466179539   19    2   11    4
 0.001316071954255253   19    2   11    8
 -0.003363158102958177   19    2   13    1
 -0.001122435915994123   19    2   13    3
 0.008374465254058959   19    2   13    5
 -0.004904791460715111   19    2   13    7
 -0.008441826311458586   19    2   13   10
 -0.0006449215417810072   19    2   13   12
 -0.001720550858768881   19    2   14   13
 -0.004017145036773548   19    2   15    2
 -0.008362828602311728   19    2   15    6
 -8.98662598394476e-05   19    2   15    9
 0.007905376454799225   19    2   15   11
 9.583885151418846e-05   19    2   16    4
 -0.0003933024160067271   19    2   16    8
 0.003720073303957674   19    2   16   15
 -0.004427638595524979   19    2   17    4
 0.00214917481814906   19    2   17    8
 -0.002445755700572251   19    2   17   15
 -0.001718164294929499   19    2   18   13
 0.01191990726136626   19    2   19    2
 0.07827005081159638   19    3    4    1
 -0.03647900351178546   19    3    4    3
 0.01623783246274474   19    3    5    4
 0.008737124019993157   19    3    7    4
 -0.02991906898637766   19    3    8    1
 0.01386333605819249   19    3    8    3
 -0.01933304074527553   19    3    8    5
 -0.01446536762587726   19    3    8    7
 -0.02672906401684823   19    3   10    4
 0.01227099140363283   19    3   10    8
 -0.001438954173310806   19    3   12    4
 0.02990454784371384   19    3   12    8
 0.02208277534071537   19    3   13    2
 -0.007974141215922576   19    3   13    6
 -0.000256893854548374   19    3   13    9
 0.00630293048082995   19    3   13   11
 0.009509930186851649   19    3   14    4
 0.02979863762211548   19    3   14    8
 -0.007210568651907781   19    3   15    1
 0.0371888962090049   19    3   15    3
 0.006540817923876283   19    3   15    5
 -0.007741867055639329   19    3   15    7
 0.0006080489437820779   19    3   15   10
 -0.005363828468036055   19    3   15   12
 0.002306355308886926   19    3   15   14
 0.004970331440498833   19    3   16   13
 -0.008167616145728385   19    3   17   13
 0.03846332356288377   19    3   18    4
 -0.01941321676709293   19    3   18    8
 -0.01436639213972718   19    3   18   15
 -0.006878872444542357   19    3   19    1
 0.07934857144119097   19    3   19    3
 0.03826616087042364   19    4    1    1
 0.0198038469573183   19    4    2    2
 0.08260215162242482   19    4    3    1
 -0.03434559671270578   19    4    3    3
 0.01690105062516026   19    4    4    4
 0.03139962751889855   19    4    5    1
 0.007467528501650356   19    4    5    3
 0.022741161244146   19    4    5    5
 0.007967164279349483   19    4    6    2
 0.003508714342623433   19    4    6    6
 -0.03494549599252717   19    4    7    1
 0.009541101375129413   19    4    7    3
 -0.02727942601825399   19    4    7    5
 -0.01373559341033416   19    4    7    7
 -0.006420145498116161   19    4    8    4
 0.008661724923289075   19    4    8    8
 -0.02525256970909008   19    4    9    2
 0.009818885021957378   19    4    9    6
 -0.003666473817790935   19    4    9    9
 -0.01735672008074915   19    4   10    1
 -0.01557586168808721   19    4   10    3
 -0.01015465255062612   19    4   10    5
 0.01387940099495317   19    4   10    7
 0.02812823418312883   19    4   10   10
 -0.01413882097708487   19    4   11    2
 0.001309507892335565   19    4   11    6
 0.007899724060920814   19    4   11    9
 0.008021449837966274   19    4   11   11
 -0.002620953934652347   19    4   12    1
 0.0194344385599801   19    4   12    3
 -0.003574265571789817   19    4   12    5
 0.03258585781496879   19    4   12    7
 -0.005665698293520151   19    4   12   10
 0.01565325589169632   19    4   12   12
 0.03205054995823296   19    4   13   13
 0.0004473216278729768   19    4   14    1
 -0.03273292663637409   19    4   14    3
 -0.007078997188664245   19    4   14    5
 0.03146445378508887   19    4   14    7
 -0.008584577954586774   19    4   14   10
 -0.002236522524968271   19    4   14   12
 0.01181920275174608   19    4   14   14
 0.03813193553355146   19    4   15    4
 -0.004460574060762587   19    4   15    8
 0.01855937400845669   19    4   15   15
 0.006579377285606061   19    4   16    2
 0.01021864733833989   19    4   16    6
 -0.01287778052682262   19    4   16    9
 -0.007443413193044526   19    4   16   11
 0.02293120163083765   19    4   16   16
 -0.03065911292918268   19    4   17    2
 0.01385354532283127   19    4   17    6
 0.008522231124892558   19    4   17    9
 -0.007374248073289071   19    4   17   11
 -0.01306247944729429   19    4   17   16
 0.01837119750335787   19    4   17   17
 0.00985114450335405   19    4   18    1
 -0.001756169970504145   19    4   18    3
 0.0105301922123916   19    4   18    5
 -0.009636012025269999   19    4   18    7
 -0.01110927719669067   19    4   18   10
 -0.01720817901144954   19    4   18   12
 -0.004665478811777889   19    4   18   14
 0.03833564177269786   19    4   18   18
 0.09237606286589323   19    4   19    4
 0.03721593520006164   19    5    4    1
 0.004573477453513912   19    5    4    3
 0.01046864022518838   19    5    5    4
 -0.00291385725888589   19    5    7    4
 -0.01156907018755569   19    5    8    1
 0.0006314658272258962   19    5    8    3
 -0.01459679395660967   19    5    8    5
 0.00565140588566328   19    5    8    7
 -0.01372031992468677   19    5   10    4
 0.004755300714856238   19    5   10    8
 -0.001810355800045711   19    5   12    4
 0.01281590234005074   19    5   12    8
 0.02424784940223479   19    5   13    2
 0.007473176872128641   19    5   13    6
 -0.001712812186718439   19    5   13    9
 -0.007317829040137952   19    5   13   11
 0.009152385496691038   19    5   14    4
 0.01347745070912497   19    5   14    8
 0.01457533163581748   19    5   15    1
 0.01849617704216443   19    5   15    3
 -0.004931215801999275   19    5   15    5
 0.003376769737397526   19    5   15    7
 0.007281817391400405   19    5   15   10
 0.003222167662356563   19    5   15   12
 0.0008195959729330947   19    5   15   14
 0.003264846746539024   19    5   16   13
 -0.006225992151375262   19    5   17   13
 0.01835956401428555   19    5   18    4
 -0.01173480499776179   19    5   18    8
 -0.002412273232312725   19    5   18   15
 0.02021801480423575   19    5   19    1
 0.01993764997472592   19    5   19    3
 0.02003883948953642   19    5   19    5
 -0.001062448669499355   19    6    4    2
 -0.003112686362003167   19    6    6    4
 -0.002117359890695055   19    6    8    2
 -0.00225171981396707   19    6    8    6
 0.001240182844828379   19    6    9    4
 -0.0009272407726960666   19    6    9    8
 0.00254370293369951   19    6   11    4
 -0.0006893642594077737   19    6   11    8
 -0.006160502978310591   19    6   13    1
 -0.007793617292538893   19    6   13    3
 0.006857525250172124   19    6   13    5
 -0.003438045217672273   19    6   13    7
 -0.006270127454779171   19    6   13   10
 -0.001942868288668257   19    6   13   12
 -0.0004062969455145028   19    6   14   13
 -0.01068409567726953   19    6   15    2
 -0.00623699277440189   19    6   15    6
 0.000492650780807242   19    6   15    9
 0.005781044144517787   19    6   15   11
 0.0001195977891018482   19    6   16    4
 -0.0004975585994856489   19    6   16    8
 -0.00108686852941556   19    6   16   15
 0.003998179599610717   19    6   17    4
 -0.001139188356201174   19    6   17    8
 -0.002992392365239046   19    6   17   15
 -0.002058389260903567   19    6   18   13
 -0.002091649796205861   19    6   19    2
 0.007102649353912678   19    6   19    6
 -0.0441482099306705   19    7    4    1
 0.01419267434629807   19    7    4    3
 -0.01017824061807432   19    7    5    4
 -0.004099020709562416   19    7    7    4
 0.01988569615351857   19    7    8    1
 -0.008618776213093251   19    7    8    3
 0.01378062735654365   19    7    8    5
 0.004941423966835523   19    7    8    7
 0.01525965077968684   19    7   10    4
 -0.00833721268933678   19    7   10    8
 0.006428777205305923   19    7   12    4
 -0.01683555171064653   19    7   12    8
 -0.01894738311846319   19    7   13    2
 -0.001843287261320769   19    7   13    6
 0.001751322453824315   19    7   13    9
 0.002236179317554465   19    7   13   11
 -0.000505850742531654   19    7   14    4
 -0.01646937670450709   19    7   14    8
 -0.002673085238709773   19    7   15    1
 -0.02174429084441527   19    7   15    3
 0.001870690912703184   19    7   15    5
 0.001953723364928067   19    7   15    7
 -0.006216177413333675   19    7   15   10
 -0.001228758720761243   19    7   15   12
 -0.001349856289278547   19    7   15   14
 -0.00320299477339596   19    7   16   13
 0.002731991300813064   19    7   17   13
 -0.02187704284431731   19    7   18    4
 0.01350384797356826   19    7   18    8
 0.004500315509873164   19    7   18   15
 -0.001463946567375676   19    7   19    1
 -0.03716684800647332   19    7   19    3
 -0.01505300402240592   19    7   19    5
 0.0244179043566984   19    7   19    7
 -0.02879625144408489   19    8    1    1
 -0.02305064289253371   19    8    2    2
 -0.04140603028955214   19    8    3    1
 0.007180545727459952   19    8    3    3
 -0.01225032979447459   19    8    4    4
 -0.01560023479876622   19    8    5    1
 -0.00391154390654948   19    8    5    3
 -0.02015390412467783   19    8    5    5
 -0.004016230587299331   19    8    6    2
 -0.01185460627058944   19    8    6    6
 0.02090469098516382   19    8    7    1
 -0.004958033233475679   19    8    7    3
 0.01621362472458351   19    8    7    5
 0.0003344449192311739   19    8    7    7
 0.008670633710783774   19    8    8    4
 -0.003693368787960647   19    8    8    8
 0.01378192565171073   19    8    9    2
 -0.004426573932423793   19    8    9    6
 -0.007257260101967733   19    8    9    9
 0.004231447290621231   19    8   10    1
 0.005573039706786447   19    8   10    3
 0.009566456518423343   19    8   10    5
 -0.01030685488048054   19    8   10    7
 -0.02666207902884986   19    8   10   10
 0.009301947758137509   19    8   11    2
 0.003185202010031457   19    8   11    6
 -0.005237515524111134   19    8   11    9
 -0.01612832564673921   19    8   11   11
 0.004411560799999974   19    8   12    1
 -0.004998984514549057   19    8   12    3
 0.003573737883853829   19    8   12    5
 -0.01697850377974031   19    8   12    7
 0.001792452018299968   19    8   12   10
 -0.01773374970959917   19    8   12   12
 -0.02970359826237283   19    8   13   13
 0.003418192715147194   19    8   14    1
 0.02078628486321556   19    8   14    3
 0.005124890354342622   19    8   14    5
 -0.01466373863006341   19    8   14    7
 0.001001704914586555   19    8   14   10
 0.006407752262915753   19    8   14   12
 -0.009103605163922489   19    8   14   14
 -0.02008933457703578   19    8   15    4
 -0.001044204805772452   19    8   15    8
 -0.02222768750743806   19    8   15   15
 -0.0002363045672748802   19    8   16    2
 -0.003876964450591581   19    8   16    6
 0.007765006946736743   19    8   16    9
 0.002082458275424665   19    8   16   11
 -0.02487619014351026   19    8   16   16
 0.01357498250181592   19    8   17    2
 -0.009387735075981013   19    8   17    6
 -0.004931464899461674   19    8   17    9
 0.004749836588093245   19    8   17   11
 0.004886113968793974   19    8   17   16
 -0.02124626109796999   19    8   17   17
 -0.005432899480529247   19    8   18    1
 -0.0009677834124447199   19    8   18    3
 -0.003897295727013447   19    8   18    5
 0.005261304249422226   19    8   18    7
 0.005657288961437347   19    8   18   10
 0.009195753738152779   19    8   18   12
 0.00652967784281298   19    8   18   14
 -0.03201607266479396   19    8   18   18
 -0.04096130197950568   19    8   19    4
 0.02601255683686017   19    8   19    8
 -0.005629322800300068   19    9    4    2
 0.002546504764196141   19    9    6    4
 0.001208742658614746   19    9    8    2
 -0.001345054976949714   19    9    8    6
 -2.929790082137484e-05   19    9    9    4
 -0.002558530386954009   19    9    9    8
 -0.001942041037662437   19    9   11    4
 0.001262297195835509   19    9   11    8
 -0.004739719154129992   19    9   13    1
 -0.0008512717413428486   19    9   13    3
 -0.0001112809035660956   19    9   13    5
 0.0005659739668120341   19    9   13    7
 6.044618471740606e-05   19    9   13   10
 0.001593308782935389   19    9   13   12
 -0.002974790552059963   19    9   14   13
 -0.002215192939643053   19    9   15    2
 -0.0006981566658802745   19    9   15    6
 0.000355796448723122   19    9   15    9
 -1.247460599395553e-05   19    9   15   11
 -0.0007982768464661725   19    9   16    4
 0.0003592965959146873   19    9   16    8
 0.001533343651256072   19    9   16   15
 0.0007791748570191668   19    9   17    4
 0.0004176727102432879   19    9   17    8
 0.003025572331498524   19    9   17   15
 0.0008568739502238458   19    9   18   13
 -0.001369362049617109   19    9   19    2
 0.0003194211048790526   19    9   19    6
 0.003307198886086663   19    9   19    9
 -0.02788542399433134   19   10    4    1
 -0.009591730218579812   19   10    4    3
 -0.007786509569231935   19   10    5    4
 0.004495585280497124   19   10    7    4
 0.005311484947479737   19   10    8    1
 0.002158424651043914   19   10    8    3
 0.01240402858037428   19   10    8    5
 -0.006773060741736358   19   10    8    7
 0.009912654712266883   19   10   10    4
 -0.002392308189464229   19   10   10    8
 -0.0008290909375638172   19   10   12    4
 -0.009602245538669514   19   10   12    8
 -0.02353708115331879   19   10   13    2
 -0.007932592687412211   19   10   13    6
 0.001834435827695843   19   10   13    9
 0.01048649192211231   19   10   13   11
 -0.0118165905287414   19   10   14    4
 -0.01120954294524873   19   10   14    8
 -0.01665573666351725   19   10   15    1
 -0.0147270974596511   19   10   15    3
 0.005121645621894587   19   10   15    5
 -0.005281076797658922   19   10   15    7
 -0.01022005966301735   19   10   15   10
 -0.002634855999187827   19   10   15   12
 -0.0005710531016651541   19   10   15   14
 -0.0002810886455313771   19   10   16   13
 0.0065859600058732   19   10   17   13
 -0.01311019976919908   19   10   18    4
 0.008422395963741461   19   10   18    8
 0.002032689208388272   19   10   18   15
 -0.02141767645258687   19   10   19    1
 -0.009368202245414684   19   10   19    3
 -0.01727126697087957   19   10   19    5
 0.008798427631790326   19   10   19    7
 0.01835746610756521   19   10   19   10
 -0.0001981662836252616   19   11    4    2
 0.003121843838584008   19   11    6    4
 0.002380087383742127   19   11    8    2
 0.0007226288145332707   19   11    8    6
 -0.0009339283966503702   19   11    9    4
 -4.388418065489132e-05   19   11    9    8
 -0.00348736817423033   19   11   11    4
 0.0008912253307139106   19   11   11    8
 0.00525749073252603   19   11   13    1
 0.007245755848767184   19   11   13    3
 -0.005487136566906634   19   11   13    5
 0.00285973455398528   19   11   13    7
 0.008001521603000834   19   11   13   10
 0.002182086156088112   19   11   13   12
 -7.734057320340691e-05   19   11   14   13
 0.01028341390134122   19   11   15    2
 0.004694763327222394   19   11   15    6
 -0.001485901954913746   19   11   15    9
 -0.006818058134604555   19   11   15   11
 -0.0005637497841263825   19   11   16    4
 0.0003223579398065865   19   11   16    8
 0.000324388299516444   19   11   16   15
 -0.003991212754799827   19   11   17    4
 0.001615089517286034   19   11   17    8
 0.002512845727881088   19   11   17   15
 0.0007065417913321018   19   11   18   13
 0.001667536089886841   19   11   19    2
 -0.006224715325171199   19   11   19    6
 0.0001788205129422471   19   11   19    9
 0.007055546428149747   19   11   19   11
 -0.006968516405816664   19   12    4    1
 0.003625401063983642   19   12    4    3
 -0.002082071482957619   19   12    5    4
 0.003850093593741166   19   12    7    4
 0.003925625250678755   19   12    8    1
 0.003040946143361525   19   12    8    3
 0.002989869367506587   19   12    8    5
 -0.0001305798214041317   19   12    8    7
 0.001351214268736754   19   12   10    4
 -0.002578776711034301   19   12   10    8
 0.0002507809459430341   19   12   12    4
 -0.003845936731231517   19   12   12    8
 -0.00151429714613483   19   12   13    2
 0.0002006689489717697   19   12   13    6
 0.00143929387935488   19   12   13    9
 0.0004313730793728863   19   12   13   11
 0.001338179693153849   19   12   14    4
 -0.00010627380662165   19   12   14    8
 0.002054901042952311   19   12   15    1
 -0.00416049516037652   19   12   15    3
 -0.0002060496854668693   19   12   15    5
 -0.001268142162429427   19   12   15    7
 -7.802656057055352e-05   19   12   15   10
 0.0009555556614180909   19   12   15   12
 0.003640350376213852   19   12   15   14
 -0.003662975719626397   19   12   16   13
 -0.001589697002906455   19   12   17   13
 -0.005988110682896832   19   12   18    4
 0.003475333946267138   19   12   18    8
 0.0002246351138089408   19   12   18   15
 0.001875040742110632   19   12   19    1
 -0.007293908657582291   19   12   19    3
 -0.002592185365780072   19   12   19    5
 0.003669468595066761   19   12   19    7
 0.0005712377071083156   19   12   19   10
 0.008543138366467039   19   12   19   12
 -0.02622438594099974   19   13    2    1
 -0.009054090610630302   19   13    3    2
 0.02274322706439741   19   13    5    2
 -0.005565911208592785   19   13    6    1
 -0.01965333215527204   19   13    6    3
 0.03178531626575613   19   13    6    5
 -0.008957680011193261   19   13    7    2
 -0.009084760645993509   19   13    7    6
 -5.465959003459273e-05   19   13    9    1
 0.009386375277719515   19   13    9    3
 0.009589883247543823   19   13    9    5
 0.01069448141701716   19   13    9    7
 -0.03266239426217801   19   13   10    2
 -0.01026989105891477   19   13   10    6
 0.01174317944847547   19   13   10    9
 0.01203651260768714   19   13   11    1
 0.01975752227749696   19   13   11    3
 -0.007459897229376178   19   13   11    5
 0.007836727720274285   19   13   11    7
 0.04530167972364146   19   13   11   10
 0.003187124896863327   19   13   12    2
 0.0006924594808440024   19   13   12    6
 0.007071189793113863   19   13   12    9
 0.01462061381069882   19   13   12   11
 -0.01590035612506613   19   13   13    4
 -0.01389755970249074   19   13   13    8
 -0.002535473213167652   19   13   14    2
 0.008699448591542133   19   13   14    6
 -0.01921571625784619   19   13   14    9
 -0.008578874194999697   19   13   14   11
 -0.0601305737178523   19   13   15   13
 0.003538955451125515   19   13   16    1
 -3.328055316009401e-05   19   13   16    3
 -0.004483615556109033   19   13   16    5
 -0.003590804360864308   19   13   16    7
 0.02916423390334369   19   13   16   10
 -0.03719547758076788   19   13   16   12
 0.02530510121768443   19   13   16   14
 -0.001416981340596063   19   13   17    1
 0.001367813347845616   19   13   17    3
 0.01307561445094868   19   13   17    5
 -0.01296281182497432   19   13   17    7
 -0.01470946585084413   19   13   17   10
 -0.005969328960228351   19   13   17   12
 0.01262633132230259   19   13   17   14
 0.004206641023650714   19   13   18    2
 -0.01935703154393787   19   13   18    6
 -0.003142644407874306   19   13   18    9
 0.008607181441278058   19   13   18   11
 0.001668654503794835   19   13   18   16
 -0.04280815079961316   19   13   18   17
 0.02839493968472466   19   13   19   13
 0.01650169382051034   19   14    4    1
 -0.008208202183644861   19   14    4    3
 0.001699882889909335   19   14    5    4
 0.008463189493700115   19   14    7    4
 -0.003309088676094302   19   14    8    1
 0.008667621438266783   19   14    8    3
 -0.003270550273737246   19   14    8    5
 -0.003500844329156277   19   14    8    7
 -0.007447459514375789   19   14   10    4
 -0.0006532867886540319   19   14   10    8
 0.0025030162992914   19   14   12    4
 0.007154436981270577   19   14   12    8
 0.006214960017766441   19   14   13    2
 0.00178561856298264   19   14   13    6
 -0.001412753061461139   19   14   13    9
 -0.001490571857941647   19   14   13   11
 0.006188597105784107   19   14   14    4
 0.009523154746429216   19   14   14    8
 -0.0002304916545470548   19   14   15    1
 0.009414676348396442   19   14   15    3
 -0.0008564078241022743   19   14   15    5
 -0.0001980656194875114   19   14   15    7
 0.001483314313715915   19   14   15   10
 0.004381644513976638   19   14   15   12
 -0.0002571178609754639   19   14   15   14
 0.006103347153442229   19   14   16   13
 -0.001013965429964472   19   14   17   13
 0.007360953987664633   19   14   18    4
 -0.001665933393979598   19   14   18    8
 -0.001729743195713513   19   14   18   15
 -0.003242072610614632   19   14   19    1
 0.01452969451675733   19   14   19    3
 0.003278187971229799   19   14   19    5
 -0.007103801447511522   19   14   19    7
 -0.001989703459959293   19   14   19   10
 0.002014137730849509   19   14   19   12
 0.01322287039405188   19   14   19   14
 0.08843041804371418   19   15    1    1
 0.04628283796186787   19   15    2    2
 -0.03570444920765653   19   15    3    1
 0.100062041118617   19   15    3    3
 0.1040858008294664   19   15    4    4
 0.03064346520836042   19   15    5    1
 0.02966877851596272   19   15    5    3
 0.002262727883649135   19   15    5    5
 -0.04735404106409307   19   15    6    2
 0.002224330690442022   19   15    6    6
 -0.002125930241327032   19   15    7    1
 -0.0495547263270826   19   15    7    3
 -0.0006413350317505227   19   15    7    5
 0.06409741477413683   19   15    7    7
 -0.04941907103835413   19   15    8    4
 0.061053352992737   19   15    8    8
 -0.01046615185863118   19   15    9    2
 0.003842068364622235   19   15    9    6
 0.03167736745077422   19   15    9    9
 -0.03034688424552449   19   15   10    1
 -0.01166613048483151   19   15   10    3
 -0.005838497298201418   19   15   10    5
 -0.008436671764437888   19   15   10    7
 -0.01518925004995512   19   15   10   10
 0.04641156484459832   19   15   11    2
 -0.01941337443392065   19   15   11    6
 -0.02396407298718116   19   15   11    9
 0.008216690094923196   19   15   11   11
 -0.01691144075657322   19   15   12    1
 -0.0108013485907132   19   15   12    3
 -0.01658603752372763   19   15   12    5
 -0.01581403050027563   19   15   12    7
 0.00649498098490698   19   15   12   10
 0.03194421881038829   19   15   12   12
 -0.01711786583723865   19   15   13   13
 -0.01711218352429807   19   15   14    1
 0.02255617143464574   19   15   14    3
 -0.00898116641594509   19   15   14    5
 -0.01045768275954968   19   15   14    7
 0.009185636864763192   19   15   14   10
 0.02965549584465373   19   15   14   12
 0.03908617780568758   19   15   14   14
 -0.02495517746736287   19   15   15    4
 -0.003283923583234576   19   15   15    8
 -0.006602933569840164   19   15   15   15
 0.01238832785504973   19   15   16    2
 -0.006684724360061338   19   15   16    6
 0.007673378603338781   19   15   16    9
 2.098107649844648e-05   19   15   16   11
 -0.01776003320499838   19   15   16   16
 0.008676653783734138   19   15   17    2
 -0.03231031558555406   19   15   17    6
 0.0002848679095846775   19   15   17    9
 0.04043788631525335   19   15   17   11
 0.004140052455120682   19   15   17   16
 0.0165811552092152   19   15   17   17
 0.01660698044183149   19   15   18    1
 0.003139615492084204   19   15   18    3
 0.02643471313750159   19   15   18    5
 -0.02302645116360547   19   15   18    7
 -0.0282972315761606   19   15   18   10
 -0.00760257157732369   19   15   18   12
 0.01009530461692464   19   15   18   14
 0.02483208859465533   19   15   18   18
 -0.01019704050237817   19   15   19    4
 0.007651916802886674   19   15   19    8
 0.05733396824938188   19   15   19   15
 0.001844758692166137   19   16    4    2
 0.000295951438942359   19   16    6    4
 0.0007146335218749298   19   16    8    2
 0.000351224471074728   19   16    8    6
 4.944300966930349e-05   19   16    9    4
 0.001699857246067212   19   16    9    8
 -0.0006674029145693575   19   16   11    4
 -5.548640391836022e-06   19   16   11    8
 0.003395773058009151   19   16   13    1
 0.001905264098485211   19   16   13    3
 -0.001256261007254133   19   16   13    5
 -0.0006810412178697953   19   16   13    7
 0.004330432813482423   19   16   13   10
 -0.004233239840977468   19   16   13   12
 0.004677251016508894   19   16   14   13
 0.004609254558515837   19   16   15    2
 0.0002988336823748791   19   16   15    6
 0.0008755847692494966   19   16   15    9
 -0.001294340299753605   19   16   15   11
 -0.001200069903445809   19   16   16    4
 -0.001216073088062543   19   16   16    8
 -0.006669098516726648   19   16   16   15
 -0.002516132853660691   19   16   17    4
 3.729294861619735e-05   19   16   17    8
 -0.001495756002685296   19   16   17   15
 -0.001025481675126147   19   16   18   13
 0.001514990213196569   19   16   19    2
 -0.001921502154647242   19   16   19    6
 -0.001068293063932892   19   16   19    9
 0.001822146025526855   19   16   19   11
 0.004431419471787288   19   16   19   16
 -0.01088731837883586   19   17    4    2
 0.004412019580106865   19   17    6    4
 0.002257646306463053   19   17    8    2
 -0.003942850626756602   19   17    8    6
 0.0003072995183161926   19   17    9    4
 -0.004238262297714044   19   17    9    8
 -0.004227481322999186   19   17   11    4
 0.003802966341724182   19   17   11    8
 -0.01055974901722353   19   17   13    1
 -0.003856868249300196   19   17   13    3
 0.003464876384479324   19   17   13    5
 -0.003214966147787559   19   17   13    7
 -0.003723970297235909   19   17   13   10
 -0.00159855738986088   19   17   13   12
 -0.00112229929636602   19   17   14   13
 -0.006272446686051496   19   17   15    2
 -0.00672394173521844   19   17   15    6
 0.002846809178513574   19   17   15    9
 0.006704550839952056   19   17   15   11
 -0.002894921391146515   19   17   16    4
 -0.0004374826359377889   19   17   16    8
 -0.0005949875396624621   19   17   16   15
 -0.001240583814915834   19   17   17    4
 0.002167414752962934   19   17   17    8
 0.001770113995600731   19   17   17   15
 -0.002139071255987423   19   17   18   13
 0.002801308159150344   19   17   19    2
 7.099798422192886e-05   19   17   19    6
 0.002788936380594008   19   17   19    9
 0.001451736218213865   19   17   19   11
 -7.791456778830006e-05   19   17   19   16
 0.01039549274211388   19   17   19   17
 0.02092165907054986   19   18    4    1
 0.008703950318546313   19   18    4    3
 0.01126978384504846   19   18    5    4
 -0.00584755738214385   19   18    7    4
 -0.01114515381650391   19   18    8    1
 -0.003330409844309139   19   18    8    3
 -0.006992330694991198   19   18    8    5
 0.006679719356169067   19   18    8    7
 -0.01039444738412458   19   18   10    4
 0.004482067732708144   19   18   10    8
 -0.005724889011267126   19   18   12    4
 0.007483476591964444   19   18   12    8
 0.004705064799452073   19   18   13    2
 -0.004551506500644551   19   18   13    6
 -0.001489485852145093   19   18   13    9
 0.002504465881337846   19   18   13   11
 0.003548880320733577   19   18   14    4
 0.006371116487985898   19   18   14    8
 0.005904397214365127   19   18   15    1
 0.001100738353201288   19   18   15    3
 0.004819742266883816   19   18   15    5
 -0.002669788730213518   19   18   15    7
 -0.0036380912933372   19   18   15   10
 0.0008644380006529227   19   18   15   12
 0.00198031721414617   19   18   15   14
 0.001392128460260404   19   18   16   13
 -0.00774681624806196   19   18   17   13
 0.01426457115015025   19   18   18    4
 -0.01085632247392805   19   18   18    8
 -0.003493574364392334   19   18   18   15
 0.02395915592605718   19   18   19    1
 0.007599709815070584   19   18   19    3
 0.01095188948688347   19   18   19    5
 -0.006595483342328343   19   18   19    7
 -0.0105671052988205   19   18   19   10
 -0.001266148256186411   19   18   19   12
 0.001891498708723893   19   18   19   14
 0.01865872848559045   19   18   19   18
 0.7065727226609551   19   19    1    1
 0.6041377949380032   19   19    2    2
 -0.03174476758709815   19   19    3    1
 0.6819702348909359   19   19    3    3
 0.7105541314379809   19   19    4    4
 0.1020996609181477   19   19    5    1
 0.06843697147486343   19   19    5    3
 0.3874677564035472   19   19    5    5
 -0.115150961877913   19   19    6    2
 0.3922088638202428   19   19    6    6
 -0.002373801082481696   19   19    7    1
 -0.1609344579319654   19   19    7    3
 -0.07156585760235527   19   19    7    5
 0.5248544264591597   19   19    7    7
 -0.176987894577748   19   19    8    4
 0.5400025913844783   19   19    8    8
 -0.08596848265649541   19   19    9    2
 0.02067052726420255   19   19    9    6
 0.4531015971849979   19   19    9    9
 -0.05764950923717822   19   19   10    1
 0.004234032787091125   19   19   10    3
 -0.086300514952242   19   19   10    5
 0.004870132616488596   19   19   10    7
 0.4569211069119619   19   19   10   10
 0.06977106372246841   19   19   11    2
 -0.1372530055100127   19   19   11    6
 -0.02456853028755465   19   19   11    9
 0.4783683833444239   19   19   11   11
 -0.0579422445117864   19   19   12    1
 0.01695019584374926   19   19   12    3
 -0.06574728920109274   19   19   12    5
 0.002995628741087659   19   19   12    7
 -0.004103221086994139   19   19   12   10
 0.5217685138870782   19   19   12   12
 0.4924994295307346   19   19   13   13
 -0.06364048823314927   19   19   14    1
 0.03850444346352612   19   19   14    3
 -0.03775309773751727   19   19   14    5
 -0.03964278659942511   19   19   14    7
 0.007953980281780399   19   19   14   10
 0.04358800176334522   19   19   14   12
 0.5436942515207582   19   19   14   14
 -0.0173572820794325   19   19   15    4
 0.03150796224794421   19   19   15    8
 0.4984527040394927   19   19   15   15
 0.01680547646955971   19   19   16    2
 -0.00837548613556845   19   19   16    6
 -0.01792402299730174   19   19   16    9
 0.007887263395174326   19   19   16   11
 0.4468446485754599   19   19   16   16
 0.01228816128498194   19   19   17    2
 -0.04368754556337628   19   19   17    6
 0.008216011954921117   19   19   17    9
 0.1096303326417252   19   19   17   11
 0.005663231099576413   19   19   17   16
 0.5311253914216216   19   19   17   17
 0.04256051834180439   19   19   18    1
 0.01002749496243004   19   19   18    3
 0.0522544835436934   19   19   18    5
 -0.06383952179142857   19   19   18    7
 -0.08751158086760169   19   19   18   10
 -0.03540593581860191   19   19   18   12
 0.01311568379314722   19   19   18   14
 0.5618660485225201   19   19   18   18
 0.009933434996619821   19   19   19    4
 -0.01329382504949512   19   19   19    8
 0.1136864381565622   19   19   19   15
 0.7542203921867443   19   19   19   19
 0.03585624416815374   20    1    4    2
 -0.0203565441138719   20    1    6    4
 -0.01439038360806497   20    1    8    2
 0.009680981226650634   20    1    8    6
 -0.003313570892732876   20    1    9    4
 0.01417841108926531   20    1    9    8
 0.01882922811061698   20    1   11    4
 -0.01370055190329107   20    1   11    8
 0.02375072470710029   20    1   13    1
 -0.002064873113920512   20    1   13    3
 0.006248776086907767   20    1   13    5
 -0.001113731324949246   20    1   13    7
 -0.00189796287794158   20    1   13   10
 -0.006789853308229143   20    1   13   12
 0.01012669065540219   20    1   14   13
 0.003397259307956164   20    1   15    2
 0.0008086068185425694   20    1   15    6
 -0.004134060127892669   20    1   15    9
 -0.002529332953249122   20    1   15   11
 0.005161759188975101   20    1   16    4
 -0.0006821459538874642   20    1   16    8
 -0.003629442250850446   20    1   16   15
 0.00514486493249971   20    1   17    4
 -0.008852677870184846   20    1   17    8
 -0.0146793318699755   20    1   17   15
 -0.00386081176647192   20    1   18   13
 0.0006045012893495039   20    1   19    2
 0.00440992789236574   20    1   19    6
 -0.007961046054010842   20    1   19    9
 -0.00594544832853433   20    1   19   11
 0.0004545778697273524   20    1   19   16
 -0.01408996546430624   20    1   19   17
 0.05626278935978161   20    1   20    1
 0.07270546067651038   20    2    4    1
 -0.02386316160194379   20    2    4    3
 0.01878465335231296   20    2    5    4
 0.00285975401877782   20    2    7    4
 -0.02985394132338107   20    2    8    1
 0.008214376532062528   20    2    8    3
 -0.01795455119973857   20    2    8    5
 -0.008185398181911215   20    2    8    7
 -0.0224949185874036   20    2   10    4
 0.01137587885315129   20    2   10    8
 -0.01139613900910141   20    2   12    4
 0.02811096565257502   20    2   12    8
 0.02698000353932946   20    2   13    2
 -0.01429926804971452   20    2   13    6
 -0.0009892755031707437   20    2   13    9
 0.01098677789141124   20    2   13   11
 0.01427886210574093   20    2   14    4
 0.02415279943440446   20    2   14    8
 -0.001746029679302875   20    2   15    1
 0.02159619123851353   20    2   15    3
 0.006851755969879117   20    2   15    5
 -0.006529609968331946   20    2   15    7
 0.0002021449724993531   20    2   15   10
 -0.006087763777026908   20    2   15   12
 0.002768221180581868   20    2   15   14
 0.001321525608184558   20    2   16   13
 -0.01159132782358635   20    2   17   13
 0.03377730660549084   20    2   18    4
 -0.01918160492381115   20    2   18    8
 -0.01512245082524638   20    2   18   15
 0.005729067637034627   20    2   19    1
 0.04666358378438522   20    2   19    3
 0.01440107281711345   20    2   19    5
 -0.02279256210970413   20    2   19    7
 -0.008307602721010995   20    2   19   10
 -0.0044923614853524   20    2   19   12
 0.006490886775829293   20    2   19   14
 0.01064960985810591   20    2   19   18
 0.0627103880530282   20    2   20    2
 -0.01455835681401582   20    3    4    2
 0.00777860733085717   20    3    6    4
 0.002426442391789537   20    3    8    2
 -0.005135713874162187   20    3    8    6
 -0.003279932597250885   20    3    9    4
 -0.007169499761809644   20    3    9    8
 -0.007889983415996797   20    3   11    4
 0.006486538491854345   20    3   11    8
 -0.01072717404646097   20    3   13    1
 0.0001242365260820555   20    3   13    3
 0.005422997216741725   20    3   13    5
 -0.004922827643812974   20    3   13    7
 -0.005075916263822188   20    3   13   10
 -0.0006823115505428665   20    3   13   12
 -0.003536559116102248   20    3   14   13
 -0.002882782871857561   20    3   15    2
 -0.008864829995937618   20    3   15    6
 0.002191899100030635   20    3   15    9
 0.008354301532658507   20    3   15   11
 -0.003163827727469406   20    3   16    4
 -0.0009640422099400335   20    3   16    8
 0.002033557358752127   20    3   16   15
 -0.007429411603078234   20    3   17    4
 0.005742975822067498   20    3   17    8
 0.002884431972270471   20    3   17   15
 -0.001151655820908783   20    3   18   13
 0.01210807500503097   20    3   19    2
 -0.004849594085842962   20    3   19    6
 0.001436023033894153   20    3   19    9
 0.005219296135708667   20    3   19   11
 0.002685829114785624   20    3   19   16
 0.009192607103780013   20    3   19   17
 -0.01983313422612548   20    3   20    1
 0.02106722144097299   20    3   20    3
 0.08559732761196046   20    4    2    1
 -0.01263134803220497   20    4    3    2
 0.008298455503451959   20    4    5    2
 -0.03906663942027393   20    4    6    1
 0.02447317360554045   20    4    6    3
 -0.01676004789719562   20    4    6    5
 0.0004580407405467634   20    4    7    2
 0.0007271304051432711   20    4    7    6
 -0.01544283707906579   20    4    9    1
 -0.01738707862440796   20    4    9    3
 -0.02298321951545721   20    4    9    5
 -0.01089992693387635   20    4    9    7
 0.01329746437154557   20    4   10    2
 0.00557541373807821   20    4   10    6
 0.0004878272672829008   20    4   10    9
 0.03095721093164185   20    4   11    1
 -0.02827889338062395   20    4   11    3
 0.01326871034902472   20    4   11    5
 0.00924100848093197   20    4   11    7
 -0.02370679330396875   20    4   11   10
 -0.03430616197703951   20    4   12    2
 0.01487154144447823   20    4   12    6
 0.01993570756456835   20    4   12    9
 -0.02696906781658199   20    4   12   11
 0.04099713800465427   20    4   13    4
 -0.00387856003939465   20    4   13    8
 0.003692797341559887   20    4   14    2
 0.002023172779997029   20    4   14    6
 0.03126758616259354   20    4   14    9
 -0.009620471944513856   20    4   14   11
 0.03042482211973746   20    4   15   13
 0.003004516954316923   20    4   16    1
 -0.006532312088797952   20    4   16    3
 0.005248557188130143   20    4   16    5
 -0.001677065415880871   20    4   16    7
 -0.02044995091306701   20    4   16   10
 0.02266708557806817   20    4   16   12
 -0.01482491233860016   20    4   16   14
 0.002142692428728736   20    4   17    1
 -0.03641566607590312   20    4   17    3
 -0.002691941317436311   20    4   17    5
 0.01777204762397812   20    4   17    7
 -0.006864533219832115   20    4   17   10
 -0.004869734073294026   20    4   17   12
 -0.01902952839948173   20    4   17   14
 -0.01744869020088581   20    4   18    2
 0.004146386032864476   20    4   18    6
 0.002010898613020194   20    4   18    9
 0.006048667616082611   20    4   18   11
 0.007149843605377261   20    4   18   16
 0.02965712461861242   20    4   18   17
 -0.003093021282778373   20    4   19   13
 0.09038261947708978   20    4   20    4
 0.01363427327599758   20    5    4    2
 -0.003595618405952802   20    5    6    4
 -0.002163120693144159   20    5    8    2
 0.006519114643226178   20    5    8    6
 -0.001670423773363331   20    5    9    4
 0.006264265407129062   20    5    9    8
 0.004242984218827528   20    5   11    4
 -0.00421397605125468   20    5   11    8
 0.01492381730358679   20    5   13    1
 0.007613263735252871   20    5   13    3
 -0.006898149877056804   20    5   13    5
 0.004422622862413252   20    5   13    7
 0.006917608217613571   20    5   13   10
 0.0001210325006228059   20    5   13   12
 0.004047097791755435   20    5   14   13
 0.01263580221955031   20    5   15    2
 0.008709040055166756   20    5   15    6
 -0.001660502730111028   20    5   15    9
 -0.008506192262266505   20    5   15   11
 0.00191881946196693   20    5   16    4
 0.0003916412876099216   20    5   16    8
 -0.0005779781966261312   20    5   16   15
 -0.001068926750342602   20    5   17    4
 -0.00276530182180589   20    5   17    8
 -0.001771103971704996   20    5   17   15
 0.001255184713735093   20    5   18   13
 -0.0004764479627271931   20    5   19    2
 -0.005009199541670797   20    5   19    6
 -0.002844680703138385   20    5   19    9
 0.003433837732745305   20    5   19   11
 0.00174206427339195   20    5   19   16
 -0.006039845989295968   20    5   19   17
 0.0142572241626784   20    5   20    1
 -0.004992139511530198   20    5   20    3
 0.01012903205324948   20    5   20    5
 -0.05394660020951074   20    6    4    1
 0.01548466186785614   20    6    4    3
 -0.008270494387411445   20    6    5    4
 -0.004522956356221469   20    6    7    4
 0.01569008747489033   20    6    8    1
 -0.008756443600808538   20    6    8    3
 0.01930426871672251   20    6    8    5
 0.004422545701634154   20    6    8    7
 0.01543960982030979   20    6   10    4
 -0.005502944169213394   20    6   10    8
 0.00401701726087486   20    6   12    4
 -0.02151308382232714   20    6   12    8
 -0.03483630842915959   20    6   13    2
 -0.005788518575038116   20    6   13    6
 -0.0005278257614139794   20    6   13    9
 0.004891785945567084   20    6   13   11
 -0.01436009096560524   20    6   14    4
 -0.02200893724148431   20    6   14    8
 -0.007655134078583431   20    6   15    1
 -0.02653321755749901   20    6   15    3
 0.00799962218320947   20    6   15    5
 -0.004182233414957152   20    6   15    7
 -0.01280766827917458   20    6   15   10
 0.0002554084514048785   20    6   15   12
 -0.001062047032894313   20    6   15   14
 -0.002307866109409894   20    6   16   13
 0.004355736070455805   20    6   17   13
 -0.02313773713811186   20    6   18    4
 0.01263301800275463   20    6   18    8
 0.006520639921986792   20    6   18   15
 0.001228549950895653   20    6   19    1
 -0.03034514308970709   20    6   19    3
 -0.01579595669514466   20    6   19    5
 0.019115855075226   20    6   19    7
 0.01180666145527951   20    6   19   10
 0.003587931224320595   20    6   19   12
 -0.006180820817478942   20    6   19   14
 -0.003387786791998729   20    6   19   18
 -0.03582683647101361   20    6   20    2
 0.03229471341634799   20    6   20    6
 1.833057679179165e-05   20    7    4    2
 -0.002684209607880363   20    7    6    4
 -0.00257691079898235   20    7    8    2
 -0.0003872925215734514   20    7    8    6
 7.621402649038171e-05   20    7    9    4
 -0.0009010527977649588   20    7    9    8
 0.003237284643469244   20    7   11    4
 -0.001367657160993848   20    7   11    8
 -0.004323749634263763   20    7   13    1
 -0.006085658727816124   20    7   13    3
 0.003954720434770895   20    7   13    5
 -0.001843406085118551   20    7   13    7
 -0.003809811866407669   20    7   13   10
 -0.002469077201971159   20    7   13   12
 -0.0002173328932254849   20    7   14   13
 -0.007779408261002724   20    7   15    2
 -0.003432393232227975   20    7   15    6
 0.001557009440699914   20    7   15    9
 0.00340451322980328   20    7   15   11
 -0.0002949503189668217   20    7   16    4
 -0.001063715311850641   20    7   16    8
 -0.00187804127225433   20    7   16   15
 0.004435639085282814   20    7   17    4
 -0.001975705856222507   20    7   17    8
 -0.001187936228012563   20    7   17   15
 -0.0001751030189717294   20    7   18   13
 -0.0031814666655874   20    7   19    2
 0.005395672808264725   20    7   19    6
 0.001175931914681714   20    7   19    9
 -0.00544580117675593   20    7   19   11
 -0.001160300979497341   20    7   19   16
 -0.0007699248203503007   20    7   19   17
 0.004402230031970356   20    7   20    1
 -0.005551335836952608   20    7   20    3
 -0.002940710079240794   20    7   20    5
 0.005708387009710957   20    7   20    7
 -0.04839434323978731   20    8    2    1
 0.0007486802517282718   20    8    3    2
 -0.001274267113046853   20    8    5    2
 0.01746494774949274   20    8    6    1
 -0.01476605290450864   20    8    6    3
 0.01836126572843891   20    8    6    5
 -0.002855560569195724   20    8    7    2
 -0.002292164646763933   20    8    7    6
 0.01379497972579794   20    8    9    1
 0.00746614169423458   20    8    9    3
 0.01208717607878223   20    8    9    5
 0.00357496689379476   20    8    9    7
 -0.01118564983664277   20    8   10    2
 -0.00558950358058851   20    8   10    6
 0.002444652396196937   20    8   10    9
 -0.01415185218975424   20    8   11    1
 0.01837551141894555   20    8   11    3
 -0.008321752143022994   20    8   11    5
 -0.001419012864501745   20    8   11    7
 0.02267902640041863   20    8   11   10
 0.02000904021935248   20    8   12    2
 -0.01060411702732971   20    8   12    6
 -0.006688015170681046   20    8   12    9
 0.01939597135526592   20    8   12   11
 -0.02258595502021311   20    8   13    4
 -0.0002280149911367681   20    8   13    8
 0.004168144049459415   20    8   14    2
 -0.001714908354368744   20    8   14    6
 -0.01736145507974111   20    8   14    9
 0.004056732670409972   20    8   14   11
 -0.03027230037452987   20    8   15   13
 -0.001917109160875629   20    8   16    1
 0.0002306242609563927   20    8   16    3
 -0.003303464963011523   20    8   16    5
 -0.001861330637052939   20    8   16    7
 0.01570471239130865   20    8   16   10
 -0.01832451528382508   20    8   16   12
 0.01347744055437964   20    8   16   14
 -0.001720285303051194   20    8   17    1
 0.01782346909397137   20    8   17    3
 0.004374622305962798   20    8   17    5
 -0.01246909361207765   20    8   17    7
 -0.000301210537091045   20    8   17   10
 0.003922034198782768   20    8   17   12
 0.01233827868158482   20    8   17   14
 0.007427275490396254   20    8   18    2
 -0.005697173619752728   20    8   18    6
 -0.001511650050602917   20    8   18    9
 -0.001980253368831869   20    8   18   11
 -0.001707122822450097   20    8   18   16
 -0.02503306885707971   20    8   18   17
 0.006907386983709638   20    8   19   13
 -0.04227528042114949   20    8   20    4
 0.02672042999444472   20    8   20    8
 -0.01084076474042907   20    9    4    1
 -0.002711082520386293   20    9    4    3
 -0.005690968435711766   20    9    5    4
 6.503677138409178e-05   20    9    7    4
 0.009352720000548756   20    9    8    1
 -0.002227604956303737   20    9    8    3
 0.003616296996189953   20    9    8    5
 -0.002866794019157915   20    9    8    7
 0.004964435973656874   20    9   10    4
 -0.00294152847576491   20    9   10    8
 0.008028406185526539   20    9   12    4
 -0.003450192028614658   20    9   12    8
 -0.004414929602070797   20    9   13    2
 0.0007150366087761112   20    9   13    6
 0.001753786657513377   20    9   13    9
 -0.001910265980346993   20    9   13   11
 0.003990641631755811   20    9   14    4
 -0.002527324337438621   20    9   14    8
 -0.00354732064105866   20    9   15    1
 -0.0008870691150152614   20    9   15    3
 -1.388632347011701e-05   20    9   15    5
 0.002221683656289593   20    9   15    7
 0.0001876217655707329   20    9   15   10
 -0.0009113644508307287   20    9   15   12
 -0.002777481267428533   20    9   15   14
 0.0008677954894269221   20    9   16   13
 0.002132538887685317   20    9   17   13
 -0.005496403985349302   20    9   18    4
 0.005603026611875773   20    9   18    8
 0.0004118943560958459   20    9   18   15
 -0.008949355456752435   20    9   19    1
 -0.003188457005742066   20    9   19    3
 -0.00479009167878331   20    9   19    5
 0.004605318258859228   20    9   19    7
 0.002973614876972641   20    9   19   10
 -0.0005878528643874005   20    9   19   12
 -0.0004315136704870015   20    9   19   14
 -0.004144704700604305   20    9   19   18
 -0.008137139519655535   20    9   20    2
 0.004532171864468806   20    9   20    6
 0.007287894721489416   20    9   20    9
 -0.008787338130531765   20   10    4    2
 0.002699680696232227   20   10    6    4
 0.001975892561574705   20   10    8    2
 -0.003776225488001627   20   10    8    6
 0.001601955699412022   20   10    9    4
 -0.003457620257314747   20   10    9    8
 -0.002625938352435638   20   10   11    4
 0.003738187361227995   20   10   11    8
 -0.009985420449601237   20   10   13    1
 -0.005438490303651411   20   10   13    3
 0.004932789173315542   20   10   13    5
 -0.00335018644799286   20   10   13    7
 -0.008428789379083399   20   10   13   10
 6.987403694876499e-05   20   10   13   12
 -0.001947795859287169   20   10   14   13
 -0.009340936015508273   20   10   15    2
 -0.006633763157337495   20   10   15    6
 0.001755391390262963   20   10   15    9
 0.008978429890939582   20   10   15   11
 -0.0009792737400242358   20   10   16    4
 0.0006232063093398466   20   10   16    8
 0.002751030922689766   20   10   16   15
 -0.0005199508972696772   20   10   17    4
 0.001962292247208461   20   10   17    8
 7.103211149485776e-05   20   10   17   15
 -0.002251666119806927   20   10   18   13
 0.00173569963480037   20   10   19    2
 0.003196255011599123   20   10   19    6
 0.001174734125412038   20   10   19    9
 -0.003218699773711918   20   10   19   11
 -0.002065543283916707   20   10   19   16
 0.004638388607852822   20   10   19   17
 -0.008490182361798458   20   10   20    1
 0.004464794720710768   20   10   20    3
 -0.006633489134707219   20   10   20    5
 0.001307450114084928   20   10   20    7
 0.007154039500662622   20   10   20   10
 0.0487292245088569   20   11    4    1
 -0.0159766031767597   20   11    4    3
 0.009449624610751561   20   11    5    4
 0.005436668583254753   20   11    7    4
 -0.01842445608497861   20   11    8    1
 0.009524383885950335   20   11    8    3
 -0.01454918100020878   20   11    8    5
 -0.004760069304693451   20   11    8    7
 -0.01370862208597892   20   11   10    4
 0.007552137054145348   20   11   10    8
 -0.00715167332230252   20   11   12    4
 0.01941258647427429   20   11   12    8
 0.02913842909498848   20   11   13    2
 0.00211780658431855   20   11   13    6
 -0.002066645579715551   20   11   13    9
 -0.004852979788340802   20   11   13   11
 0.007806373609427333   20   11   14    4
 0.01788092182721687   20   11   14    8
 0.005280372194888574   20   11   15    1
 0.02283136340567737   20   11   15    3
 -0.005588379924037494   20   11   15    5
 0.001636138209251668   20   11   15    7
 0.01250715576477025   20   11   15   10
 0.001092980902009314   20   11   15   12
 0.0008998328388946532   20   11   15   14
 0.001576248031453231   20   11   16   13
 -0.003036041771417876   20   11   17   13
 0.02153214849811361   20   11   18    4
 -0.01263588610480309   20   11   18    8
 -0.006587508688566879   20   11   18   15
 -0.002897765958997759   20   11   19    1
 0.02860076171229571   20   11   19    3
 0.0127556264081949   20   11   19    5
 -0.01839132396852156   20   11   19    7
 -0.009861333927831825   20   11   19   10
 -0.003110669003018143   20   11   19   12
 0.006298812382592178   20   11   19   14
 0.00374967525927729   20   11   19   18
 0.03407565339711087   20   11   20    2
 -0.02854034987568147   20   11   20    6
 -0.005080899615335232   20   11   20    9
 0.02833579870325136   20   11   20   11
 -0.01268833477187683   20   12    4    2
 0.006071730825030016   20   12    6    4
 0.007522826748508868   20   12    8    2
 -0.005905918988776743   20   12    8    6
 0.006013418747316369   20   12    9    4
 -0.002939884258824262   20   12    9    8
 -0.007095735794394324   20   12   11    4
 0.00621359876088692   20   12   11    8
 -0.0102302749553236   20   12   13    1
 -0.003268473240267435   20   12   13    3
 -0.0002885659110337699   20   12   13    5
 -0.002120772556478247   20   12   13    7
 -0.001034296625465598   20   12   13   10
 -0.0009101141907135473   20   12   13   12
 0.001099763223683299   20   12   14   13
 -0.005572189542967339   20   12   15    2
 -0.00230940955600533   20   12   15    6
 0.001786246983022654   20   12   15    9
 0.004589246154936971   20   12   15   11
 -0.001720467202443459   20   12   16    4
 5.304302346231494e-05   20   12   16    8
 -0.004756403866172833   20   12   16   15
 -0.001874486035777401   20   12   17    4
 0.003969511278088408   20   12   17    8
 0.003743133377605669   20   12   17   15
 0.001784942389835192   20   12   18   13
 -0.00110647377686613   20   12   19    2
 0.001621601520626686   20   12   19    6
 0.001000245623216796   20   12   19    9
 -0.000862435419434911   20   12   19   11
 0.001140266443403204   20   12   19   16
 0.003718786815544794   20   12   19   17
 -0.0173918340064842   20   12   20    1
 0.004753369878279899   20   12   20    3
 -0.007124728803127972   20   12   20    5
 0.0001683642079435001   20   12   20    7
 0.003772339227117728   20   12   20   10
 0.01251321214018679   20   12   20   12
 0.0924120743577843   20   13    1    1
 0.06444593690096011   20   13    2    2
 -0.03013950263669227   20   13    3    1
 0.07766036792697893   20   13    3    3
 0.1061714865268666   20   13    4    4
 0.03256105343825134   20   13    5    1
 0.02625841207797593   20   13    5    3
 0.001813367349550033   20   13    5    5
 -0.05475985337186649   20   13    6    2
 0.004685160139882329   20   13    6    6
 -0.00666867168805716   20   13    7    1
 -0.04386830566361633   20   13    7    3
 0.0006828762311075592   20   13    7    5
 0.05298598307932868   20   13    7    7
 -0.04945810378825369   20   13    8    4
 0.0626183775179763   20   13    8    8
 -0.01249750332307885   20   13    9    2
 0.006797260656863459   20   13    9    6
 0.03785654654235951   20   13    9    9
 -0.02388148925331728   20   13   10    1
 -0.008015043910403441   20   13   10    3
 -0.00745592318750639   20   13   10    5
 -0.005566175253315476   20   13   10    7
 -0.01118241663542351   20   13   10   10
 0.05097925175666083   20   13   11    2
 -0.02329887956446916   20   13   11    6
 -0.02623995160888113   20   13   11    9
 0.01272888718054007   20   13   11   11
 -0.03076504932870368   20   13   12    1
 -0.01076904778007464   20   13   12    3
 -0.01612166503134542   20   13   12    5
 -0.01401736224725261   20   13   12    7
 0.003978167791407582   20   13   12   10
 0.02953354635511532   20   13   12   12
 -0.009101428531931908   20   13   13   13
 -0.007848990916637388   20   13   14    1
 0.01630857782761077   20   13   14    3
 -0.01142282661566312   20   13   14    5
 -0.00635171763423848   20   13   14    7
 0.01159936265399858   20   13   14   10
 0.0288341158269578   20   13   14   12
 0.04157634784634682   20   13   14   14
 -0.01971634926625674   20   13   15    4
 -0.005043914855180385   20   13   15    8
 -0.007897100551480003   20   13   15   15
 0.0031859659860071   20   13   16    2
 -0.008705121406847384   20   13   16    6
 0.008155064541196433   20   13   16    9
 0.004381384369986628   20   13   16   11
 -0.01602128614626374   20   13   16   16
 0.003746554911202588   20   13   17    2
 -0.03129157395812638   20   13   17    6
 -0.00168117593754307   20   13   17    9
 0.04153729358800654   20   13   17   11
 0.008292721442323301   20   13   17   16
 0.02021985179053547   20   13   17   17
 0.01320645691778987   20   13   18    1
 0.002849097869908637   20   13   18    3
 0.02683980558399217   20   13   18    5
 -0.02045092821580051   20   13   18    7
 -0.03421214081544634   20   13   18   10
 -0.002526021558887818   20   13   18   12
 0.00592913248150573   20   13   18   14
 0.03035313624027279   20   13   18   18
 0.0005935590450104744   20   13   19    4
 0.002734152426090539   20   13   19    8
 0.04647003015087196   20   13   19   15
 0.08876783366426226   20   13   19   19
 0.05712691292365232   20   13   20   13
 0.005553531678200818   20   14    4    2
 -0.001607897009476394   20   14    6    4
 0.003162583909501289   20   14    8    2
 -0.0009267304498594223   20   14    8    6
 0.004482213460438761   20   14    9    4
 0.002676529721643269   20   14    9    8
 -0.0007339427800974798   20   14   11    4
 0.0006026602304617969   20   14   11    8
 0.007155384103271089   20   14   13    1
 0.001934751253333099   20   14   13    3
 -0.001297335237938322   20   14   13    5
 0.001390432559594978   20   14   13    7
 0.002042197692291511   20   14   13   10
 0.002697803272034921   20   14   13   12
 0.004350023206662355   20   14   14   13
 0.004193950051824908   20   14   15    2
 0.002233217665319413   20   14   15    6
 -0.002969930701703166   20   14   15    9
 -0.002610470979004549   20   14   15   11
 0.001624275724523629   20   14   16    4
 0.001799045330731511   20   14   16    8
 0.0014318993347868   20   14   16   15
 -0.003169031303412785   20   14   17    4
 0.0009158238535935725   20   14   17    8
 -0.001855997844187524   20   14   17   15
 -0.001038217010556137   20   14   18   13
 -0.0007401128151157296   20   14   19    2
 -0.0005095673491599881   20   14   19    6
 -0.0009414061813715518   20   14   19    9
 0.001202182852290303   20   14   19   11
 -0.0007040771168822581   20   14   19   16
 -0.001647326565339664   20   14   19   17
 0.007593214316892684   20   14   20    1
 -0.003247530959295041   20   14   20    3
 0.002247308899820969   20   14   20    5
 -0.001319522513022628   20   14   20    7
 -0.001024522085979708   20   14   20   10
 0.0002638869692312184   20   14   20   12
 0.01021042373130873   20   14   20   14
 -0.03267436716238888   20   15    2    1
 -0.007963739663251888   20   15    3    2
 0.02197036063803975   20   15    5    2
 -0.002780648548472777   20   15    6    1
 -0.02319082529332292   20   15    6    3
 0.03422545369938174   20   15    6    5
 -0.009927809458758603   20   15    7    2
 -0.009657493410293783   20   15    7    6
 0.001708282799169113   20   15    9    1
 0.01179824692062663   20   15    9    3
 0.01130937403580715   20   15    9    5
 0.01197571117711573   20   15    9    7
 -0.03103175755209266   20   15   10    2
 -0.01095545568127946   20   15   10    6
 0.01167071102683763   20   15   10    9
 0.009500370114081216   20   15   11    1
 0.02335767107962251   20   15   11    3
 -0.008462535639385402   20   15   11    5
 0.006981369653112781   20   15   11    7
 0.04754766284995074   20   15   11   10
 0.002191990394917629   20   15   12    2
 -0.0007317030967210175   20   15   12    6
 0.005379627948791332   20   15   12    9
 0.01865086347730158   20   15   12   11
 -0.02007807589674129   20   15   13    4
 -0.01379151852414962   20   15   13    8
 -2.077553971423355e-05   20   15   14    2
 0.00871040881505392   20   15   14    6
 -0.02198524987425517   20   15   14    9
 -0.008467203082733429   20   15   14   11
 -0.06338205702555666   20   15   15   13
 -0.0005351624557942429   20   15   16    1
 -0.001367616237955897   20   15   16    3
 -0.003479358195735813   20   15   16    5
 -0.004334050849046926   20   15   16    7
 0.0288192287179846   20   15   16   10
 -0.04007895196842677   20   15   16   12
 0.02555132377797353   20   15   16   14
 -0.002988297789323562   20   15   17    1
 0.00602078897737905   20   15   17    3
 0.01437068918878016   20   15   17    5
 -0.0150154029878085   20   15   17    7
 -0.01653536180120216   20   15   17   10
 -0.003696358061610283   20   15   17   12
 0.01369954998559188   20   15   17   14
 0.002409467030914754   20   15   18    2
 -0.01904742702935729   20   15   18    6
 -0.003527718116828237   20   15   18    9
 0.007992331329472267   20   15   18   11
 0.003466810701200615   20   15   18   16
 -0.04519516371521692   20   15   18   17
 0.02840856639341856   20   15   19   13
 -0.01272622127622312   20   15   20    4
 0.01168053501998543   20   15   20    8
 0.03188233197128307   20   15   20   15
 0.01022445954211236   20   16    4    1
 -0.006008814681064354   20   16    4    3
 0.001995231588093   20   16    5    4
 -0.0001027322718379305   20   16    7    4
 -0.003885777802557759   20   16    8    1
 0.000490005535278854   20   16    8    3
 -0.002696281846537404   20   16    8    5
 -0.00345954247610886   20   16    8    7
 -0.002446115529280513   20   16   10    4
 0.002868665994161944   20   16   10    8
 -0.001375822417228229   20   16   12    4
 0.003150307671238897   20   16   12    8
 0.003416127030916856   20   16   13    2
 -0.001785590421487541   20   16   13    6
 0.002248858012575343   20   16   13    9
 0.001176480492870784   20   16   13   11
 0.002847386026009088   20   16   14    4
 0.004237871599683902   20   16   14    8
 -0.00217107795148734   20   16   15    1
 0.003056241070923369   20   16   15    3
 0.00027513312370561   20   16   15    5
 -0.00173390455359494   20   16   15    7
 0.003516033380116256   20   16   15   10
 -0.006719091586136461   20   16   15   12
 0.002851391062981541   20   16   15   14
 -0.007677744093514033   20   16   16   13
 0.0001936164287738864   20   16   17   13
 0.006236349888182182   20   16   18    4
 -0.002301873219577308   20   16   18    8
 -0.0006795669522416326   20   16   18   15
 -0.001662427040361923   20   16   19    1
 0.00870416586609676   20   16   19    3
 0.002183159337478905   20   16   19    5
 -0.003522868109686958   20   16   19    7
 -0.002248068948267628   20   16   19   10
 0.0006560914047836622   20   16   19   12
 -0.0004734845954369873   20   16   19   14
 0.0006421407131490345   20   16   19   18
 0.007036533401114904   20   16   20    2
 -0.00460050457653043   20   16   20    6
 -0.0006779402857418468   20   16   20    9
 0.00440649102548451   20   16   20   11
 0.005285675097712416   20   16   20   16
 0.01430796267617701   20   17    4    1
 -0.0170790391549415   20   17    4    3
 0.0022856499826054   20   17    5    4
 0.00520112479605099   20   17    7    4
 -0.009369144746945572   20   17    8    1
 0.006342157828934154   20   17    8    3
 -0.001968234543815289   20   17    8    5
 -0.007714854114089099   20   17    8    7
 -0.004953662856602039   20   17   10    4
 0.003612352459700964   20   17   10    8
 -0.003744704509735674   20   17   12    4
 0.007571753940348664   20   17   12    8
 -0.003579343554672755   20   17   13    2
 -0.007124967055682875   20   17   13    6
 0.001327731124673237   20   17   13    9
 0.007226282215767385   20   17   13   11
 -0.002899519733387492   20   17   14    4
 0.006114690149240455   20   17   14    8
 -0.01137858978670068   20   17   15    1
 0.00366288227998663   20   17   15    3
 0.003902579581493554   20   17   15    5
 -0.004391264214309579   20   17   15    7
 -0.003510984983773342   20   17   15   10
 -0.002361191148325951   20   17   15   12
 0.0007858125810097183   20   17   15   14
 0.0006893237857643885   20   17   16   13
 0.001263311204852514   20   17   17   13
 0.008870890895382873   20   17   18    4
 -0.0048644738315454   20   17   18    8
 -0.004707791960780274   20   17   18   15
 -0.0132502309077427   20   17   19    1
 0.01740272664514155   20   17   19    3
 -0.00288324386098181   20   17   19    5
 -0.006473906932969786   20   17   19    7
 0.00495972282071548   20   17   19   10
 -0.0009850300438998909   20   17   19   12
 0.002545438869450216   20   17   19   14
 0.0005485593273123374   20   17   19   18
 0.01423289975504448   20   17   20    2
 -0.007195773466244762   20   17   20    6
 -0.000102159817892043   20   17   20    9
 0.009308559633088806   20   17   20   11
 0.002812406550255006   20   17   20   16
 0.0147528777365353   20   17   20   17
 0.006645899610039001   20   18    4    2
 -0.005164051331726476   20   18    6    4
 -0.004593586168613601   20   18    8    2
 0.001653738561893755   20   18    8    6
 -0.001479881743914899   20   18    9    4
 0.002810430477935425   20   18    9    8
 0.004979090235754893   20   18   11    4
 -0.003410239679198977   20   18   11    8
 0.001414736020657684   20   18   13    1
 -0.002731101321740067   20   18   13    3
 0.0051977278455308   20   18   13    5
 -0.001746384992312943   20   18   13    7
 -0.005549023949553482   20   18   13   10
 -7.948825526796542e-05   20   18   13   12
 0.001237918221461139   20   18   14   13
 -0.004571602670515457   20   18   15    2
 -0.003180574074602229   20   18   15    6
 -0.0006772582849966352   20   18   15    9
 0.002337684196819323   20   18   15   11
 0.002183709790231626   20   18   16    4
 -0.0001051528666289462   20   18   16    8
 0.001222051174352812   20   18   16   15
 0.002501866744245661   20   18   17    4
 -0.002800853436235645   20   18   17    8
 -0.004867984314935529   20   18   17   15
 -0.000642749810343888   20   18   18   13
 0.002540798238806124   20   18   19    2
 0.00210387107587965   20   18   19    6
 -0.001318463922547313   20   18   19    9
 -0.001727530618367227   20   18   19   11
 -0.0005516138269908967   20   18   19   16
 -0.0001439737835673886   20   18   19   17
 0.01206836635028   20   18   20    1
 -0.00308356005975341   20   18   20    3
 0.001904792219033002   20   18   20    5
 0.001655081999093597   20   18   20    7
 -0.002817421572624617   20   18   20   10
 -0.002537653531471909   20   18   20   12
 0.001397342111946662   20   18   20   14
 0.01086759436653672   20   18   20   18
 0.01227299367285001   20   19    2    1
 0.02951426545157075   20   19    3    2
 -0.004251509422038396   20   19    5    2
 0.01016958661146348   20   19    6    1
 -0.00538505017138609   20   19    6    3
 -0.01942570318221982   20   19    6    5
 -0.004533118688543848   20   19    7    2
 0.01083933707843825   20   19    7    6
 -0.01302614814106674   20   19    9    1
 -0.004107688806795883   20   19    9    3
 -0.002416520031065789   20   19    9    5
 0.006406115019713283   20   19    9    7
 0.01451412270833191   20   19   10    2
 0.007389451287027683   20   19   10    6
 -0.008401274629039805   20   19   10    9
 -0.01620161972961622   20   19   11    1
 0.001871426844151159   20   19   11    3
 0.00514379227484458   20   19   11    5
 -0.01545428634410775   20   19   11    7
 -0.02525736314299395   20   19   11   10
 -0.0002519593261387769   20   19   12    2
 0.003303537267524274   20   19   12    6
 -0.008837738136995567   20   19   12    9
 -0.007055245048156875   20   19   12   11
 0.01072269160024675   20   19   13    4
 0.006767529348911734   20   19   13    8
 -0.002246343112579961   20   19   14    2
 -0.005082736757163293   20   19   14    6
 0.00608365264594758   20   19   14    9
 0.01054485218092357   20   19   14   11
 0.04120314439063804   20   19   15   13
 -8.732714236108558e-05   20   19   16    1
 0.009990634432555736   20   19   16    3
 0.003320990335445425   20   19   16    5
 0.002873439018213807   20   19   16    7
 -0.01462124625704499   20   19   16   10
 0.01867191695007948   20   19   16   12
 -0.01260948394662168   20   19   16   14
 -0.02009917609971255   20   19   17    1
 0.009217568482367985   20   19   17    3
 -0.01008090621667211   20   19   17    5
 0.0009864332805887685   20   19   17    7
 0.008567323580675832   20   19   17   10
 0.002271112549243851   20   19   17   12
 -0.0004880772481105653   20   19   17   14
 -0.001374199208962203   20   19   18    2
 0.006850019204451004   20   19   18    6
 0.004347979704494617   20   19   18    9
 0.001331066378985489   20   19   18   11
 -0.002895372036740029   20   19   18   16
 0.02936817502131371   20   19   18   17
 -0.001707246100270596   20   19   19   13
 -0.009020370639942628   20   19   20    4
 -0.001709782296147537   20   19   20    8
 -0.0002103572552933208   20   19   20   15
 0.03862319704747241   20   19   20   19
 0.7061158718885251   20   20    1    1
 0.6456176312783272   20   20    2    2
 -0.04612005287002043   20   20    3    1
 0.643052017307977   20   20    3    3
 0.7111755393181005   20   20    4    4
 0.09482891673985984   20   20    5    1
 0.05297583741834905   20   20    5    3
 0.3833854019467854   20   20    5    5
 -0.1355093563034662   20   20    6    2
 0.4067509378106075   20   20    6    6
 0.003363007897138501   20   20    7    1
 -0.1470897846414635   20   20    7    3
 -0.06190178277338003   20   20    7    5
 0.5027487931749337   20   20    7    7
 -0.1784254948947776   20   20    8    4
 0.5401108817086163   20   20    8    8
 -0.0865955629911323   20   20    9    2
 0.02556627005938293   20   20    9    6
 0.4687599203985574   20   20    9    9
 -0.03845913058667173   20   20   10    1
 0.01704530129748648   20   20   10    3
 -0.08372019482696752   20   20   10    5
 0.005131784210045105   20   20   10    7
 0.4595063859635403   20   20   10   10
 0.08897628593564749   20   20   11    2
 -0.1504308323133391   20   20   11    6
 -0.03212830247447897   20   20   11    9
 0.4960585321030982   20   20   11   11
 -0.08683982921994417   20   20   12    1
 0.01954050832217537   20   20   12    3
 -0.06505234966563087   20   20   12    5
 -0.0005386348805372302   20   20   12    7
 -0.006617150124632474   20   20   12   10
 0.5199339379489901   20   20   12   12
 0.5079278391668505   20   20   13   13
 -0.04590973183197671   20   20   14    1
 0.03168614783771233   20   20   14    3
 -0.03938768098762577   20   20   14    5
 -0.04141794923999206   20   20   14    7
 0.01352200477433779   20   20   14   10
 0.04113038291157909   20   20   14   12
 0.5446256359826281   20   20   14   14
 -0.01743805923029326   20   20   15    4
 0.0337296360987733   20   20   15    8
 0.4958828248523354   20   20   15   15
 0.001100019387590402   20   20   16    2
 -0.01246764295888803   20   20   16    6
 -0.01562381197611504   20   20   16    9
 0.01589231270260182   20   20   16   11
 0.4510156616375438   20   20   16   16
 0.01811783518285317   20   20   17    2
 -0.04742350591302131   20   20   17    6
 6.508462427188366e-05   20   20   17    9
 0.1164342228812785   20   20   17   11
 0.0166554651594744   20   20   17   16
 0.5411506395347288   20   20   17   17
 0.03010737959937438   20   20   18    1
 0.006452578743690564   20   20   18    3
 0.04614237572907648   20   20   18    5
 -0.0530193889565889   20   20   18    7
 -0.09166024004833985   20   20   18   10
 -0.02179247480828617   20   20   18   12
 0.005451275533266269   20   20   18   14
 0.5641151229820591   20   20   18   18
 -0.002511972544117294   20   20   19    4
 -0.009884474487029796   20   20   19    8
 0.08821868927759369   20   20   19   15
 0.6854487840089142   20   20   19   19
 0.1116460625180443   20   20   20   13
 0.7570766452608382   20   20   20   20
 0.005361167116729747   21    1    1    1
 -0.01867968648589992   21    1    2    2
 0.01903899572855249   21    1    3    1
 0.0311748692846299   21    1    3    3
 -0.02044114803578039   21    1    4    4
 0.007913663810630361   21    1    5    1
 0.01634028352518476   21    1    5    3
 0.007828982619465167   21    1    5    5
 0.01027962775035409   21    1    6    2
 -0.006220073280795149   21    1    6    6
 -0.01222240922790986   21    1    7    1
 -0.01505746432785696   21    1    7    3
 -0.01035550252813393   21    1    7    5
 0.01958863217879131   21    1    7    7
 0.008371622903751326   21    1    8    4
 -0.01048846970451198   21    1    8    8
 0.00129975934073185   21    1    9    2
 -0.001699521636361585   21    1    9    6
 -0.003954130446220024   21    1    9    9
 -0.01071296486574304   21    1   10    1
 -0.0133919958357684   21    1   10    3
 -0.004121751606559263   21    1   10    5
 0.00393067666417017   21    1   10    7
 -0.000587262454811969   21    1   10   10
 -0.009816481697694114   21    1   11    2
 0.007989796382690161   21    1   11    6
 0.002980379065191842   21    1   11    9
 -0.0108582967959652   21    1   11   11
 0.01586497059041728   21    1   12    1
 -0.003576522972609454   21    1   12    3
 0.001968809323330837   21    1   12    5
 0.003126474471135077   21    1   12    7
 -0.001988921868377333   21    1   12   10
 0.002651440998605461   21    1   12   12
 -0.006905469968029697   21    1   13   13
 -0.01802034454397839   21    1   14    1
 0.0008305050601609041   21    1   14    3
 -0.005951543288543858   21    1   14    5
 0.005075385502340063   21    1   14    7
 0.004511494461789577   21    1   14   10
 -0.002318562031281464   21    1   14   12
 -0.0009238472257494338   21    1   14   14
 0.006838260564921561   21    1   15    4
 -0.002180522350311273   21    1   15    8
 -0.0005220438739003945   21    1   15   15
 0.006750508957737382   21    1   16    2
 -0.001623672867968554   21    1   16    6
 -0.003122706341963304   21    1   16    9
 -0.00156352586232855   21    1   16   11
 0.002577413797618422   21    1   16   16
 -0.006017031800473902   21    1   17    2
 0.002406120167987454   21    1   17    6
 0.007454241517413846   21    1   17    9
 -0.002933699826811964   21    1   17   11
 -0.01023012736751198   21    1   17   16
 -0.0006597467875063095   21    1   17   17
 -0.001167819858287463   21    1   18    1
 0.007560905279312313   21    1   18    3
 0.001851948120982696   21    1   18    5
 -0.01064898777053755   21    1   18    7
 0.007328830064527963   21    1   18   10
 -0.01265281906159338   21    1   18   12
 0.001137279512402615   21    1   18   14
 -0.003460492297142637   21    1   18   18
 0.009922003679816696   21    1   19    4
 -0.005572508507116514   21    1   19    8
 0.008839040821751685   21    1   19   15
 0.02135305642045409   21    1   19   19
 -0.01275943692408898   21    1   20   13
 -0.04045900187851006   21    1   20   20
 0.05675834702529205   21    1   21    1
 -0.04514336637417842   21    2    2    1
 0.002481304533580287   21    2    3    2
 -0.004097083671860733   21    2    5    2
 0.0179198672033142   21    2    6    1
 -0.01225153602624907   21    2    6    3
 0.009063731721789496   21    2    6    5
 -0.003042163705343796   21    2    7    2
 -0.001846382366658336   21    2    7    6
 0.01277752308200509   21    2    9    1
 0.007540371937639329   21    2    9    3
 0.005672380782106161   21    2    9    5
 0.004642302563583371   21    2    9    7
 -0.0126468225091634   21    2   10    2
 -0.002017108127019116   21    2   10    6
 0.006062009467310669   21    2   10    9
 -0.01218352738363012   21    2   11    1
 0.01712596908949108   21    2   11    3
 -0.009042845847244742   21    2   11    5
 -0.001489851876009095   21    2   11    7
 0.0169504500423763   21    2   11   10
 0.01679574691115837   21    2   12    2
 -0.01629738867456805   21    2   12    6
 -0.007936283145384609   21    2   12    9
 0.02156067752476726   21    2   12   11
 -0.01844544156029136   21    2   13    4
 0.0009650703959146457   21    2   13    8
 0.0034742685823079   21    2   14    2
 0.003289642660593304   21    2   14    6
 -0.01544027331851893   21    2   14    9
 -0.002941281295134883   21    2   14   11
 -0.02051462674147689   21    2   15   13
 -0.002206853016915907   21    2   16    1
 -0.002652504230895326   21    2   16    3
 0.004475441366398447   21    2   16    5
 -0.004450771485298534   21    2   16    7
 0.005482436254059106   21    2   16   10
 -0.01466328829720202   21    2   16   12
 0.009606485045043309   21    2   16   14
 0.0006849621429035434   21    2   17    1
 0.01403870039684899   21    2   17    3
 0.000893001168019717   21    2   17    5
 -0.007961526993318185   21    2   17    7
 0.00645510459875981   21    2   17   10
 8.598969427834729e-05   21    2   17   12
 0.01158690736981053   21    2   17   14
 0.01665340976607352   21    2   18    2
 -0.004442284136543647   21    2   18    6
 -0.004049567167324969   21    2   18    9
 -0.002860972702090071   21    2   18   11
 -0.008069355279986706   21    2   18   16
 -0.01908048613115905   21    2   18   17
 0.004216108774645317   21    2   19   13
 -0.03606492106148711   21    2   20    4
 0.01840219603146507   21    2   20    8
 0.005748344493605678   21    2   20   15
 0.001354275729519817   21    2   20   19
 0.0303705634456679   21    2   21    2
 0.04128588229049975   21    3    1    1
 0.02843168844660703   21    3    2    2
 0.07502821632166647   21    3    3    1
 -0.03926453277703527   21    3    3    3
 0.02525230135625598   21    3    4    4
 0.03203928999741484   21    3    5    1
 0.006133391520917323   21    3    5    3
 0.02185789002093814   21    3    5    5
 -9.948645539253488e-05   21    3    6    2
 0.006719792171099899   21    3    6    6
 -0.03535880904231254   21    3    7    1
 0.005505900861241214   21    3    7    3
 -0.02392580991191807   21    3    7    5
 -0.01524461575822859   21    3    7    7
 -0.01350362492258438   21    3    8    4
 0.01443008866107414   21    3    8    8
 -0.02128173573965163   21    3    9    2
 0.0122481247386524   21    3    9    6
 0.003078803275479572   21    3    9    9
 -0.01640684125985241   21    3   10    1
 -0.0118066116611811   21    3   10    3
 -0.01169003333648443   21    3   10    5
 0.01499843946681816   21    3   10    7
 0.02517146606979744   21    3   10   10
 -0.003588765876765835   21    3   11    2
 -0.002420406856306536   21    3   11    6
 0.001300955714111446   21    3   11    9
 0.009635395340527471   21    3   11   11
 -0.01250308271542948   21    3   12    1
 0.02182834932755863   21    3   12    3
 0.001059749116049353   21    3   12    5
 0.02564436356422693   21    3   12    7
 -0.009296120165042462   21    3   12   10
 0.01311759389954068   21    3   12   12
 0.0276886342134044   21    3   13   13
 0.001419491735888095   21    3   14    1
 -0.04223815490157797   21    3   14    3
 -0.0148706354107399   21    3   14    5
 0.03389249289619485   21    3   14    7
 0.001868245906054312   21    3   14   10
 0.001834956999564989   21    3   14   12
 0.007113632721596128   21    3   14   14
 0.02285105065194407   21    3   15    4
 -0.000233463320706932   21    3   15    8
 0.01789701288201128   21    3   15   15
 -0.0007448648942400645   21    3   16    2
 0.003207718112527309   21    3   16    6
 -0.01185835420020422   21    3   16    9
 -0.0007812751275215374   21    3   16   11
 0.02104607868593794   21    3   16   16
 -0.02271671434403858   21    3   17    2
 0.009284845652361835   21    3   17    6
 0.004596918916776435   21    3   17    9
 -0.001797703647847679   21    3   17   11
 -0.01348910753242691   21    3   17   16
 0.01930148248940834   21    3   17   17
 0.01135095453163884   21    3   18    1
 -0.009986319398043788   21    3   18    3
 0.007801289622339438   21    3   18    5
 -0.00517937283261813   21    3   18    7
 -0.009636106071135964   21    3   18   10
 -0.01522504813115019   21    3   18   12
 -0.008552203662329078   21    3   18   14
 0.03729670409909385   21    3   18   18
 0.05556333196508313   21    3   19    4
 -0.02604999756462503   21    3   19    8
 -0.007191286526671888   21    3   19   15
 0.004172536012913041   21    3   19   19
 0.004750582760327846   21    3   20   13
 0.01929180334617004   21    3   20   20
 -0.001720813797812948   21    3   21    1
 0.09227507370408589   21    3   21    3
 -0.04563776340585211   21    4    4    1
 0.01771049889706368   21    4    4    3
 -0.01096908243791329   21    4    5    4
 -0.004594557574526988   21    4    7    4
 0.01828211652525287   21    4    8    1
 -0.007794442242936362   21    4    8    3
 0.01181382355278635   21    4    8    5
 0.006283418537158013   21    4    8    7
 0.01565153080442105   21    4   10    4
 -0.008020968704186636   21    4   10    8
 0.008019607132811616   21    4   12    4
 -0.01846291326925983   21    4   12    8
 -0.01787900703050534   21    4   13    2
 0.004299761652356096   21    4   13    6
 4.746686492751836e-05   21    4   13    9
 -0.002979257407373693   21    4   13   11
 -0.01384832101194978   21    4   14    4
 -0.01420747709575263   21    4   14    8
 0.002819834952587815   21    4   15    1
 -0.01173748998022172   21    4   15    3
 0.001410337269980618   21    4   15    5
 0.0005317110848259269   21    4   15    7
 -0.005756234633330463   21    4   15   10
 0.002232849584781984   21    4   15   12
 0.0007085070638842748   21    4   15   14
 -0.0008399950802119229   21    4   16   13
 0.003549562609835375   21    4   17   13
 -0.02928369598512472   21    4   18    4
 0.01454653195891418   21    4   18    8
 0.009336791913321624   21    4   18   15
 0.001278537615683854   21    4   19    1
 -0.01548241687708341   21    4   19    3
 -0.005267246053689054   21    4   19    5
 0.008999440092521536   21    4   19    7
 0.003295403294225588   21    4   19   10
 0.001805522706187235   21    4   19   12
 -0.004424205753597548   21    4   19   14
 -0.003495059356267134   21    4   19   18
 -0.03332720864196627   21    4   20    2
 0.02192815784824657   21    4   20    6
 0.004019344358274313   21    4   20    9
 -0.02109248046721721   21    4   20   11
 -0.003674208290577694   21    4   20   16
 -0.00817816882657452   21    4   20   17
 0.03373421821138035   21    4   21    4
 0.01672783303848499   21    5    1    1
 0.0009529227383409073   21    5    2    2
 0.03626154818075598   21    5    3    1
 0.003288004704096288   21    5    3    3
 -0.002819008750134742   21    5    4    4
 0.01427802525249374   21    5    5    1
 0.007368115179272211   21    5    5    3
 0.007890047643634686   21    5    5    5
 0.00439750967383108   21    5    6    2
 -0.0008786027931458326   21    5    6    6
 -0.01509352381124747   21    5    7    1
 -0.00180158501781491   21    5    7    3
 -0.01561421652933508   21    5    7    5
 0.005924094466044514   21    5    7    7
 -0.00110217206793592   21    5    8    4
 -0.002449407947864622   21    5    8    8
 -0.01412198527781833   21    5    9    2
 -0.0007134394785218221   21    5    9    6
 -0.004765896971201839   21    5    9    9
 -0.01077966458461198   21    5   10    1
 -0.01047005886210346   21    5   10    3
 -0.0008456405947946802   21    5   10    5
 0.004201274307056836   21    5   10    7
 0.006615389945925147   21    5   10   10
 -0.00862687142100498   21    5   11    2
 9.063964652227456e-05   21    5   11    6
 0.00629440275794039   21    5   11    9
 0.004180404158685472   21    5   11   11
 0.008951619314324429   21    5   12    1
 0.01316593159869142   21    5   12    3
 -0.007879341307099587   21    5   12    5
 0.01489996174091625   21    5   12    7
 0.002771062326059098   21    5   12   10
 0.01023505698198063   21    5   12   12
 0.006420509514922913   21    5   13   13
 -0.01324812432094869   21    5   14    1
 -0.01813249887219744   21    5   14    3
 -0.0006631941963535386   21    5   14    5
 0.01092312629142561   21    5   14    7
 -0.005806181785367345   21    5   14   10
 -0.00347465661360916   21    5   14   12
 0.002267219763195597   21    5   14   14
 0.011527385515697   21    5   15    4
 -0.0008691861963068324   21    5   15    8
 0.00632803669680741   21    5   15   15
 0.016036684967096   21    5   16    2
 0.01317072395187598   21    5   16    6
 -0.005676617649801394   21    5   16    9
 -0.01279774647018216   21    5   16   11
 0.007899983407625282   21    5   16   16
 -0.01164282375013154   21    5   17    2
 0.003866424749475012   21    5   17    6
 0.006171612379414955   21    5   17    9
 -0.001225603794523846   21    5   17   11
 -0.00337490887678047   21    5   17   16
 0.006939508292117847   21    5   17   17
 0.0001975923457960972   21    5   18    1
 -0.002500379708659936   21    5   18    3
 0.004774853429067612   21    5   18    5
 -0.007434581578509468   21    5   18    7
 -0.002953408353156307   21    5   18   10
 -0.008857430770561177   21    5   18   12
 -0.003374933208575361   21    5   18   14
 0.01010597348928757   21    5   18   18
 0.02293267785037058   21    5   19    4
 -0.0110333401239497   21    5   19    8
 0.001439583564717874   21    5   19   15
 0.008783996960352149   21    5   19   19
 -0.004191601207522933   21    5   20   13
 -0.01206954900985172   21    5   20   20
 0.01955386397541474   21    5   21    1
 0.02506773178900723   21    5   21    3
 0.02340964999794949   21    5   21    5
 0.02788414721526042   21    6    2    1
 -0.004249105736366788   21    6    3    2
 -0.0008858228250747638   21    6    5    2
 -0.01194828322511403   21    6    6    1
 0.006459852530693209   21    6    6    3
 -0.008627577216896543   21    6    6    5
 -0.000474156558142196   21    6    7    2
 -0.0006551529715752365   21    6    7    6
 -0.002762568331136516   21    6    9    1
 -0.00227688085150305   21    6    9    3
 -0.0114388894725993   21    6    9    5
 -0.004734041200530348   21    6    9    7
 0.01007468626357868   21    6   10    2
 0.003569796248500612   21    6   10    6
 0.0009390835114618108   21    6   10    9
 0.01036384729324294   21    6   11    1
 -0.00652103023276475   21    6   11    3
 0.004065275071407607   21    6   11    5
 0.00271396414259479   21    6   11    7
 -0.009697729661650629   21    6   11   10
 -0.0204396939763825   21    6   12    2
 0.000326646692072217   21    6   12    6
 0.005758935639816499   21    6   12    9
 -0.00491390932087458   21    6   12   11
 0.01192099472134658   21    6   13    4
 0.0004926439350159397   21    6   13    8
 0.007571740794757864   21    6   14    2
 0.003540754487787042   21    6   14    6
 0.01040088623508705   21    6   14    9
 -0.007248327674438325   21    6   14   11
 0.0128898991488973   21    6   15   13
 -0.007184292354458459   21    6   16    1
 -0.007537590356107442   21    6   16    3
 0.01005669458908406   21    6   16    5
 -0.004864684783808622   21    6   16    7
 -0.01639719998783607   21    6   16   10
 0.007576173702624672   21    6   16   12
 -0.006029287778085837   21    6   16   14
 0.0008341757268967068   21    6   17    1
 -0.007290879439843346   21    6   17    3
 -0.0007268816666172688   21    6   17    5
 0.005203347500852711   21    6   17    7
 -0.0003031975102065016   21    6   17   10
 -0.003438405531449507   21    6   17   12
 -0.005168171084504142   21    6   17   14
 -0.007151718302885645   21    6   18    2
 0.005672118707295905   21    6   18    6
 0.000653146544684333   21    6   18    9
 -0.001203532368986243   21    6   18   11
 -0.000138882235194829   21    6   18   16
 0.01308428575052275   21    6   18   17
 -0.003792542628573002   21    6   19   13
 0.02286762121275465   21    6   20    4
 -0.01169378709081864   21    6   20    8
 -0.004221338484290141   21    6   20   15
 -0.0009326187362296051   21    6   20   19
 -0.01191027092279705   21    6   21    2
 0.01465360649714873   21    6   21    6
 -0.05058342772300999   21    7    1    1
 -0.03775382921516708   21    7    2    2
 -0.05014425783252136   21    7    3    1
 -0.007052841644353026   21    7    3    3
 -0.03160950302791141   21    7    4    4
 -0.02344468371270541   21    7    5    1
 -0.005494199983219618   21    7    5    3
 -0.02717882122570548   21    7    5    5
 0.0003349241430742396   21    7    6    2
 -0.01893781338079204   21    7    6    6
 0.02262615352332985   21    7    7    1
 0.003542910259298701   21    7    7    3
 0.02573417447859786   21    7    7    5
 -0.006057729805716224   21    7    7    7
 0.016145031825342   21    7    8    4
 -0.01862925865083696   21    7    8    8
 0.02287206018867307   21    7    9    2
 -0.006578329940926784   21    7    9    6
 -0.01118942050009468   21    7    9    9
 0.01082217204594975   21    7   10    1
 0.007591443599902098   21    7   10    3
 0.01006836579305916   21    7   10    5
 -0.01076869840975414   21    7   10    7
 -0.03536778051084309   21    7   10   10
 0.005833300354873101   21    7   11    2
 0.009851196577111979   21    7   11    6
 -0.006449596650842105   21    7   11    9
 -0.02896649764846006   21    7   11   11
 0.0043594140483555   21    7   12    1
 -0.01628297367000105   21    7   12    3
 0.007703060184581062   21    7   12    5
 -0.02341686464716106   21    7   12    7
 0.001159494499142773   21    7   12   10
 -0.03283715462047682   21    7   12   12
 -0.03649201933556871   21    7   13   13
 0.01038749220425828   21    7   14    1
 0.02968941052499285   21    7   14    3
 0.007737416985300468   21    7   14    5
 -0.01677113510149327   21    7   14    7
 0.002851494654517492   21    7   14   10
 0.004649888376856449   21    7   14   12
 -0.02243263880309698   21    7   14   14
 -0.0162232232365871   21    7   15    4
 -0.003449327172653378   21    7   15    8
 -0.03097683733599132   21    7   15   15
 -0.008079002245915229   21    7   16    2
 -0.01013308187011529   21    7   16    6
 0.01250971454024328   21    7   16    9
 0.007707967275235267   21    7   16   11
 -0.03651255226506812   21    7   16   16
 0.01311641102803275   21    7   17    2
 -0.006780597722859962   21    7   17    6
 -0.004709532284352443   21    7   17    9
 -0.001141541355476054   21    7   17   11
 0.004966784893353852   21    7   17   16
 -0.03464351094403965   21    7   17   17
 -0.007175326058574653   21    7   18    1
 0.004115946206171595   21    7   18    3
 -0.006274442347528338   21    7   18    5
 0.007505286747479771   21    7   18    7
 0.008817059229338734   21    7   18   10
 0.0121907413339418   21    7   18   12
 0.007678275335778326   21    7   18   14
 -0.04491996100226289   21    7   18   18
 -0.03354003189658709   21    7   19    4
 0.01910364334331919   21    7   19    8
 0.002185438716280361   21    7   19   15
 -0.02815384317817667   21    7   19   19
 -0.0007917157569649748   21    7   20   13
 -0.02757335300164766   21    7   20   20
 -0.006375901613621521   21    7   21    1
 -0.04776826232679143   21    7   21    3
 -0.02113428439513163   21    7   21    5
 0.03680996864165627   21    7   21    7
 0.02621591012109786   21    8    4    1
 -0.008618093096244409   21    8    4    3
 0.006058139538743611   21    8    5    4
 0.004113176542140169   21    8    7    4
 -0.01116128270329526   21    8    8    1
 0.006491755585646985   21    8    8    3
 -0.007939596215352802   21    8    8    5
 -0.001445419131423616   21    8    8    7
 -0.009914206362267537   21    8   10    4
 0.003788760888040062   21    8   10    8
 -0.00598961656694332   21    8   12    4
 0.01073898709104015   21    8   12    8
 0.01091855727021012   21    8   13    2
 -0.0007884080510667127   21    8   13    6
 0.0004344757709776847   21    8   13    9
 0.001276346828912809   21    8   13   11
 0.00606315668894023   21    8   14    4
 0.01036211859374016   21    8   14    8
 -0.0002519001606556702   21    8   15    1
 0.007167463799524563   21    8   15    3
 -0.001823016305146409   21    8   15    5
 -0.0006226360962376265   21    8   15    7
 0.003866266874973028   21    8   15   10
 -0.0006333060734722035   21    8   15   12
 0.001411656954172879   21    8   15   14
 -0.0005032175912351736   21    8   16   13
 -0.001975452940757833   21    8   17   13
 0.01587285755806411   21    8   18    4
 -0.009369853459905425   21    8   18    8
 -0.00436357953905411   21    8   18   15
 0.0002311191421839715   21    8   19    1
 0.009611086963262743   21    8   19    3
 0.00409980517695015   21    8   19    5
 -0.005233342219382119   21    8   19    7
 -0.003104871420023355   21    8   19   10
 4.60922745114325e-05   21    8   19   12
 0.003245161450088443   21    8   19   14
 0.002151807311381798   21    8   19   18
 0.01722173441740576   21    8   20    2
 -0.0124911696112043   21    8   20    6
 -0.004038355062748688   21    8   20    9
 0.01211591755585669   21    8   20   11
 0.002530711335664989   21    8   20   16
 0.005061341503106232   21    8   20   17
 -0.01682788511963632   21    8   21    4
 0.01120006380925646   21    8   21    8
 0.02547585566845965   21    9    2    1
 0.003974633521613878   21    9    3    2
 -0.007668809301852892   21    9    5    2
 -0.003416255038348439   21    9    6    1
 0.01084889513625953   21    9    6    3
 -0.01613376643129021   21    9    6    5
 0.00405132923771866   21    9    7    2
 0.003070052295647247   21    9    7    6
 -0.005733517783328823   21    9    9    1
 -0.00561589964776613   21    9    9    3
 -0.006492057230928729   21    9    9    5
 -0.004308509899965214   21    9    9    7
 0.01825459053059689   21    9   10    2
 0.005794961981512118   21    9   10    6
 -0.006766432780841334   21    9   10    9
 -0.001104217876148564   21    9   11    1
 -0.01378406137333348   21    9   11    3
 0.005826102046864829   21    9   11    5
 -0.003285363679442762   21    9   11    7
 -0.02518684715789402   21    9   11   10
 -0.008991323708410336   21    9   12    2
 0.003861305060345812   21    9   12    6
 -0.001897946830527772   21    9   12    9
 -0.01241380257872206   21    9   12   11
 0.01108584271921974   21    9   13    4
 0.004028507845834067   21    9   13    8
 -0.001122051162902403   21    9   14    2
 -0.002562146433614277   21    9   14    6
 0.01366309505024672   21    9   14    9
 0.003509804237714654   21    9   14   11
 0.02694525371473325   21    9   15   13
 -0.001934891861643878   21    9   16    1
 0.0001598217305856999   21    9   16    3
 0.003629881708143122   21    9   16    5
 0.002958917713157261   21    9   16    7
 -0.01610931459480798   21    9   16   10
 0.02186742589238141   21    9   16   12
 -0.01561031017259501   21    9   16   14
 -0.0002409187417893049   21    9   17    1
 -0.005858033145587576   21    9   17    3
 -0.005201767288317928   21    9   17    5
 0.007799306187102129   21    9   17    7
 0.003381085120299974   21    9   17   10
 0.001410472532316072   21    9   17   12
 -0.008452153045610167   21    9   17   14
 -0.00736192968315252   21    9   18    2
 0.008737261292926237   21    9   18    6
 0.003253612917954447   21    9   18    9
 -0.00134867772700637   21    9   18   11
 0.0002969798125455381   21    9   18   16
 0.02343113038613721   21    9   18   17
 -0.009456595277656235   21    9   19   13
 0.01139536636587551   21    9   20    4
 -0.008908680455839806   21    9   20    8
 -0.009915733070189017   21    9   20   15
 0.002840863175182567   21    9   20   19
 -0.009333174721222534   21    9   21    2
 0.005347827990453618   21    9   21    6
 0.009764615856537805   21    9   21    9
 -0.03650464155825901   21   10    1    1
 -0.02438489275117816   21   10    2    2
 -0.02475125834071022   21   10    3    1
 -0.0259976698254045   21   10    3    3
 -0.01512332096575336   21   10    4    4
 -0.01491526457840455   21   10    5    1
 -0.009287690987021239   21   10    5    3
 -0.009388699880493781   21   10    5    5
 0.005403607434823073   21   10    6    2
 -0.004898668939144196   21   10    6    6
 0.009639477051505762   21   10    7    1
 0.01075715401545151   21   10    7    3
 0.0136027448410754   21   10    7    5
 -0.01702870685068798   21   10    7    7
 0.005305646461534465   21   10    8    4
 -0.01055482322305255   21   10    8    8
 0.01816780364439985   21   10    9    2
 -0.000340568761498694   21   10    9    6
 -0.0092915456253185   21   10    9    9
 0.006868786548298548   21   10   10    1
 0.005527684098118599   21   10   10    3
 0.003677754976696886   21   10   10    5
 -0.002783674552764239   21   10   10    7
 -0.01581117417901054   21   10   10   10
 0.003526298127334308   21   10   11    2
 0.00858501075636783   21   10   11    6
 -0.006613466102505472   21   10   11    9
 -0.01912610119133668   21   10   11   11
 -0.00380931863550763   21   10   12    1
 -0.01255467113227491   21   10   12    3
 0.009423445972320808   21   10   12    5
 -0.01073088055769716   21   10   12    7
 -0.003917497031093576   21   10   12   10
 -0.02069336744258658   21   10   12   12
 -0.01787960804710978   21   10   13   13
 0.01458730598906826   21   10   14    1
 0.01040950567486575   21   10   14    3
 0.001768429160255204   21   10   14    5
 -0.004422864158903572   21   10   14    7
 0.008131861154362156   21   10   14   10
 0.0007206413480464231   21   10   14   12
 -0.01794350465374942   21   10   14   14
 -0.009313975265964104   21   10   15    4
 -0.0001582902026080739   21   10   15    8
 -0.01696228826905016   21   10   15   15
 -0.01382420121857445   21   10   16    2
 -0.01038926330931179   21   10   16    6
 0.004389908762082859   21   10   16    9
 0.01165065065256043   21   10   16   11
 -0.009801586405678435   21   10   16   16
 0.01233210328123799   21   10   17    2
 0.001877653793560545   21   10   17    6
 -0.006587747179571054   21   10   17    9
 -0.008261731858906773   21   10   17   11
 0.0005604821907143107   21   10   17   16
 -0.02049858120863781   21   10   17   17
 0.006448524108555925   21   10   18    1
 0.00320034599991572   21   10   18    3
 -0.006249155700594266   21   10   18    5
 0.008874643950082115   21   10   18    7
 0.01038676007317871   21   10   18   10
 0.005908002811450332   21   10   18   12
 0.0007828371700820529   21   10   18   14
 -0.02133867933897599   21   10   18   18
 -0.01649597682319108   21   10   19    4
 0.007293108552205095   21   10   19    8
 -0.006161043784743781   21   10   19   15
 -0.02703279207644328   21   10   19   19
 -0.002594959235716672   21   10   20   13
 -0.01260911770589184   21   10   20   20
 -0.01397341276888423   21   10   21    1
 -0.01461252232171508   21   10   21    3
 -0.01766029943733807   21   10   21    5
 0.01432466993492301   21   10   21    7
 0.01978858274796937   21   10   21   10
 -0.01815890692011305   21   11    2    1
 0.009513354769847219   21   11    3    2
 -0.005051579082377307   21   11    5    2
 0.01361321046552333   21   11    6    1
 -0.002041484740382375   21   11    6    3
 0.001741533356942078   21   11    6    5
 0.001566875936934611   21   11    7    2
 0.003560338925079316   21   11    7    6
 0.00126041247545629   21   11    9    1
 -0.002851826674004258   21   11    9    3
 0.007616606934441467   21   11    9    5
 0.0004034375570639553   21   11    9    7
 0.002088404376916997   21   11   10    2
 0.001212170395897156   21   11   10    6
 -0.007220638407047383   21   11   10    9
 -0.01665416896719647   21   11   11    1
 -0.0002353832650123958   21   11   11    3
 -0.0002201486340291316   21   11   11    5
 -0.005375523219830784   21   11   11    7
 -0.00609684013461698   21   11   11   10
 0.02071017489603263   21   11   12    2
 -0.0006801884237056607   21   11   12    6
 -0.008970799897050206   21   11   12    9
 -0.000501773599523702   21   11   12   11
 -0.006629367644609218   21   11   13    4
 0.002853053222060481   21   11   13    8
 -0.007600094599072824   21   11   14    2
 -0.006199060181234366   21   11   14    6
 -0.003055788821334974   21   11   14    9
 0.01376094327887113   21   11   14   11
 0.003293463997225572   21   11   15   13
 0.006712837068107821   21   11   16    1
 0.008060779979639858   21   11   16    3
 -0.007781831173520428   21   11   16    5
 0.005069390681504321   21   11   16    7
 0.009228427624669293   21   11   16   10
 0.004475602988996307   21   11   16   12
 -0.001595964877213987   21   11   16   14
 -0.004123530545200776   21   11   17    1
 0.005902981806597112   21   11   17    3
 -0.00316419056198916   21   11   17    5
 -0.002138576896474545   21   11   17    7
 0.003104282027895155   21   11   17   10
 0.004818597386769088   21   11   17   12
 0.002989392734263134   21   11   17   14
 0.002993776030917784   21   11   18    2
 -0.0008863205485588614   21   11   18    6
 0.002322754147988244   21   11   18    9
 0.001532767304681553   21   11   18   11
 -0.001478071233992058   21   11   18   16
 0.000997982560373653   21   11   18   17
 -0.00167270888630226   21   11   19   13
 -0.0210441728040948   21   11   20    4
 0.01039904218017543   21   11   20    8
 -0.001239330540388172   21   11   20   15
 0.003522140281679712   21   11   20   19
 0.009706953680830317   21   11   21    2
 -0.01340579119854133   21   11   21    6
 -0.002026391870949744   21   11   21    9
 0.01652847208214709   21   11   21   11
 0.06220978195378375   21   12    1    1
 0.04272146362907629   21   12    2    2
 -0.03010590772169113   21   12    3    1
 0.0657136165628802   21   12    3    3
 0.06752881275483361   21   12    4    4
 0.02018849654090239   21   12    5    1
 0.01981408168656678   21   12    5    3
 -0.002113768536956447   21   12    5    5
 -0.04061566349479681   21   12    6    2
 0.003442537967509774   21   12    6    6
 -0.0002216420894426778   21   12    7    1
 -0.0311780817789593   21   12    7    3
 0.003373461010121262   21   12    7    5
 0.04000177600591139   21   12    7    7
 -0.03364827134708738   21   12    8    4
 0.04277639947374281   21   12    8    8
 -0.009382457427049472   21   12    9    2
 0.00516664679579776   21   12    9    6
 0.02323897764622587   21   12    9    9
 -0.01652962801805926   21   12   10    1
 -0.007546321750799977   21   12   10    3
 -0.003030049556299807   21   12   10    5
 -0.006712219953928605   21   12   10    7
 -0.01328114750338629   21   12   10   10
 0.04065784119223645   21   12   11    2
 -0.01660229839145157   21   12   11    6
 -0.02110910581130102   21   12   11    9
 0.007491116493073284   21   12   11   11
 -0.01880489320136445   21   12   12    1
 -0.01057414688475074   21   12   12    3
 -0.01180485794278622   21   12   12    5
 -0.01561225549228582   21   12   12    7
 0.004052546312868296   21   12   12   10
 0.01885976886160667   21   12   12   12
 -0.004553927839896133   21   12   13   13
 -0.01004608377648973   21   12   14    1
 0.02007880362264998   21   12   14    3
 -0.007481005814309734   21   12   14    5
 -0.006491021098963864   21   12   14    7
 0.007967838912977166   21   12   14   10
 0.02386700650658649   21   12   14   12
 0.02213103509108821   21   12   14   14
 -0.01444360000529599   21   12   15    4
 -0.001006031126825885   21   12   15    8
 -0.001299053823676362   21   12   15   15
 0.003727365328044365   21   12   16    2
 -0.007073787312822401   21   12   16    6
 0.009776661873881135   21   12   16    9
 0.004777651343397249   21   12   16   11
 -0.02445957996526855   21   12   16   16
 0.006969430532792134   21   12   17    2
 -0.02628882924363934   21   12   17    6
 -0.001208951255395975   21   12   17    9
 0.03296300468912067   21   12   17   11
 0.005304757554753699   21   12   17   16
 0.01315712308588131   21   12   17   17
 0.003735445236555531   21   12   18    1
 0.002376017080547758   21   12   18    3
 0.01692209522859936   21   12   18    5
 -0.0139190245584961   21   12   18    7
 -0.02164911456922817   21   12   18   10
 -0.001762043813097995   21   12   18   12
 0.004630779756124291   21   12   18   14
 0.01451875892635828   21   12   18   18
 -0.00765398182925211   21   12   19    4
 0.005050272621525288   21   12   19    8
 0.03164474603764535   21   12   19   15
 0.0641630391035211   21   12   19   19
 0.03226210721309198   21   12   20   13
 0.06882339234960531   21   12   20   20
 -0.001263040063669803   21   12   21    1
 -0.008127934516603996   21   12   21    3
 -0.004496832059935492   21   12   21    5
 0.005308308785911257   21   12   21    7
 -0.003466264922520423   21   12   21   10
 0.03556906424876948   21   12   21   12
 -0.008258915932334068   21   13    4    2
 0.004338042079213646   21   13    6    4
 0.003155123868962208   21   13    8    2
 -0.002001781933649832   21   13    8    6
 0.001389905381806306   21   13    9    4
 -0.001604792297251723   21   13    9    8
 -0.003643292140719076   21   13   11    4
 0.003029124351671501   21   13   11    8
 -0.006949398699626851   21   13   13    1
 -0.001277299609623911   21   13   13    3
 -0.001485707106437456   21   13   13    5
 -0.001354458814463277   21   13   13    7
 0.0004895579685407084   21   13   13   10
 -0.003205664946188101   21   13   13   12
 0.0006975698161291485   21   13   14   13
 -0.002384312589033912   21   13   15    2
 -0.0007329410033714276   21   13   15    6
 0.00317704048312401   21   13   15    9
 0.002726985650757018   21   13   15   11
 -0.00198432118261921   21   13   16    4
 -0.001218297725433123   21   13   16    8
 -0.00577207020223323   21   13   16   15
 -0.000468696275174612   21   13   17    4
 0.001733632171478083   21   13   17    8
 0.00386431935485023   21   13   17   15
 0.002708523010277027   21   13   18   13
 0.0002060701496191776   21   13   19    2
 -0.0004856697152617189   21   13   19    6
 0.0001105113046425884   21   13   19    9
 0.0001104552852871233   21   13   19   11
 0.00295350023418358   21   13   19   16
 0.001917627858500792   21   13   19   17
 -0.0127132456628328   21   13   20    1
 0.004931056703680596   21   13   20    3
 -0.003256528652770002   21   13   20    5
 -0.0003574907520301315   21   13   20    7
 0.001244265479427761   21   13   20   10
 0.006938199220610335   21   13   20   12
 -0.004922828230130738   21   13   20   14
 -0.002756492834268566   21   13   20   18
 0.007751238561341315   21   13   21   13
 -0.07258851175607357   21   14    1    1
 -0.03896937200862996   21   14    2    2
 0.02713187580161719   21   14    3    1
 -0.08822058275744835   21   14    3    3
 -0.07614430920803004   21   14    4    4
 -0.0242963296059165   21   14    5    1
 -0.0259823551539455   21   14    5    3
 -0.005649738298869844   21   14    5    5
 0.03528069095805084   21   14    6    2
 -0.004874553391397519   21   14    6    6
 0.003061316939998988   21   14    7    1
 0.04779873663695158   21   14    7    3
 0.004891677254396117   21   14    7    5
 -0.05585642086323087   21   14    7    7
 0.0333824824233204   21   14    8    4
 -0.04551298150754225   21   14    8    8
 0.006747819396507393   21   14    9    2
 -0.003247362461380257   21   14    9    6
 -0.02447675523399818   21   14    9    9
 0.02210497346323525   21   14   10    1
 0.009111691407502972   21   14   10    3
 0.006540176912995349   21   14   10    5
 0.003456056641842655   21   14   10    7
 0.008835169922145027   21   14   10   10
 -0.03474960483523016   21   14   11    2
 0.01465010776416346   21   14   11    6
 0.01804672938888956   21   14   11    9
 -0.00692866758225238   21   14   11   11
 0.01432251208413517   21   14   12    1
 0.01190704977512292   21   14   12    3
 0.01204151838182044   21   14   12    5
 0.01223215713886146   21   14   12    7
 -0.004780121224589684   21   14   12   10
 -0.02175242743442895   21   14   12   12
 -0.0002101376009685994   21   14   13   13
 0.01573853207025471   21   14   14    1
 -0.02088600969431512   21   14   14    3
 0.008531484285341933   21   14   14    5
 0.009435305970424111   21   14   14    7
 -0.009885766359608941   21   14   14   10
 -0.02414643105051836   21   14   14   12
 -0.03479117214926059   21   14   14   14
 0.01578500495471687   21   14   15    4
 0.001343009963282905   21   14   15    8
 -0.005646584887664347   21   14   15   15
 -0.006745750229620778   21   14   16    2
 0.007058289946413017   21   14   16    6
 -0.00773067346277319   21   14   16    9
 -0.003466859314554205   21   14   16   11
 0.01695052531000128   21   14   16   16
 -0.005337527677627256   21   14   17    2
 0.02275393500774284   21   14   17    6
 -0.001179570952267822   21   14   17    9
 -0.02978747175345786   21   14   17   11
 -0.002795865856256155   21   14   17   16
 -0.0175192790188929   21   14   17   17
 -0.01083148278091946   21   14   18    1
 -0.008824133338333984   21   14   18    3
 -0.01984167543856787   21   14   18    5
 0.02082095004452922   21   14   18    7
 0.0209805077915251   21   14   18   10
 0.004976465348829647   21   14   18   12
 -0.007771662837989827   21   14   18   14
 -0.02484326591051249   21   14   18   18
 0.007148591101638522   21   14   19    4
 -0.003730155810189071   21   14   19    8
 -0.03574973703640826   21   14   19   15
 -0.0838430705859603   21   14   19   19
 -0.03068217703365034   21   14   20   13
 -0.06905175124861498   21   14   20   20
 -0.01851495651380678   21   14   21    1
 0.01140481984977949   21   14   21    3
 -0.002942197196998906   21   14   21    5
 -0.003914416046321734   21   14   21    7
 0.007261059381981738   21   14   21   10
 -0.02602281186735281   21   14   21   12
 0.04119242567785191   21   14   21   14
 0.009611022382502735   21   15    4    1
 0.000965358516093258   21   15    4    3
 0.003390630906180853   21   15    5    4
 -0.001518055810951952   21   15    7    4
 -0.003481303118314574   21   15    8    1
 -0.000612111853206846   21   15    8    3
 -0.003858006413838197   21   15    8    5
 0.0002045255880261961   21   15    8    7
 -0.004422523250326405   21   15   10    4
 0.002082395684658788   21   15   10    8
 -0.001522213089449782   21   15   12    4
 0.002688959901998841   21   15   12    8
 0.003013104611075317   21   15   13    2
 5.228470757024833e-05   21   15   13    6
 0.002514300129179849   21   15   13    9
 0.001218276857801945   21   15   13   11
 0.004019889943997028   21   15   14    4
 0.003862110891575763   21   15   14    8
 0.001464820134648969   21   15   15    1
 0.00125491726381847   21   15   15    3
 -0.0002974018948744839   21   15   15    5
 -0.00066873520097218   21   15   15    7
 0.001207074526037259   21   15   15   10
 -0.003523550015698247   21   15   15   12
 0.002409566783617514   21   15   15   14
 -0.005648925412172235   21   15   16   13
 -0.0003702441403079081   21   15   17   13
 0.007315581930134603   21   15   18    4
 -0.003598244345164917   21   15   18    8
 -7.791901190707206e-05   21   15   18   15
 0.007421037162329087   21   15   19    1
 0.002811379834646458   21   15   19    3
 0.004185494726244481   21   15   19    5
 -0.002018366708356951   21   15   19    7
 -0.004444536588271292   21   15   19   10
 0.003488064823364694   21   15   19   12
 -0.002862783961722689   21   15   19   14
 0.001648822073648571   21   15   19   18
 0.003783112755878589   21   15   20    2
 -0.002873422726188191   21   15   20    6
 -0.001907903311221127   21   15   20    9
 0.001987912936832635   21   15   20   11
 0.003916143873886214   21   15   20   16
 0.0003792639439996378   21   15   20   17
 -0.003614325354775086   21   15   21    4
 0.002717560392565009   21   15   21    8
 0.007595747381075352   21   15   21   15
 -0.02864350039338779   21   16    2    1
 -0.01592433815992609   21   16    3    2
 0.02429044045638044   21   16    5    2
 -0.007990476669240881   21   16    6    1
 -0.01832468916940486   21   16    6    3
 0.0375430827298386   21   16    6    5
 -0.007234668852141588   21   16    7    2
 -0.01195366865958123   21   16    7    6
 0.002743527465742888   21   16    9    1
 0.01071558790387756   21   16    9    3
 0.0120235582594221   21   16    9    5
 0.01154864715099791   21   16    9    7
 -0.03488744246326769   21   16   10    2
 -0.01259359998524156   21   16   10    6
 0.01136947105539939   21   16   10    9
 0.0156546183945955   21   16   11    1
 0.01893847673400312   21   16   11    3
 -0.009340015614085661   21   16   11    5
 0.01198200149494711   21   16   11    7
 0.05086337569525827   21   16   11   10
 0.003749646113736765   21   16   12    2
 0.0001056954362153789   21   16   12    6
 0.01225951318112597   21   16   12    9
 0.01784088446865451   21   16   12   11
 -0.01654734966999455   21   16   13    4
 -0.01187055079632424   21   16   13    8
 -0.002237225543275876   21   16   14    2
 0.01072216818208919   21   16   14    6
 -0.02248279176824864   21   16   14    9
 -0.01149689616002995   21   16   14   11
 -0.05667727587536993   21   16   15   13
 0.002555419712074888   21   16   16    1
 -0.004571037470331931   21   16   16    3
 -0.006742073887729449   21   16   16    5
 -0.005818180011986183   21   16   16    7
 0.03761152496356829   21   16   16   10
 -0.05253029638849619   21   16   16   12
 0.03641477053182504   21   16   16   14
 0.002167408099811484   21   16   17    1
 -0.002343993349713994   21   16   17    3
 0.016462071198702   21   16   17    5
 -0.01368147058290168   21   16   17    7
 -0.01901158796695539   21   16   17   10
 -0.0053913783853207   21   16   17   12
 0.01226500858854271   21   16   17   14
 0.001263252073293568   21   16   18    2
 -0.02115083293058339   21   16   18    6
 -0.003539273077079319   21   16   18    9
 0.008803848457474228   21   16   18   11
 0.005542163266031633   21   16   18   16
 -0.05026134432463965   21   16   18   17
 0.0219265923780408   21   16   19   13
 -0.005048438655374371   21   16   20    4
 0.007459040847376679   21   16   20    8
 0.02266127036486156   21   16   20   15
 -0.01013032947544295   21   16   20   19
 0.003514507602781336   21   16   21    2
 -0.004280053304159317   21   16   21    6
 -0.01190030281926429   21   16   21    9
 -0.002083718989670972   21   16   21   11
 0.03353032418490844   21   16   21   16
 -0.002500574210763223   21   17    2    1
 -0.0003926116346323651   21   17    3    2
 -0.006315658458863454   21   17    5    2
 0.003286790858532445   21   17    6    1
 0.002036815366566473   21   17    6    3
 -0.003071166080782634   21   17    6    5
 0.0008556479829611373   21   17    7    2
 9.542560461873732e-06   21   17    7    6
 0.004875799701546213   21   17    9    1
 -0.0009161891232543455   21   17    9    3
 -0.001401206669632759   21   17    9    5
 -0.002419117032104953   21   17    9    7
 0.008345355199983966   21   17   10    2
 0.001991278220515707   21   17   10    6
 -0.002024842427737147   21   17   10    9
 -0.004569854362996363   21   17   11    1
 -0.0007561151888387268   21   17   11    3
 -0.001007248470427212   21   17   11    5
 -0.0003340473362273745   21   17   11    7
 -0.006614009869074679   21   17   11   10
 -0.0008780751150082251   21   17   12    2
 -0.007532488788718057   21   17   12    6
 -0.00103621750808266   21   17   12    9
 0.005524595841810643   21   17   12   11
 -0.0001797016909776297   21   17   13    4
 0.002257419974526169   21   17   13    8
 0.005552877048306538   21   17   14    2
 7.330572810553339e-05   21   17   14    6
 -0.0005868271098543627   21   17   14    9
 -0.0007798506102601349   21   17   14   11
 0.005636857246129892   21   17   15   13
 -0.005823523969323438   21   17   16    1
 -0.006229401456416474   21   17   16    3
 0.005412952151667698   21   17   16    5
 -0.002950109092344304   21   17   16    7
 -0.008802576995894115   21   17   16   10
 0.002851945271115669   21   17   16   12
 -0.001096661214599285   21   17   16   14
 4.004171975499005e-05   21   17   17    1
 0.001377468718118036   21   17   17    3
 -0.002089904602520165   21   17   17    5
 0.0004838136320440782   21   17   17    7
 0.002679987491500232   21   17   17   10
 0.002006872647301308   21   17   17   12
 0.000501978209181535   21   17   17   14
 -0.001161612538475848   21   17   18    2
 0.004571868464891265   21   17   18    6
 0.001402774020461989   21   17   18    9
 -0.002349286751849315   21   17   18   11
 -0.003367505539462914   21   17   18   16
 0.005972233147751925   21   17   18   17
 -0.003677433198645815   21   17   19   13
 -0.005085510824664476   21   17   20    4
 0.003675428592370786   21   17   20    8
 -0.002046816439011198   21   17   20   15
 -0.0005782510845663524   21   17   20   19
 0.004514892125195779   21   17   21    2
 0.0003899499659271386   21   17   21    6
 0.001705440988830956   21   17   21    9
 0.002115580430791383   21   17   21   11
 -0.003026805297522553   21   17   21   16
 0.01052478103858083   21   17   21   17
 -0.01111447709937915   21   18    1    1
 0.005654143058066358   21   18    2    2
 0.02513157331934298   21   18    3    1
 -0.0272167962430114   21   18    3    3
 -0.03639848549472093   21   18    4    4
 -0.001688295438755411   21   18    5    1
 -0.00293373777172168   21   18    5    3
 0.006354145535569563   21   18    5    5
 0.008884068388019717   21   18    6    2
 0.004161515961741907   21   18    6    6
 -0.01102622856534688   21   18    7    1
 0.009884991599130727   21   18    7    3
 -0.005361945116005505   21   18    7    5
 -0.01415603291609505   21   18    7    7
 0.01415478495671478   21   18    8    4
 -0.02139953529020938   21   18    8    8
 -0.004059036177477827   21   18    9    2
 0.002259180819991882   21   18    9    6
 -0.0009963939030217667   21   18    9    9
 0.01273365060986092   21   18   10    1
 0.002414778111779756   21   18   10    3
 -0.004505412788480747   21   18   10    5
 0.008370165410008434   21   18   10    7
 0.01677878834053849   21   18   10   10
 -0.01289731800453816   21   18   11    2
 0.001830336669447003   21   18   11    6
 0.006983299722670428   21   18   11    9
 0.006624273280718664   21   18   11   11
 -0.004531817910007879   21   18   12    1
 0.0001930248170865853   21   18   12    3
 0.005544328327730138   21   18   12    5
 0.008061937552251461   21   18   12    7
 -0.005823191337274713   21   18   12   10
 -0.003318717258046704   21   18   12   12
 0.009906342275431209   21   18   13   13
 0.0003683990073646477   21   18   14    1
 -0.01354993099179447   21   18   14    3
 -0.004055047405576747   21   18   14    5
 0.009955793451985549   21   18   14    7
 0.002316871701429265   21   18   14   10
 -0.01016639418700164   21   18   14   12
 -0.01026099807110187   21   18   14   14
 0.01420370396231336   21   18   15    4
 -0.0002829756070020175   21   18   15    8
 0.004519524082297524   21   18   15   15
 -0.01129711910301034   21   18   16    2
 -0.003046349071519066   21   18   16    6
 -0.003757136198339145   21   18   16    9
 0.004707730798666341   21   18   16   11
 0.01469102757932508   21   18   16   16
 -0.009001353751297233   21   18   17    2
 0.01115700111865806   21   18   17    6
 0.003633952573853911   21   18   17    9
 -0.008949038788263095   21   18   17   11
 -0.005150617732162873   21   18   17   16
 0.007584004042194925   21   18   17   17
 -0.01061797151629814   21   18   18    1
 0.002501993884273436   21   18   18    3
 -0.007322860747678673   21   18   18    5
 0.002481843666451122   21   18   18    7
 0.004726001119414314   21   18   18   10
 1.18363136552047e-05   21   18   18   12
 -0.007713543770081823   21   18   18   14
 0.005498938347885718   21   18   18   18
 0.01141069662619347   21   18   19    4
 -0.008462271415265494   21   18   19    8
 -0.01539641302583581   21   18   19   15
 -0.02814478742696822   21   18   19   19
 -0.01105137739092113   21   18   20   13
 -0.02435799382946384   21   18   20   20
 0.003547123012175921   21   18   21    1
 0.01562873730296017   21   18   21    3
 0.004397684624155399   21   18   21    5
 -0.009640093061892133   21   18   21    7
 -0.003525734523731861   21   18   21   10
 -0.01019433069991013   21   18   21   12
 0.01137622522214725   21   18   21   14
 0.02181469122119632   21   18   21   18
 0.007831702200055869   21   19    4    1
 0.01497284435870348   21   19    4    3
 0.006550882332427965   21   19    5    4
 -0.004863146905147326   21   19    7    4
 -0.003087094728493019   21   19    8    1
 -0.003666647575380377   21   19    8    3
 -0.003661085533075004   21   19    8    5
 0.008777413900209198   21   19    8    7
 -0.005621277382213025   21   19   10    4
 0.0002437290344802009   21   19   10    8
 -0.0009811640771939612   21   19   12    4
 0.002229813042436732   21   19   12    8
 0.005098288675699553   21   19   13    2
 0.001102983956417241   21   19   13    6
 -0.003240737251915152   21   19   13    9
 -0.002270547846351104   21   19   13   11
 0.00254837927324352   21   19   14    4
 0.001520288034596677   21   19   14    8
 0.01107624705828636   21   19   15    1
 0.0009660884954744949   21   19   15    3
 0.001322149321730196   21   19   15    5
 0.0010019427888966   21   19   15    7
 -0.002673740995017791   21   19   15   10
 0.00813926854066205   21   19   15   12
 -0.003689583289361559   21   19   15   14
 0.006607535017456202   21   19   16   13
 -0.004870835616281819   21   19   17   13
 0.003871564028623807   21   19   18    4
 -0.004477406013842152   21   19   18    8
 -0.00223975799056091   21   19   18   15
 0.02365913409460917   21   19   19    1
 -0.004483914584173947   21   19   19    3
 0.008121347547413175   21   19   19    5
 -0.001270737084189874   21   19   19    7
 -0.008709365152850611   21   19   19   10
 0.003943458837528005   21   19   19   12
 -0.005606219180381448   21   19   19   14
 0.004962720621374803   21   19   19   18
 0.00216298360355427   21   19   20    2
 -0.001251067731051732   21   19   20    6
 -0.002072984159395956   21   19   20    9
 0.0009783832715359367   21   19   20   11
 -0.002092934527474717   21   19   20   16
 -0.003258703247437419   21   19   20   17
 -0.0003269274008118697   21   19   21    4
 -0.0001223141377322824   21   19   21    8
 0.007258587785782231   21   19   21   15
 0.0269866249206385   21   19   21   19
 -0.02623494591695952   21   20    4    2
 0.01352598534356359   21   20    6    4
 0.008237984076796597   21   20    8    2
 -0.007766816395428849   21   20    8    6
 0.0006688572038893523   21   20    9    4
 -0.01082096532474719   21   20    9    8
 -0.01294808666058454   21   20   11    4
 0.009375673803653705   21   20   11    8
 -0.01906559550172805   21   20   13    1
 0.0005665244739433568   21   20   13    3
 -0.0001676306322173268   21   20   13    5
 -0.001135569096960362   21   20   13    7
 -0.003295569711978928   21   20   13   10
 0.007225159711407764   21   20   13   12
 -0.0112555242485911   21   20   14   13
 -0.006000560452166178   21   20   15    2
 -0.003416788174841448   21   20   15    6
 0.0009317146410456667   21   20   15    9
 0.003983422233197129   21   20   15   11
 -0.002162409139050806   21   20   16    4
 0.0007026309625525261   21   20   16    8
 0.006789079017177941   21   20   16   15
 -0.003338324624201501   21   20   17    4
 0.006676162268124639   21   20   17    8
 0.007627485591854184   21   20   17   15
 0.001400768103273745   21   20   18   13
 0.002454961212687583   21   20   19    2
 -0.001201956316233036   21   20   19    6
 0.003946378958906796   21   20   19    9
 0.002032914667758374   21   20   19   11
 -0.00194093699037149   21   20   19   16
 0.006827613494189035   21   20   19   17
 -0.03947339367156098   21   20   20    1
 0.01514430067787914   21   20   20    3
 -0.01189151788504858   21   20   20    5
 -0.003059273474525856   21   20   20    7
 0.007423123880661832   21   20   20   10
 0.01316276250017088   21   20   20   12
 -0.008191573413228884   21   20   20   14
 -0.008158386633174412   21   20   20   18
 0.01006599990413361   21   20   21   13
 0.03675458530574407   21   20   21   20
 0.6999859320742577   21   21    1    1
 0.6160504467401238   21   21    2    2
 -0.0220787117571241   21   21    3    1
 0.6875956414174472   21   21    3    3
 0.6584474374453455   21   21    4    4
 0.09693277195804251   21   21    5    1
 0.0705578054664418   21   21    5    3
 0.3918046105256316   21   21    5    5
 -0.1147937551928421   21   21    6    2
 0.3985705910452735   21   21    6    6
 -0.006649750610795181   21   21    7    1
 -0.1609658271523774   21   21    7    3
 -0.07425905345827101   21   21    7    5
 0.5290532350601833   21   21    7    7
 -0.1621247501780937   21   21    8    4
 0.5112853281626873   21   21    8    8
 -0.09096203762204619   21   21    9    2
 0.02069740034130521   21   21    9    6
 0.4593755805356727   21   21    9    9
 -0.04352999953614049   21   21   10    1
 0.003009689993688696   21   21   10    3
 -0.08771008531662511   21   21   10    5
 0.008424969826428845   21   21   10    7
 0.4674269489995583   21   21   10   10
 0.06536527634940494   21   21   11    2
 -0.1414305906179278   21   21   11    6
 -0.0210410262911893   21   21   11    9
 0.4907988149075208   21   21   11   11
 -0.05829444951918607   21   21   12    1
 0.01948531205828969   21   21   12    3
 -0.06438090650254676   21   21   12    5
 0.005249883652099621   21   21   12    7
 -0.00884269322174939   21   21   12   10
 0.5325589491985652   21   21   12   12
 0.4873267935838347   21   21   13   13
 -0.07952472983191725   21   21   14    1
 0.03441733995665656   21   21   14    3
 -0.04074558085336271   21   21   14    5
 -0.04108520255987139   21   21   14    7
 0.01462639015698165   21   21   14   10
 0.02367082447444192   21   21   14   12
 0.5407799217718472   21   21   14   14
 -0.008776447807343346   21   21   15    4
 0.03143799156458289   21   21   15    8
 0.4873173051791902   21   21   15   15
 0.01186275967005253   21   21   16    2
 -0.007339187218896701   21   21   16    6
 -0.02383123149564688   21   21   16    9
 0.00631226192272619   21   21   16   11
 0.4700170442221121   21   21   16   16
 0.01069784717240723   21   21   17    2
 -0.0397773027375739   21   21   17    6
 0.01077000149016619   21   21   17    9
 0.1088345451783099   21   21   17   11
 0.005390777780882544   21   21   17   16
 0.542107327345029   21   21   17   17
 0.01702294359126482   21   21   18    1
 0.01557382398385875   21   21   18    3
 0.0429956587559415   21   21   18    5
 -0.06396261134329803   21   21   18    7
 -0.07933267301567352   21   21   18   10
 -0.03647556484083087   21   21   18   12
 0.008575666449896158   21   21   18   14
 0.5610658603632251   21   21   18   18
 0.005644518005219304   21   21   19    4
 -0.01412413664395142   21   21   19    8
 0.09249020602698836   21   21   19   15
 0.6887447861586178   21   21   19   19
 0.08124440958135679   21   21   20   13
 0.6615767122146042   21   21   20   20
 0.04016451246212674   21   21   21    1
 -0.004271207144423226   21   21   21    3
 0.01429341607693809   21   21   21    5
 -0.03056860318309914   21   21   21    7
 -0.0337631728162859   21   21   21   10
 0.06689630715692479   21   21   21   12
 -0.09119591394861935   21   21   21   14
 -0.02021371774642932   21   21   21   18
 0.7286429462066861   21   21   21   21
 0.01216028754002879   22    1    1    1
 0.02788046674065816   22    1    2    2
 -0.004714706925104037   22    1    3    1
 0.007325681222280662   22    1    3    3
 -0.02128270287418857   22    1    4    4
 0.00533474603123322   22    1    5    1
 0.006746245495577096   22    1    5    3
 0.002153329338138772   22    1    5    5
 -0.02378217779189588   22    1    6    2
 0.01101835478246835   22    1    6    6
 -0.007822005342798271   22    1    7    1
 -0.008008183783626792   22    1    7    3
 -0.001610538966953038   22    1    7    5
 0.01078407479523776   22    1    7    7
 0.003938324376989523   22    1    8    4
 -0.007300925165536523   22    1    8    8
 -0.004303343842148959   22    1    9    2
 0.005439453098863304   22    1    9    6
 0.01324971165619339   22    1    9    9
 0.002191272902125997   22    1   10    1
 -0.008283731862167   22    1   10    3
 0.002657793482315054   22    1   10    5
 0.0009814532868725858   22    1   10    7
 -0.01423899815380266   22    1   10   10
 0.02888591572577748   22    1   11    2
 -0.01033856190543264   22    1   11    6
 -0.01582452096901798   22    1   11    9
 0.005462815201450482   22    1   11   11
 -0.01888556326891129   22    1   12    1
 -0.005306577107032529   22    1   12    3
 -0.005805079262424203   22    1   12    5
 -0.001559768723695264   22    1   12    7
 -0.00018309258872365   22    1   12   10
 0.005806930627951359   22    1   12   12
 -0.00991127395795169   22    1   13   13
 -0.009017643469072091   22    1   14    1
 0.001034319311976427   22    1   14    3
 -0.0070146028035989   22    1   14    5
 0.0007374026384333932   22    1   14    7
 0.01118327241167742   22    1   14   10
 0.003384760634452819   22    1   14   12
 -0.003549037329729336   22    1   14   14
 0.002504273975913031   22    1   15    4
 -0.003126217564388062   22    1   15    8
 -0.01401162159121231   22    1   15   15
 -0.001950021134513911   22    1   16    2
 -0.001476032730689666   22    1   16    6
 0.002118088506346214   22    1   16    9
 0.0007512416832781139   22    1   16   11
 -0.005957829831445098   22    1   16   16
 0.01081924935218379   22    1   17    2
 -0.00842657872505399   22    1   17    6
 -0.004431432078441188   22    1   17    9
 0.0108607948000766   22    1   17   11
 0.00664209078986758   22    1   17   16
 0.008806059379818501   22    1   17   17
 -0.01293005468202785   22    1   18    1
 0.01319389865368359   22    1   18    3
 -0.001029403640178767   22    1   18    5
 -0.006050175372818311   22    1   18    7
 0.001585656820287358   22    1   18   10
 0.006088495113484941   22    1   18   12
 -0.01115466255127148   22    1   18   14
 -0.005248676744673118   22    1   18   18
 -0.002154734848527763   22    1   19    4
 -0.002071533930388257   22    1   19    8
 -0.002765226181927123   22    1   19   15
 -0.02116551559085418   22    1   19   19
 0.007920231660059425   22    1   20   13
 0.009364417749122297   22    1   20   20
 -0.001219150105451137   22    1   21    1
 0.003779426578285592   22    1   21    3
 0.001501050907992816   22    1   21    5
 -0.003526698985035154   22    1   21    7
 -0.004854415553040128   22    1   21   10
 0.01039648281214919   22    1   21   12
 -0.002108959685113188   22    1   21   14
 0.01533195814684267   22    1   21   18
 0.01007767787845837   22    1   21   21
 0.04870222005846243   22    1   22    1
 0.04614351376658571   22    2    2    1
 -0.01919543378797137   22    2    3    2
 0.00985448669656616   22    2    5    2
 -0.03036031250386517   22    2    6    1
 0.01402866270342342   22    2    6    3
 -0.00781689972238672   22    2    6    5
 -0.001840038377740781   22    2    7    2
 -0.0005150080152874598   22    2    7    6
 -0.006438049032497596   22    2    9    1
 -0.005754620019750131   22    2    9    3
 -0.0152475591377005   22    2    9    5
 -0.005397487923448158   22    2    9    7
 -0.004560220189338918   22    2   10    2
 -0.004833806458521633   22    2   10    6
 0.01104017981899424   22    2   10    9
 0.03385590975262858   22    2   11    1
 -0.009407597869838065   22    2   11    3
 0.004404029371739678   22    2   11    5
 0.009208115505492631   22    2   11    7
 0.009540024715719009   22    2   11   10
 -0.02964403031907993   22    2   12    2
 0.01304566465909448   22    2   12    6
 0.01882619154511923   22    2   12    9
 -0.01783390229775771   22    2   12   11
 0.01092630599846559   22    2   13    4
 -0.00383432567635116   22    2   13    8
 -0.0006584200253724802   22    2   14    2
 0.004864565302897554   22    2   14    6
 0.01269205173615842   22    2   14    9
 -0.01603438022534692   22    2   14   11
 -0.00209892748792962   22    2   15   13
 0.0008668473836395331   22    2   16    1
 -0.004818306887699153   22    2   16    3
 -0.001328851316150119   22    2   16    5
 -0.001059623142093082   22    2   16    7
 -0.0003867321373213566   22    2   16   10
 0.002869641494226699   22    2   16   12
 -0.004003340172143106   22    2   16   14
 0.01256897810111955   22    2   17    1
 -0.01791963483396964   22    2   17    3
 -0.0005236830862107038   22    2   17    5
 0.01059853692529189   22    2   17    7
 -0.001745509626354257   22    2   17   10
 -0.002007351277428557   22    2   17   12
 -0.01344913646970316   22    2   17   14
 -0.01051488173909564   22    2   18    2
 0.009176878029720063   22    2   18    6
 -0.004861715537387399   22    2   18    9
 -0.008229637767191364   22    2   18   11
 0.006450679388548171   22    2   18   16
 0.00534503964554305   22    2   18   17
 0.0002310605010632639   22    2   19   13
 0.0332088961735941   22    2   20    4
 -0.01626842024108607   22    2   20    8
 -0.0005350163196019539   22    2   20   15
 -0.009983628955429313   22    2   20   19
 -0.02388042034575697   22    2   21    2
 0.01550916108161888   22    2   21    6
 0.005826659296828919   22    2   21    9
 -0.01819133386249109   22    2   21   11
 0.003804264872863635   22    2   21   16
 -0.004336443071381079   22    2   21   17
 0.05501064716311044   22    2   22    2
 0.01764760328350473   22    3    1    1
 -0.004921104884233037   22    3    2    2
 -0.008530104473195186   22    3    3    1
 0.02507419407255766   22    3    3    3
 0.03818476335996399   22    3    4    4
 0.0110723317018681   22    3    5    1
 0.006042324704233219   22    3    5    3
 0.00462775446451173   22    3    5    5
 -0.004816526819854358   22    3    6    2
 0.001369237609991152   22    3    6    6
 0.0007813175414092814   22    3    7    1
 -0.02471896372471813   22    3    7    3
 -0.008931846617315421   22    3    7    5
 0.02096450545522944   22    3    7    7
 -0.02649885874252673   22    3    8    4
 0.02609066493356459   22    3    8    8
 -0.006202052470611042   22    3    9    2
 0.007310742688620546   22    3    9    6
 -0.007696077759570839   22    3    9    9
 -0.0188685164996125   22    3   10    1
 -0.003193251728646793   22    3   10    3
 0.001137526243435895   22    3   10    5
 -0.002115630114379585   22    3   10    7
 -0.01280093505101968   22    3   10   10
 0.01494719130184469   22    3   11    2
 -0.0004328001797211289   22    3   11    6
 -0.01095888012031776   22    3   11    9
 -0.006543572255468122   22    3   11   11
 -0.007887167534000865   22    3   12    1
 -6.146022098696284e-05   22    3   12    3
 -0.005681780080804274   22    3   12    5
 0.001241130159797409   22    3   12    7
 0.006169175947470428   22    3   12   10
 0.002507261537229392   22    3   12   12
 -0.009709451036654349   22    3   13   13
 -0.01104177211127772   22    3   14    1
 0.009681630158631601   22    3   14    3
 -0.001040616490762889   22    3   14    5
 -0.003888016247932509   22    3   14    7
 0.003920769206937453   22    3   14   10
 0.01291555230741824   22    3   14   12
 0.007296017668150436   22    3   14   14
 -0.01292507103838986   22    3   15    4
 0.003496623031640738   22    3   15    8
 -0.003822802717086191   22    3   15   15
 0.007262162812772964   22    3   16    2
 0.001915268896185363   22    3   16    6
 -0.000911709165797771   22    3   16    9
 -0.00214755231156412   22    3   16   11
 -0.01232314347045077   22    3   16   16
 0.009633497973610107   22    3   17    2
 -0.002277874927045098   22    3   17    6
 -0.006428649027490362   22    3   17    9
 0.002460263172597791   22    3   17   11
 9.003696067923534e-05   22    3   17   16
 -0.0007370848513967275   22    3   17   17
 0.02154939559397424   22    3   18    1
 0.005339690918140929   22    3   18    3
 0.007264605781857997   22    3   18    5
 -0.008792505792397234   22    3   18    7
 -0.0004297363139949352   22    3   18   10
 -0.005279069055292212   22    3   18   12
 0.0003912036611039006   22    3   18   14
 0.008905734908900443   22    3   18   18
 -0.009537147171398362   22    3   19    4
 0.005801668835797313   22    3   19    8
 0.01484958538630892   22    3   19   15
 0.03215094448400407   22    3   19   19
 0.006390165140262056   22    3   20   13
 0.01374843124293352   22    3   20   20
 0.005528834668609981   22    3   21    1
 -0.0001983123335298274   22    3   21    3
 0.002172589396979941   22    3   21    5
 -0.0009741559549373119   22    3   21    7
 0.001369346794125252   22    3   21   10
 0.00212061368685466   22    3   21   12
 -0.01154882785229304   22    3   21   14
 -0.009153767521086912   22    3   21   18
 0.01931937478281533   22    3   21   21
 -0.01353537989870193   22    3   22    1
 0.0293167494593466   22    3   22    3
 -0.07104667372022601   22    4    4    1
 0.02540372719184815   22    4    4    3
 -0.01812090222918514   22    4    5    4
 -0.00864480113922486   22    4    7    4
 0.02816500349125695   22    4    8    1
 -0.01353003921838748   22    4    8    3
 0.01768952393162706   22    4    8    5
 0.008574742727553795   22    4    8    7
 0.02876239989686099   22    4   10    4
 -0.01331894662430196   22    4   10    8
 0.004934363761714307   22    4   12    4
 -0.02550901250770804   22    4   12    8
 -0.02136659235227122   22    4   13    2
 0.001458563458427644   22    4   13    6
 0.0008012457184955067   22    4   13    9
 0.0002265348599264375   22    4   13   11
 -0.01671603868435286   22    4   14    4
 -0.02294026525844216   22    4   14    8
 0.002325551545237998   22    4   15    1
 -0.02689723395551072   22    4   15    3
 0.0003601663605501754   22    4   15    5
 0.003458948798621722   22    4   15    7
 -0.006785780130310703   22    4   15   10
 0.0009100986188359286   22    4   15   12
 -0.0004179743412774225   22    4   15   14
 -0.003502561267318338   22    4   16   13
 0.007178419911659501   22    4   17   13
 -0.04825985082423941   22    4   18    4
 0.02383903136003054   22    4   18    8
 0.01346362438631598   22    4   18   15
 -0.003948164439805953   22    4   19    1
 -0.04555937936700684   22    4   19    3
 -0.01676156634971575   22    4   19    5
 0.02415429206351279   22    4   19    7
 0.01076803654832404   22    4   19   10
 0.002873262491411411   22    4   19   12
 -0.01264918285696238   22    4   19   14
 -0.009050625111071469   22    4   19   18
 -0.03035162245679908   22    4   20    2
 0.02182407212502202   22    4   20    6
 0.003900938254962288   22    4   20    9
 -0.02063328272801468   22    4   20   11
 -0.006229808797013066   22    4   20   16
 -0.008490926181547988   22    4   20   17
 0.03135752174951484   22    4   21    4
 -0.01698411758650735   22    4   21    8
 -0.006720480937939609   22    4   21   15
 -0.0002261636954210035   22    4   21   19
 0.06201693701175356   22    4   22    4
 0.01151477061469033   22    5    1    1
 0.01555320102256007   22    5    2    2
 0.001403179352922709   22    5    3    1
 0.007062325666399158   22    5    3    3
 -0.002436347868400689   22    5    4    4
 0.006524407392276899   22    5    5    1
 0.007256786265680644   22    5    5    3
 -0.003393162689079588   22    5    5    5
 -0.01166722706703172   22    5    6    2
 -0.004517956428560239   22    5    6    6
 -0.006214456509677616   22    5    7    1
 -0.01195529716393069   22    5    7    3
 -0.0002115948164252547   22    5    7    5
 0.006884306632839667   22    5    7    7
 -0.006006077121042641   22    5    8    4
 -0.0003460993509914567   22    5    8    8
 -0.007850211313782515   22    5    9    2
 0.004969431325166656   22    5    9    6
 0.007534968394701265   22    5    9    9
 0.002369626350775324   22    5   10    1
 0.001210963477057017   22    5   10    3
 -0.003123680807792487   22    5   10    5
 0.002554102669121771   22    5   10    7
 0.000159093088770767   22    5   10   10
 0.008090612379842856   22    5   11    2
 -0.005690628115627218   22    5   11    6
 -0.004590205069917006   22    5   11    9
 0.005210356821639164   22    5   11   11
 -0.01247026276575843   22    5   12    1
 -0.003666303643996092   22    5   12    3
 -0.0007149130256832198   22    5   12    5
 -0.001563581699041095   22    5   12    7
 -0.0006616708030428459   22    5   12   10
 0.0004129073948759212   22    5   12   12
 -0.003987665773938272   22    5   13   13
 -0.007964844989755214   22    5   14    1
 0.001653300975300467   22    5   14    3
 -0.006610306912818798   22    5   14    5
 0.001311831678184686   22    5   14    7
 0.006088482850316733   22    5   14   10
 0.002692345583752924   22    5   14   12
 -0.000572272298893051   22    5   14   14
 0.0004372489840203947   22    5   15    4
 -0.0001888273076102278   22    5   15    8
 -0.005278464655134431   22    5   15   15
 -0.00605396497754774   22    5   16    2
 -0.005217084223752984   22    5   16    6
 0.0006298707364629802   22    5   16    9
 0.005129127660167788   22    5   16   11
 -0.003843026720160015   22    5   16   16
 -0.003196670906138986   22    5   17    2
 -0.009905424253111804   22    5   17    6
 -0.0005569968926016037   22    5   17    9
 0.01151191597761926   22    5   17   11
 0.0009065187325738557   22    5   17   16
 -0.002395587452024538   22    5   17   17
 -0.005559351209945016   22    5   18    1
 0.001785472630150924   22    5   18    3
 0.007143160834288289   22    5   18    5
 -0.007347658242586494   22    5   18    7
 -0.009024727557697046   22    5   18   10
 -0.001156235222268924   22    5   18   12
 -0.0008570496488553989   22    5   18   14
 -0.004118921780278323   22    5   18   18
 -0.001597706799168474   22    5   19    4
 -0.000564595078930413   22    5   19    8
 0.002018262164310929   22    5   19   15
 -0.003286782127197949   22    5   19   19
 0.004868940042992546   22    5   20   13
 0.003334240217951065   22    5   20   20
 0.002805591121215684   22    5   21    1
 0.00367091015179976   22    5   21    3
 0.001027682365437878   22    5   21    5
 -0.00201303831404144   22    5   21    7
 -0.003249287706976763   22    5   21   10
 0.00397584604300478   22    5   21   12
 -0.002986073808688887   22    5   21   14
 0.006576908337779232   22    5   21   18
 0.007634790553096687   22    5   21   21
 0.01170807256517783   22    5   22    1
 -0.001641129693847727   22    5   22    3
 0.01084655377107239   22    5   22    5
 -0.04633909868101584   22    6    2    1
 0.00777685601859085   22    6    3    2
 -0.004700433179390419   22    6    5    2
 0.02239305204181626   22    6    6    1
 -0.01113478119340171   22    6    6    3
 0.002450600383095873   22    6    6    5
 0.002437209672957481   22    6    7    2
 0.001865108380280738   22    6    7    6
 0.008290813297394409   22    6    9    1
 0.01106208904679557   22    6    9    3
 0.01455654904266891   22    6    9    5
 0.007388537787307759   22    6    9    7
 -0.01340577313602933   22    6   10    2
 -0.000259120569067257   22    6   10    6
 0.001127589386702203   22    6   10    9
 -0.01604534478494383   22    6   11    1
 0.01501647464362599   22    6   11    3
 -0.006606412010500631   22    6   11    5
 -0.006353965250570057   22    6   11    7
 0.01181718932842067   22    6   11   10
 0.02394477397847986   22    6   12    2
 -0.006894913300903059   22    6   12    6
 -0.01139704579419094   22    6   12    9
 0.01312590240558154   22    6   12   11
 -0.01397277950715831   22    6   13    4
 0.0007653010285175894   22    6   13    8
 -0.001593814873641678   22    6   14    2
 -0.005049539018460975   22    6   14    6
 -0.01740477345281369   22    6   14    9
 0.00723929313563444   22    6   14   11
 -0.01279592687596486   22    6   15   13
 0.003005285390770522   22    6   16    1
 0.006435051853605776   22    6   16    3
 -0.005745587957286921   22    6   16    5
 0.003665224101267604   22    6   16    7
 0.01346678421765708   22    6   16   10
 -0.01098959474565346   22    6   16   12
 0.008351948048061456   22    6   16   14
 0.0007130019164988865   22    6   17    1
 0.02233102878426661   22    6   17    3
 -0.005315249462926651   22    6   17    5
 -0.006013520440293095   22    6   17    7
 0.01019603248473461   22    6   17   10
 0.00367047902933978   22    6   17   12
 0.006348750200196744   22    6   17   14
 0.02211502266992265   22    6   18    2
 0.0004087508098047719   22    6   18    6
 -0.002449524557509604   22    6   18    9
 -0.004789494179034043   22    6   18   11
 -0.004125818839864169   22    6   18   16
 -0.005970355364690007   22    6   18   17
 0.002344795633470165   22    6   19   13
 -0.02730423745645172   22    6   20    4
 0.01301608243050441   22    6   20    8
 0.002805557827964637   22    6   20   15
 0.005453316104245619   22    6   20   19
 0.01793416935084052   22    6   21    2
 -0.01256774800285933   22    6   21    6
 -0.007190404166217473   22    6   21    9
 0.01131694830367924   22    6   21   11
 -0.000332335952264706   22    6   21   16
 0.001195768621536351   22    6   21   17
 -0.02878122330282075   22    6   22    2
 0.02863016304746267   22    6   22    6
 -0.06503948958411473   22    7    1    1
 -0.04749918643322847   22    7    2    2
 0.01006050903342537   22    7    3    1
 -0.06521569906369762   22    7    3    3
 -0.06785101222507768   22    7    4    4
 -0.01953110739208328   22    7    5    1
 -0.01640573537773596   22    7    5    3
 -0.01294767019722965   22    7    5    5
 0.02429906413471106   22    7    6    2
 -0.01195805579057206   22    7    6    6
 0.004270358455202538   22    7    7    1
 0.03745913882275048   22    7    7    3
 0.009395836301269993   22    7    7    5
 -0.04619909579341759   22    7    7    7
 0.036011372076078   22    7    8    4
 -0.04639903469831579   22    7    8    8
 0.01515546181489694   22    7    9    2
 -0.006154593042104442   22    7    9    6
 -0.02892799850234269   22    7    9    9
 0.01133996287158293   22    7   10    1
 -0.001306573103915536   22    7   10    3
 0.01139566336872791   22    7   10    5
 -0.001192774088160664   22    7   10    7
 -0.01672447306705071   22    7   10   10
 -0.01899035419414195   22    7   11    2
 0.01851992295606632   22    7   11    6
 0.01061873925609204   22    7   11    9
 -0.0261118115510037   22    7   11   11
 0.01834113522404494   22    7   12    1
 0.003093949983194705   22    7   12    3
 0.0104642243587529   22    7   12    5
 0.003709918382156539   22    7   12    7
 -0.003554505781408217   22    7   12   10
 -0.02979659757336788   22    7   12   12
 -0.01742162684160274   22    7   13   13
 0.01651599080584337   22    7   14    1
 -0.01005685283850502   22    7   14    3
 0.00906086125420447   22    7   14    5
 0.007223735402374512   22    7   14    7
 -0.006895509303434422   22    7   14   10
 -0.01365293620352274   22    7   14   12
 -0.03580161461026816   22    7   14   14
 0.009283812249180073   22    7   15    4
 -0.003864071402080291   22    7   15    8
 -0.02002150695872347   22    7   15   15
 -0.0006390626172065018   22    7   16    2
 0.005336354605437214   22    7   16    6
 -0.0006175153382787982   22    7   16    9
 -0.003997531655865963   22    7   16   11
 -0.01040729740357959   22    7   16   16
 -0.003196912393090553   22    7   17    2
 0.01462545984859   22    7   17    6
 0.001477826249096155   22    7   17    9
 -0.02265061717574898   22    7   17   11
 -0.001751521025076561   22    7   17   16
 -0.02716572160871177   22    7   17   17
 -0.01001621304144439   22    7   18    1
 -0.005022919812905159   22    7   18    3
 -0.01540495961781942   22    7   18    5
 0.01662674429344145   22    7   18    7
 0.01851110771823356   22    7   18   10
 0.007185949689042639   22    7   18   12
 -0.002127586445654675   22    7   18   14
 -0.03483940941738015   22    7   18   18
 0.005502975017299859   22    7   19    4
 -0.0021384123582414   22    7   19    8
 -0.01990667902260167   22    7   19   15
 -0.06327703847250966   22    7   19   19
 -0.01715249652710775   22    7   20   13
 -0.05611470652289666   22    7   20   20
 -0.005056540577093688   22    7   21    1
 -0.0007259160550914533   22    7   21    3
 -0.001440344143470257   22    7   21    5
 0.003408013787050219   22    7   21    7
 0.003984779709670141   22    7   21   10
 -0.01126011418159964   22    7   21   12
 0.01756535016483109   22    7   21   14
 0.003616354040822333   22    7   21   18
 -0.06021362511244904   22    7   21   21
 0.001541484540970327   22    7   22    1
 -0.01374759612114485   22    7   22    3
 -0.006223584387199686   22    7   22    5
 0.01961725870414893   22    7   22    7
 0.04263534937056108   22    8    4    1
 -0.01678563500136354   22    8    4    3
 0.008628068816505073   22    8    5    4
 0.006571752376967928   22    8    7    4
 -0.01568529925739026   22    8    8    1
 0.009852366898678988   22    8    8    3
 -0.01341250463091262   22    8    8    5
 -0.006243947480853271   22    8    8    7
 -0.01792545503547217   22    8   10    4
 0.005897126332467525   22    8   10    8
 -0.002851617952937836   22    8   12    4
 0.01847130043988364   22    8   12    8
 0.01255361919174589   22    8   13    2
 0.0002429585579141883   22    8   13    6
 0.000793875595372169   22    8   13    9
 0.0005929731188407611   22    8   13   11
 0.009839418409314724   22    8   14    4
 0.01901736208016166   22    8   14    8
 -0.002740992931108501   22    8   15    1
 0.01640493181889928   22    8   15    3
 -0.0005137732801566399   22    8   15    5
 -0.001141753775252714   22    8   15    7
 0.003592943017165436   22    8   15   10
 -0.0002151138203984234   22    8   15   12
 -0.0004757042889763976   22    8   15   14
 0.003526088316003632   22    8   16   13
 -0.002670694258582092   22    8   17   13
 0.02757075140878636   22    8   18    4
 -0.01415624503683683   22    8   18    8
 -0.006567652353584068   22    8   18   15
 0.0001485983295123875   22    8   19    1
 0.02718914370018147   22    8   19    3
 0.009209572320681628   22    8   19    5
 -0.01504008234544333   22    8   19    7
 -0.00554676545089798   22    8   19   10
 -0.001208840646830698   22    8   19   12
 0.008633975843249224   22    8   19   14
 0.004767227938206439   22    8   19   18
 0.0182001508264284   22    8   20    2
 -0.01417877657324012   22    8   20    6
 -0.00181380995990399   22    8   20    9
 0.01265689626152482   22    8   20   11
 0.003027656295660961   22    8   20   16
 0.005967521605196533   22    8   20   17
 -0.01783184754247379   22    8   21    4
 0.01125857479268311   22    8   21    8
 0.003238082146490788   22    8   21   15
 -5.760394137349107e-05   22    8   21   19
 -0.03396190133879818   22    8   22    4
 0.02321965559164844   22    8   22    8
 0.003115725900302383   22    9    2    1
 0.004202306089488769   22    9    3    2
 -0.009682678243607815   22    9    5    2
 0.005921061223093297   22    9    6    1
 0.006619569858701246   22    9    6    3
 -0.002775261378396196   22    9    6    5
 0.003100533412852818   22    9    7    2
 0.002971340704550922   22    9    7    6
 0.003641857169091668   22    9    9    1
 -0.008387912696789505   22    9    9    3
 0.0003583473703381034   22    9    9    5
 -0.006666300399067054   22    9    9    7
 0.01657255215671396   22    9   10    2
 0.003999247417337133   22    9   10    6
 -0.008998466519996341   22    9   10    9
 -0.01382136124140391   22    9   11    1
 -0.008910326063434552   22    9   11    3
 0.002529039781952227   22    9   11    5
 -0.001858760976782639   22    9   11    7
 -0.01997004695412644   22    9   11   10
 0.009597662403146788   22    9   12    2
 -0.003845885813848412   22    9   12    6
 -0.004367862378450589   22    9   12    9
 -0.000935550015126895   22    9   12   11
 0.004060810819299545   22    9   13    4
 0.004225014829950637   22    9   13    8
 0.002424120485337965   22    9   14    2
 -0.006498967807178065   22    9   14    6
 0.007243653834677794   22    9   14    9
 0.01065174310202872   22    9   14   11
 0.01636315465348484   22    9   15   13
 0.0003774889369775443   22    9   16    1
 -2.228132745308774e-05   22    9   16    3
 0.0003805378658281708   22    9   16    5
 0.0001829096940302702   22    9   16    7
 -0.008661686063032272   22    9   16   10
 0.01278104403194892   22    9   16   12
 -0.00603272965853558   22    9   16   14
 -0.004812792904466777   22    9   17    1
 -0.002862685090540102   22    9   17    3
 -0.003949362473339059   22    9   17    5
 0.001576165599190201   22    9   17    7
 0.002055369863755908   22    9   17   10
 0.002956655762017003   22    9   17   12
 0.0003999219524764566   22    9   17   14
 -0.006411569370317552   22    9   18    2
 0.003534355677436995   22    9   18    6
 0.004072872748579847   22    9   18    9
 0.002225153790014644   22    9   18   11
 -0.001475199089890776   22    9   18   16
 0.01248539225255768   22    9   18   17
 -0.006506305025336306   22    9   19   13
 -0.001854009197053544   22    9   20    4
 0.002327148249406763   22    9   20    8
 -0.006936073305537345   22    9   20   15
 -0.0005839548409449749   22    9   20   19
 0.00165890236727899   22    9   21    2
 -0.003072561681594031   22    9   21    6
 0.001347638793621214   22    9   21    9
 0.006825764873427127   22    9   21   11
 -0.005104974460440751   22    9   21   16
 0.003517974193762599   22    9   21   17
 -0.01223332139173004   22    9   22    2
 0.001601375805568793   22    9   22    6
 0.01363772237494077   22    9   22    9
 0.0004327464611769919   22   10    1    1
 -0.0190361614654569   22   10    2    2
 -0.03084074535558743   22   10    3    1
 0.009803779112677515   22   10    3    3
 0.02757308725401382   22   10    4    4
 0.006538012536355027   22   10    5    1
 0.007163368156718712   22   10    5    3
 -0.009548616641471578   22   10    5    5
 -0.01695047725269211   22   10    6    2
 -0.005607846300385313   22   10    6    6
 0.003458518947499851   22   10    7    1
 -0.01297890765349319   22   10    7    3
 0.008195397625266181   22   10    7    5
 0.007456290276746052   22   10    7    7
 -0.01758692260477559   22   10    8    4
 0.0136837859575877   22   10    8    8
 0.01455907668674766   22   10    9    2
 0.002143034229357666   22   10    9    6
 -0.008294448434996167   22   10    9    9
 -0.02186735476140972   22   10   10    1
 -0.0122209706779896   22   10   10    3
 0.008553319249423078   22   10   10    5
 -0.006476074715342666   22   10   10    7
 -0.05311338109341557   22   10   10   10
 0.03513319718014772   22   10   11    2
 0.005682632343896005   22   10   11    6
 -0.02235316375499019   22   10   11    9
 -0.0330190021667055   22   10   11   11
 -0.006920992059306715   22   10   12    1
 -0.009137493319239378   22   10   12    3
 -0.002643736994531373   22   10   12    5
 -0.01162632001834194   22   10   12    7
 0.007577299797529225   22   10   12   10
 -0.01380666130619428   22   10   12   12
 -0.03433067037186801   22   10   13   13
 0.003783472733899077   22   10   14    1
 0.0148427211985313   22   10   14    3
 0.0008128151215386   22   10   14    5
 -0.005368899727131973   22   10   14    7
 0.009331772348953467   22   10   14   10
 0.01813904332228033   22   10   14   12
 -0.009175040565905283   22   10   14   14
 -0.01696657802697157   22   10   15    4
 -0.00270977366174682   22   10   15    8
 -0.02926201837783991   22   10   15   15
 0.009451367352101083   22   10   16    2
 -0.002855902823025917   22   10   16    6
 0.006059000685115724   22   10   16    9
 -0.005002926978566409   22   10   16   11
 -0.04233627784862434   22   10   16   16
 0.01809607116205442   22   10   17    2
 -0.009976305161263663   22   10   17    6
 -0.007688287303486113   22   10   17    9
 0.00457717242675858   22   10   17   11
 0.002718666482085313   22   10   17   16
 -0.02001304482597629   22   10   17   17
 0.01936444930055643   22   10   18    1
 0.00882617745905352   22   10   18    3
 0.006001909694119215   22   10   18    5
 -0.003348036824568993   22   10   18    7
 0.002848555051795822   22   10   18   10
 0.001679288955287604   22   10   18   12
 0.001386483447227524   22   10   18   14
 -0.01527709629088333   22   10   18   18
 -0.007800973837062729   22   10   19    4
 0.006127509342362308   22   10   19    8
 0.02005850936048351   22   10   19   15
 0.01958693446744861   22   10   19   19
 0.01829368807181107   22   10   20   13
 0.01817025309806381   22   10   20   20
 -0.005801145656635602   22   10   21    1
 -0.005295678842238156   22   10   21    3
 -0.006206979897815901   22   10   21    5
 0.007068003070437695   22   10   21    7
 0.006963429254293769   22   10   21   10
 0.01413436067645855   22   10   21   12
 -0.01469522879008516   22   10   21   14
 -0.01201369573636713   22   10   21   18
 0.006046356220776388   22   10   21   21
 0.001457263860388684   22   10   22    1
 0.01143327785127623   22   10   22    3
 -0.006941845898736672   22   10   22    5
 -0.002592707871754458   22   10   22    7
 0.03129033925886252   22   10   22   10
 0.07106975866780854   22   11    2    1
 0.007059128250291545   22   11    3    2
 -0.002327574909317708   22   11    5    2
 -0.02022209644527666   22   11    6    1
 0.01934345527901338   22   11    6    3
 -0.01628548071774493   22   11    6    5
 0.002444047421670195   22   11    7    2
 0.004589880537371079   22   11    7    6
 -0.02084016306292288   22   11    9    1
 -0.01930344733458365   22   11    9    3
 -0.01402018646509321   22   11    9    5
 -0.007433069764711586   22   11    9    7
 0.0402872268266281   22   11   10    2
 0.01231925610484953   22   11   10    6
 -0.01616458818225527   22   11   10    9
 0.004219970956687174   22   11   11    1
 -0.03238510427622158   22   11   11    3
 0.01794856597670332   22   11   11    5
 -0.0005463307677363373   22   11   11    7
 -0.04923985433742661   22   11   11   10
 -0.02605692745176917   22   11   12    2
 0.01446446770953885   22   11   12    6
 0.006127838603017645   22   11   12    9
 -0.02438957390118096   22   11   12   11
 0.0247500998104063   22   11   13    4
 0.004004135140688308   22   11   13    8
 -0.005903366306312008   22   11   14    2
 0.0004703691068302525   22   11   14    6
 0.03020335509720277   22   11   14    9
 0.005137342631847614   22   11   14   11
 0.04770023436217003   22   11   15   13
 -0.003340740359161045   22   11   16    1
 -0.0023448766438238   22   11   16    3
 0.00824002885541132   22   11   16    5
 0.0002384044369972004   22   11   16    7
 -0.0330433487254557   22   11   16   10
 0.0344352274293048   22   11   16   12
 -0.02406026012945821   22   11   16   14
 -0.007966447374095541   22   11   17    1
 -0.0270833539353912   22   11   17    3
 -0.00484230860307899   22   11   17    5
 0.01402898456269754   22   11   17    7
 -0.006747152915153352   22   11   17   10
 -0.003268868684038805   22   11   17   12
 -0.01210346882672353   22   11   17   14
 -0.03130868970608135   22   11   18    2
 0.009302272313983813   22   11   18    6
 0.01068597583788639   22   11   18    9
 0.00802763155759992   22   11   18   11
 0.003644686654282131   22   11   18   16
 0.03832701168149479   22   11   18   17
 -0.01238397271065412   22   11   19   13
 0.03203896891503739   22   11   20    4
 -0.01873374964090084   22   11   20    8
 -0.01341360857870056   22   11   20   15
 0.002629064109179996   22   11   20   19
 -0.02459676933369707   22   11   21    2
 0.0137305290153463   22   11   21    6
 0.01395287150486813   22   11   21    9
 -0.007992961350776213   22   11   21   11
 -0.01095605158858772   22   11   21   16
 -0.0008350450104130566   22   11   21   17
 0.02390717306929887   22   11   22    2
 -0.03077319091229164   22   11   22    6
 0.004103160121365037   22   11   22    9
 0.04901687571906554   22   11   22   11
 -0.06564143707826338   22   12    1    1
 -0.06159290503080076   22   12    2    2
 -0.003245855092652114   22   12    3    1
 -0.04603644458661019   22   12    3    3
 -0.04799025882410617   22   12    4    4
 -0.02041506007132966   22   12    5    1
 -0.01205223129494581   22   12    5    3
 -0.012754612296749   22   12    5    5
 0.02817436739602827   22   12    6    2
 -0.01678242408981048   22   12    6    6
 0.007131772220056536   22   12    7    1
 0.02419214717240966   22   12    7    3
 0.009866035142645908   22   12    7    5
 -0.03058228318922769   22   12    7    7
 0.02175105742595721   22   12    8    4
 -0.02926339653662874   22   12    8    8
 0.02321451692296599   22   12    9    2
 -0.008819524283184022   22   12    9    6
 -0.02666712276934574   22   12    9    9
 0.005591429839995449   22   12   10    1
 0.0007483672571224326   22   12   10    3
 0.009671062394507405   22   12   10    5
 -0.002905332600735244   22   12   10    7
 -0.01887662451179237   22   12   10   10
 -0.02171227017264754   22   12   11    2
 0.0229097244758903   22   12   11    6
 0.008163294430216047   22   12   11    9
 -0.03346135064156552   22   12   11   11
 0.01926141081035525   22   12   12    1
 -0.003759932235766   22   12   12    3
 0.01025214622127879   22   12   12    5
 -0.002211393123678241   22   12   12    7
 -0.0006219753901799208   22   12   12   10
 -0.03254224079035733   22   12   12   12
 -0.02453700510232491   22   12   13   13
 0.01315897235743535   22   12   14    1
 -0.0002722947736869106   22   12   14    3
 0.008005639056665563   22   12   14    5
 3.827808443872841e-05   22   12   14    7
 -0.00222397353885403   22   12   14   10
 -0.008701431050378993   22   12   14   12
 -0.03169439460407492   22   12   14   14
 -0.00134187356996967   22   12   15    4
 -0.001644368129983499   22   12   15    8
 -0.02193341125732456   22   12   15   15
 -0.001785954382824365   22   12   16    2
 0.001575236874492094   22   12   16    6
 0.002808501270532214   22   12   16    9
 -1.297615310539639e-05   22   12   16   11
 -0.01356706087408822   22   12   16   16
 0.001503562187734267   22   12   17    2
 0.01227716013538596   22   12   17    6
 -0.001059901823237219   22   12   17    9
 -0.02383453668413186   22   12   17   11
 0.000615601209223964   22   12   17   16
 -0.03582419571349499   22   12   17   17
 0.00356110070446735   22   12   18    1
 -0.000882086868994859   22   12   18    3
 -0.009343761513881835   22   12   18    5
 0.01171740238406118   22   12   18    7
 0.01707456535729178   22   12   18   10
 0.003708565436799335   22   12   18   12
 -0.001592083994786577   22   12   18   14
 -0.03698043354486921   22   12   18   18
 -0.006745489252326479   22   12   19    4
 0.004514039962591889   22   12   19    8
 -0.01288476093483654   22   12   19   15
 -0.04664946935836677   22   12   19   19
 -0.01804207398110677   22   12   20   13
 -0.05840554816695159   22   12   20   20
 0.00544547299806041   22   12   21    1
 -0.01093913925215055   22   12   21    3
 -0.002555803678442744   22   12   21    5
 0.007904611968955984   22   12   21    7
 0.008833727758373639   22   12   21   10
 -0.0145992046508545   22   12   21   12
 0.0104765574645834   22   12   21   14
 -0.005706729160474906   22   12   21   18
 -0.05313845486239652   22   12   21   21
 -0.01827510967531304   22   12   22    1
 0.00266661185845718   22   12   22    3
 -0.008783885933082837   22   12   22    5
 0.008504398428467386   22   12   22    7
 0.0001559284101253017   22   12   22   10
 0.02315763312627342   22   12   22   12
 -0.002873204011988846   22   13    4    2
 -0.0002828155016306742   22   13    6    4
 -0.001193797409100748   22   13    8    2
 -0.0002021791495706887   22   13    8    6
 0.0002017269900276779   22   13    9    4
 -0.0006768552927610328   22   13    9    8
 0.001372630412806126   22   13   11    4
 0.0004868984546460168   22   13   11    8
 -0.006489273106913288   22   13   13    1
 -0.004617705201857995   22   13   13    3
 0.001107733029457574   22   13   13    5
 -0.000855859156070078   22   13   13    7
 -0.005753041655271733   22   13   13   10
 -0.0007241169633760521   22   13   13   12
 -0.003181699626897167   22   13   14   13
 -0.00750183209777526   22   13   15    2
 -0.001193854589071793   22   13   15    6
 0.002042575420633315   22   13   15    9
 0.00564912609927023   22   13   15   11
 -0.0002699528101120762   22   13   16    4
 0.0004150536069576615   22   13   16    8
 0.002130548895831727   22   13   16   15
 0.003040777969757296   22   13   17    4
 0.000805599022319896   22   13   17    8
 0.006772322466403386   22   13   17   15
 0.00536379919185123   22   13   18   13
 0.0001284020908466089   22   13   19    2
 0.001006040436116664   22   13   19    6
 7.323454123159028e-05   22   13   19    9
 -0.002109086434435586   22   13   19   11
 -0.002255676210560283   22   13   19   16
 -0.0001075676274536232   22   13   19   17
 -8.368350587325101e-05   22   13   20    1
 -0.0001095543563985397   22   13   20    3
 -0.001381739187031057   22   13   20    5
 0.0005987869465548956   22   13   20    7
 0.003376720802632634   22   13   20   10
 -0.000986629998456643   22   13   20   12
 -0.000867658154895158   22   13   20   14
 -0.003449628877188402   22   13   20   18
 -0.0001678835440741664   22   13   21   13
 0.0004555672371394797   22   13   21   20
 0.007060469333038402   22   13   22   13
 -0.02448597689972897   22   14    1    1
 -0.01710760893358026   22   14    2    2
 -0.007819176922220616   22   14    3    1
 -0.008449715318731083   22   14    3    3
 -0.02523877153430396   22   14    4    4
 -0.01070647496607269   22   14    5    1
 -0.002731972478423603   22   14    5    3
 -0.01202841452206219   22   14    5    5
 0.005719296311526583   22   14    6    2
 -0.01146150092165466   22   14    6    6
 0.006603162804589435   22   14    7    1
 0.005961918766240851   22   14    7    3
 0.008153903514303779   22   14    7    5
 -0.007008879080533242   22   14    7    7
 0.009982788532737487   22   14    8    4
 -0.01117618393124402   22   14    8    8
 0.006974908145552307   22   14    9    2
 -0.00627453929992168   22   14    9    6
 -0.003619364490879031   22   14    9    9
 0.008713474796048533   22   14   10    1
 0.003990783549217673   22   14   10    3
 0.004418173775631585   22   14   10    5
 -0.003451771526233114   22   14   10    7
 -0.005440310710855387   22   14   10   10
 -0.01008378342060314   22   14   11    2
 0.005646870950843805   22   14   11    6
 0.006899295529625359   22   14   11    9
 -0.007510866960296553   22   14   11   11
 0.00774140020374706   22   14   12    1
 -0.0001031452562151932   22   14   12    3
 0.003228824513747549   22   14   12    5
 -0.005719612916667329   22   14   12    7
 0.001283170179248751   22   14   12   10
 -0.01265339335449338   22   14   12   12
 -0.01248182059780173   22   14   13   13
 0.000625275028817812   22   14   14    1
 0.003793749039995059   22   14   14    3
 0.00240842244758918   22   14   14    5
 -0.004223741002672705   22   14   14    7
 -0.003350086744628456   22   14   14   10
 -0.004145455904307377   22   14   14   12
 -0.01196903553058009   22   14   14   14
 -0.002199541209787948   22   14   15    4
 -0.001050276252565635   22   14   15    8
 -0.01076964811511398   22   14   15   15
 -0.0003925296757256589   22   14   16    2
 -0.0006427916999996575   22   14   16    6
 0.003217070892774431   22   14   16    9
 -0.001206178964678102   22   14   16   11
 -0.01013176854742557   22   14   16   16
 -0.003761765505062736   22   14   17    2
 -0.001325789258327802   22   14   17    6
 0.002819606742742251   22   14   17    9
 -0.001773359962947988   22   14   17   11
 -0.001463466079842848   22   14   17   16
 -0.01592913700199821   22   14   17   17
 -0.01123413356081408   22   14   18    1
 -0.003303575723884494   22   14   18    3
 -0.002360666518175578   22   14   18    5
 0.002793837254461847   22   14   18    7
 0.001764097459698922   22   14   18   10
 0.0007750559653187362   22   14   18   12
 0.001851390356196629   22   14   18   14
 -0.0200235622570419   22   14   18   18
 -0.01227626977225329   22   14   19    4
 0.007264404218446953   22   14   19    8
 -0.002955302393993967   22   14   19   15
 -0.02120051031636526   22   14   19   19
 -0.005220787752804543   22   14   20   13
 -0.02331725211548658   22   14   20   20
 0.001425730338231291   22   14   21    1
 -0.01223768265066654   22   14   21    3
 -0.00194244500261551   22   14   21    5
 0.008751438824207099   22   14   21    7
 -0.001762189168538376   22   14   21   10
 -0.0009576288705692565   22   14   21   12
 0.002887341062043019   22   14   21   14
 0.002171213712056158   22   14   21   18
 -0.01857429653227813   22   14   21   21
 -0.001955628989436182   22   14   22    1
 -0.003962935534965147   22   14   22    3
 0.0009951495292645359   22   14   22    5
 0.0008990868544796154   22   14   22    7
 -0.005378693214792639   22   14   22   10
 0.004161279942555346   22   14   22   12
 0.01360381334011601   22   14   22   14
 0.007975889031272027   22   15    4    1
 -0.01268701708045404   22   15    4    3
 0.001778616219390703   22   15    5    4
 0.003937403482258995   22   15    7    4
 -0.006873130043180276   22   15    8    1
 0.00448524315685265   22   15    8    3
 -0.0005807750821577812   22   15    8    5
 -0.004785114196131497   22   15    8    7
 -0.004455156003435957   22   15   10    4
 0.002599261173607375   22   15   10    8
 -0.002303263214372932   22   15   12    4
 0.003573360036918462   22   15   12    8
 -0.007000243556739428   22   15   13    2
 -0.002263155859171609   22   15   13    6
 0.001642348989147725   22   15   13    9
 0.006749727920196214   22   15   13   11
 -0.00230826761014624   22   15   14    4
 0.001429857399813082   22   15   14    8
 -0.01086081650167149   22   15   15    1
 0.0009032972139092775   22   15   15    3
 0.0007388414018006971   22   15   15    5
 -0.002752916389074326   22   15   15    7
 -0.00448990080906731   22   15   15   10
 -0.001620456007134292   22   15   15   12
 -0.002014316692651418   22   15   15   14
 0.002235386002571518   22   15   16   13
 0.008239277296280339   22   15   17   13
 0.009489285433209314   22   15   18    4
 -0.002755489952796758   22   15   18    8
 0.003217788822358412   22   15   18   15
 -0.009280810002275319   22   15   19    1
 0.01132256119932484   22   15   19    3
 -0.001615669516300774   22   15   19    5
 -0.004973483716683007   22   15   19    7
 0.005664042647497036   22   15   19   10
 -0.002406894817234051   22   15   19   12
 0.002068426276393905   22   15   19   14
 -0.004645084894022916   22   15   19   18
 0.006116807239304879   22   15   20    2
 -0.003063248585396575   22   15   20    6
 -0.0004300451736805401   22   15   20    9
 0.002371605992783889   22   15   20   11
 0.0001143127142154965   22   15   20   16
 0.003432605842252879   22   15   20   17
 -0.006440866917519441   22   15   21    4
 0.002846885663170161   22   15   21    8
 0.0002095191570160343   22   15   21   15
 -0.00311283074620884   22   15   21   19
 -0.0109227796502117   22   15   22    4
 0.006847560710588905   22   15   22    8
 0.01074886357683975   22   15   22   15
 0.01651354046576902   22   16    2    1
 0.005468185581045604   22   16    3    2
 -0.0106086749735529   22   16    5    2
 0.001274921364251301   22   16    6    1
 0.009395381826037351   22   16    6    3
 -0.01515322942080164   22   16    6    5
 0.002683347250873992   22   16    7    2
 0.005304467942026115   22   16    7    6
 -0.001051142870419021   22   16    9    1
 -0.006413455524556673   22   16    9    3
 -0.005866461667665966   22   16    9    5
 -0.005754809560957919   22   16    9    7
 0.01937695261917732   22   16   10    2
 0.005294665491595694   22   16   10    6
 -0.006325256850258442   22   16   10    9
 -0.006004631875830259   22   16   11    1
 -0.009770246326154889   22   16   11    3
 0.005189549413405285   22   16   11    5
 -0.003779968080932335   22   16   11    7
 -0.02610249791187098   22   16   11   10
 -0.004982677726402812   22   16   12    2
 0.0001228625106016255   22   16   12    6
 -0.001577548913322828   22   16   12    9
 -0.005259673129986814   22   16   12   11
 0.007831739764014365   22   16   13    4
 0.005337055357810972   22   16   13    8
 0.002216881698459366   22   16   14    2
 -0.00414184873859405   22   16   14    6
 0.01090554525143264   22   16   14    9
 0.002820203571853354   22   16   14   11
 0.02538295464485794   22   16   15   13
 -0.00424563660940812   22   16   16    1
 -0.00185489237073712   22   16   16    3
 0.002899682487697729   22   16   16    5
 0.001639116615692374   22   16   16    7
 -0.02153604948054723   22   16   16   10
 0.02184316866786029   22   16   16   12
 -0.01529422729244497   22   16   16   14
 -0.0005733771225225592   22   16   17    1
 -0.00166030725117904   22   16   17    3
 -0.00611073105145889   22   16   17    5
 0.006711506987122666   22   16   17    7
 0.004724880745629426   22   16   17   10
 0.005897809028877642   22   16   17   12
 -0.008234942689399708   22   16   17   14
 -0.003705665196151459   22   16   18    2
 0.008662983074997048   22   16   18    6
 0.0009734780483060961   22   16   18    9
 -0.002873991248240722   22   16   18   11
 0.004025940391244432   22   16   18   16
 0.02091494447705725   22   16   18   17
 -0.0103432873042541   22   16   19   13
 0.003267930350545173   22   16   20    4
 -0.003505476387095382   22   16   20    8
 -0.01014589244827949   22   16   20   15
 0.002950773752012738   22   16   20   19
 -0.0008301767420118727   22   16   21    2
 0.001082526343077688   22   16   21    6
 0.004963268611822999   22   16   21    9
 0.0002854141011577037   22   16   21   11
 -0.0125563959480717   22   16   21   16
 0.000361602798821487   22   16   21   17
 -0.0008857171201930744   22   16   22    2
 -0.002510576628129881   22   16   22    6
 0.00349378550006234   22   16   22    9
 0.009022190204127055   22   16   22   11
 0.01077874626212256   22   16   22   16
 0.04969645196399943   22   17    2    1
 0.009062057195245091   22   17    3    2
 -0.01732372091219317   22   17    5    2
 -0.00518781635836123   22   17    6    1
 0.02542415907476026   22   17    6    3
 -0.03900977675524164   22   17    6    5
 0.007729905881864685   22   17    7    2
 0.01004095045567538   22   17    7    6
 -0.01006948523542511   22   17    9    1
 -0.0159186318237783   22   17    9    3
 -0.01382993141364568   22   17    9    5
 -0.01145434756613281   22   17    9    7
 0.03394611651626615   22   17   10    2
 0.01110694329239361   22   17   10    6
 -0.01243188475024596   22   17   10    9
 -0.003757095108775333   22   17   11    1
 -0.02763806282207494   22   17   11    3
 0.009949583235485154   22   17   11    5
 -0.006532105450596256   22   17   11    7
 -0.05148495809742871   22   17   11   10
 -0.01029476120731089   22   17   12    2
 0.005822250722288705   22   17   12    6
 -0.002026502875388179   22   17   12    9
 -0.02625206591874542   22   17   12   11
 0.02211778224464868   22   17   13    4
 0.009402646883323122   22   17   13    8
 -0.005531732741275783   22   17   14    2
 -0.009515322171223696   22   17   14    6
 0.02579107850220829   22   17   14    9
 0.007345976454725751   22   17   14   11
 0.05770767805147765   22   17   15   13
 0.001704427442978803   22   17   16    1
 0.002437915026527678   22   17   16    3
 0.003610356068153127   22   17   16    5
 0.004080168441142908   22   17   16    7
 -0.02967505923495341   22   17   16   10
 0.04242213705463227   22   17   16   12
 -0.02885134950132411   22   17   16   14
 0.0002711898759701663   22   17   17    1
 -0.01227426760365527   22   17   17    3
 -0.01905743739800711   22   17   17    5
 0.02032296686598736   22   17   17    7
 0.01629583889043707   22   17   17   10
 0.002931733595573457   22   17   17   12
 -0.01757363710968395   22   17   17   14
 -0.009228399442850728   22   17   18    2
 0.02514673180202438   22   17   18    6
 0.005639424521819676   22   17   18    9
 -0.008138433791796412   22   17   18   11
 -0.001808071028254683   22   17   18   16
 0.05918418461673125   22   17   18   17
 -0.01925114476181979   22   17   19   13
 0.01907753524833148   22   17   20    4
 -0.01374430950470382   22   17   20    8
 -0.02161034031617476   22   17   20   15
 0.006272442801955746   22   17   20   19
 -0.01260793366597186   22   17   21    2
 0.007089785405010306   22   17   21    6
 0.01205039444505506   22   17   21    9
 -0.002005102903386468   22   17   21   11
 -0.02104751502104002   22   17   21   16
 0.0006832150069569521   22   17   21   17
 0.01453080225005631   22   17   22    2
 -0.0106252415900244   22   17   22    6
 0.005228341764695642   22   17   22    9
 0.02471884190332364   22   17   22   11
 0.01087215503442156   22   17   22   16
 0.03542209792471856   22   17   22   17
 -0.06730348463548234   22   18    1    1
 -0.03984269182758236   22   18    2    2
 0.04201980233467236   22   18    3    1
 -0.06106935407266512   22   18    3    3
 -0.1002133684139019   22   18    4    4
 -0.02137189283758409   22   18    5    1
 -0.01837868595604166   22   18    5    3
 0.00534332312800871   22   18    5    5
 0.04556794556424726   22   18    6    2
 0.003239077009889129   22   18    6    6
 -0.002502841629265845   22   18    7    1
 0.02976496540937397   22   18    7    3
 -0.008798246017453073   22   18    7    5
 -0.03964343910397244   22   18    7    7
 0.04038793614181883   22   18    8    4
 -0.05903624570498004   22   18    8    8
 -0.003415817659654544   22   18    9    2
 -0.003406975174138161   22   18    9    6
 -0.02819203486953221   22   18    9    9
 0.02384008310807215   22   18   10    1
 0.008443246196675474   22   18   10    3
 0.002005164544480258   22   18   10    5
 0.01049918442636618   22   18   10    7
 0.02216547604349061   22   18   10   10
 -0.04703072839131826   22   18   11    2
 0.01539481877189502   22   18   11    6
 0.0256202896175169   22   18   11    9
 0.004210454777861275   22   18   11   11
 0.02195422971173664   22   18   12    1
 0.01227765754469766   22   18   12    3
 0.01125434372873353   22   18   12    5
 0.01755596052343313   22   18   12    7
 -0.00114814413264226   22   18   12   10
 -0.01949193225347473   22   18   12   12
 0.008263276345329655   22   18   13   13
 -0.005265035868498549   22   18   14    1
 -0.02040167728210665   22   18   14    3
 0.009335712767434001   22   18   14    5
 0.006609926553423822   22   18   14    7
 -0.01063685585870147   22   18   14   10
 -0.02819629315037379   22   18   14   12
 -0.0325006836788386   22   18   14   14
 0.02429418022888925   22   18   15    4
 0.002345836066655348   22   18   15    8
 0.003707309437563431   22   18   15   15
 -0.001555011355418074   22   18   16    2
 0.008522458353471032   22   18   16    6
 -0.009895581471597354   22   18   16    9
 -0.004292379213057355   22   18   16   11
 0.02143474393481549   22   18   16   16
 -0.007379045911270141   22   18   17    2
 0.03296011566385828   22   18   17    6
 0.004713467382451268   22   18   17    9
 -0.03397585791054708   22   18   17   11
 -0.008031336812635593   22   18   17   16
 0.006380406439704171   22   18   17   17
 -0.01814715202342866   22   18   18    1
 0.0008637013416673467   22   18   18    3
 -0.02713565579937152   22   18   18    5
 0.01478495951149561   22   18   18    7
 0.03013530262728518   22   18   18   10
 -0.0008766485004583766   22   18   18   12
 -0.01007535162109162   22   18   18   14
 -0.009959425555208321   22   18   18   18
 0.008051367102804879   22   18   19    4
 -0.006524561982192471   22   18   19    8
 -0.03849290336200661   22   18   19   15
 -0.08235609389630849   22   18   19   19
 -0.0416116698291361   22   18   20   13
 -0.0906828368461874   22   18   20   20
 0.01856783331148878   22   18   21    1
 0.001688316188806099   22   18   21    3
 0.01084649722238733   22   18   21    5
 -0.00572587233461205   22   18   21    7
 -0.005347406879902633   22   18   21   10
 -0.02968793050838747   22   18   21   12
 0.02616389533060019   22   18   21   14
 0.01859093870731912   22   18   21   18
 -0.06257861711410669   22   18   21   21
 0.002766984651373221   22   18   22    1
 -0.006741861830614792   22   18   22    3
 0.0007611435099721825   22   18   22    5
 0.01254148322135194   22   18   22    7
 -0.02616871499345844   22   18   22   10
 0.01156405320189278   22   18   22   12
 0.005508823045363589   22   18   22   14
 0.05972812928721659   22   18   22   18
 0.002685855758782284   22   19    4    1
 -0.02134343353406522   22   19    4    3
 -0.004542241814842789   22   19    5    4
 0.008129636381344054   22   19    7    4
 -0.002751588490829747   22   19    8    1
 0.008117611868193592   22   19    8    3
 0.001436516400181182   22   19    8    5
 -0.01075409701698178   22   19    8    7
 0.001703334511187255   22   19   10    4
 0.001805149292681146   22   19   10    8
 -0.0001110059743109135   22   19   12    4
 0.002685164308723583   22   19   12    8
 -0.001915326055105472   22   19   13    2
 -0.001684980100702144   22   19   13    6
 0.0008242541578461365   22   19   13    9
 0.0007506060462238237   22   19   13   11
 -0.005807100441886139   22   19   14    4
 0.003984817401453083   22   19   14    8
 -0.01144177085666681   22   19   15    1
 0.006690317021129293   22   19   15    3
 -0.0005458929898116985   22   19   15    5
 -0.003225021750954648   22   19   15    7
 0.004436021778203913   22   19   15   10
 -0.004737459797812598   22   19   15   12
 0.0001798580590615064   22   19   15   14
 -0.003213626617732495   22   19   16   13
 0.00234218574783715   22   19   17   13
 0.0005315028002617875   22   19   18    4
 0.001169738346001182   22   19   18    8
 -0.005012922880263226   22   19   18   15
 -0.02799264553226765   22   19   19    1
 0.01618852402918445   22   19   19    3
 -0.007361293954869771   22   19   19    5
 -0.006787850052024168   22   19   19    7
 0.01078681921102749   22   19   19   10
 -0.002367507656669098   22   19   19   12
 0.0006630999206679867   22   19   19   14
 -0.01327022640739592   22   19   19   18
 0.001774638196399513   22   19   20    2
 -0.001692496803843481   22   19   20    6
 0.001311362647670373   22   19   20    9
 0.003200859799655862   22   19   20   11
 0.001855588015637507   22   19   20   16
 0.00699761153993787   22   19   20   17
 -0.001885054135601876   22   19   21    4
 0.000909597591426551   22   19   21    8
 -0.00175349390080046   22   19   21   15
 -0.00817738718555998   22   19   21   19
 -0.00786054204298885   22   19   22    4
 0.005122218372525964   22   19   22    8
 0.008287564755908895   22   19   22   15
 0.02676606046065317   22   19   22   19
 0.003137167953575261   22   20    4    2
 -0.001727101763933566   22   20    6    4
 -0.0007583341317250669   22   20    8    2
 0.0003824186605982373   22   20    8    6
 0.0001326066103667458   22   20    9    4
 0.001800235582691387   22   20    9    8
 0.00107845943565435   22   20   11    4
 -0.001319729422053794   22   20   11    8
 0.003190713621084499   22   20   13    1
 -5.541321686666539e-05   22   20   13    3
 -0.0002286110789763684   22   20   13    5
 -0.0005373143889218963   22   20   13    7
 0.003872799792072956   22   20   13   10
 -0.003012443129379319   22   20   13   12
 0.001274471319827907   22   20   14   13
 0.002674703261587376   22   20   15    2
 -0.0004629129909536025   22   20   15    6
 -0.000802743770614044   22   20   15    9
 -0.001220123258478017   22   20   15   11
 -0.001208866460296298   22   20   16    4
 -0.0001853051073093677   22   20   16    8
 -0.002752629684599388   22   20   16   15
 6.480804462772511e-05   22   20   17    4
 -0.000596456079437478   22   20   17    8
 -0.002907794942576991   22   20   17   15
 -0.005373059929248987   22   20   18   13
 -0.002279990653916609   22   20   19    2
 0.001251526543158345   22   20   19    6
 -0.0009948877035879113   22   20   19    9
 -0.0003588691223222624   22   20   19   11
 0.0005374992098519836   22   20   19   16
 0.0003550208371234747   22   20   19   17
 0.003908928288116457   22   20   20    1
 -0.002105958896015466   22   20   20    3
 -0.0001329124980910877   22   20   20    5
 -5.90140828577622e-06   22   20   20    7
 0.002703993491903507   22   20   20   10
 -0.003777260007575657   22   20   20   12
 -0.001541202360361101   22   20   20   14
 -0.00712176391112911   22   20   20   18
 -0.001140625684116447   22   20   21   13
 -0.003149256729288716   22   20   21   20
 0.003591339722978667   22   20   22   13
 0.01774178475895523   22   20   22   20
 -0.003337977064420538   22   21    1    1
 -0.02372419428239633   22   21    2    2
 0.01115512187183734   22   21    3    1
 -0.007274783467273947   22   21    3    3
 0.01936289437218163   22   21    4    4
 0.005507871273767742   22   21    5    1
 0.002072453125453838   22   21    5    3
 -0.0004723179039158142   22   21    5    5
 0.01175031219426098   22   21    6    2
 -0.009901646673877646   22   21    6    6
 -0.006378504384235891   22   21    7    1
 0.003105085573453439   22   21    7    3
 -0.002882432457607101   22   21    7    5
 -0.002853671844281953   22   21    7    7
 -0.006959946355785986   22   21    8    4
 0.009976318649723539   22   21    8    8
 0.0008270100124452754   22   21    9    2
 -0.0023363283646585   22   21    9    6
 -0.009492638737687964   22   21    9    9
 -0.0105883853587574   22   21   10    1
 -0.00136426326117862   22   21   10    3
 -0.001965658269777786   22   21   10    5
 0.001876664683681011   22   21   10    7
 -0.001792646764307922   22   21   10   10
 -0.0122627972950304   22   21   11    2
 0.008118745473222054   22   21   11    6
 0.005802181440297562   22   21   11    9
 -0.01042397990193411   22   21   11   11
 0.01025325820067439   22   21   12    1
 -0.001495776053191425   22   21   12    3
 -0.0007033247675019547   22   21   12    5
 0.003390301600493961   22   21   12    7
 0.00579020140181251   22   21   12   10
 -0.007826695277752054   22   21   12   12
 -0.004381329261979637   22   21   13   13
 0.001656051048350307   22   21   14    1
 -0.008347777464785247   22   21   14    3
 0.001365180452214192   22   21   14    5
 0.008297324979194678   22   21   14    7
 -0.008050125458389889   22   21   14   10
 0.005220783712915015   22   21   14   12
 -0.00179346029216515   22   21   14   14
 -0.003690163086369808   22   21   15    4
 -0.001091680602704638   22   21   15    8
 -0.0008788757831384125   22   21   15   15
 0.00807553328223024   22   21   16    2
 0.0002884041062647355   22   21   16    6
 0.0005529657745792086   22   21   16    9
 -0.003075673523221386   22   21   16   11
 -0.01092857107055722   22   21   16   16
 -0.004056159284230066   22   21   17    2
 0.003564729087404271   22   21   17    6
 0.003079212539678108   22   21   17    9
 -0.006220097200910481   22   21   17   11
 -0.006857882581589834   22   21   17   16
 -0.01088110680222517   22   21   17   17
 0.01959388010528984   22   21   18    1
 -0.005026401865197296   22   21   18    3
 0.005972314529733696   22   21   18    5
 -0.001368140635621763   22   21   18    7
 -0.00222208266364944   22   21   18   10
 -0.009971851043896114   22   21   18   12
 0.006859603705741952   22   21   18   14
 0.003554464850468442   22   21   18   18
 0.009928936336849313   22   21   19    4
 -0.003464801450207982   22   21   19    8
 0.003042432259766113   22   21   19   15
 0.008428410504783043   22   21   19   19
 -0.001966585560988119   22   21   20   13
 -0.007473884787518074   22   21   20   20
 0.005751629374738068   22   21   21    1
 0.009904681777624691   22   21   21    3
 0.005264270419974038   22   21   21    5
 -0.007352754487558445   22   21   21    7
 0.0006576565032435884   22   21   21   10
 -0.006578213626819305   22   21   21   12
 -0.003225076621697544   22   21   21   14
 -0.00977500089052225   22   21   21   18
 -0.004936459474927817   22   21   21   21
 -0.02820093973855384   22   21   22    1
 0.01190623634896133   22   21   22    3
 -0.00709458726703531   22   21   22    5
 -0.003804756791844627   22   21   22    7
 0.002280693485458218   22   21   22   10
 0.01087802264222268   22   21   22   12
 -0.003374265720057914   22   21   22   14
 -0.002917211428140651   22   21   22   18
 0.03064770479712041   22   21   22   21
 0.6877336866897581   22   22    1    1
 0.6396474799799212   22   22    2    2
 -0.03762477702325739   22   22    3    1
 0.6346083966473923   22   22    3    3
 0.6751437039123073   22   22    4    4
 0.08747640261281914   22   22    5    1
 0.04922619869177244   22   22    5    3
 0.3841093417895223   22   22    5    5
 -0.1248888935347051   22   22    6    2
 0.4082509737455841   22   22    6    6
 0.004028533933194816   22   22    7    1
 -0.1440458277811235   22   22    7    3
 -0.06414919662666027   22   22    7    5
 0.4980099350317086   22   22    7    7
 -0.1702252154416181   22   22    8    4
 0.5207985752307323   22   22    8    8
 -0.09269344677292579   22   22    9    2
 0.02339190870088179   22   22    9    6
 0.46559090015497   22   22    9    9
 -0.02543228019088363   22   22   10    1
 0.02338511428215668   22   22   10    3
 -0.0859906635120036   22   22   10    5
 0.00839010434772844   22   22   10    7
 0.4785790158215281   22   22   10   10
 0.07332730379260514   22   22   11    2
 -0.1503353326640076   22   22   11    6
 -0.0223543047852047   22   22   11    9
 0.5084072143487053   22   22   11   11
 -0.08413291909572312   22   22   12    1
 0.02318798664701728   22   22   12    3
 -0.06215802193469798   22   22   12    5
 0.002866653730329637   22   22   12    7
 -0.008595502192945727   22   22   12   10
 0.51848897069491   22   22   12   12
 0.4931121835774828   22   22   13   13
 -0.05526983004030241   22   22   14    1
 0.02807100102530025   22   22   14    3
 -0.0362694965548374   22   22   14    5
 -0.04292287331479722   22   22   14    7
 0.009308705766128019   22   22   14   10
 0.0310118062763808   22   22   14   12
 0.5368081278932477   22   22   14   14
 -0.01608960357863145   22   22   15    4
 0.0343329160238787   22   22   15    8
 0.4873193840906543   22   22   15   15
 -0.004941229398323914   22   22   16    2
 -0.01037497477826028   22   22   16    6
 -0.0174651678882631   22   22   16    9
 0.01726584481460481   22   22   16   11
 0.4627346373005315   22   22   16   16
 0.0190306241064671   22   22   17    2
 -0.03990701129223466   22   22   17    6
 0.001813037939154643   22   22   17    9
 0.1106907980328401   22   22   17   11
 0.01748622452524952   22   22   17   16
 0.5470090202459059   22   22   17   17
 0.02025339747614291   22   22   18    1
 0.009190791929815537   22   22   18    3
 0.03969715487668139   22   22   18    5
 -0.05024827902154264   22   22   18    7
 -0.08995779060356376   22   22   18   10
 -0.01808530739194645   22   22   18   12
 0.003924520543790727   22   22   18   14
 0.5722919291850154   22   22   18   18
 -0.002970245201166091   22   22   19    4
 -0.008434985308816206   22   22   19    8
 0.07823408267436285   22   22   19   15
 0.658716202654266   22   22   19   19
 0.08688575705811848   22   22   20   13
 0.6847688023224916   22   22   20   20
 -0.03086082626427405   22   22   21    1
 0.01493142561132295   22   22   21    3
 -0.00793900451021737   22   22   21    5
 -0.02793809408339135   22   22   21    7
 -0.01670726986964857   22   22   21   10
 0.0607603079997793   22   22   21   12
 -0.05979621090409405   22   22   21   14
 -0.01610689498220389   22   22   21   18
 0.6461097323419501   22   22   21   21
 0.01425955403096027   22   22   22    1
 0.009234515080539079   22   22   22    3
 0.005425376138288623   22   22   22    5
 -0.05486884610050375   22   22   22    7
 0.01025227739555657   22   22   22   10
 -0.06102306268041083   22   22   22   12
 -0.02100430035426523   22   22   22   14
 -0.08336157597850637   22   22   22   18
 -0.01127842253719799   22   22   22   21
 0.6967282618967329   22   22   22   22
 0.01375698657880656   23    1    2    1
 0.02164946309340229   23    1    3    2
 0.01701532749373683   23    1    5    2
 -0.005321245086588756   23    1    6    1
 -0.01661869153121251   23    1    6    3
 -0.004936588240336765   23    1    6    5
 -0.01585990660307077   23    1    7    2
 0.006919776424065809   23    1    7    6
 -0.01941047584495617   23    1    9    1
 -0.001251665842597324   23    1    9    3
 -0.004951319803315942   23    1    9    5
 0.01421657773935259   23    1    9    7
 -0.01163744664446445   23    1   10    2
 0.001046392908022873   23    1   10    6
 0.004153920832007794   23    1   10    9
 0.005129487913199991   23    1   11    1
 0.01543652079246708   23    1   11    3
 0.00284576201653681   23    1   11    5
 -0.009609853595367649   23    1   11    7
 0.006408663792221491   23    1   11   10
 -0.01154341592171378   23    1   12    2
 0.00759888082576732   23    1   12    6
 0.005088211301690638   23    1   12    9
 -0.003916652244123157   23    1   12   11
 0.004658572252989233   23    1   13    4
 -0.00455508074917604   23    1   13    8
 -0.007207737913740422   23    1   14    2
 0.004027512097570366   23    1   14    6
 -0.000225945078507082   23    1   14    9
 -0.002624120973695789   23    1   14   11
 -3.658313059669462e-05   23    1   15   13
 0.002826637898425219   23    1   16    1
 0.007646663025678491   23    1   16    3
 0.00195573216976066   23    1   16    5
 -0.002199800633203048   23    1   16    7
 0.003866330348250303   23    1   16   10
 -0.007177854152527838   23    1   16   12
 0.003400817081252405   23    1   16   14
 -0.01736883082064416   23    1   17    1
 0.005577446590047779   23    1   17    3
 -0.002372189102732057   23    1   17    5
 -0.003515470670804173   23    1   17    7
 -0.001399429850549731   23    1   17   10
 -0.00284689969971555   23    1   17   12
 0.006592418196411461   23    1   17   14
 0.003679370735269821   23    1   18    2
 -0.004957882258538105   23    1   18    6
 0.0008830193730242782   23    1   18    9
 0.006967496975610649   23    1   18   11
 -0.0005526818584411406   23    1   18   16
 0.008564558562135446   23    1   18   17
 0.01374304236690882   23    1   19   13
 0.007810626109895491   23    1   20    4
 -0.00719306645376835   23    1   20    8
 0.01325554805301953   23    1   20   15
 0.02645607380404678   23    1   20   19
 -0.001794233731420151   23    1   21    2
 0.003196731141263032   23    1   21    6
 -0.003272357416448528   23    1   21    9
 -0.005950460540553937   23    1   21   11
 0.005264151870503466   23    1   21   16
 -0.008016637885859946   23    1   21   17
 0.0060089231936726   23    1   22    2
 0.001080942576713694   23    1   22    6
 -0.01425523270790186   23    1   22    9
 -0.00228032450061935   23    1   22   11
 -0.004427451252767273   23    1   22   16
 -0.006607388054664872   23    1   22   17
 0.05100296608544717   23    1   23    1
 0.05253438841389349   23    2    1    1
 0.031106707800445   23    2    2    2
 0.04258684668356508   23    2    3    1
 0.002829595968598496   23    2    3    3
 0.04236858036758027   23    2    4    4
 0.03535290262103835   23    2    5    1
 0.01497756776593025   23    2    5    3
 0.02011517574809296   23    2    5    5
 -0.01487335822519783   23    2    6    2
 0.00976735004460522   23    2    6    6
 -0.02984174443498484   23    2    7    1
 -0.01836680238846098   23    2    7    3
 -0.02248361825858332   23    2    7    5
 0.01476035525694055   23    2    7    7
 -0.03167552375845412   23    2    8    4
 0.02905198781377512   23    2    8    8
 -0.0293725713447659   23    2    9    2
 0.01884069629904928   23    2    9    6
 0.005940542246157548   23    2    9    9
 -0.02519602625962353   23    2   10    1
 -0.01266198103150788   23    2   10    3
 -0.007154637309690553   23    2   10    5
 0.00909247718071857   23    2   10    7
 -0.0006482595630490276   23    2   10   10
 0.02063988336680134   23    2   11    2
 -0.006577130848856113   23    2   11    6
 -0.01612950352517829   23    2   11    9
 0.004943897118421868   23    2   11   11
 -0.02326064313026143   23    2   12    1
 0.003841860279878728   23    2   12    3
 -0.01046363685548945   23    2   12    5
 0.01736831274117238   23    2   12    7
 0.003770882392614537   23    2   12   10
 0.01585492109717977   23    2   12   12
 0.0090745022819583   23    2   13   13
 -0.01621961357966349   23    2   14    1
 -0.01507349252150739   23    2   14    3
 -0.01129379976145242   23    2   14    5
 0.01844699661225078   23    2   14    7
 0.005360496710491375   23    2   14   10
 0.01388115325663962   23    2   14   12
 0.009585509853837139   23    2   14   14
 0.01073142299349446   23    2   15    4
 -0.001142580390779436   23    2   15    8
 0.004346776791359681   23    2   15   15
 0.007700046001983097   23    2   16    2
 0.002242720653463772   23    2   16    6
 -0.006774034266204768   23    2   16    9
 -0.003675459448859694   23    2   16   11
 -0.002383074579290656   23    2   16   16
 -0.00824038246464249   23    2   17    2
 0.0026943406648766   23    2   17    6
 -0.0007981827608630139   23    2   17    9
 0.005596951234389665   23    2   17   11
 -0.007753968378155774   23    2   17   16
 0.02140569195301698   23    2   17   17
 0.01950073196606497   23    2   18    1
 0.003942120008904891   23    2   18    3
 0.01073191164261008   23    2   18    5
 -0.01304504615897571   23    2   18    7
 -0.008166380266391124   23    2   18   10
 -0.01406208928640231   23    2   18   12
 -0.005924580368413447   23    2   18   14
 0.03392627513720397   23    2   18   18
 0.04267181636688249   23    2   19    4
 -0.02091554471171313   23    2   19    8
 0.008099888772719867   23    2   19   15
 0.02748781106546289   23    2   19   19
 0.01391082201791362   23    2   20   13
 0.02543454056914122   23    2   20   20
 0.005203916362173551   23    2   21    1
 0.03965836397099295   23    2   21    3
 0.01350115333146949   23    2   21    5
 -0.02384008845315169   23    2   21    7
 -0.008299656575781399   23    2   21   10
 0.005169490905158147   23    2   21   12
 -0.005522574989930367   23    2   21   14
 0.005415624372775848   23    2   21   18
 0.0253400418567946   23    2   21   21
 0.008128333104865649   23    2   22    1
 0.01875607857512836   23    2   22    3
 0.006001147035970776   23    2   22    5
 -0.0123306361720371   23    2   22    7
 0.005538282535185406   23    2   22   10
 -0.01379880829448976   23    2   22   12
 -0.01419273229922209   23    2   22   14
 0.0003322135755948593   23    2   22   18
 0.005730572368371389   23    2   22   21
 0.01723762477898339   23    2   22   22
 0.06128260589535536   23    2   23    2
 0.05228499461624185   23    3    2    1
 -0.0197915306271222   23    3    3    2
 0.00658040281255613   23    3    5    2
 -0.03020320616317706   23    3    6    1
 0.02140684934030664   23    3    6    3
 -0.008558448758576228   23    3    6    5
 0.001115238933332402   23    3    7    2
 -0.002736786822067044   23    3    7    6
 -0.00679193211411298   23    3    9    1
 -0.01285575550616604   23    3    9    3
 -0.01674987271120006   23    3    9    5
 -0.006419046975671749   23    3    9    7
 0.001378781589494   23    3   10    2
 4.691030703275094e-05   23    3   10    6
 0.007373438601600672   23    3   10    9
 0.02923945604024218   23    3   11    1
 -0.0211936384196155   23    3   11    3
 0.004779730631517151   23    3   11    5
 0.01265742155182097   23    3   11    7
 -0.003253343271739496   23    3   11   10
 -0.02233615182420168   23    3   12    2
 0.00648268935914035   23    3   12    6
 0.01704140869116932   23    3   12    9
 -0.01452712285398734   23    3   12   11
 0.01711841453052541   23    3   13    4
 -0.003305117037760711   23    3   13    8
 -0.00406938571454957   23    3   14    2
 0.006951870761497958   23    3   14    6
 0.01669401130538687   23    3   14    9
 -0.01600514022512007   23    3   14   11
 0.00756341700842312   23    3   15   13
 0.004259521067284644   23    3   16    1
 -0.008766105543557515   23    3   16    3
 0.003233950278212929   23    3   16    5
 -0.002535017506583541   23    3   16    7
 -0.007349246767068275   23    3   16   10
 0.007737582937920898   23    3   16   12
 -0.007026665033552702   23    3   16   14
 0.0113980518770751   23    3   17    1
 -0.03366451121030834   23    3   17    3
 -0.004242950955004162   23    3   17    5
 0.01753617146321376   23    3   17    7
 -0.001046869674406416   23    3   17   10
 -0.00261359836863321   23    3   17   12
 -0.01386138280590527   23    3   17   14
 -0.010678331515423   23    3   18    2
 0.007461452595408995   23    3   18    6
 -0.001626835891946421   23    3   18    9
 -0.003586957477774951   23    3   18   11
 0.002370193183300869   23    3   18   16
 0.01092772334254721   23    3   18   17
 -0.001938975095933524   23    3   19   13
 0.04430953676783724   23    3   20    4
 -0.02087223466892771   23    3   20    8
 -0.007677258491968709   23    3   20   15
 -0.01668511607872492   23    3   20   19
 -0.009744528136625604   23    3   21    2
 0.007928530127940214   23    3   21    6
 0.004446071507692511   23    3   21    9
 -0.008938681635293799   23    3   21   11
 0.003477564952472916   23    3   21   16
 0.001141061682645846   23    3   21   17
 0.03684932778350302   23    3   22    2
 -0.02374283493003563   23    3   22    6
 -0.003205012082397572   23    3   22    9
 0.02203871707564443   23    3   22   11
 0.003002077491745691   23    3   22   16
 0.01744508045057703   23    3   22   17
 -0.004850325737095416   23    3   23    1
 0.05897956249564982   23    3   23    3
 0.006067535681843992   23    4    4    2
 -0.00217278953844681   23    4    6    4
 -0.004183717531801828   23    4    8    2
 0.002435491843413044   23    4    8    6
 -0.004629685529114107   23    4    9    4
 0.003652969163785355   23    4    9    8
 0.002031322882043207   23    4   11    4
 -0.002352918428479001   23    4   11    8
 0.004785860491288947   23    4   13    1
 0.003244686607021611   23    4   13    3
 0.002525472201685483   23    4   13    5
 -0.001902989109171981   23    4   13    7
 -0.001481429417988251   23    4   13   10
 -0.001584612235480368   23    4   13   12
 0.0007270848140100616   23    4   14   13
 0.003915531775281699   23    4   15    2
 -0.001918467906685216   23    4   15    6
 -0.00088160465997453   23    4   15    9
 0.00142604250425665   23    4   15   11
 0.0005951278974339197   23    4   16    4
 -0.0002691095483869478   23    4   16    8
 0.0009667614297082495   23    4   16   15
 -0.003334901324513594   23    4   17    4
 -0.0002421889636689168   23    4   17    8
 -0.001470122617168832   23    4   17   15
 0.0001273157437272627   23    4   18   13
 0.00994112333016412   23    4   19    2
 -0.005548308710997706   23    4   19    6
 -0.002398450154071142   23    4   19    9
 0.004805965104646247   23    4   19   11
 0.002830451599838997   23    4   19   16
 0.000558455724968986   23    4   19   17
 0.006872051331329539   23    4   20    1
 0.008755056563211442   23    4   20    3
 0.005361743186407119   23    4   20    5
 -0.005170152861230088   23    4   20    7
 -0.002892114937507316   23    4   20   10
 -0.005044112598775002   23    4   20   12
 -8.757079330226484e-05   23    4   20   14
 0.003175653907132864   23    4   20   18
 -0.001123354908978295   23    4   21   13
 -0.004222669804195846   23    4   21   20
 -0.0007031774727128555   23    4   22   13
 -0.001527512093854522   23    4   22   20
 0.01319276268572988   23    4   23    4
 0.03153319749231917   23    5    2    1
 0.007883382044382249   23    5    3    2
 0.01066379071705504   23    5    5    2
 -0.01244219585844904   23    5    6    1
 0.0003480363289190053   23    5    6    3
 -0.000911907418461109   23    5    6    5
 -0.004957404670663482   23    5    7    2
 0.001736489995233159   23    5    7    6
 -0.01609398974912989   23    5    9    1
 -0.008030629408938733   23    5    9    3
 -0.003419935126690691   23    5    9    5
 0.006700253228760784   23    5    9    7
 0.004845593304403084   23    5   10    2
 0.001758222651782841   23    5   10    6
 -0.002337549573643299   23    5   10    9
 0.006597516125988989   23    5   11    1
 -0.007163161591931767   23    5   11    3
 0.006124893418337987   23    5   11    5
 -0.001788118410005936   23    5   11    7
 -0.009182845889895262   23    5   11   10
 -0.01128740825193942   23    5   12    2
 0.01017333179502275   23    5   12    6
 0.005526719490638757   23    5   12    9
 -0.009661772978039336   23    5   12   11
 0.01117884914360394   23    5   13    4
 -0.001958903376944789   23    5   13    8
 -0.006622736024120397   23    5   14    2
 0.003407235299336095   23    5   14    6
 0.009675560473827878   23    5   14    9
 -0.0005870709830897387   23    5   14   11
 0.01215246719061702   23    5   15   13
 0.003220783738357667   23    5   16    1
 0.003517639949210876   23    5   16    3
 0.001010447827839074   23    5   16    5
 0.001573484102647815   23    5   16    7
 -0.005196233497351957   23    5   16   10
 0.006359860801407372   23    5   16   12
 -0.004897501872807151   23    5   16   14
 -0.009770119200675132   23    5   17    1
 -0.01442270019269907   23    5   17    3
 0.002049107580361983   23    5   17    5
 0.002196419569927532   23    5   17    7
 -0.008815498626789349   23    5   17   10
 -0.002822008584864833   23    5   17   12
 -0.001000697590738788   23    5   17   14
 -0.01249838649594225   23    5   18    2
 -0.005919596861728472   23    5   18    6
 0.003876519728326615   23    5   18    9
 0.009698639386653734   23    5   18   11
 0.003002827331864877   23    5   18   16
 0.006260585639431223   23    5   18   17
 0.00334834843626398   23    5   19   13
 0.01923028600412635   23    5   20    4
 -0.0112233726615967   23    5   20    8
 0.001400544219271798   23    5   20   15
 0.007138068847889367   23    5   20   19
 -0.008287900511309359   23    5   21    2
 0.00230698766164006   23    5   21    6
 0.002361940779181561   23    5   21    9
 -0.0026272390839434   23    5   21   11
 0.002523954691005976   23    5   21   16
 -0.003942092251305801   23    5   21   17
 0.009601934402127619   23    5   22    2
 -0.01247216730434007   23    5   22    6
 -0.002684312266729009   23    5   22    9
 0.0165073020322622   23    5   22   11
 0.001120054868454725   23    5   22   16
 0.002317833530685518   23    5   22   17
 0.01606981235889383   23    5   23    1
 0.01400031288154156   23    5   23    3
 0.01754148559503988   23    5   23    5
 -0.02711211502189272   23    6    1    1
 -0.01944826268642483   23    6    2    2
 -0.03871493156924818   23    6    3    1
 0.009202193452471419   23    6    3    3
 -0.01631756850483581   23    6    4    4
 -0.01921176575388214   23    6    5    1
 -0.00607533090603651   23    6    5    3
 -0.006601812895242304   23    6    5    5
 0.003700117128055172   23    6    6    2
 0.003037461419101524   23    6    6    6
 0.01827143565704633   23    6    7    1
 0.002892150823334932   23    6    7    3
 0.01444130176049368   23    6    7    5
 -0.000607024871475322   23    6    7    7
 0.01323988959602248   23    6    8    4
 -0.01172360585021488   23    6    8    8
 0.02394401786772723   23    6    9    2
 -0.008571521213762848   23    6    9    6
 -0.00195701209683716   23    6    9    9
 0.008433472474627205   23    6   10    1
 0.003848612617249149   23    6   10    3
 0.003655973832280836   23    6   10    5
 -0.004856933066603267   23    6   10    7
 -0.01372317695732937   23    6   10   10
 0.002681889260252777   23    6   11    2
 0.004007420426024829   23    6   11    6
 -0.000404275178238543   23    6   11    9
 -0.009972938570285651   23    6   11   11
 0.008259109415352087   23    6   12    1
 -0.00936999536742208   23    6   12    3
 0.00700843059297678   23    6   12    5
 -0.01574814755045268   23    6   12    7
 -0.0003867949241744522   23    6   12   10
 -0.01161528934296313   23    6   12   12
 -0.01452435329202528   23    6   13   13
 0.008755592970895254   23    6   14    1
 0.01596598848410325   23    6   14    3
 0.006230600822374303   23    6   14    5
 -0.01421575270259257   23    6   14    7
 0.003126347547472761   23    6   14   10
 -0.001967515108742883   23    6   14   12
 -0.006094991159056115   23    6   14   14
 -0.0126588605096007   23    6   15    4
 -0.0002771231180979948   23    6   15    8
 -0.009628639248668464   23    6   15   15
 -0.004695475497663569   23    6   16    2
 -0.006707649999037474   23    6   16    6
 0.006023159377762489   23    6   16    9
 0.004353769521957093   23    6   16   11
 -0.008517286297644798   23    6   16   16
 0.01806649105193922   23    6   17    2
 0.001940573733694875   23    6   17    6
 -0.002730199917400469   23    6   17    9
 -0.005762609582443561   23    6   17   11
 0.004318070438806007   23    6   17   16
 -0.004153913961508738   23    6   17   17
 -0.003373845192149782   23    6   18    1
 0.006910458222926808   23    6   18    3
 -0.01197612811513053   23    6   18    5
 0.009273526547367027   23    6   18    7
 0.01369403774110969   23    6   18   10
 0.01000941165411723   23    6   18   12
 0.001396561860112866   23    6   18   14
 -0.01419008456964594   23    6   18   18
 -0.03044221410197464   23    6   19    4
 0.01459616275830938   23    6   19    8
 0.001738613236357822   23    6   19   15
 -0.005355725389302696   23    6   19   19
 -0.002607205306192747   23    6   20   13
 -0.004465296892440278   23    6   20   20
 -0.000130123571600828   23    6   21    1
 -0.02686960292730849   23    6   21    3
 -0.01197639263939146   23    6   21    5
 0.01768319999849509   23    6   21    7
 0.009645107922470498   23    6   21   10
 0.001732676766905109   23    6   21   12
 -0.003391353707781796   23    6   21   14
 -0.004612449287492864   23    6   21   18
 -0.004709417840819753   23    6   21   21
 0.001895081280001262   23    6   22    1
 -0.006577994982152349   23    6   22    3
 -0.007125426035605995   23    6   22    5
 0.007465987449455801   23    6   22    7
 0.01018322114286045   23    6   22   10
 0.00842989067835468   23    6   22   12
 0.004082167445363635   23    6   22   14
 -0.003409794108605178   23    6   22   18
 -0.004987132390804327   23    6   22   21
 -0.002801380939519523   23    6   22   22
 -0.03105235219301379   23    6   23    2
 0.02790420524833473   23    6   23    6
 -0.0506041938486084   23    7    2    1
 0.001577911549946307   23    7    3    2
 -0.004069782656203187   23    7    5    2
 0.02065518673034593   23    7    6    1
 -0.01438267465956327   23    7    6    3
 0.009876325897502244   23    7    6    5
 0.002508325983333136   23    7    7    2
 -0.003231444381519006   23    7    7    6
 0.01302711648738949   23    7    9    1
 0.01549520512099632   23    7    9    3
 0.01734999814066249   23    7    9    5
 0.008891199422379955   23    7    9    7
 -0.01037528707324653   23    7   10    2
 -0.003248320016051734   23    7   10    6
 0.001823164295124226   23    7   10    9
 -0.0139626666741261   23    7   11    1
 0.01834826103728307   23    7   11    3
 -0.009140790081449496   23    7   11    5
 -0.005495859753585733   23    7   11    7
 0.01771361416936931   23    7   11   10
 0.01718088154882722   23    7   12    2
 -0.009284854366827066   23    7   12    6
 -0.01070597861435789   23    7   12    9
 0.01835024472712778   23    7   12   11
 -0.01842831206526539   23    7   13    4
 -0.0003229869431128088   23    7   13    8
 0.006623250158434224   23    7   14    2
 -0.004156693069146701   23    7   14    6
 -0.01960493677148463   23    7   14    9
 0.005078386858517486   23    7   14   11
 -0.02283718507590091   23    7   15   13
 -0.004866400909826083   23    7   16    1
 0.001065155994987419   23    7   16    3
 -0.001505082607902622   23    7   16    5
 0.001296689001234231   23    7   16    7
 0.01282393732665506   23    7   16   10
 -0.01821994130157659   23    7   16   12
 0.01261211565890763   23    7   16   14
 0.001764626703246275   23    7   17    1
 0.02587374840661506   23    7   17    3
 0.001911025645833865   23    7   17    5
 -0.0116488067549568   23    7   17    7
 0.004320001603195404   23    7   17   10
 0.00361402178533319   23    7   17   12
 0.009297909302447976   23    7   17   14
 0.01494995794694477   23    7   18    2
 -0.00199629177376709   23    7   18    6
 -0.002657566013948406   23    7   18    9
 -0.004981375462601354   23    7   18   11
 -0.001255458850941451   23    7   18   16
 -0.01708216853941021   23    7   18   17
 0.003506613887291389   23    7   19   13
 -0.0328361975850202   23    7   20    4
 0.01807332084605769   23    7   20    8
 0.007571951826078468   23    7   20   15
 0.001904996234167075   23    7   20   19
 0.01116256887673666   23    7   21    2
 -0.006183194908068191   23    7   21    6
 -0.004766576932410469   23    7   21    9
 0.00401602642244134   23    7   21   11
 0.002989747905572378   23    7   21   16
 0.00166145577260256   23    7   21   17
 -0.02128536807131302   23    7   22    2
 0.01971211376651095   23    7   22    6
 0.00205045460396075   23    7   22    9
 -0.02445329957015933   23    7   22   11
 -0.003798204779200296   23    7   22   16
 -0.01302011650227287   23    7   22   17
 -0.00641198246719322   23    7   23    1
 -0.03326896835789279   23    7   23    3
 -0.01587797607677347   23    7   23    5
 0.03004120888699334   23    7   23    7
 -0.005329503578608082   23    8    4    2
 0.00207382437677858   23    8    6    4
 0.00432119729019118   23    8    8    2
 -0.002839649715144073   23    8    8    6
 0.004946787548119566   23    8    9    4
 -8.535242042778928e-05   23    8    9    8
 -0.002496561384482422   23    8   11    4
 0.002163259604175598   23    8   11    8
 -0.004765139988086465   23    8   13    1
 -0.003039720912133338   23    8   13    3
 -0.001078003882150676   23    8   13    5
 0.0002731917168181879   23    8   13    7
 -0.0002486307303727597   23    8   13   10
 0.0002992476721035492   23    8   13   12
 -4.133445685373385e-05   23    8   14   13
 -0.004137672645980435   23    8   15    2
 0.0003016516397434038   23    8   15    6
 0.0002994414331183785   23    8   15    9
 0.001148498898944369   23    8   15   11
 -0.0003364542524641428   23    8   16    4
 0.0009701126006531437   23    8   16    8
 -0.001653262371831602   23    8   16   15
 0.001148889895567972   23    8   17    4
 0.0009039131387954761   23    8   17    8
 0.002297178575154504   23    8   17   15
 0.001046652707026242   23    8   18   13
 -0.005031658962611275   23    8   19    2
 0.003256781751016549   23    8   19    6
 0.002296892620036688   23    8   19    9
 -0.003280593108529557   23    8   19   11
 -0.001112466366210866   23    8   19   16
 -4.388645335850611e-05   23    8   19   17
 -0.00596522223835858   23    8   20    1
 -0.003637610790723049   23    8   20    3
 -0.004112328787127736   23    8   20    5
 0.003407255568292581   23    8   20    7
 0.002343893507507972   23    8   20   10
 0.004647951046429524   23    8   20   12
 0.0005907951883005735   23    8   20   14
 -0.002599987197426917   23    8   20   18
 0.001502844144293982   23    8   21   13
 0.003355900465891436   23    8   21   20
 0.0008219380165786486   23    8   22   13
 -0.0003495740456198874   23    8   22   20
 -0.007509380670146935   23    8   23    4
 0.006536671775280794   23    8   23    8
 -0.0943822406363   23    9    1    1
 -0.07181458183437414   23    9    2    2
 -0.0001347570676522821   23    9    3    1
 -0.07383913604157474   23    9    3    3
 -0.08504985707383202   23    9    4    4
 -0.03321716259903513   23    9    5    1
 -0.02015433685210461   23    9    5    3
 -0.023175289720834   23    9    5    5
 0.03772620796628448   23    9    6    2
 -0.02570401953421122   23    9    6    6
 0.01244682331885584   23    9    7    1
 0.04223851686079187   23    9    7    3
 0.02026023135540727   23    9    7    5
 -0.04847415515135629   23    9    7    7
 0.04605937303326623   23    9    8    4
 -0.0539814261499548   23    9    8    8
 0.02556947506296996   23    9    9    2
 -0.01354579730230589   23    9    9    6
 -0.02796824882522171   23    9    9    9
 0.02161203686777622   23    9   10    1
 0.009272702678316815   23    9   10    3
 0.01114170896780525   23    9   10    5
 -0.002215915451892171   23    9   10    7
 -0.01434721416021317   23    9   10   10
 -0.03843724468725983   23    9   11    2
 0.02506356808090384   23    9   11    6
 0.01894289992281294   23    9   11    9
 -0.03113685849468978   23    9   11   11
 0.02829979302400639   23    9   12    1
 0.001104587612631067   23    9   12    3
 0.01575213831496717   23    9   12    5
 -0.004679909678143501   23    9   12    7
 -0.002486851804947595   23    9   12   10
 -0.04285015856091103   23    9   12   12
 -0.02628865418846565   23    9   13   13
 0.01976935002960806   23    9   14    1
 -0.005834396941244335   23    9   14    3
 0.01298244452152677   23    9   14    5
 0.000287819701403687   23    9   14    7
 -0.01117766591690986   23    9   14   10
 -0.01798064783670709   23    9   14   12
 -0.04304043460168432   23    9   14   14
 0.002455523969358156   23    9   15    4
 -0.004165313957152669   23    9   15    8
 -0.02463833784144501   23    9   15   15
 -0.004951326140832708   23    9   16    2
 0.001614196356172134   23    9   16    6
 0.004184245442422146   23    9   16    9
 -0.002304900546696038   23    9   16   11
 -0.01400324291537403   23    9   16   16
 -0.005027089210564988   23    9   17    2
 0.01631570032718179   23    9   17    6
 0.001192712840725671   23    9   17    9
 -0.02845393789941014   23    9   17   11
 -0.00311740222748495   23    9   17   16
 -0.04621415247182037   23    9   17   17
 -0.01211945088683916   23    9   18    1
 -0.008533770493672566   23    9   18    3
 -0.0169687673974659   23    9   18    5
 0.01975258607653795   23    9   18    7
 0.02007986141740796   23    9   18   10
 0.008497737279645807   23    9   18   12
 0.003525517902629826   23    9   18   14
 -0.05146412259886381   23    9   18   18
 -0.01208293072272409   23    9   19    4
 0.00853723147794061   23    9   19    8
 -0.02470900605310196   23    9   19   15
 -0.08109200699049048   23    9   19   19
 -0.0271262968528981   23    9   20   13
 -0.08352459314294745   23    9   20   20
 -0.0040979578989274   23    9   21    1
 -0.01279169471076533   23    9   21    3
 -0.004896189648537097   23    9   21    5
 0.0124852170724868   23    9   21    7
 0.006490765909007802   23    9   21   10
 -0.02021558951870269   23    9   21   12
 0.02097590609145627   23    9   21   14
 0.001916792861350442   23    9   21   18
 -0.08112155622787844   23    9   21   21
 -0.01661356987423211   23    9   22    1
 -0.008795675944276009   23    9   22    3
 -0.006076730922353156   23    9   22    5
 0.0161577893558317   23    9   22    7
 -0.01033882803760687   23    9   22   10
 0.01741731085690737   23    9   22   12
 0.01004309153036692   23    9   22   14
 0.01884240961537139   23    9   22   18
 0.003502262756536269   23    9   22   21
 -0.07700276173593812   23    9   22   22
 -0.02801439232593111   23    9   23    2
 0.009804531533357185   23    9   23    6
 0.03589833466573032   23    9   23    9
 -0.04364916666207267   23   10    2    1
 -0.01468537280756094   23   10    3    2
 0.00409728151118769   23   10    5    2
 0.006776493681201337   23   10    6    1
 -0.009251822132252802   23   10    6    3
 0.01049326969452619   23   10    6    5
 0.00100000026274188   23   10    7    2
 -0.005915579007335509   23   10    7    6
 0.01439090651409568   23   10    9    1
 0.01645778247800681   23   10    9    3
 0.008272614816389518   23   10    9    5
 0.004316147318330834   23   10    9    7
 -0.03339840450232801   23   10   10    2
 -0.01102083007411349   23   10   10    6
 0.0161048754676136   23   10   10    9
 0.00862825637803054   23   10   11    1
 0.02028679466465552   23   10   11    3
 -0.01354010421476322   23   10   11    5
 0.005367489585766689   23   10   11    7
 0.04294710221317619   23   10   11   10
 0.01067676776742779   23   10   12    2
 -0.007401926925701605   23   10   12    6
 0.0002612682624433279   23   10   12    9
 0.01350883019123489   23   10   12   11
 -0.01781256302416858   23   10   13    4
 -0.004136615753523807   23   10   13    8
 0.002834649737756025   23   10   14    2
 0.003016185067324919   23   10   14    6
 -0.02163383595325995   23   10   14    9
 -0.01073588307406478   23   10   14   11
 1.048253582033517e-15   23   10   14   14
 -0.03941415672867786   23   10   15   13
 0.002768440248992298   23   10   16    1
 -0.0002148010268218876   23   10   16    3
 -0.005926948449808476   23   10   16    5
 -0.0001462154385282096   23   10   16    7
 0.02598105024041209   23   10   16   10
 -0.02737793779189685   23   10   16   12
 0.01878194156773312   23   10   16   14
 0.01343532888925308   23   10   17    1
 0.01464238124598716   23   10   17    3
 0.003600597517542672   23   10   17    5
 -0.006796483925585922   23   10   17    7
 0.005750025643273352   23   10   17   10
 -0.001705874988791236   23   10   17   12
 0.005682893938013948   23   10   17   14
 0.0211162584588623   23   10   18    2
 -0.002887096637489078   23   10   18    6
 -0.008156894776126467   23   10   18    9
 -0.01047079814805021   23   10   18   11
 -0.004637385875035763   23   10   18   16
 -0.02890820446594662   23   10   18   17
 0.008520024618894935   23   10   19   13
 -0.01785059921898886   23   10   20    4
 0.0107029157964298   23   10   20    8
 0.009478951004084128   23   10   20   15
 -0.008817271584112722   23   10   20   19
 0.01075531334754093   23   10   21    2
 -0.004186456080098253   23   10   21    6
 -0.007882754877489613   23   10   21    9
 -0.001043099436135328   23   10   21   11
 0.00911594864481278   23   10   21   16
 0.0008054739846901314   23   10   21   17
 0.0004219568997390241   23   10   22    2
 0.01433784992337403   23   10   22    6
 -0.008242328833587652   23   10   22    9
 -0.02932890810703318   23   10   22   11
 -0.008626625191663217   23   10   22   16
 -0.01289737566866994   23   10   22   17
 -0.001809820861233877   23   10   23    1
 -0.00658294342712904   23   10   23    3
 -0.01320686295454952   23   10   23    5
 0.01428749140386536   23   10   23    7
 0.02655721355849949   23   10   23   10
 0.05460750373849217   23   11    1    1
 0.05726815656067361   23   11    2    2
 0.05317867231503362   23   11    3    1
 0.008563438706945646   23   11    3    3
 0.03348958357873198   23   11    4    4
 0.01820302985429061   23   11    5    1
 0.0007336680275256661   23   11    5    3
 0.02719355463668926   23   11    5    5
 0.003644790020585339   23   11    6    2
 0.01945565211504679   23   11    6    6
 -0.01753733498968747   23   11    7    1
 -0.001646076678943586   23   11    7    3
 -0.02426437054602584   23   11    7    5
 0.009337355944692085   23   11    7    7
 -0.01669835621566464   23   11    8    4
 0.02385195481309099   23   11    8    8
 -0.03697047315503362   23   11    9    2
 0.008721889534355053   23   11    9    6
 0.02122717899304259   23   11    9    9
 0.004834617989011492   23   11   10    1
 0.008534169300998791   23   11   10    3
 -0.01754035428402587   23   11   10    5
 0.01190588363096442   23   11   10    7
 0.06763240750387088   23   11   10   10
 -0.02257769160703259   23   11   11    2
 -0.01832073060860044   23   11   11    6
 0.01562177877123347   23   11   11    9
 0.0531786312010615   23   11   11   11
 -0.00833631521775291   23   11   12    1
 0.01749592640138718   23   11   12    3
 -0.00794088236249072   23   11   12    5
 0.0243950870541887   23   11   12    7
 -0.003092418740300804   23   11   12   10
 0.04117932019533752   23   11   12   12
 0.05759217501826917   23   11   13   13
 -0.01240597959395332   23   11   14    1
 -0.02503592600423849   23   11   14    3
 -0.006098798267531722   23   11   14    5
 0.01241214333954287   23   11   14    7
 -0.01009872391798369   23   11   14   10
 -0.01011655768739476   23   11   14   12
 0.03384390301515874   23   11   14   14
 0.02114442622426632   23   11   15    4
 0.005981198584291214   23   11   15    8
 0.04943847753884944   23   11   15   15
 -0.002089083693626923   23   11   16    2
 0.007378426320847456   23   11   16    6
 -0.01308264040611808   23   11   16    9
 -0.001225679280066668   23   11   16   11
 0.0547520146865882   23   11   16   16
 -0.02207583824968319   23   11   17    2
 0.009049994766856235   23   11   17    6
 0.005690611035805788   23   11   17    9
 0.003658997419553191   23   11   17   11
 -0.005615156307304316   23   11   17   16
 0.04561537660804355   23   11   17   17
 -0.001964446697258613   23   11   18    1
 -0.009739205265070688   23   11   18    3
 0.005210284899272403   23   11   18    5
 -0.006141771099760864   23   11   18    7
 -0.0162090686117978   23   11   18   10
 -0.01218112261874484   23   11   18   12
 -0.003527478993595698   23   11   18   14
 0.0566810842741599   23   11   18   18
 0.03406203507184064   23   11   19    4
 -0.01926420422149762   23   11   19    8
 -0.0115416795030779   23   11   19   15
 0.02397362697530449   23   11   19   19
 -0.005527288610075673   23   11   20   13
 0.02632253595989663   23   11   20   20
 -0.00314900395612463   23   11   21    1
 0.02972794903016369   23   11   21    3
 0.01205601701858305   23   11   21    5
 -0.02343886497424046   23   11   21    7
 -0.01221941301180212   23   11   21   10
 -0.008750053908815513   23   11   21   12
 0.01148872272736055   23   11   21   14
 0.01020039268337786   23   11   21   18
 0.02666395989570106   23   11   21   21
 -0.006336948312078293   23   11   22    1
 0.001684507409963072   23   11   22    3
 0.007300393334931033   23   11   22    5
 -0.008230757468175479   23   11   22    7
 -0.02454420912891614   23   11   22   10
 -0.01028574145196826   23   11   22   12
 -0.002448830875987938   23   11   22   14
 0.01505236216946699   23   11   22   18
 0.005588053790663496   23   11   22   21
 0.03224833496102765   23   11   22   22
 0.02741057708040755   23   11   23    2
 -0.03010990306703432   23   11   23    6
 -0.00695077616039815   23   11   23    9
 0.04718229177467471   23   11   23   11
 -0.02925363876130365   23   12    2    1
 -0.009971905343462324   23   12    3    2
 -0.003929694530377706   23   12    5    2
 0.008079353619923251   23   12    6    1
 -0.004415806396749493   23   12    6    3
 0.01039226255736688   23   12    6    5
 0.003549401233562456   23   12    7    2
 -0.00581693370138279   23   12    7    6
 0.01383186462670357   23   12    9    1
 0.01012410594630221   23   12    9    3
 0.006458356923065776   23   12    9    5
 -0.002065656025297591   23   12    9    7
 -0.007079230316087076   23   12   10    2
 -0.004650351388603208   23   12   10    6
 0.003761685233008074   23   12   10    9
 -0.002822327876333937   23   12   11    1
 0.008211053790861688   23   12   11    3
 -0.00733177823883743   23   12   11    5
 0.005455944088197402   23   12   11    7
 0.01522897079883925   23   12   11   10
 0.006587956402241002   23   12   12    2
 -0.00822686562570691   23   12   12    6
 -0.002713778707037708   23   12   12    9
 0.01455859632565821   23   12   12   11
 -0.01121034989551385   23   12   13    4
 -0.0005506160499416138   23   12   13    8
 0.008701686877152802   23   12   14    2
 -6.712643712220315e-05   23   12   14    6
 -0.01153342421583396   23   12   14    9
 -0.003754696973119971   23   12   14   11
 1.4335963442724e-15   23   12   14   12
 1.904114097546165e-15   23   12   14   14
 -0.01978607711116253   23   12   15   13
 -0.005978523223090492   23   12   16    1
 -0.005576229928810637   23   12   16    3
 -0.0002276376220603839   23   12   16    5
 -0.002636570160725217   23   12   16    7
 0.005542942854707294   23   12   16   10
 -0.01527218566576283   23   12   16   12
 0.009174109608581046   23   12   16   14
 0.005754015924895188   23   12   17    1
 0.008971154900817345   23   12   17    3
 0.004126675106497652   23   12   17    5
 -0.003783572199937405   23   12   17    7
 -0.0008060835689602195   23   12   17   10
 0.00281719592862671   23   12   17   12
 0.001545994590787039   23   12   17   14
 0.005618191910524349   23   12   18    2
 -0.001573996946478857   23   12   18    6
 -0.003811219553948302   23   12   18    9
 -0.005153492421768018   23   12   18   11
 0.003822368898577894   23   12   18   16
 -0.01800925678491086   23   12   18   17
 0.001879339841211597   23   12   19   13
 -0.01589572577529239   23   12   20    4
 0.01064860456130143   23   12   20    8
 0.004236387081372131   23   12   20   15
 -0.007523093641899679   23   12   20   19
 0.00835227893457657   23   12   21    2
 -0.002497897515913829   23   12   21    6
 -0.00581061690440805   23   12   21    9
 0.0001801341606714075   23   12   21   11
 0.00491257195206245   23   12   21   16
 0.0003621270947483241   23   12   21   17
 -0.009476891271669834   23   12   22    2
 0.008370807102214906   23   12   22    6
 0.002338353996622226   23   12   22    9
 -0.01343254229951009   23   12   22   11
 1.000809791679758e-15   23   12   22   14
 -0.0002176220146277859   23   12   22   16
 -0.007130268655198269   23   12   22   17
 -0.01439557065018584   23   12   23    1
 -0.0106690052262   23   12   23    3
 -0.01205087191499088   23   12   23    5
 0.01266140156832779   23   12   23    7
 0.009035894908407682   23   12   23   10
 0.01649710907892827   23   12   23   12
 0.003858327731337249   23   13    4    1
 0.003245368881495187   23   13    4    3
 0.004736479582887868   23   13    5    4
 -0.003428906884755002   23   13    7    4
 -0.005268584673096356   23   13    8    1
 -0.0026249328504361   23   13    8    3
 -0.0008710767509442651   23   13    8    5
 0.001857907345465535   23   13    8    7
 -0.003370272971380591   23   13   10    4
 0.001814275266580866   23   13   10    8
 -0.003785263776900122   23   13   12    4
 0.0008647837432866077   23   13   12    8
 -0.005027556744612644   23   13   13    2
 -0.00345685048985053   23   13   13    6
 -5.410566501935957e-05   23   13   13    9
 0.006250054530857355   23   13   13   11
 -0.001571627955340135   23   13   14    4
 -0.0007887808741535937   23   13   14    8
 -0.001603991502898483   23   13   15    1
 -0.004385053453989924   23   13   15    3
 0.003434666433252899   23   13   15    5
 -0.002905157960655833   23   13   15    7
 -0.005888142441936043   23   13   15   10
 -0.002193271814263929   23   13   15   12
 -0.0003144737347005814   23   13   15   14
 -0.0005273339643634417   23   13   16   13
 0.002600414568069495   23   13   17   13
 0.004875014859218559   23   13   18    4
 -0.002188640566524461   23   13   18    8
 0.00420431212673396   23   13   18   15
 0.01091439648470279   23   13   19    1
 0.001311109753631918   23   13   19    3
 0.002781736386064929   23   13   19    5
 -0.0009438669873236832   23   13   19    7
 -0.0008828147376153061   23   13   19   10
 -0.0004242934266020752   23   13   19   12
 -0.0008464165454699857   23   13   19   14
 0.002325805341587697   23   13   19   18
 0.005179350109557793   23   13   20    2
 0.0003348812574219007   23   13   20    6
 -0.003989654681235912   23   13   20    9
 -0.001411186075646057   23   13   20   11
 0.000824943022320017   23   13   20   16
 -0.003596257570528272   23   13   20   17
 -0.001274670200068569   23   13   21    4
 0.0008814956969323635   23   13   21    8
 0.002129855692966682   23   13   21   15
 0.001724408949844153   23   13   21   19
 -0.001577271966764505   23   13   22    4
 0.0006780221619561098   23   13   22    8
 0.003352375582807521   23   13   22   15
 -0.003549779355163844   23   13   22   19
 0.008085135570889428   23   13   23   13
 -0.007618604308919839   23   14    2    1
 -0.005604254506893294   23   14    3    2
 -0.005537411864957411   23   14    5    2
 0.004435146395858779   23   14    6    1
 0.005821713092421675   23   14    6    3
 0.002379616154540794   23   14    6    5
 0.008374093576265748   23   14    7    2
 -0.003976274396282266   23   14    7    6
 0.003445913038488232   23   14    9    1
 0.001511890580827545   23   14    9    3
 0.005306841339750262   23   14    9    5
 -0.003849128306732861   23   14    9    7
 0.003576311569739688   23   14   10    2
 0.001387246369689183   23   14   10    6
 -0.005600690341421393   23   14   10    9
 -0.004916368676735869   23   14   11    1
 -0.009048328147110285   23   14   11    3
 -0.0008972936903661917   23   14   11    5
 0.003213683059248636   23   14   11    7
 -0.006244816122548048   23   14   11   10
 0.009335301334823161   23   14   12    2
 -0.001678026635366291   23   14   12    6
 -0.004487642292727132   23   14   12    9
 -0.001212817626152157   23   14   12   11
 -0.002014169656193673   23   14   13    4
 0.0009452877896050095   23   14   13    8
 -0.003824326011201994   23   14   14    2
 -0.001126905851054619   23   14   14    6
 -0.0008201228153540816   23   14   14    9
 0.004556158432020532   23   14   14   11
 1.094702504714373e-15   23   14   14   12
 1.584262136370405e-15   23   14   14   14
 8.553025683961684e-05   23   14   15   13
 0.002617685493695039   23   14   16    1
 2.354714651595996e-05   23   14   16    3
 -0.00213532051411023   23   14   16    5
 0.002570066121562418   23   14   16    7
 0.002704921288798352   23   14   16   10
 0.001917607910671677   23   14   16   12
 0.0002810172796218174   23   14   16   14
 0.005799571308246768   23   14   17    1
 -0.003561279047637617   23   14   17    3
 0.0003384147734151669   23   14   17    5
 0.002232529900909708   23   14   17    7
 0.00148708949475501   23   14   17   10
 -0.001855211710349732   23   14   17   12
 -0.001021083326113481   23   14   17   14
 -0.0001675329928547508   23   14   18    2
 -3.979877706982276e-05   23   14   18    6
 0.002711152048419322   23   14   18    9
 -0.00089077273235524   23   14   18   11
 -0.003985501132187472   23   14   18   16
 -0.004541538114133709   23   14   18   17
 -0.002934313866184646   23   14   19   13
 -0.003790204445529361   23   14   20    4
 0.002385826372268425   23   14   20    8
 -0.003729607192493316   23   14   20   15
 -0.006305082591073066   23   14   20   19
 0.001097680613578985   23   14   21    2
 -0.003896651731021553   23   14   21    6
 0.002369389188551122   23   14   21    9
 0.006594618281293469   23   14   21   11
 -0.002088834479159011   23   14   21   16
 0.004735426964372165   23   14   21   17
 -0.00915957813209916   23   14   22    2
 0.002358709864084989   23   14   22    6
 0.006412154730915147   23   14   22    9
 0.0005747014470014384   23   14   22   11
 -0.0004051236530671704   23   14   22   16
 0.00139349761971584   23   14   22   17
 -0.0191978082052876   23   14   23    1
 -0.0001678914516892681   23   14   23    3
 -0.005476553936073243   23   14   23    5
 0.001740980761864618   23   14   23    7
 -2.901148559503671e-05   23   14   23   10
 0.003626560340956869   23   14   23   12
 0.01389042259694378   23   14   23   14
 0.002859410108452745   23   15    4    2
 -0.003497173625850176   23   15    6    4
 -0.00372084782335633   23   15    8    2
 0.0007907091545163243   23   15    8    6
 -0.001011900123314888   23   15    9    4
 0.0002882517404802082   23   15    9    8
 0.003902587845480475   23   15   11    4
 -0.001108487524815448   23   15   11    8
 -0.001898021099999609   23   15   13    1
 -0.004472622889331905   23   15   13    3
 0.003415683073019576   23   15   13    5
 -0.002255183614527628   23   15   13    7
 -0.005564655140040507   23   15   13   10
 -0.003033626005493149   23   15   13   12
 -0.0006206075145445817   23   15   14   13
 -0.006180622491674799   23   15   15    2
 -0.001815448739922989   23   15   15    6
 0.001234623206013071   23   15   15    9
 0.00494068448383541   23   15   15   11
 0.0005944180947120786   23   15   16    4
 -0.00102613371430177   23   15   16    8
 -0.0009648877611517652   23   15   16   15
 0.00261719951644711   23   15   17    4
 2.276205546329611e-05   23   15   17    8
 0.001958569556936713   23   15   17   15
 0.004492595238353218   23   15   18   13
 0.001658821142351536   23   15   19    2
 0.002149858420233446   23   15   19    6
 -0.00256562581804331   23   15   19    9
 -0.003804912139952049   23   15   19   11
 -0.0004265343543889465   23   15   19   16
 -0.00503143070669552   23   15   19   17
 0.009542297171465345   23   15   20    1
 -0.002552558513981261   23   15   20    3
 0.0009906796017184597   23   15   20    5
 0.001827804657474789   23   15   20    7
 0.0002705241813716206   23   15   20   10
 -0.0007080658034322301   23   15   20   12
 -0.0005327014250692355   23   15   20   14
 0.0003460968622735594   23   15   20   18
 0.0003502786457353542   23   15   21   13
 -0.00335866766866703   23   15   21   20
 0.003831837654069021   23   15   22   13
 -0.0007002767632768954   23   15   22   20
 0.0007350833876642225   23   15   23    4
 -0.0001322812521291265   23   15   23    8
 0.007568240702088592   23   15   23   15
 0.005530982888055863   23   16    1    1
 0.008409132865559844   23   16    2    2
 0.007092443235341449   23   16    3    1
 -0.008117605219222231   23   16    3    3
 0.002999285810965335   23   16    4    4
 0.004506105480957889   23   16    5    1
 0.003651511070257518   23   16    5    3
 -0.000568476525552495   23   16    5    5
 -0.00354936857091816   23   16    6    2
 -0.004290913798245409   23   16    6    6
 -0.00815580250121201   23   16    7    1
 -0.001029618530637764   23   16    7    3
 0.0009913780619636712   23   16    7    5
 -0.0008895855400301603   23   16    7    7
 -0.001967536876849537   23   16    8    4
 0.002536912448895013   23   16    8    8
 -0.001650083918292975   23   16    9    2
 0.001474611120368618   23   16    9    6
 0.006230168338801008   23   16    9    9
 0.0033121307193519   23   16   10    1
 0.002349617049870343   23   16   10    3
 -0.004723846712645408   23   16   10    5
 0.003402463194091189   23   16   10    7
 0.006853396692586412   23   16   10   10
 -0.001384805772474574   23   16   11    2
 -0.0004250958618108241   23   16   11    6
 -0.002003245202044559   23   16   11    9
 -0.0001316344750546651   23   16   11   11
 -0.009397995996386837   23   16   12    1
 -0.005691831897475007   23   16   12    3
 0.0008932821591382877   23   16   12    5
 -0.001673596863690566   23   16   12    7
 -0.003313888429355707   23   16   12   10
 -0.005149309078925328   23   16   12   12
 0.000997756946269455   23   16   13   13
 0.003183180467598445   23   16   14    1
 -0.003045494142824982   23   16   14    3
 -0.004101395336145248   23   16   14    5
 0.004692628080089608   23   16   14    7
 0.004258714942273916   23   16   14   10
 0.001761654619308092   23   16   14   12
 0.000651314445512467   23   16   14   14
 0.00207968683825204   23   16   15    4
 -0.002012188821712442   23   16   15    8
 -0.0010469946459075   23   16   15   15
 -0.01086218744757218   23   16   16    2
 -0.003826505748695242   23   16   16    6
 0.003595691065606423   23   16   16    9
 0.008576706278354745   23   16   16   11
 -0.002161280785898282   23   16   16   16
 -0.007614084393437493   23   16   17    2
 0.0001772269734882529   23   16   17    6
 -0.000278227494915165   23   16   17    9
 0.001520245424087133   23   16   17   11
 0.005120700291544521   23   16   17   16
 -0.0006700398503952612   23   16   17   17
 -5.917506323878759e-05   23   16   18    1
 -8.424321236095587e-05   23   16   18    3
 0.00365397210872148   23   16   18    5
 -0.0003894575646149128   23   16   18    7
 -0.008981078456054472   23   16   18   10
 0.004723542348360482   23   16   18   12
 -0.004150299789071993   23   16   18   14
 0.002919636284169231   23   16   18   18
 0.007597958577639045   23   16   19    4
 -0.003758382199803567   23   16   19    8
 -0.0007505159933917929   23   16   19   15
 -0.001530902205023316   23   16   19   19
 0.003538675011233875   23   16   20   13
 0.001516044975177246   23   16   20   20
 -0.0004218738221602772   23   16   21    1
 0.0103512651165408   23   16   21    3
 0.001052160084289089   23   16   21    5
 -0.003079603386131305   23   16   21    7
 -0.0004746148993099703   23   16   21   10
 0.001563437341258092   23   16   21   12
 -0.0006423964106017582   23   16   21   14
 0.001714077044392361   23   16   21   18
 -0.002378273025599854   23   16   21   21
 -9.202808414395014e-07   23   16   22    1
 -0.0002969529505518611   23   16   22    3
 0.003530978552584964   23   16   22    5
 -0.002374283843965719   23   16   22    7
 -0.004927805850280791   23   16   22   10
 -0.0006354875151307301   23   16   22   12
 -0.001914418568814735   23   16   22   14
 -0.0003718799991489483   23   16   22   18
 -0.00101511627962505   23   16   22   21
 0.003333355842453409   23   16   22   22
 0.006619529540632768   23   16   23    2
 -0.006017347053650274   23   16   23    6
 -0.001819138373263464   23   16   23    9
 0.006987896485528633   23   16   23   11
 0.01017682682168827   23   16   23   16
 -0.06751519250788716   23   17    1    1
 -0.04289686828066087   23   17    2    2
 0.0373723222600659   23   17    3    1
 -0.08553974951633533   23   17    3    3
 -0.06744424537400032   23   17    4    4
 -0.01827785298658666   23   17    5    1
 -0.02401348654820459   23   17    5    3
 0.003876402848413839   23   17    5    5
 0.04188922426137914   23   17    6    2
 0.002126546733027819   23   17    6    6
 -0.002573097917573256   23   17    7    1
 0.03842290529675454   23   17    7    3
 -0.005287209220050195   23   17    7    5
 -0.05220227504817795   23   17    7    7
 0.02570271778776769   23   17    8    4
 -0.04107869684628527   23   17    8    8
 0.001952311409177848   23   17    9    2
 0.000662923109687856   23   17    9    6
 -0.03287172886155976   23   17    9    9
 0.01607099308168634   23   17   10    1
 0.00839263583110735   23   17   10    3
 0.002416789111873536   23   17   10    5
 0.00904945231331318   23   17   10    7
 0.01520378613566648   23   17   10   10
 -0.0366783264869861   23   17   11    2
 0.0176260912448887   23   17   11    6
 0.01705643187279528   23   17   11    9
 -0.005662150780857608   23   17   11   11
 0.01205208261372447   23   17   12    1
 0.01100583510445315   23   17   12    3
 0.01254625002487632   23   17   12    5
 0.01777266627687684   23   17   12    7
 -0.003228948247850077   23   17   12   10
 -0.02304308335572571   23   17   12   12
 0.003546363398999493   23   17   13   13
 0.01165689056913692   23   17   14    1
 -0.02284647608687206   23   17   14    3
 0.008813107558377555   23   17   14    5
 0.01168740255599294   23   17   14    7
 -0.008368121989975495   23   17   14   10
 -0.02060876645185233   23   17   14   12
 -0.03215464609248394   23   17   14   14
 0.01696471923501948   23   17   15    4
 0.002757213613752666   23   17   15    8
 -0.001859095934750812   23   17   15   15
 -0.008334941721837493   23   17   16    2
 0.006686392747498197   23   17   16    6
 -0.008768519926650644   23   17   16    9
 -0.001065970187121506   23   17   16   11
 0.01393071271250823   23   17   16   16
 -0.002149535404163922   23   17   17    2
 0.03286400322628179   23   17   17    6
 -0.004021673191649314   23   17   17    9
 -0.03747673070853911   23   17   17   11
 -0.006618387862159188   23   17   17   16
 -0.007210258744910507   23   17   17   17
 0.00165387478924693   23   17   18    1
 -0.001912678614051194   23   17   18    3
 -0.02142391131012931   23   17   18    5
 0.01762672475854257   23   17   18    7
 0.02529471015557303   23   17   18   10
 0.0007530570215218275   23   17   18   12
 -0.01095630494306342   23   17   18   14
 -0.004719530415256239   23   17   18   18
 0.01487422089414253   23   17   19    4
 -0.008827955780393765   23   17   19    8
 -0.03777868685387205   23   17   19   15
 -0.07859908820425884   23   17   19   19
 -0.03386467123937208   23   17   20   13
 -0.07336178033567151   23   17   20   20
 -0.008140357266319911   23   17   21    1
 0.01586845994043109   23   17   21    3
 0.001184752818958223   23   17   21    5
 -0.007358484640978161   23   17   21    7
 0.005541155563034185   23   17   21   10
 -0.0270156196123107   23   17   21   12
 0.03107428770668142   23   17   21   14
 0.01205133058001939   23   17   21   18
 -0.07678968518432418   23   17   21   21
 -0.009925583235302782   23   17   22    1
 0.002147912012647699   23   17   22    3
 -0.005439186930155271   23   17   22    5
 0.01209280242708802   23   17   22    7
 -0.01206920981642829   23   17   22   10
 0.01177895566020397   23   17   22   12
 -0.0003876159243475724   23   17   22   14
 0.0359045542178082   23   17   22   18
 0.004452355665339832   23   17   22   21
 -0.06257616798542379   23   17   22   22
 0.008380568073805644   23   17   23    2
 -0.008336083342454139   23   17   23    6
 0.01872444211144721   23   17   23    9
 0.01942506781305947   23   17   23   11
 0.001901906401675264   23   17   23   16
 0.04960733669867205   23   17   23   17
 0.04688866037789623   23   18    2    1
 0.01126591781517838   23   18    3    2
 -0.01756002852091698   23   18    5    2
 -0.003715914947462967   23   18    6    1
 0.02264888082900863   23   18    6    3
 -0.03908636720683496   23   18    6    5
 0.005985434942525328   23   18    7    2
 0.01089278927787272   23   18    7    6
 -0.009268086893047584   23   18    9    1
 -0.01507104203160403   23   18    9    3
 -0.01365959889199093   23   18    9    5
 -0.009216955031815058   23   18    9    7
 0.03499757963054435   23   18   10    2
 0.01306081912784426   23   18   10    6
 -0.01200283374267136   23   18   10    9
 -0.005020423518303606   23   18   11    1
 -0.02476978896648939   23   18   11    3
 0.01084195639551538   23   18   11    5
 -0.008855179587463563   23   18   11    7
 -0.05371647777204634   23   18   11   10
 -0.01180451144718576   23   18   12    2
 0.003902904126328174   23   18   12    6
 -0.002996946030679287   23   18   12    9
 -0.0230123967946919   23   18   12   11
 0.02168663446106905   23   18   13    4
 0.008933821600591262   23   18   13    8
 -0.002858094387629904   23   18   14    2
 -0.008779651870336308   23   18   14    6
 0.02541921970679911   23   18   14    9
 0.007130509459316252   23   18   14   11
 0.05625826035812456   23   18   15   13
 -0.001368479601527438   23   18   16    1
 0.0008904705839888018   23   18   16    3
 0.006737854804201027   23   18   16    5
 0.003043769985143743   23   18   16    7
 -0.03391346462986389   23   18   16   10
 0.04233877710221153   23   18   16   12
 -0.02910956236799231   23   18   16   14
 0.0006386961364658662   23   18   17    1
 -0.007985375809265128   23   18   17    3
 -0.01836908116217241   23   18   17    5
 0.01838319633988576   23   18   17    7
 0.01701422183358292   23   18   17   10
 0.003315866460074324   23   18   17   12
 -0.01699321888053478   23   18   17   14
 -0.005023015675942212   23   18   18    2
 0.02374667665436463   23   18   18    6
 0.0032123091292556   23   18   18    9
 -0.00718096012067839   23   18   18   11
 -0.002083677344384236   23   18   18   16
 0.05788134321233449   23   18   18   17
 -0.01909361373826084   23   18   19   13
 0.01992814384361698   23   18   20    4
 -0.01502957854861597   23   18   20    8
 -0.02135826593040677   23   18   20   15
 0.009105226979213605   23   18   20   19
 -0.009257553507238656   23   18   21    2
 0.006794234444565021   23   18   21    6
 0.01119445292480615   23   18   21    9
 -0.0008125110387703726   23   18   21   11
 -0.02199549901408164   23   18   21   16
 0.003652585768472448   23   18   21   17
 0.009543012019607661   23   18   22    2
 -0.007784302176861545   23   18   22    6
 0.006107856767541583   23   18   22    9
 0.02162343541025698   23   18   22   11
 0.01044422099540274   23   18   22   16
 0.03066268139130387   23   18   22   17
 -0.003537068695631683   23   18   23    1
 0.0156730418774892   23   18   23    3
 0.00375693572952328   23   18   23    5
 -0.01357339688252976   23   18   23    7
 -0.01463156600911607   23   18   23   10
 -0.008535659329258363   23   18   23   12
 0.0005177294728581023   23   18   23   14
 0.03362213383930345   23   18   23   18
 0.02182347027468303   23   19    4    2
 -0.01088023474054536   23   19    6    4
 -0.006783171296904927   23   19    8    2
 0.006154442928457292   23   19    8    6
 -0.001597538502699732   23   19    9    4
 0.00895315985008017   23   19    9    8
 0.009443301814119771   23   19   11    4
 -0.007988080388233239   23   19   11    8
 0.0180559862644047   23   19   13    1
 0.003397262285176994   23   19   13    3
 0.0008175464392100835   23   19   13    5
 0.001248736206940872   23   19   13    7
 0.00267705436847221   23   19   13   10
 -0.0005882522475231025   23   19   13   12
 0.004735474823627735   23   19   14   13
 0.007454875688990098   23   19   15    2
 0.004230111641413214   23   19   15    6
 -0.005180670325926554   23   19   15    9
 -0.007027519135626318   23   19   15   11
 0.004534237197116576   23   19   16    4
 0.0001227307286427197   23   19   16    8
 -0.0007901292605107991   23   19   16   15
 0.001754514970441008   23   19   17    4
 -0.004963140253933681   23   19   17    8
 -0.01195961512310541   23   19   17   15
 -0.004289974782711239   23   19   18   13
 -0.001254955900795081   23   19   19    2
 0.002381729376458103   23   19   19    6
 -0.006713222707184875   23   19   19    9
 -0.003279951635933441   23   19   19   11
 0.0001744683866566126   23   19   19   16
 -0.01305117145731103   23   19   19   17
 0.03080277286524819   23   19   20    1
 -0.01386401936514136   23   19   20    3
 0.009233238981660848   23   19   20    5
 0.001276862892504068   23   19   20    7
 -0.006578213922794398   23   19   20   10
 -0.008148904415910015   23   19   20   12
 0.001885997006658258   23   19   20   14
 0.006267747601276841   23   19   20   18
 -0.004934835450096682   23   19   21   13
 -0.01391483541539303   23   19   21   20
 -0.002648681133649295   23   19   22   13
 0.00271852168832188   23   19   22   20
 0.002156618090740652   23   19   23    4
 -0.003616275831239815   23   19   23    8
 0.006412345341518194   23   19   23   15
 0.028633681431889   23   19   23   19
 0.01311293470507794   23   20    4    1
 0.01982421481448214   23   20    4    3
 0.009809752074194069   23   20    5    4
 -0.007962807997674841   23   20    7    4
 -0.007056311029888566   23   20    8    1
 -0.005363660582511758   23   20    8    3
 -0.006579404621497137   23   20    8    5
 0.0115294841871156   23   20    8    7
 -0.007094647303251528   23   20   10    4
 0.002335264804103444   23   20   10    8
 -0.0060012548984241   23   20   12    4
 0.004696937159894683   23   20   12    8
 0.01169532964142537   23   20   13    2
 0.001687856330602205   23   20   13    6
 -0.005644468576532416   23   20   13    9
 -0.004483203253298212   23   20   13   11
 0.002691248310956186   23   20   14    4
 0.002689321880861047   23   20   14    8
 0.01635118808404651   23   20   15    1
 0.0006790709340240628   23   20   15    3
 0.0004755090988307157   23   20   15    5
 0.001597753717105802   23   20   15    7
 0.001345683877941943   23   20   15   10
 0.004891221038651264   23   20   15   12
 0.000197024281102158   23   20   15   14
 0.002921866575108594   23   20   16   13
 -0.01074927935928702   23   20   17   13
 0.007456752170217427   23   20   18    4
 -0.008073190527253638   23   20   18    8
 -0.003681901568866179   23   20   18   15
 0.03148142795883502   23   20   19    1
 -0.008746460702602907   23   20   19    3
 0.0112947864497781   23   20   19    5
 -0.00108251763396055   23   20   19    7
 -0.01139955728807427   23   20   19   10
 -0.001114393441229493   23   20   19   12
 -0.002216734874762512   23   20   19   14
 0.01113224760911608   23   20   19   18
 0.003510543976015314   23   20   20    2
 -0.0007087257153779354   23   20   20    6
 -0.009100937646091246   23   20   20    9
 0.0003294403687928078   23   20   20   11
 -0.002092225864704725   23   20   20   16
 -0.0109585585883658   23   20   20   17
 -0.003456853099139207   23   20   21    4
 0.002712510087094633   23   20   21    8
 0.001862060389725045   23   20   21   15
 0.008895156402476347   23   20   21   19
 -0.004405758986840116   23   20   22    4
 0.0005572393491849839   23   20   22    8
 -0.005047720130041226   23   20   22   15
 -0.008534314205612265   23   20   22   19
 0.007044517855270486   23   20   23   13
 0.03021550959944365   23   20   23   20
 0.005459235570094094   23   21    2    1
 0.01761943714494656   23   21    3    2
 -0.00278392760508001   23   21    5    2
 0.006942883693834443   23   21    6    1
 -0.003332950236737786   23   21    6    3
 -0.0100030842350645   23   21    6    5
 -0.002478200061404696   23   21    7    2
 0.00552092971512985   23   21    7    6
 -0.007393743547763463   23   21    9    1
 -0.003904146230560063   23   21    9    3
 3.517064816872399e-05   23   21    9    5
 0.004434209787945066   23   21    9    7
 0.009513064947010571   23   21   10    2
 0.004680047477986267   23   21   10    6
 -0.006314809035071827   23   21   10    9
 -0.01200601447510218   23   21   11    1
 -0.0005900048924429041   23   21   11    3
 0.00267071960223485   23   21   11    5
 -0.00953254453281247   23   21   11    7
 -0.01577702511049359   23   21   11   10
 0.003512778984985824   23   21   12    2
 0.001834657886639158   23   21   12    6
 -0.008800834597022893   23   21   12    9
 -0.00532972491447965   23   21   12   11
 0.003014868017732565   23   21   13    4
 0.003297043774760892   23   21   13    8
 -0.002862342680518328   23   21   14    2
 -0.005108271629791264   23   21   14    6
 0.0061845046110207   23   21   14    9
 0.01046817220242652   23   21   14   11
 0.01714984081436193   23   21   15   13
 0.002209406905743096   23   21   16    1
 0.008830435552050491   23   21   16    3
 0.002531597465699407   23   21   16    5
 0.001910237944676971   23   21   16    7
 -0.007375607978719235   23   21   16   10
 0.01236861084405996   23   21   16   12
 -0.008285213152726774   23   21   16   14
 -0.01232430882976689   23   21   17    1
 0.005033902167567208   23   21   17    3
 -0.0060222659466427   23   21   17    5
 0.0007962756852137488   23   21   17    7
 0.005397484500913083   23   21   17   10
 -0.001579271948584269   23   21   17   12
 0.005068097129556131   23   21   17   14
 -0.001925001307627951   23   21   18    2
 0.003432121042996068   23   21   18    6
 0.004270364462580557   23   21   18    9
 0.002433821073988764   23   21   18   11
 -0.00458156597919396   23   21   18   16
 0.01834688758502324   23   21   18   17
 -0.002912040028566357   23   21   19   13
 -0.006160737448531123   23   21   20    4
 0.001458569783478946   23   21   20    8
 -0.002772704512530892   23   21   20   15
 0.01012345513678292   23   21   20   19
 0.0008824880585517674   23   21   21    2
 0.0003517418130142897   23   21   21    6
 -0.002085770461341021   23   21   21    9
 0.001450269548702939   23   21   21   11
 -0.006574980055396102   23   21   21   16
 -0.006377894849538184   23   21   21   17
 -0.006081349667581893   23   21   22    2
 0.002507822347825588   23   21   22    6
 0.002276498145143151   23   21   22    9
 0.002967039079567144   23   21   22   11
 0.0001490507450880916   23   21   22   16
 0.003231107277603344   23   21   22   17
 0.01215144499220624   23   21   23    1
 -0.01227855198787587   23   21   23    3
 0.002877605577844907   23   21   23    5
 0.001726286053857687   23   21   23    7
 -0.005912710603634549   23   21   23   10
 -0.001135434236870923   23   21   23   12
 -0.00640092546947327   23   21   23   14
 0.003951640375511552   23   21   23   18
 0.02333401488731261   23   21   23   21
 0.02529784294010752   23   22    2    1
 0.03387649521546731   23   22    3    2
 -0.00478810507528426   23   22    5    2
 0.007468762851501724   23   22    6    1
 -0.001758494946256561   23   22    6    3
 -0.02654641500779219   23   22    6    5
 -0.003924540089980403   23   22    7    2
 0.01232248345844625   23   22    7    6
 -0.02236292109554373   23   22    9    1
 -0.008245475206588818   23   22    9    3
 -0.00236122523151011   23   22    9    5
 0.00710405749495555   23   22    9    7
 0.02646307787860573   23   22   10    2
 0.01380401641596776   23   22   10    6
 -0.01690289483186791   23   22   10    9
 -0.01744880626354244   23   22   11    1
 -0.006779560267098392   23   22   11    3
 0.01051339962967792   23   22   11    5
 -0.01808782229155207   23   22   11    7
 -0.045641459429018   23   22   11   10
 -0.006161434928032817   23   22   12    2
 0.00702717886817938   23   22   12    6
 -0.006510361589271576   23   22   12    9
 -0.01437607605352135   23   22   12   11
 0.01066810340171879   23   22   13    4
 0.005522139265435148   23   22   13    8
 -0.01203195724390952   23   22   14    2
 -0.005638747840085702   23   22   14    6
 0.01345732382608611   23   22   14    9
 0.01355546085237337   23   22   14   11
 0.04202325586392096   23   22   15   13
 -0.001683547817950294   23   22   16    1
 0.008400149739092611   23   22   16    3
 0.005041741301653671   23   22   16    5
 0.003177798626464076   23   22   16    7
 -0.02255596176964001   23   22   16   10
 0.02545255733310665   23   22   16   12
 -0.0179460182246726   23   22   16   14
 -0.0177137552756935   23   22   17    1
 0.006329500201702053   23   22   17    3
 -0.01329660055802784   23   22   17    5
 0.006452983562735016   23   22   17    7
 0.007612656453879316   23   22   17   10
 0.002909378790222013   23   22   17   12
 -0.00212548663705841   23   22   17   14
 -0.003375975891112471   23   22   18    2
 0.009720462442697645   23   22   18    6
 0.009711775097151595   23   22   18    9
 0.004670237255652404   23   22   18   11
 -0.001614566263602773   23   22   18   16
 0.04751881125520544   23   22   18   17
 -0.009153556298550653   23   22   19   13
 -0.001512507118458724   23   22   20    4
 -0.005805110945727774   23   22   20    8
 -0.008666507235978282   23   22   20   15
 0.02100041355092317   23   22   20   19
 -0.0030984772202323   23   22   21    2
 0.0004703614983886947   23   22   21    6
 0.006531987063653343   23   22   21    9
 0.004029740889439188   23   22   21   11
 -0.01393511506069962   23   22   21   16
 -0.0007123581509918858   23   22   21   17
 -0.01126987969765899   23   22   22    2
 0.005032497406912766   23   22   22    6
 -0.003125372616946287   23   22   22    9
 0.010332628343064   23   22   22   11
 0.005506266323447929   23   22   22   16
 0.008258623865516037   23   22   22   17
 0.02832874256404707   23   22   23    1
 -0.01472353105637967   23   22   23    3
 0.00983603896129647   23   22   23    5
 -0.003293568813799496   23   22   23    7
 -0.01373055038940965   23   22   23   10
 -0.01368588186614692   23   22   23   12
 -0.007538113817965575   23   22   23   14
 0.01191123533472387   23   22   23   18
 0.01180283603276263   23   22   23   21
 0.04789926298935365   23   22   23   22
 0.7062684774853238   23   23    1    1
 0.6502409689093146   23   23    2    2
 -0.02465986260916413   23   23    3    1
 0.6734763621509877   23   23    3    3
 0.650737032168115   23   23    4    4
 0.09704505226248664   23   23    5    1
 0.06615448377816191   23   23    5    3
 0.3925417972582894   23   23    5    5
 -0.1301450998206685   23   23    6    2
 0.4118724479739768   23   23    6    6
 -0.009801311404531355   23   23    7    1
 -0.1618369439648891   23   23    7    3
 -0.07395637247178459   23   23    7    5
 0.525323260177992   23   23    7    7
 -0.1670071631789397   23   23    8    4
 0.5106063901745034   23   23    8    8
 -0.1036449220806211   23   23    9    2
 0.02433780062127894   23   23    9    6
 0.4771311555705399   23   23    9    9
 -0.02845275866726264   23   23   10    1
 0.01386060335973775   23   23   10    3
 -0.09005954754586622   23   23   10    5
 0.01328004452137757   23   23   10    7
 0.4784918250465595   23   23   10   10
 0.07565745934306642   23   23   11    2
 -0.1550379889766619   23   23   11    6
 -0.02433748442628852   23   23   11    9
 0.5162210382937377   23   23   11   11
 -0.08139436077598138   23   23   12    1
 0.01592775711217309   23   23   12    3
 -0.06879495859353071   23   23   12    5
 0.006106086057677622   23   23   12    7
 -0.003866144267978618   23   23   12   10
 0.5283028253296976   23   23   12   12
 0.4936927476845274   23   23   13   13
 -0.0832055128108999   23   23   14    1
 0.03002133003204698   23   23   14    3
 -0.04276339666200371   23   23   14    5
 -0.04164087122261573   23   23   14    7
 0.01402535701749442   23   23   14   10
 0.02884439157910883   23   23   14   12
 0.5363938969294813   23   23   14   14
 -0.005546944666636923   23   23   15    4
 0.03194785664322007   23   23   15    8
 0.4884455372271634   23   23   15   15
 0.005366417720019961   23   23   16    2
 -0.01245576003040956   23   23   16    6
 -0.01899783121836894   23   23   16    9
 0.01449412908677573   23   23   16   11
 0.4669909538933441   23   23   16   16
 0.01761368850797898   23   23   17    2
 -0.04405166208159496   23   23   17    6
 0.009786409600733513   23   23   17    9
 0.1192324575288142   23   23   17   11
 0.01263514659035067   23   23   17   16
 0.5643178792035911   23   23   17   17
 0.009156836650489698   23   23   18    1
 0.02036010990899974   23   23   18    3
 0.04043025049946526   23   23   18    5
 -0.062641321412979   23   23   18    7
 -0.08514324880808938   23   23   18   10
 -0.02959477916921587   23   23   18   12
 0.0009762699004061663   23   23   18   14
 0.5703145994724391   23   23   18   18
 0.004827752993543287   23   23   19    4
 -0.01709400292454893   23   23   19    8
 0.08312051844435814   23   23   19   15
 0.6686998859312077   23   23   19   19
 0.08388240733997515   23   23   20   13
 0.6735546818283876   23   23   20   20
 0.01226652437474066   23   23   21    1
 0.001212426792973674   23   23   21    3
 0.006586593927910702   23   23   21    5
 -0.02991519659627801   23   23   21    7
 -0.02952107185585113   23   23   21   10
 0.06125682357655796   23   23   21   12
 -0.07267686744921245   23   23   21   14
 -0.007076140034374755   23   23   21   18
 0.6790200232543139   23   23   21   21
 0.03693365881637585   23   23   22    1
 0.002552482763764803   23   23   22    3
 0.01563308689461719   23   23   22    5
 -0.05873400160476885   23   23   22    7
 -0.002363866387679726   23   23   22   10
 -0.06386712952899729   23   23   22   12
 -0.01991276817695936   23   23   22   14
 -0.05544192319130411   23   23   22   18
 -0.01484134571941515   23   23   22   21
 0.6683776657554741   23   23   22   22
 0.02928326631430307   23   23   23    2
 -0.005272977954570112   23   23   23    6
 -0.09277676826988829   23   23   23    9
 0.03188140305653635   23   23   23   11
 0.0001822655658341271   23   23   23   16
 -0.08136151672971431   23   23   23   17
 0.7275408093902698   23   23   23   23
 0.01560546331619097   24    1    1    1
 0.008881939958003635   24    1    2    2
 -0.004496193200817265   24    1    3    1
 0.01342451084602115   24    1    3    3
 0.01544704665217424   24    1    4    4
 0.006720152399021822   24    1    5    1
 0.002685616322148117   24    1    5    3
 0.00440099808043078   24    1    5    5
 -0.006845554495307258   24    1    6    2
 0.004755349547460012   24    1    6    6
 0.0004072234334886387   24    1    7    1
 -0.01575750126964047   24    1    7    3
 -0.005577260821414902   24    1    7    5
 0.01755892149524249   24    1    7    7
 -0.01857723412910802   24    1    8    4
 0.02019858190897202   24    1    8    8
 -0.00800372779598434   24    1    9    2
 0.006001212521799287   24    1    9    6
 0.005473562041017661   24    1    9    9
 -0.006815459586330606   24    1   10    1
 0.001503966527441192   24    1   10    3
 -0.002574259799083013   24    1   10    5
 0.0003204912761549561   24    1   10    7
 0.002067549222380569   24    1   10   10
 0.01080150730557854   24    1   11    2
 -0.007405450801393395   24    1   11    6
 -0.008527059548169751   24    1   11    9
 0.0105849479120939   24    1   11   11
 -0.01405609645578198   24    1   12    1
 0.003814884249307989   24    1   12    3
 -0.005557097052825347   24    1   12    5
 -0.0001888068378877623   24    1   12    7
 0.005424867964909341   24    1   12   10
 0.009241379447378937   24    1   12   12
 -0.0009459466898387833   24    1   13   13
 -0.01435960653272849   24    1   14    1
 0.007464117662572501   24    1   14    3
 -0.00449393758450644   24    1   14    5
 -0.00424419896565982   24    1   14    7
 0.005097255595491361   24    1   14   10
 0.01043886752492284   24    1   14   12
 0.01022640851297608   24    1   14   14
 -0.003044525609019493   24    1   15    4
 0.003237574109924211   24    1   15    8
 -0.0003821957658017324   24    1   15   15
 0.001223452491778785   24    1   16    2
 -0.0008005535908582319   24    1   16    6
 -0.0009751542852813104   24    1   16    9
 0.001355057788324613   24    1   16   11
 -0.0002269643346981966   24    1   16   16
 0.01205474778049616   24    1   17    2
 -0.007757581640229771   24    1   17    6
 -0.009106942344162873   24    1   17    9
 0.01048999563336006   24    1   17   11
 0.001311167255714495   24    1   17   16
 0.008383996818614348   24    1   17   17
 0.01056206674238487   24    1   18    1
 0.00790730737234783   24    1   18    3
 0.007563317910371395   24    1   18    5
 -0.01098699350202741   24    1   18    7
 -0.003338657083425649   24    1   18   10
 -0.007413935355002128   24    1   18   12
 -0.005240050439413303   24    1   18   14
 0.009317116353573983   24    1   18   18
 -0.0001912876192367799   24    1   19    4
 -0.0001674436005883637   24    1   19    8
 -0.001294350766649866   24    1   19   15
 -0.002029839110780188   24    1   19   19
 -0.001424598052950671   24    1   20   13
 -0.002045134958289272   24    1   20   20
 -0.0003383915798119185   24    1   21    1
 0.001605016245904493   24    1   21    3
 0.0004541170429152173   24    1   21    5
 -0.002038420881670716   24    1   21    7
 0.0004952240375362054   24    1   21   10
 -0.0007964289581277388   24    1   21   12
 0.001687724375694047   24    1   21   14
 0.001474170747730239   24    1   21   18
 -0.001429536546628485   24    1   21   21
 0.002969957238593668   24    1   22    1
 0.007071016404616863   24    1   22    3
 0.004072043181189504   24    1   22    5
 -0.008005926959113762   24    1   22    7
 -0.001915922861712765   24    1   22   10
 -0.001423729417011064   24    1   22   12
 -0.0001324630448861932   24    1   22   14
 0.007052629578533245   24    1   22   18
 0.001199136634668948   24    1   22   21
 0.002937878141793782   24    1   22   22
 0.007769019105135257   24    1   23    2
 -0.005917329965352598   24    1   23    6
 -0.005127959734994009   24    1   23    9
 0.008157310076884666   24    1   23   11
 0.0007908806946708596   24    1   23   16
 0.008685763475608269   24    1   23   17
 0.005082798235023812   24    1   23   23
 0.06559553519858585   24    1   24    1
 -0.004377743841692059   24    2    2    1
 -0.0001009608140283411   24    2    3    2
 -0.000461827013409116   24    2    5    2
 0.001655507277513226   24    2    6    1
 -0.000952801591795909   24    2    6    3
 0.001037390648398982   24    2    6    5
 0.0004848871167345807   24    2    7    2
 -0.0002869999810171049   24    2    7    6
 0.0002887703519448305   24    2    9    1
 0.001712540351878402   24    2    9    3
 0.0005259856725134162   24    2    9    5
 -0.0003342948238815513   24    2    9    7
 -0.001412017674430301   24    2   10    2
 0.0004581460856843043   24    2   10    6
 0.0004214416723386951   24    2   10    9
 -0.0005387565974064852   24    2   11    1
 0.0008842589866299905   24    2   11    3
 0.0001418157326194915   24    2   11    5
 9.082592812484236e-05   24    2   11    7
 0.0002369773276628097   24    2   11   10
 0.0008390337094470616   24    2   12    2
 6.856690544894752e-05   24    2   12    6
 0.0001736458857977803   24    2   12    9
 -5.004389697444253e-05   24    2   12   11
 -0.001980351248512689   24    2   13    4
 0.0003927152707471211   24    2   13    8
 -0.001457492507577038   24    2   14    2
 0.001359443904260961   24    2   14    6
 0.0001217248453424762   24    2   14    9
 -0.001445137712443696   24    2   14   11
 -0.001306845478645855   24    2   15   13
 -7.033796695890479e-05   24    2   16    1
 7.829779408903846e-05   24    2   16    3
 -0.0001218858474017084   24    2   16    5
 8.04622282527467e-05   24    2   16    7
 0.0006630944113926514   24    2   16   10
 -0.001186360572435534   24    2   16   12
 0.0005382300580702977   24    2   16   14
 0.002440411502101659   24    2   17    1
 0.001617207467791495   24    2   17    3
 0.001607921694586751   24    2   17    5
 -0.0009636046433158293   24    2   17    7
 -0.0005864239414595838   24    2   17   10
 -0.002102912514063508   24    2   17   12
 -0.001122384444972711   24    2   17   14
 0.002810332391927979   24    2   18    2
 -0.001782866739221134   24    2   18    6
 -0.001280901564379895   24    2   18    9
 0.001014552534942415   24    2   18   11
 -0.0003615160727891284   24    2   18   16
 -0.002254300637120906   24    2   18   17
 -0.0003374700274737363   24    2   19   13
 -0.004291667569648625   24    2   20    4
 0.001073676497122784   24    2   20    8
 -0.0001494141449962828   24    2   20   15
 0.0004167885850392345   24    2   20   19
 0.00211045238417863   24    2   21    2
 -0.001113113492049225   24    2   21    6
 -4.802818934731288e-05   24    2   21    9
 0.0008556693376164275   24    2   21   11
 -0.0005004050871230948   24    2   21   16
 -0.0006081783190201428   24    2   21   17
 -0.003031318929705205   24    2   22    2
 0.001618002155939632   24    2   22    6
 -0.0004518105795786526   24    2   22    9
 -0.001413651351709724   24    2   22   11
 0.0003381727709554681   24    2   22   16
 -0.000267122533393607   24    2   22   17
 0.0003156618570900149   24    2   23    1
 -0.003744032144874301   24    2   23    3
 -0.0005686477130636951   24    2   23    5
 0.00127582217668046   24    2   23    7
 0.0002448353919095529   24    2   23   10
 -0.0001235617897864433   24    2   23   12
 -0.0004582978867781519   24    2   23   14
 0.0005839365480077036   24    2   23   18
 -0.0001681377552769853   24    2   23   21
 0.002382304905733873   24    2   23   22
 0.01133838915274923   24    2   24    2
 -0.008708853937911112   24    3    1    1
 -0.005453882362871574   24    3    2    2
 -0.002315505070776007   24    3    3    1
 -0.004759050365323344   24    3    3    3
 -0.006945127950627306   24    3    4    4
 -0.004343395105951281   24    3    5    1
 -0.001800786217603339   24    3    5    3
 -0.002662205900852133   24    3    5    5
 0.002655988345313325   24    3    6    2
 -0.002228929331555637   24    3    6    6
 0.0004342835941554141   24    3    7    1
 0.007609686984971062   24    3    7    3
 0.002854199270164113   24    3    7    5
 -0.007288338312445982   24    3    7    7
 0.008178773376223145   24    3    8    4
 -0.007781606544809972   24    3    8    8
 0.005239091951345797   24    3    9    2
 -0.003172634742611659   24    3    9    6
 -0.002185594528496878   24    3    9    9
 0.003529594910814108   24    3   10    1
 -0.000552410282291828   24    3   10    3
 0.001511875108979078   24    3   10    5
 -0.0002352805468780964   24    3   10    7
 -0.0018222294069757   24    3   10   10
 -0.003770948479523569   24    3   11    2
 0.002721729400786027   24    3   11    6
 0.003289386456553874   24    3   11    9
 -0.004647077534773918   24    3   11   11
 0.005764930302339421   24    3   12    1
 -0.004501653095771786   24    3   12    3
 0.001191466984506122   24    3   12    5
 0.001281166309849552   24    3   12    7
 -0.001630242528807907   24    3   12   10
 -0.003587526946958116   24    3   12   12
 -0.0008134577185184119   24    3   13   13
 0.006212178575135639   24    3   14    1
 -0.002796182180011065   24    3   14    3
 0.001392161028196771   24    3   14    5
 0.002851347803249477   24    3   14    7
 -0.002029413065273092   24    3   14   10
 -0.003937114271826058   24    3   14   12
 -0.004740212575574382   24    3   14   14
 -0.0008276239706658982   24    3   15    4
 -0.001013475880367935   24    3   15    8
 -0.0004340064489557347   24    3   15   15
 -0.0007133216449960417   24    3   16    2
 6.399355421296753e-05   24    3   16    6
 0.001101813799575445   24    3   16    9
 -0.0001773622926341775   24    3   16   11
 -0.000425892499081972   24    3   16   16
 -0.002139505659438561   24    3   17    2
 0.001653919024552309   24    3   17    6
 0.002512809734785863   24    3   17    9
 -0.003839362192213718   24    3   17   11
 0.0004413315965980707   24    3   17   16
 -0.006186918854263023   24    3   17   17
 -0.0019901023447226   24    3   18    1
 -0.00203955217457291   24    3   18    3
 -0.00158129910396476   24    3   18    5
 0.003090222442572445   24    3   18    7
 0.0009051670638476409   24    3   18   10
 0.001700417456737009   24    3   18   12
 0.0003236750165629366   24    3   18   14
 -0.004675604267233909   24    3   18   18
 -0.004581252964833351   24    3   19    4
 0.001121583695513743   24    3   19    8
 0.0001585539059246538   24    3   19   15
 -0.000236632063563533   24    3   19   19
 -0.000361672003374417   24    3   20   13
 0.0003140793113477132   24    3   20   20
 -0.0005718848955511092   24    3   21    1
 -0.005557193685129199   24    3   21    3
 -0.001798974946809206   24    3   21    5
 0.002325478966868986   24    3   21    7
 0.001282659070452935   24    3   21   10
 3.260397087555649e-05   24    3   21   12
 -0.0006743676800033797   24    3   21   14
 -0.000142472508365669   24    3   21   18
 -0.0002358288812478845   24    3   21   21
 7.981384630280884e-05   24    3   22    1
 -0.003068324878470783   24    3   22    3
 -0.001041321838617843   24    3   22    5
 0.003116373714941109   24    3   22    7
 9.653197951347429e-05   24    3   22   10
 0.0002800506114519086   24    3   22   12
 -0.0004621958579370469   24    3   22   14
 -0.002220409867047882   24    3   22   18
 0.0001102583863257955   24    3   22   21
 -0.00085588060228849   24    3   22   22
 -0.006572954133028858   24    3   23    2
 0.003958322691653773   24    3   23    6
 0.002262285831379617   24    3   23    9
 -0.004250781346840285   24    3   23   11
 -0.001384939749272879   24    3   23   16
 -0.002541536111227844   24    3   23   17
 -0.0004141227036294657   24    3   23   23
 -0.01995539554414054   24    3   24    1
 0.02089799660470222   24    3   24    3
 -0.00377007560443894   24    4    4    1
 0.000896458289291746   24    4    4    3
 -0.001117714864983622   24    4    5    4
 0.000105339301404174   24    4    7    4
 -0.0001726191507525457   24    4    8    1
 0.0005246855312481759   24    4    8    3
 -0.0002519696111401561   24    4    8    5
 -0.0002160709534036105   24    4    8    7
 0.0008357312668299907   24    4   10    4
 0.0002292670248405535   24    4   10    8
 -0.001974783802294156   24    4   12    4
 0.001685720171233783   24    4   12    8
 -0.001872476592750029   24    4   13    2
 0.0008754716546460631   24    4   13    6
 0.0002369299179102202   24    4   13    9
 -0.0004166162489543607   24    4   13   11
 -0.003969932981091428   24    4   14    4
 0.002393806738448239   24    4   14    8
 -0.0004307736563209313   24    4   15    1
 -0.001794639059713855   24    4   15    3
 -0.0005500701533250443   24    4   15    5
 0.0004510556201789977   24    4   15    7
 0.0001538972677590813   24    4   15   10
 0.0007386367307232617   24    4   15   12
 0.0004486657218335437   24    4   15   14
 -0.0001885398940576457   24    4   16   13
 0.0009519061284498905   24    4   17   13
 -0.001642307818703392   24    4   18    4
 -0.000625784797511773   24    4   18    8
 0.0009392565274838334   24    4   18   15
 -0.0007773429687896241   24    4   19    1
 -0.004062202456731339   24    4   19    3
 -0.001374823142412339   24    4   19    5
 0.0008821076175903198   24    4   19    7
 0.001097413682305851   24    4   19   10
 0.000532831216259308   24    4   19   12
 -0.0005939782637605154   24    4   19   14
 0.0002715268332734707   24    4   19   18
 -0.003903948956368614   24    4   20    2
 0.002093262370166751   24    4   20    6
 -0.0004632153130296887   24    4   20    9
 -0.001489634407384841   24    4   20   11
 -0.000609850412524132   24    4   20   16
 0.0006749727855434733   24    4   20   17
 0.002118507968024321   24    4   21    4
 -0.0002275227417278404   24    4   21    8
 -0.0003238740215203449   24    4   21   15
 -6.641358368371043e-05   24    4   21   19
 0.003838535359264868   24    4   22    4
 -0.0007382079646481079   24    4   22    8
 -0.0006735608802513923   24    4   22   15
 0.0008441400086272115   24    4   22   19
 -0.0004616845183665059   24    4   23   13
 0.0008888265352377118   24    4   23   20
 0.01764804037810957   24    4   24    4
 0.00246103879286619   24    5    1    1
 0.0003100225994530889   24    5    2    2
 -0.002509279058751281   24    5    3    1
 0.002273271549438626   24    5    3    3
 0.002482671983913295   24    5    4    4
 0.002186028920509313   24    5    5    1
 0.0003258195154869259   24    5    5    3
 0.001479269566638445   24    5    5    5
 -0.001845312938544213   24    5    6    2
 0.002482257977243448   24    5    6    6
 -0.0001385234254706323   24    5    7    1
 -0.005840145042964695   24    5    7    3
 -0.002449485176834081   24    5    7    5
 0.003891888776943621   24    5    7    7
 -0.007387623446221285   24    5    8    4
 0.004603695668909988   24    5    8    8
 -0.002819183264685744   24    5    9    2
 0.002568218168356576   24    5    9    6
 -0.001103127169299865   24    5    9    9
 -0.002507693577916996   24    5   10    1
 0.0004454329837334984   24    5   10    3
 -0.0003000908433449481   24    5   10    5
 0.0009062517690460193   24    5   10    7
 -0.001477739892949297   24    5   10   10
 0.004955929756861296   24    5   11    2
 -0.001684468872055445   24    5   11    6
 -0.003364723819183638   24    5   11    9
 0.002839270753059936   24    5   11   11
 -0.005943514684715373   24    5   12    1
 0.0001542463854572207   24    5   12    3
 -0.001803386678231708   24    5   12    5
 0.000808435984386156   24    5   12    7
 0.003012156436677958   24    5   12   10
 0.0007735105400879153   24    5   12   12
 -0.003662649926944057   24    5   13   13
 -0.005988862542505746   24    5   14    1
 0.002324838129090589   24    5   14    3
 -0.00107880522812257   24    5   14    5
 -0.001020936421222069   24    5   14    7
 0.002148235953907869   24    5   14   10
 0.003768971129159773   24    5   14   12
 0.0002753974950894283   24    5   14   14
 -0.001736781393236808   24    5   15    4
 0.00133509652586374   24    5   15    8
 -0.003213502122125921   24    5   15   15
 0.0004656245173316963   24    5   16    2
 -0.0003830591074877107   24    5   16    6
 -0.0002978458815589575   24    5   16    9
 0.0006641911115620798   24    5   16   11
 -0.002907666101780813   24    5   16   16
 0.00658327363739598   24    5   17    2
 -0.002072754570878158   24    5   17    6
 -0.003916738335508083   24    5   17    9
 0.002501036258707002   24    5   17   11
 0.0006870444907015   24    5   17   16
 0.001686606794861495   24    5   17   17
 0.00551446120059112   24    5   18    1
 0.0043687377241429   24    5   18    3
 0.002151386516959525   24    5   18    5
 -0.003915227013178234   24    5   18    7
 8.319542041740731e-05   24    5   18   10
 -0.002908107728666488   24    5   18   12
 -0.003087995985127053   24    5   18   14
 0.002413820227916541   24    5   18   18
 -0.001182164813234971   24    5   19    4
 -0.0001532017404860609   24    5   19    8
 -0.0008483575960895421   24    5   19   15
 -0.003609098442519368   24    5   19   19
 -0.0009875541009954129   24    5   20   13
 -0.003205765081979572   24    5   20   20
 -0.0001908712537533652   24    5   21    1
 -0.0004676770232225743   24    5   21    3
 -0.0001497906314066626   24    5   21    5
 -0.0006608475697243249   24    5   21    7
 0.0007854551748269586   24    5   21   10
 -0.0005444023330143336   24    5   21   12
 0.0006390066756792204   24    5   21   14
 0.001169434488536277   24    5   21   18
 -0.002818945513477763   24    5   21   21
 0.002383398754096001   24    5   22    1
 0.003020328347081504   24    5   22    3
 0.001557911906870739   24    5   22    5
 -0.002639183722780949   24    5   22    7
 -7.817638537451526e-05   24    5   22   10
 -0.0007415982258398844   24    5   22   12
 -0.0007904498105467948   24    5   22   14
 0.003691955298715236   24    5   22   18
 0.0004609653757849785   24    5   22   21
 -0.0008114979246208812   24    5   22   22
 0.003127291260439073   24    5   23    2
 -0.001417581070983276   24    5   23    6
 -0.002390571422915731   24    5   23    9
 0.00221310613252168   24    5   23   11
 -0.0001393266556556345   24    5   23   16
 0.00430610847043451   24    5   23   17
 0.0009776004467925126   24    5   23   23
 0.02509919949376946   24    5   24    1
 -0.002661366621061792   24    5   24    3
 0.01156909675849741   24    5   24    5
 0.001914438687089889   24    6    2    1
 -0.0004101816623860758   24    6    3    2
 0.0009675898318620654   24    6    5    2
 -0.001090427510071078   24    6    6    1
 -0.0001386888957121299   24    6    6    3
 0.002726118822683548   24    6    6    5
 -0.0002286725338737354   24    6    7    2
 -0.0003711634202235862   24    6    7    6
 0.0002959525257621264   24    6    9    1
 -0.0009524485327360879   24    6    9    3
 0.0003238030903958869   24    6    9    5
 0.0003759926865430457   24    6    9    7
 0.0008993628958273662   24    6   10    2
 -0.0001868999346623503   24    6   10    6
 -0.0003407194400814418   24    6   10    9
 -6.066937478497658e-05   24    6   11    1
 -0.000660233655717826   24    6   11    3
 0.0005534832681828325   24    6   11    5
 0.0005655045966634853   24    6   11    7
 0.001415137555298263   24    6   11   10
 0.0001425963769327513   24    6   12    2
 0.0003322397069736602   24    6   12    6
 -0.0002572387267101251   24    6   12    9
 0.001304187199725107   24    6   12   11
 0.001122352646500749   24    6   13    4
 -0.0002285430795540432   24    6   13    8
 0.001734382101176439   24    6   14    2
 -0.0001441356569276059   24    6   14    6
 -0.0003842245894930569   24    6   14    9
 0.001213053501814696   24    6   14   11
 6.946579539785233e-05   24    6   15   13
 -5.836289415486098e-05   24    6   16    1
 -0.000139301853472541   24    6   16    3
 5.091931316570169e-05   24    6   16    5
 -2.326908769245609e-05   24    6   16    7
 -1.346246842083089e-05   24    6   16   10
 0.0001053325941404442   24    6   16   12
 0.0002619796139691664   24    6   16   14
 -0.002162329725261166   24    6   17    1
 -0.001738021804890136   24    6   17    3
 0.0004218513842213452   24    6   17    5
 -0.0005128345024625718   24    6   17    7
 -0.001487678565297271   24    6   17   10
 0.0009415196675374441   24    6   17   12
 0.001278695608342035   24    6   17   14
 -0.003112097595012017   24    6   18    2
 -0.0006349461230197129   24    6   18    6
 0.001004829927382502   24    6   18    9
 0.0006318821765763335   24    6   18   11
 0.0005184671129116833   24    6   18   16
 -0.001398421276073093   24    6   18   17
 0.0005138494145173801   24    6   19   13
 0.002325772084177299   24    6   20    4
 -0.0001659808546443136   24    6   20    8
 0.0004844825356513906   24    6   20   15
 -0.001009004860099344   24    6   20   19
 -0.001235245139333406   24    6   21    2
 0.0004408210576254634   24    6   21    6
 -0.0001568003060131832   24    6   21    9
 -0.0002140259030130024   24    6   21   11
 0.001012216126532688   24    6   21   16
 0.0004624924415788667   24    6   21   17
 0.0008379235124586341   24    6   22    2
 -0.001431580300704734   24    6   22    6
 0.0008548800080850354   24    6   22    9
 0.001367188831155424   24    6   22   11
 -0.0003509879677807746   24    6   22   16
 -0.001086160898226088   24    6   22   17
 -0.00171111011715588   24    6   23    1
 0.001792573751693355   24    6   23    3
 0.0005228701763294825   24    6   23    5
 -0.0007050695270979594   24    6   23    7
 -0.0007770942455171651   24    6   23   10
 0.0005314840835929154   24    6   23   12
 0.0009688471010789812   24    6   23   14
 -0.001609533475599437   24    6   23   18
 -0.0002367187579161336   24    6   23   21
 -0.00276731729835279   24    6   23   22
 -0.007661688057086283   24    6   24    2
 0.005498256940911664   24    6   24    6
 0.00700388978950302   24    7    1    1
 0.005651493631658341   24    7    2    2
 0.0007834621826019729   24    7    3    1
 0.006516413407622728   24    7    3    3
 0.005991267242325385   24    7    4    4
 0.001506937924411991   24    7    5    1
 -0.0004933293933314805   24    7    5    3
 0.00181349754479569   24    7    5    5
 -0.0009067976993457667   24    7    6    2
 0.002615241189755231   24    7    6    6
 0.003897406216897045   24    7    7    1
 -0.006521893834306226   24    7    7    3
 -0.002619468236658447   24    7    7    5
 0.00390180321138305   24    7    7    7
 -0.004794657392499016   24    7    8    4
 0.004813844599415338   24    7    8    8
 -0.004467322460749608   24    7    9    2
 0.002170355821025342   24    7    9    6
 0.0001284731408102446   24    7    9    9
 -0.001774177425745582   24    7   10    1
 0.001341330401918103   24    7   10    3
 -7.832555232767247e-05   24    7   10    5
 -0.001226950739157233   24    7   10    7
 0.004221890955347208   24    7   10   10
 0.001218585660790301   24    7   11    2
 -0.002429102033929872   24    7   11    6
 -0.0001959269878071124   24    7   11    9
 0.005459173980451047   24    7   11   11
 -0.001661743221119356   24    7   12    1
 0.007162031311808774   24    7   12    3
 0.0004498116567934946   24    7   12    5
 -0.0002588097983898577   24    7   12    7
 -0.0005062715492976499   24    7   12   10
 0.004075162504638761   24    7   12   12
 0.004861030037316546   24    7   13   13
 -0.003441691461615384   24    7   14    1
 0.004280104766048698   24    7   14    3
 0.0003477516892447802   24    7   14    5
 -0.004377475686119287   24    7   14    7
 -6.912402482197145e-05   24    7   14   10
 0.001357612725964538   24    7   14   12
 0.005992033640847669   24    7   14   14
 0.00151546096028614   24    7   15    4
 0.002130282512113206   24    7   15    8
 0.00415870207628135   24    7   15   15
 0.001100403328020071   24    7   16    2
 0.001186925764784528   24    7   16    6
 -0.002014656626434899   24    7   16    9
 -0.0004302427885732327   24    7   16   11
 0.004036805545769876   24    7   16   16
 -5.559509627082477e-05   24    7   17    2
 -0.00114885759683904   24    7   17    6
 -0.0008153591244675286   24    7   17    9
 0.003244816412784172   24    7   17   11
 -0.0008531133032817607   24    7   17   16
 0.006854489482661986   24    7   17   17
 -0.002189154310118108   24    7   18    1
 -0.000677246479636907   24    7   18    3
 -0.0002323434230433501   24    7   18    5
 -0.0008141373386050314   24    7   18    7
 -9.10080533154789e-05   24    7   18   10
 -0.0002921266787861946   24    7   18   12
 0.002028035671814599   24    7   18   14
 0.003802010334887927   24    7   18   18
 0.001690954626057835   24    7   19    4
 0.001133463766744578   24    7   19    8
 0.0002154713729294705   24    7   19   15
 0.00358301947017835   24    7   19   19
 -3.280556412803923e-05   24    7   20   13
 0.002914458863692616   24    7   20   20
 -0.0002523951920144189   24    7   21    1
 0.001823951101501681   24    7   21    3
 0.000574336061653369   24    7   21    5
 4.210906023838173e-05   24    7   21    7
 -0.001163370459667087   24    7   21   10
 0.0002831166232422011   24    7   21   12
 0.0003813784280775398   24    7   21   14
 -0.001528414625288564   24    7   21   18
 0.002891663512823102   24    7   21   21
 -0.002228644286471723   24    7   22    1
 0.001723782664997903   24    7   22    3
 -0.000252951505009637   24    7   22    5
 -0.001306754338994809   24    7   22    7
 -0.0002278052881468657   24    7   22   10
 0.0003245775035790852   24    7   22   12
 0.00147322395995975   24    7   22   14
 0.0001991334310347789   24    7   22   18
 -0.0009577720097146684   24    7   22   21
 0.003027470905774549   24    7   22   22
 0.001496491735519835   24    7   23    2
 -0.001516790528109853   24    7   23    6
 -0.000223691690536265   24    7   23    9
 0.00177249903177006   24    7   23   11
 1.846618432142388e-05   24    7   23   16
 -0.0001778454273158339   24    7   23   17
 0.000742221374393222   24    7   23   23
 0.00577026478176635   24    7   24    1
 -0.01764665377858933   24    7   24    3
 -0.003321111146463866   24    7   24    5
 0.01846962160810257   24    7   24    7
 0.001293694657104213   24    8    4    1
 0.0005499508526590553   24    8    4    3
 -0.001547417541942783   24    8    5    4
 -0.0006051248926933931   24    8    7    4
 0.005435436003271134   24    8    8    1
 -0.001786733205377687   24    8    8    3
 -0.0007919747077227772   24    8    8    5
 4.082594348421113e-05   24    8    8    7
 0.0003070659049629394   24    8   10    4
 -0.002909209034395946   24    8   10    8
 0.006104533869839124   24    8   12    4
 -0.001303159806852306   24    8   12    8
 0.003486930149918162   24    8   13    2
 0.0009503213428304045   24    8   13    6
 0.000912257157312713   24    8   13    9
 -0.001133618855810684   24    8   13   11
 0.008471448627887084   24    8   14    4
 -6.059141349818314e-05   24    8   14    8
 0.001725768554169671   24    8   15    1
 0.002517667872027238   24    8   15    3
 -0.0001953690249147529   24    8   15    5
 0.001775107486280532   24    8   15    7
 0.0006992605244430831   24    8   15   10
 -0.001184825551653872   24    8   15   12
 -0.001005924332255947   24    8   15   14
 0.0005474705964682724   24    8   16   13
 -0.002161188591198208   24    8   17   13
 -0.0009121394328407358   24    8   18    4
 0.003079178291967926   24    8   18    8
 -0.001496871268546805   24    8   18   15
 0.0003093346624769556   24    8   19    1
 0.001208462143449218   24    8   19    3
 0.0007610105687048367   24    8   19    5
 0.0012395410935582   24    8   19    7
 -0.001504758002010573   24    8   19   10
 6.037895356477443e-05   24    8   19   12
 0.0007242397215067003   24    8   19   14
 -0.001260022387271743   24    8   19   18
 0.0009238846260838639   24    8   20    2
 -0.001286569746516728   24    8   20    6
 0.001843226411383382   24    8   20    9
 -0.0001574642653320935   24    8   20   11
 0.0002355836751241895   24    8   20   16
 -0.00189573722502095   24    8   20   17
 -0.0002758406387461263   24    8   21    4
 -0.0007718463273342949   24    8   21    8
 9.866044403127313e-05   24    8   21   15
 -1.628202391733268e-05   24    8   21   19
 -0.0008898375652654514   24    8   22    4
 -0.0002782772765348332   24    8   22    8
 -0.0007016828498055276   24    8   22   15
 -0.001323230571324915   24    8   22   19
 -0.0005315312029096115   24    8   23   13
 -0.001306438015198156   24    8   23   20
 -0.01822290715854565   24    8   24    4
 0.02010416081466402   24    8   24    8
 0.000830605142158074   24    9    2    1
 0.001501435511047752   24    9    3    2
 -0.001577504323118891   24    9    5    2
 0.0009063839649403765   24    9    6    1
 4.463857335007848e-05   24    9    6    3
 -0.0006695333726543233   24    9    6    5
 -0.00128076681216109   24    9    7    2
 0.001253611890793426   24    9    7    6
 0.002016714062697664   24    9    9    1
 -0.002126291521159838   24    9    9    3
 -0.001625339326746102   24    9    9    5
 -0.001483320058492444   24    9    9    7
 0.002172369677218433   24    9   10    2
 -0.0004805466403062158   24    9   10    6
 -0.0005044965902261002   24    9   10    9
 -0.00244863482437291   24    9   11    1
 0.0009411373643500527   24    9   11    3
 -0.0003322246256757238   24    9   11    5
 -0.0006615022344880602   24    9   11    7
 -0.0007618659414091349   24    9   11   10
 0.001175483689686958   24    9   12    2
 -0.001852027520523958   24    9   12    6
 -0.0008252808846444606   24    9   12    9
 0.001472630368300293   24    9   12   11
 0.001381170562311021   24    9   13    4
 0.001096371513557556   24    9   13    8
 0.00349651387369068   24    9   14    2
 -0.00185168440085416   24    9   14    6
 0.0007669340996302829   24    9   14    9
 0.001984929529216957   24    9   14   11
 0.002803060459700311   24    9   15   13
 -0.0005608314247407388   24    9   16    1
 -0.0002054615325821607   24    9   16    3
 0.000325417141601013   24    9   16    5
 -0.0006821691033675134   24    9   16    7
 -0.001723134585966027   24    9   16   10
 0.002388522035174649   24    9   16   12
 -0.001052164588481315   24    9   16   14
 -0.003518761147965857   24    9   17    1
 0.0005005928206741543   24    9   17    3
 -0.001048630327293572   24    9   17    5
 -0.0004209743270922   24    9   17    7
 0.0007216043870116448   24    9   17   10
 0.002617582487671269   24    9   17   12
 0.001307341029721027   24    9   17   14
 -0.00215948690851375   24    9   18    2
 0.001213590552357221   24    9   18    6
 0.0006911071306779055   24    9   18    9
 -0.00060265248952789   24    9   18   11
 0.0003359510381826678   24    9   18   16
 0.00208698290536747   24    9   18   17
 -0.000414277661133886   24    9   19   13
 7.338759991833667e-05   24    9   20    4
 0.001247906371976932   24    9   20    8
 -0.0001679073316275296   24    9   20   15
 0.0008909910222051544   24    9   20   19
 0.0004028855897996147   24    9   21    2
 9.678847670362144e-05   24    9   21    6
 -0.000376652086519602   24    9   21    9
 0.0004146389641137953   24    9   21   11
 -0.0005623241899239656   24    9   21   16
 0.0008525863340327985   24    9   21   17
 -0.0006160357354384103   24    9   22    2
 0.0001900282138113956   24    9   22    6
 0.001460751753001165   24    9   22    9
 -0.0006928776570933359   24    9   22   11
 0.0002850545228207256   24    9   22   16
 -0.0006663154760201912   24    9   22   17
 -0.0003259982022264183   24    9   23    1
 -0.0002999156036657328   24    9   23    3
 -0.0006127382042166148   24    9   23    5
 0.0005439855419120495   24    9   23    7
 -0.0002541548169396031   24    9   23   10
 0.0009286739128829201   24    9   23   12
 -3.650055456284876e-05   24    9   23   14
 -0.0009750514950237826   24    9   23   18
 0.0007924528569180896   24    9   23   21
 -0.001240855140812617   24    9   23   22
 -0.008081721910447729   24    9   24    2
 0.005566872974313355   24    9   24    6
 0.006417957247428895   24    9   24    9
 -0.01222434549023183   24   10    1    1
 -0.008559727837369174   24   10    2    2
 0.003895593730194822   24   10    3    1
 -0.01179170648010394   24   10    3    3
 -0.01166539708959183   24   10    4    4
 -0.004276626892709066   24   10    5    1
 -0.002066173443120044   24   10    5    3
 -0.002963970478409604   24   10    5    5
 0.00595578606757184   24   10    6    2
 -0.004213288045693759   24   10    6    6
 -0.0007669349093044051   24   10    7    1
 0.009590589557120043   24   10    7    3
 0.003252898630377009   24   10    7    5
 -0.01098361770850808   24   10    7    7
 0.01022524612950209   24   10    8    4
 -0.01177319258342317   24   10    8    8
 0.004815191280915661   24   10    9    2
 -0.003258447577992189   24   10    9    6
 -0.003960583374305404   24   10    9    9
 0.004153413501202405   24   10   10    1
 6.666668892064784e-06   24   10   10    3
 0.001240742004400724   24   10   10    5
 0.0002040671026160793   24   10   10    7
 -0.0007889994824709758   24   10   10   10
 -0.008124181758735236   24   10   11    2
 0.005355987646497278   24   10   11    6
 0.005010530334768883   24   10   11    9
 -0.006681893159229474   24   10   11   11
 0.007297975973248308   24   10   12    1
 -0.001944330072301516   24   10   12    3
 0.003538170829035629   24   10   12    5
 0.0001274718144105617   24   10   12    7
 -0.002517489449752755   24   10   12   10
 -0.006692901432070892   24   10   12   12
 -0.0004675542120904361   24   10   13   13
 0.007317919237406246   24   10   14    1
 -0.004550785466710214   24   10   14    3
 0.002072388153040923   24   10   14    5
 0.00264270032328652   24   10   14    7
 -0.002209480305878794   24   10   14   10
 -0.00559827102987518   24   10   14   12
 -0.006911617915478488   24   10   14   14
 0.002117692792469387   24   10   15    4
 -0.001577807220701491   24   10   15    8
 -0.0008177588659337538   24   10   15   15
 -0.001610254373556084   24   10   16    2
 0.000242805892356883   24   10   16    6
 0.0003760311185005745   24   10   16    9
 -0.0002080417493727288   24   10   16   11
 -8.844175128520274e-05   24   10   16   16
 -0.006651668857638154   24   10   17    2
 0.004237402247560592   24   10   17    6
 0.003957105770896006   24   10   17    9
 -0.0060673305417325   24   10   17   11
 -0.0006634365865141281   24   10   17   16
 -0.00707576985859348   24   10   17   17
 -0.004415521264228974   24   10   18    1
 -0.004186971878145988   24   10   18    3
 -0.003298503824809403   24   10   18    5
 0.005393952876520628   24   10   18    7
 0.001463091348759447   24   10   18   10
 0.003017143596330079   24   10   18   12
 0.001942519858531534   24   10   18   14
 -0.006781264067410136   24   10   18   18
 0.0009039348938107007   24   10   19    4
 -0.0004756262128074133   24   10   19    8
 -0.001546425480582026   24   10   19   15
 -0.004673744878269456   24   10   19   19
 -0.001717374762480381   24   10   20   13
 -0.006162127051090389   24   10   20   20
 0.0006496319073154453   24   10   21    1
 5.82900354814343e-05   24   10   21    3
 7.386540476672761e-05   24   10   21    5
 0.0005922346749449396   24   10   21    7
 0.0001850540629446809   24   10   21   10
 -0.001764287406976738   24   10   21   12
 0.001012772224716506   24   10   21   14
 -0.0003516176435036847   24   10   21   18
 -0.005760121782545265   24   10   21   21
 -0.003740834688987532   24   10   22    1
 -0.003179272663367346   24   10   22    3
 -0.001869111462175242   24   10   22    5
 0.003767043790036799   24   10   22    7
 -0.0007312717846167459   24   10   22   10
 0.002421001547030637   24   10   22   12
 0.0005667257463069712   24   10   22   14
 -0.00106526664312305   24   10   22   18
 0.001017888864082518   24   10   22   21
 -0.007666773193380106   24   10   22   22
 -0.004073909083796275   24   10   23    2
 0.001781753190355651   24   10   23    6
 0.004199727123272663   24   10   23    9
 -0.002042286859379842   24   10   23   11
 0.0003625429924396396   24   10   23   16
 -0.001206346325700024   24   10   23   17
 -0.009454039004384929   24   10   23   23
 -0.02442842946068864   24   10   24    1
 0.007097618105012926   24   10   24    3
 -0.009555203276356486   24   10   24    5
 -0.001883219771804908   24   10   24    7
 0.009536901867515343   24   10   24   10
 -0.003102039506182069   24   11    2    1
 -0.0005833582740359797   24   11    3    2
 0.002524927823337935   24   11    5    2
 -0.0004326695108722292   24   11    6    1
 -0.002088867621969269   24   11    6    3
 0.00203206605777527   24   11    6    5
 -0.0002557723260363107   24   11    7    2
 -0.0006480096827749604   24   11    7    6
 -0.001766346502402486   24   11    9    1
 0.002505880241808063   24   11    9    3
 0.00108099478392028   24   11    9    5
 0.001654171964385814   24   11    9    7
 -0.004238503147831807   24   11   10    2
 0.0004170122899120474   24   11   10    6
 0.001654947547166122   24   11   10    9
 0.002343781062767573   24   11   11    1
 0.001724860688881668   24   11   11    3
 0.0004534023125811941   24   11   11    5
 0.00036778807825705   24   11   11    7
 0.003276842672601162   24   11   11   10
 -0.0009830896294141258   24   11   12    2
 0.001684599480789306   24   11   12    6
 0.001593139059917786   24   11   12    9
 -0.0003787937221830848   24   11   12   11
 -0.00237706338483904   24   11   13    4
 -0.001245301992570095   24   11   13    8
 -0.003167022763828898   24   11   14    2
 0.00238972693519759   24   11   14    6
 -0.001071215881829953   24   11   14    9
 -0.002577979623065188   24   11   14   11
 -0.005045656107674074   24   11   15   13
 0.0004792376432620737   24   11   16    1
 0.0002873529951002329   24   11   16    3
 -0.0004066890224743044   24   11   16    5
 -1.29844534827564e-05   24   11   16    7
 0.003028408225044898   24   11   16   10
 -0.004298316734628814   24   11   16   12
 0.00225277349624642   24   11   16   14
 0.002831441644734328   24   11   17    1
 0.001268199982421873   24   11   17    3
 0.001231977816820006   24   11   17    5
 -0.0004902971357834398   24   11   17    7
 -0.0005962368220112484   24   11   17   10
 -0.002538997742739244   24   11   17   12
 -0.0008081512806909576   24   11   17   14
 0.003692993316276741   24   11   18    2
 -0.001941152252200066   24   11   18    6
 -0.001515546838347611   24   11   18    9
 0.0005729701639651949   24   11   18   11
 -0.000190380529579399   24   11   18   16
 -0.003435086435970982   24   11   18   17
 0.001772704350849383   24   11   19   13
 -0.001896010247293496   24   11   20    4
 -0.0002767700004322363   24   11   20    8
 0.001743654013686214   24   11   20   15
 0.0009900859023145472   24   11   20   19
 0.000980231163338934   24   11   21    2
 -0.000461689817930946   24   11   21    6
 -0.0004604511276346948   24   11   21    9
 -0.0004562125187886859   24   11   21   11
 0.001320146928596974   24   11   21   16
 -0.001536542631773224   24   11   21   17
 0.0001080749961705855   24   11   22    2
 0.001038775303825391   24   11   22    6
 -0.002435784749849272   24   11   22    9
 -0.001494170719664851   24   11   22   11
 -0.0006611478237869261   24   11   22   16
 -0.0009890376992721685   24   11   22   17
 0.004319658355742523   24   11   23    1
 -0.001604463552494144   24   11   23    3
 0.0009072336551076163   24   11   23    5
 0.0002275846614290088   24   11   23    7
 0.001079987879546246   24   11   23   10
 -0.001392581938139637   24   11   23   12
 -0.001983341215064964   24   11   23   14
 -0.0002314893102933436   24   11   23   18
 -4.811158161040451e-05   24   11   23   21
 0.003106903180159975   24   11   23   22
 0.0107928727989739   24   11   24    2
 -0.007511262562444864   24   11   24    6
 -0.00808149467809135   24   11   24    9
 0.01100962171223154   24   11   24   11
 -0.03297109929963703   24   12    1    1
 -0.02210809677721154   24   12    2    2
 0.007466770400077955   24   12    3    1
 -0.03117081254968227   24   12    3    3
 -0.03284153894501882   24   12    4    4
 -0.01169214489344507   24   12    5    1
 -0.00676038290520334   24   12    5    3
 -0.008152757012139068   24   12    5    5
 0.01320562925988061   24   12    6    2
 -0.009082045342578358   24   12    6    6
 0.0003268890529981789   24   12    7    1
 0.02500460077727791   24   12    7    3
 0.007861086158731045   24   12    7    5
 -0.02637308429467511   24   12    7    7
 0.02745334056921923   24   12    8    4
 -0.02778761325662855   24   12    8    8
 0.0111413026689094   24   12    9    2
 -0.007037727851236067   24   12    9    6
 -0.01120049786872789   24   12    9    9
 0.009180695520613799   24   12   10    1
 -0.001318985457350653   24   12   10    3
 0.005756449353475166   24   12   10    5
 -0.001310510878931746   24   12   10    7
 -0.006594808026875415   24   12   10   10
 -0.01580587702462881   24   12   11    2
 0.01215593304524534   24   12   11    6
 0.01001960057403136   24   12   11    9
 -0.01700617738308496   24   12   11   11
 0.01741541419686085   24   12   12    1
 -0.002460523140097616   24   12   12    3
 0.007010544802808561   24   12   12    5
 0.0010447585650725   24   12   12    7
 -0.005380834599819945   24   12   12   10
 -0.0149473036401467   24   12   12   12
 -0.003891045861849357   24   12   13   13
 0.01689397521084664   24   12   14    1
 -0.009645018103886212   24   12   14    3
 0.005534439366584668   24   12   14    5
 0.006084793460109897   24   12   14    7
 -0.006439695385703152   24   12   14   10
 -0.01108774299438532   24   12   14   12
 -0.01777962026646431   24   12   14   14
 0.004632545179693083   24   12   15    4
 -0.004157243014777583   24   12   15    8
 -0.004854082688955623   24   12   15   15
 -0.0009819711761911161   24   12   16    2
 0.002151828091020309   24   12   16    6
 0.001074933403291109   24   12   16    9
 -0.002740249743261376   24   12   16   11
 -0.002691719226702103   24   12   16   16
 -0.01225519401412599   24   12   17    2
 0.009742234608604411   24   12   17    6
 0.007794795863114655   24   12   17    9
 -0.01470791385262862   24   12   17   11
 -0.002309295771408742   24   12   17   16
 -0.017377437873026   24   12   17   17
 -0.01163901513599813   24   12   18    1
 -0.008954932053946131   24   12   18    3
 -0.009430811716987075   24   12   18    5
 0.01257775139830651   24   12   18    7
 0.007278241271844227   24   12   18   10
 0.007002683769554792   24   12   18   12
 0.003974215524917207   24   12   18   14
 -0.0190668916968106   24   12   18   18
 0.0005722502410661185   24   12   19    4
 0.0004608730009223759   24   12   19    8
 -0.00600619599334913   24   12   19   15
 -0.02093774057203156   24   12   19   19
 -0.005089565797709838   24   12   20   13
 -0.01837221977162222   24   12   20   20
 -0.001994080415035987   24   12   21    1
 -0.001217907917527696   24   12   21    3
 -0.0008717006937348725   24   12   21    5
 0.002558296920000003   24   12   21    7
 0.0007934651557219948   24   12   21   10
 -0.003737740938732272   24   12   21   12
 0.005048987644016697   24   12   21   14
 0.000578922296924562   24   12   21   18
 -0.02094525335986981   24   12   21   21
 -0.002581564204039172   24   12   22    1
 -0.008241879754801599   24   12   22    3
 -0.00397729015896896   24   12   22    5
 0.01019309826684028   24   12   22    7
 -0.0008600452703787035   24   12   22   10
 0.003653103303076156   24   12   22   12
 0.001525926633329831   24   12   22   14
 -0.0005189947607058737   24   12   22   18
 -0.00117810785979598   24   12   22   21
 -0.02113899842073617   24   12   22   22
 -0.008817511031265862   24   12   23    2
 0.00466262334461395   24   12   23    6
 0.009631809985528433   24   12   23    9
 -0.006084778068877907   24   12   23   11
 -0.001282348229599737   24   12   23   16
 -0.001337030573751109   24   12   23   17
 -0.02520144620047158   24   12   23   23
 -0.04842459059691819   24   12   24    1
 0.01546633623230925   24   12   24    3
 -0.01846257200270164   24   12   24    5
 -0.005007524018122877   24   12   24    7
 0.01842257590503223   24   12   24   10
 0.03778956770892586   24   12   24   12
 -0.00114322348287074   24   13    4    2
 0.001140455308989628   24   13    6    4
 0.001405526838232225   24   13    8    2
 -0.0003539371692009671   24   13    8    6
 0.0007303258877608239   24   13    9    4
 -1.4018412042205e-05   24   13    9    8
 -0.001193079251473017   24   13   11    4
 0.0005765803081697935   24   13   11    8
 4.17096374586878e-05   24   13   13    1
 0.0009271194708832886   24   13   13    3
 -0.001043108714503728   24   13   13    5
 0.0005258272740484774   24   13   13    7
 0.0009727333610055598   24   13   13   10
 0.0007776389944060925   24   13   13   12
 0.0006337125986158081   24   13   14   13
 0.001168946791594584   24   13   15    2
 0.0005399120501558767   24   13   15    6
 2.969525301965349e-05   24   13   15    9
 -0.000767740712492724   24   13   15   11
 -0.0001117071825999325   24   13   16    4
 0.0002629920097516215   24   13   16    8
 1.323117587711887e-05   24   13   16   15
 -0.0007119498234513503   24   13   17    4
 8.281343250472412e-06   24   13   17    8
 -0.0003290126055339795   24   13   17   15
 -0.0008246658778820483   24   13   18   13
 -0.000579602388023204   24   13   19    2
 -0.0002991257289317808   24   13   19    6
 0.0003985191906725059   24   13   19    9
 0.0005251780880532373   24   13   19   11
 0.0001408076853871262   24   13   19   16
 0.0008413639953211814   24   13   19   17
 -0.003222754730765303   24   13   20    1
 0.0006247355506266934   24   13   20    3
 -0.0006560146063284772   24   13   20    5
 -0.0003675073209428996   24   13   20    7
 0.0003505937247479209   24   13   20   10
 0.00120862295722337   24   13   20   12
 9.387981665565013e-05   24   13   20   14
 -0.0006337696155087091   24   13   20   18
 0.0006172532578536443   24   13   21   13
 0.002018693045922364   24   13   21   20
 -0.0006644101802880368   24   13   22   13
 -8.723336008930004e-05   24   13   22   20
 -0.0006559356030963405   24   13   23    4
 0.000347350133734457   24   13   23    8
 -0.001266097927776799   24   13   23   15
 -0.001510546098136731   24   13   23   19
 0.000444211363064098   24   13   24   13
 -0.03853049315439053   24   14    1    1
 -0.0272229541924391   24   14    2    2
 0.007665140917277579   24   14    3    1
 -0.03335704410038135   24   14    3    3
 -0.03954986250544971   24   14    4    4
 -0.0135364118406465   24   14    5    1
 -0.006761237001836045   24   14    5    3
 -0.008613485904474345   24   14    5    5
 0.0160341293453768   24   14    6    2
 -0.01062468743596618   24   14    6    6
 -0.0002228453563433566   24   14    7    1
 0.0260250671036605   24   14    7    3
 0.008224925042120579   24   14    7    5
 -0.02877529946714085   24   14    7    7
 0.03198751777361755   24   14    8    4
 -0.0315853318737037   24   14    8    8
 0.01427969704649227   24   14    9    2
 -0.007988986801184383   24   14    9    6
 -0.01248366432444397   24   14    9    9
 0.01042521694807718   24   14   10    1
 -0.001599110776502693   24   14   10    3
 0.00588870350923724   24   14   10    5
 -0.0006507134601401185   24   14   10    7
 -0.007545222155616448   24   14   10   10
 -0.01844673939337443   24   14   11    2
 0.01441717899793753   24   14   11    6
 0.01097315906353234   24   14   11    9
 -0.02033184106219165   24   14   11   11
 0.01944208892656257   24   14   12    1
 -0.004802593224371589   24   14   12    3
 0.008458205533107978   24   14   12    5
 0.001284427397352806   24   14   12    7
 -0.006078117869314648   24   14   12   10
 -0.01846542171483897   24   14   12   12
 -0.005391015352341108   24   14   13   13
 0.01798779577501627   24   14   14    1
 -0.009776470151055677   24   14   14    3
 0.005199470749189392   24   14   14    5
 0.006865062814825289   24   14   14    7
 -0.005818382407674082   24   14   14   10
 -0.0123071014314589   24   14   14   12
 -0.0192286605766504   24   14   14   14
 0.004884337225482222   24   14   15    4
 -0.004671734852959563   24   14   15    8
 -0.006009963333604299   24   14   15   15
 -0.002453486947702498   24   14   16    2
 0.001577695514846173   24   14   16    6
 0.001341668921077864   24   14   16    9
 -0.001728142925201491   24   14   16   11
 -0.003418307712055476   24   14   16   16
 -0.01280311706050601   24   14   17    2
 0.01128130356084854   24   14   17    6
 0.00788885242869697   24   14   17    9
 -0.01723070270109885   24   14   17   11
 -0.00179740348530246   24   14   17   16
 -0.01987444461806897   24   14   17   17
 -0.01206217768113116   24   14   18    1
 -0.007943710279259455   24   14   18    3
 -0.01044251903230479   24   14   18    5
 0.01346207096117025   24   14   18    7
 0.008805953875383981   24   14   18   10
 0.008004187909553423   24   14   18   12
 0.002963102153527054   24   14   18   14
 -0.0223202354903368   24   14   18   18
 -0.000617493396321629   24   14   19    4
 0.0007713972172377499   24   14   19    8
 -0.006963861827292328   24   14   19   15
 -0.02347859323876561   24   14   19   19
 -0.007642574890266142   24   14   20   13
 -0.02600453777411059   24   14   20   20
 0.003056310472915967   24   14   21    1
 -0.003475168941326252   24   14   21    3
 -0.0001651663909378067   24   14   21    5
 0.003377456208484352   24   14   21    7
 0.0006433463182590638   24   14   21   10
 -0.005360541091096536   24   14   21   12
 0.003977728344015473   24   14   21   14
 0.001128865983421669   24   14   21   18
 -0.02172937671560141   24   14   21   21
 -0.00271064958876206   24   14   22    1
 -0.008372425819648192   24   14   22    3
 -0.004011832920304517   24   14   22    5
 0.01085888630549037   24   14   22    7
 -0.001828277537755794   24   14   22   10
 0.005432678991263354   24   14   22   12
 0.001542841106468177   24   14   22   14
 0.002104240092305881   24   14   22   18
 -0.0008032408804387826   24   14   22   21
 -0.0278366226762037   24   14   22   22
 -0.01044332963070252   24   14   23    2
 0.00610603561430966   24   14   23    6
 0.0105053725881706   24   14   23    9
 -0.007712382717005661   24   14   23   11
 -0.0006823366019257895   24   14   23   16
 -0.001141525448523073   24   14   23   17
 -0.02774184377797959   24   14   23   23
 -0.04973572432143281   24   14   24    1
 0.0192079570637131   24   14   24    3
 -0.01782362804223446   24   14   24    5
 -0.008851042886208168   24   14   24    7
 0.01904278530163108   24   14   24   10
 0.03878015774569307   24   14   24   12
 0.04161163246441889   24   14   24   14
 4.689498382360993e-05   24   15    4    1
 -0.001501956560434514   24   15    4    3
 -0.0008660050764597913   24   15    5    4
 0.00134087227656338   24   15    7    4
 0.0008809000389539106   24   15    8    1
 0.001125089368185237   24   15    8    3
 0.0003755652432188166   24   15    8    5
 -0.0004353624731814139   24   15    8    7
 0.0004407361622291349   24   15   10    4
 -0.0004056458309674016   24   15   10    8
 0.0009019265832621116   24   15   12    4
 -0.0005688709593926424   24   15   12    8
 0.001283310015640706   24   15   13    2
 0.0005587199283847801   24   15   13    6
 0.0002225787162006865   24   15   13    9
 -0.0008496702904263084   24   15   13   11
 0.0008475871808688014   24   15   14    4
 -0.0001272418176634192   24   15   14    8
 -2.620577398120758e-06   24   15   15    1
 0.001312766571854577   24   15   15    3
 -0.0007830341767387123   24   15   15    5
 0.0002552809339615636   24   15   15    7
 0.001047407112663911   24   15   15   10
 0.0003455727916833166   24   15   15   12
 0.0005738155555306033   24   15   15   14
 9.588209346275355e-06   24   15   16   13
 -0.0006464339803688387   24   15   17   13
 -0.0006811366040852666   24   15   18    4
 0.0004395708732430405   24   15   18    8
 -0.001028467294702432   24   15   18   15
 -0.00330433258458659   24   15   19    1
 0.001107838493557552   24   15   19    3
 -0.000712803541847374   24   15   19    5
 -0.000157164908139387   24   15   19    7
 0.0006700734249833772   24   15   19   10
 0.0003011271879477626   24   15   19   12
 0.0007774529029004753   24   15   19   14
 -0.001312372542391614   24   15   19   18
 -0.0002195212839895701   24   15   20    2
 -0.0005067965589016603   24   15   20    6
 0.0006660728942884886   24   15   20    9
 0.0005633495336811675   24   15   20   11
 4.169556189305659e-05   24   15   20   16
 0.0007088368784096853   24   15   20   17
 -0.0003020477030075741   24   15   21    4
 9.820333662909676e-05   24   15   21    8
 -0.0003996263141512658   24   15   21   15
 -0.001206432744396357   24   15   21   19
 -0.0008497605342563966   24   15   22    4
 0.0002024591364765129   24   15   22    8
 4.703210240911237e-05   24   15   22   15
 0.001571613248731664   24   15   22   19
 -0.001324550555281579   24   15   23   13
 -0.001917870603044283   24   15   23   20
 -0.002713458196091004   24   15   24    4
 0.002952311731631886   24   15   24    8
 0.0008830820356390076   24   15   24   15
 -0.0009360822619706456   24   16    2    1
 -1.149966899192897e-05   24   16    3    2
 0.0003532233735907228   24   16    5    2
 0.0002005198551422132   24   16    6    1
 -0.0001871425995600135   24   16    6    3
 0.0002599925151413063   24   16    6    5
 6.995525584908342e-05   24   16    7    2
 8.837930210059671e-05   24   16    7    6
 -0.0001766964463593561   24   16    9    1
 0.0001846685910036749   24   16    9    3
 0.0002712750851093672   24   16    9    5
 -6.364638795690166e-05   24   16    9    7
 -0.001252848547876785   24   16   10    2
 -0.0002497545989847538   24   16   10    6
 0.000143813981661439   24   16   10    9
 0.0001329155368409218   24   16   11    1
 0.0003437188525992979   24   16   11    3
 -0.0001419586959190337   24   16   11    5
 -1.6463913516419e-05   24   16   11    7
 0.0009614205187711881   24   16   11   10
 0.0008628663244247238   24   16   12    2
 0.0003143722351140676   24   16   12    6
 0.000182128109206622   24   16   12    9
 -0.0006281186047409159   24   16   12   11
 -0.000381780538681495   24   16   13    4
 -1.878409546538855e-05   24   16   13    8
 -0.0008411898848209644   24   16   14    2
 0.0001026788074945522   24   16   14    6
 -0.0003373957190025182   24   16   14    9
 0.0001200797242100619   24   16   14   11
 -0.0007023481247095878   24   16   15   13
 0.0009440424077217793   24   16   16    1
 0.0007202579925799184   24   16   16    3
 -0.0006825441388744264   24   16   16    5
 0.0002607871820077876   24   16   16    7
 0.001409718369456974   24   16   16   10
 -0.0004002574845950932   24   16   16   12
 0.0007880081207691096   24   16   16   14
 0.0003616433724820414   24   16   17    1
 0.000241416359940739   24   16   17    3
 0.0001749692710263009   24   16   17    5
 -0.0004124278876468368   24   16   17    7
 0.0002827379858821757   24   16   17   10
 -0.0008409981879735903   24   16   17   12
 0.0003504217845665524   24   16   17   14
 0.0006504329920153947   24   16   18    2
 -0.0003815314791241675   24   16   18    6
 3.747979948615557e-05   24   16   18    9
 0.0001013514437889319   24   16   18   11
 -0.0008888923746641544   24   16   18   16
 -0.0006661638280325919   24   16   18   17
 0.0003122295309470717   24   16   19   13
 -0.0006299781873081972   24   16   20    4
 0.0001911598750638838   24   16   20    8
 0.0001760213082677673   24   16   20   15
 0.0001422815712266465   24   16   20   19
 -0.0002481105821465153   24   16   21    2
 -0.0001634758172977146   24   16   21    6
 -5.72725733562259e-05   24   16   21    9
 0.0001963554128983333   24   16   21   11
 0.0002225597362754314   24   16   21   16
 -8.504995729630313e-05   24   16   21   17
 0.0001611167412814595   24   16   22    2
 0.0002304489523331561   24   16   22    6
 -0.0002242150497354925   24   16   22    9
 -0.00042050022879197   24   16   22   11
 -0.0006504184713659298   24   16   22   16
 -0.0002100078283859405   24   16   22   17
 0.0004215916411489841   24   16   23    1
 -0.0008432722527692811   24   16   23    3
 -0.0001646542635805596   24   16   23    5
 0.0002584570205132348   24   16   23    7
 0.0006561542424482112   24   16   23   10
 -0.0005512002181559843   24   16   23   12
 0.0001282835116789681   24   16   23   14
 -0.0002516231954544744   24   16   23   18
 8.279950872027145e-05   24   16   23   21
 0.0002661740109531248   24   16   23   22
 0.001257840578511453   24   16   24    2
 -0.0008764384075883071   24   16   24    6
 -0.0009440936720549434   24   16   24    9
 0.0012652065505859   24   16   24   11
 0.0002857616410344068   24   16   24   16
 0.004992724641879306   24   17    2    1
 -0.0001934504737423799   24   17    3    2
 0.004859634893027204   24   17    5    2
 -0.004301118508061415   24   17    6    1
 -0.001531059690764322   24   17    6    3
 0.001372879344123414   24   17    6    5
 -0.001684879918998779   24   17    7    2
 -0.0006482597728940344   24   17    7    6
 -0.004852099381855854   24   17    9    1
 0.0006725251217697049   24   17    9    3
 -0.00114436555802104   24   17    9    5
 0.001613720121682189   24   17    9    7
 -0.003653799472971292   24   17   10    2
 4.722558109677229e-05   24   17   10    6
 0.001670095833407329   24   17   10    9
 0.005148097179237093   24   17   11    1
 0.0004017542023934543   24   17   11    3
 0.001169193227909186   24   17   11    5
 0.001027847170445024   24   17   11    7
 0.002238534654575625   24   17   11   10
 -0.004999055365998179   24   17   12    2
 0.003326965316246607   24   17   12    6
 0.003753993749131601   24   17   12    9
 -0.002765062219250429   24   17   12   11
 0.0002454351517878087   24   17   13    4
 -0.002037571643096955   24   17   13    8
 -0.004010799674279773   24   17   14    2
 0.003328573992792009   24   17   14    6
 0.00122410840358325   24   17   14    9
 -0.003739369964965787   24   17   14   11
 -0.003550823989231946   24   17   15   13
 0.0007664515855943864   24   17   16    1
 0.0001937372404782101   24   17   16    3
 7.94079924521726e-05   24   17   16    5
 -0.0004744478769613476   24   17   16    7
 0.001868328940759634   24   17   16   10
 -0.003330314655458608   24   17   16   12
 0.001465313261197793   24   17   16   14
 0.0009533937186903118   24   17   17    1
 -0.002502632202449908   24   17   17    3
 0.002008043895949072   24   17   17    5
 0.0002741697269532291   24   17   17    7
 -0.002945533496305489   24   17   17   10
 -0.003227711698025251   24   17   17   12
 -0.0007974281492105769   24   17   17   14
 0.0002545113590615302   24   17   18    2
 -0.002964905269749845   24   17   18    6
 -0.000580625876580441   24   17   18    9
 0.002440550540276864   24   17   18   11
 0.0005003506962358593   24   17   18   16
 -0.002740737406660434   24   17   18   17
 0.002772828646354628   24   17   19   13
 0.003886136230834888   24   17   20    4
 -0.003300914068205339   24   17   20    8
 0.002359864585380808   24   17   20   15
 0.001973545590157723   24   17   20   19
 -0.002009426488286953   24   17   21    2
 0.001309682714764515   24   17   21    6
 0.0002693522260872278   24   17   21    9
 -0.002313929186272637   24   17   21   11
 0.002044539085648943   24   17   21   16
 -0.002437989359628793   24   17   21   17
 0.004006721711131983   24   17   22    2
 -0.002814115399630829   24   17   22    6
 -0.003509837652113196   24   17   22    9
 0.002587793822863328   24   17   22   11
 -0.0007155686080198518   24   17   22   16
 -0.0006444635081999957   24   17   22   17
 0.008121434574614535   24   17   23    1
 0.001837896646666934   24   17   23    3
 0.004385552148109675   24   17   23    5
 -0.003526183682357011   24   17   23    7
 -0.001404123709208661   24   17   23   10
 -0.003886797814470873   24   17   23   12
 -0.003391959611879491   24   17   23   14
 -3.226227484107605e-07   24   17   23   18
 0.0003053503589469735   24   17   23   21
 0.004575119729987577   24   17   23   22
 0.01005563481785588   24   17   24    2
 -0.007095359008805014   24   17   24    6
 -0.007819530806879983   24   17   24    9
 0.01075939118820049   24   17   24   11
 0.001211855128979424   24   17   24   16
 0.01158347021250573   24   17   24   17
 0.02358953191325721   24   18    1    1
 0.01692152167290722   24   18    2    2
 2.138273792216121e-05   24   18    3    1
 0.01686260818974982   24   18    3    3
 0.01827568028588413   24   18    4    4
 0.01056585462041392   24   18    5    1
 0.006808359359975478   24   18    5    3
 0.004869596897034615   24   18    5    5
 -0.01171467959315034   24   18    6    2
 0.004371918411250697   24   18    6    6
 -0.005966888351806897   24   18    7    1
 -0.01397315818226464   24   18    7    3
 -0.005803507801988693   24   18    7    5
 0.01619581076334231   24   18    7    7
 -0.01542112950669518   24   18    8    4
 0.01695643774848672   24   18    8    8
 -0.008674272527797056   24   18    9    2
 0.005137748063370339   24   18    9    6
 0.008555549097237368   24   18    9    9
 -0.006467383739050991   24   18   10    1
 -0.002151360988979616   24   18   10    3
 -0.003403133872983942   24   18   10    5
 0.001892379347646981   24   18   10    7
 0.001150446168057676   24   18   10   10
 0.01274244532970013   24   18   11    2
 -0.007884552010762897   24   18   11    6
 -0.007809703629697614   24   18   11    9
 0.008871027142274519   24   18   11   11
 -0.01293802752221156   24   18   12    1
 -0.001540664883563599   24   18   12    3
 -0.006427245165987123   24   18   12    5
 0.001519560119153693   24   18   12    7
 0.003486685907683467   24   18   12   10
 0.01008870256119247   24   18   12   12
 0.0004231991511802287   24   18   13   13
 -0.01112877235783798   24   18   14    1
 0.001737915162899527   24   18   14    3
 -0.0057534474874665   24   18   14    5
 0.001193010530864138   24   18   14    7
 0.004597332267435066   24   18   14   10
 0.008225198171677396   24   18   14   12
 0.009234140237583087   24   18   14   14
 -0.001787538029828936   24   18   15    4
 0.0006436117588838403   24   18   15    8
 0.0004349060118892111   24   18   15   15
 0.001191688516439691   24   18   16    2
 -0.001292033250782776   24   18   16    6
 -2.587666074747586e-05   24   18   16    9
 0.00113139676581048   24   18   16   11
 -0.001027650279910022   24   18   16   16
 0.005387134464250778   24   18   17    2
 -0.007631132333025129   24   18   17    6
 -0.00371663740703496   24   18   17    9
 0.01053766667489793   24   18   17   11
 0.001350980874444448   24   18   17   16
 0.008083377644762042   24   18   17   17
 0.006836930488905248   24   18   18    1
 0.006040508868177968   24   18   18    3
 0.008191407154113811   24   18   18    5
 -0.01015339564126375   24   18   18    7
 -0.006902371532768633   24   18   18   10
 -0.005377748035838179   24   18   18   12
 -0.004055287520508438   24   18   18   14
 0.01072877980269219   24   18   18   18
 0.003351059804219863   24   18   19    4
 -0.003096572374624283   24   18   19    8
 0.003897323254909798   24   18   19   15
 0.01030366307187455   24   18   19   19
 0.005116122488786796   24   18   20   13
 0.01199573824758911   24   18   20   20
 0.001988843028585835   24   18   21    1
 0.004342179936518489   24   18   21    3
 0.002469937666715213   24   18   21    5
 -0.004741081372649391   24   18   21    7
 -0.002450595885840657   24   18   21   10
 0.003859175903502657   24   18   21   12
 -0.00388935550623161   24   18   21   14
 0.003153984888816062   24   18   21   18
 0.01447611251400627   24   18   21   21
 0.009050384239311454   24   18   22    1
 0.002985979622430037   24   18   22    3
 0.005373615348388153   24   18   22    5
 -0.006595661654364737   24   18   22    7
 -0.0007260242137970237   24   18   22   10
 -0.006612567187441352   24   18   22   12
 -0.002495316574004181   24   18   22   14
 0.0004748654112085736   24   18   22   18
 -0.001539063897758139   24   18   22   21
 0.01399888748700068   24   18   22   22
 0.009828445853161309   24   18   23    2
 -0.005713648084574274   24   18   23    6
 -0.009602469167732334   24   18   23    9
 0.005874716526581238   24   18   23   11
 0.001232805236553268   24   18   23   16
 -0.0008008192187538794   24   18   23   17
 0.02181468979990273   24   18   23   23
 0.03054461839800501   24   18   24    1
 -0.0005474785715205454   24   18   24    3
 0.01490313367418787   24   18   24    5
 -0.007553583577334881   24   18   24    7
 -0.01219225224481476   24   18   24   10
 -0.0233283492809124   24   18   24   12
 -0.02196990053935238   24   18   24   14
 0.02254287462521602   24   18   24   18
 -0.001321426068815079   24   19    4    1
 -0.007552560915385948   24   19    4    3
 -0.002543826594817384   24   19    5    4
 0.003556538968939039   24   19    7    4
 0.000639372681944076   24   19    8    1
 0.003097186414431452   24   19    8    3
 0.001294031577498785   24   19    8    5
 -0.003569816987564675   24   19    8    7
 0.001262519297335128   24   19   10    4
 -0.0004058606755468185   24   19   10    8
 0.0008457679382294156   24   19   12    4
 6.543533033701996e-05   24   19   12    8
 -0.001954327916961188   24   19   13    2
 -0.0004233376723314606   24   19   13    6
 0.0009741523226819321   24   19   13    9
 0.000985462697993324   24   19   13   11
 -0.001068599144115192   24   19   14    4
 0.0006466751077440399   24   19   14    8
 -0.005142770423090622   24   19   15    1
 0.001175349514894625   24   19   15    3
 -0.00060363206697938   24   19   15    5
 -0.000658354004490532   24   19   15    7
 0.0006818931045553373   24   19   15   10
 -0.0008979533708670897   24   19   15   12
 0.0003219353598114212   24   19   15   14
 -0.0004374233409582238   24   19   16   13
 0.002366197058401093   24   19   17   13
 -0.0008872471960093658   24   19   18    4
 0.001275849490609391   24   19   18    8
 -0.0003702634320252329   24   19   18   15
 -0.01199656062368931   24   19   19    1
 0.004274578594213283   24   19   19    3
 -0.003997475709160853   24   19   19    5
 -0.000873972086538913   24   19   19    7
 0.004610666715429391   24   19   19   10
 0.0004802177063427712   24   19   19   12
 0.002392392975446858   24   19   19   14
 -0.004782394553217623   24   19   19   18
 0.0004042540592651049   24   19   20    2
 -0.0007818564280951204   24   19   20    6
 0.001492807253443989   24   19   20    9
 0.001257933303317779   24   19   20   11
 0.0004499455433613328   24   19   20   16
 0.003538767290875623   24   19   20   17
 -0.0007137592392314799   24   19   21    4
 0.000333728880096952   24   19   21    8
 -0.001376269695403708   24   19   21   15
 -0.004855369337793965   24   19   21   19
 -0.0006551585495637507   24   19   22    4
 0.0007831770295800112   24   19   22    8
 0.002537890653921709   24   19   22   15
 0.006405354448870811   24   19   22   19
 -0.001934601157177339   24   19   23   13
 -0.007106207890935029   24   19   23   20
 0.000540918259834496   24   19   24    4
 -0.000541254513974426   24   19   24    8
 0.0009580482798684204   24   19   24   15
 0.003967412068031535   24   19   24   19
 -0.007443750715935621   24   20    4    2
 0.003906218657343091   24   20    6    4
 0.002923993524357127   24   20    8    2
 -0.002322387999810161   24   20    8    6
 0.00103406372954592   24   20    9    4
 -0.002258073946895109   24   20    9    8
 -0.003769751442308622   24   20   11    4
 0.002649909150899015   24   20   11    8
 -0.005755348232524813   24   20   13    1
 -0.0002653652851011392   24   20   13    3
 -0.0006334366309057822   24   20   13    5
 -0.0004013650151569551   24   20   13    7
 -0.0003164425400385703   24   20   13   10
 0.001243613225726044   24   20   13   12
 -0.001521436194110077   24   20   14   13
 -0.001761719128759959   24   20   15    2
 -0.0009549140931667377   24   20   15    6
 0.0009176638326548206   24   20   15    9
 0.001570627810328958   24   20   15   11
 -0.001065855590461678   24   20   16    4
 0.0001931499760760073   24   20   16    8
 0.0004151833601405766   24   20   16   15
 -0.000829140247821251   24   20   17    4
 0.001478237915033237   24   20   17    8
 0.002873753014461528   24   20   17   15
 0.0005942385841070588   24   20   18   13
 0.0003384348467067114   24   20   19    2
 -0.0006032552480615892   24   20   19    6
 0.00152990382264194   24   20   19    9
 0.00107774670544264   24   20   19   11
 -5.395108709250505e-05   24   20   19   16
 0.003419886141464937   24   20   19   17
 -0.01237482196211026   24   20   20    1
 0.004872086202953737   24   20   20    3
 -0.00379848960164148   24   20   20    5
 -0.001015490942657816   24   20   20    7
 0.002530760972513293   24   20   20   10
 0.00480651029698236   24   20   20   12
 -0.0006466610810879287   24   20   20   14
 -0.002776213156028198   24   20   20   18
 0.00282172574733456   24   20   21   13
 0.008900626383272957   24   20   21   20
 0.0002371971116453593   24   20   22   13
 -0.0008739039423152039   24   20   22   20
 -0.0009284498933737581   24   20   23    4
 0.0009277889496281242   24   20   23    8
 -0.001913568651406795   24   20   23   15
 -0.007262329322639926   24   20   23   19
 0.001001637600984581   24   20   24   13
 0.004110584990638094   24   20   24   20
 -0.002158920358470986   24   21    1    1
 0.002297426134542012   24   21    2    2
 -0.0005344445036202064   24   21    3    1
 -0.01050639662692158   24   21    3    3
 0.002526383471170959   24   21    4    4
 -0.0007796041756559141   24   21    5    1
 -0.002874145068539422   24   21    5    3
 -0.001234594446891007   24   21    5    5
 -0.001420275956081794   24   21    6    2
 0.0003554035765430682   24   21    6    6
 5.472135458649813e-06   24   21    7    1
 0.005140422029464384   24   21    7    3
 0.001798213656538902   24   21    7    5
 -0.00586861369426383   24   21    7    7
 -0.0003585608534510575   24   21    8    4
 0.0005457999223579889   24   21    8    8
 0.0006588409424593126   24   21    9    2
 0.0005499448746353713   24   21    9    6
 -8.034153602724906e-05   24   21    9    9
 0.001623401334423872   24   21   10    1
 0.001334382838026029   24   21   10    3
 0.0006292229970024772   24   21   10    5
 -0.0001840995170978425   24   21   10    7
 -0.0005353293977144889   24   21   10   10
 0.001587207867064616   24   21   11    2
 -0.0002592992464681573   24   21   11    6
 -0.0007151343541979327   24   21   11    9
 -0.0004388346844508459   24   21   11   11
 -0.003288238101951369   24   21   12    1
 -0.000178280201969479   24   21   12    3
 0.0001713683187209055   24   21   12    5
 0.0003034671272669515   24   21   12    7
 -0.000583628661433406   24   21   12   10
 -0.001276704059856302   24   21   12   12
 0.0008331731769798664   24   21   13   13
 0.005435975050430528   24   21   14    1
 -0.002463978100976999   24   21   14    3
 0.0003324252964360755   24   21   14    5
 0.001763987376780266   24   21   14    7
 -0.0004441662563597913   24   21   14   10
 0.0002684090305502723   24   21   14   12
 -0.002067206798767903   24   21   14   14
 -0.0003268346256928516   24   21   15    4
 -0.0001148536685781145   24   21   15    8
 -0.0008586274238468966   24   21   15   15
 -0.002310348533134515   24   21   16    2
 -0.0001726603679119796   24   21   16    6
 0.0005389878613050657   24   21   16    9
 0.0009087194911592909   24   21   16   11
 -0.000870006842935548   24   21   16   16
 -0.0002126593991473984   24   21   17    2
 0.0003767277443393474   24   21   17    6
 -0.000973055594426148   24   21   17    9
 -0.0009136111619855559   24   21   17   11
 0.001304234456175649   24   21   17   16
 -0.002183599759846796   24   21   17   17
 0.001208292662732007   24   21   18    1
 -0.001562744051312588   24   21   18    3
 6.400896517917745e-05   24   21   18    5
 0.00186017026826525   24   21   18    7
 -0.001376289509323546   24   21   18   10
 0.00182586547192823   24   21   18   12
 -0.0009204224753121711   24   21   18   14
 0.0005703738619179695   24   21   18   18
 0.0006768628250290089   24   21   19    4
 -0.0003866858698166203   24   21   19    8
 -0.002309315681664119   24   21   19   15
 -0.006154018004117283   24   21   19   19
 0.002662473681633254   24   21   20   13
 0.007543718556853005   24   21   20   20
 -0.01180520995311636   24   21   21    1
 0.0043863050602545   24   21   21    3
 -0.003690142981536956   24   21   21    5
 -0.0007850440692545754   24   21   21    7
 0.003229958263110142   24   21   21   10
 0.0006217137061192731   24   21   21   12
 0.005031341041804263   24   21   21   14
 5.827871105556203e-05   24   21   21   18
 -0.01040783980948473   24   21   21   21
 0.0009111776340823782   24   21   22    1
 -0.00131720649926116   24   21   22    3
 -0.000306564045062399   24   21   22    5
 0.001211037932292739   24   21   22    7
 0.001321046701412237   24   21   22   10
 -0.001295588604922989   24   21   22   12
 -0.001263879539790849   24   21   22   14
 -0.003917620717498204   24   21   22   18
 -0.0007429512465568333   24   21   22   21
 0.005444716140108719   24   21   22   22
 0.0005088801637873283   24   21   23    2
 -0.0007025126715491988   24   21   23    6
 0.0004170119420999619   24   21   23    9
 0.00107841563380723   24   21   23   11
 0.0006771180025386021   24   21   23   16
 0.00230592424429232   24   21   23   17
 -0.004830769586393243   24   21   23   23
 -0.001508932966422047   24   21   24    1
 0.002686785732775651   24   21   24    3
 0.0001745520106417233   24   21   24    5
 -0.002639063863798498   24   21   24    7
 0.0004284380195671255   24   21   24   10
 0.002000970204419392   24   21   24   12
 0.0009683299116507332   24   21   24   14
 0.0003318936655325931   24   21   24   18
 0.004384272215828738   24   21   24   21
 0.003721703954819025   24   22    1    1
 -0.005300075074563507   24   22    2    2
 0.002303327310505296   24   22    3    1
 0.0003124093743865381   24   22    3    3
 0.01186551519633574   24   22    4    4
 0.00437641487018609   24   22    5    1
 0.002302443775783696   24   22    5    3
 0.0007503005848379364   24   22    5    5
 0.0003960954967997511   24   22    6    2
 -0.002819735960742842   24   22    6    6
 -0.003830003850206476   24   22    7    1
 -0.001390470679458829   24   22    7    3
 -0.001806782559282219   24   22    7    5
 0.002065603611710657   24   22    7    7
 -0.006401766037887474   24   22    8    4
 0.00738065909923512   24   22    8    8
 0.0001875242099252689   24   22    9    2
 0.0006033427114649289   24   22    9    6
 -0.001274461254819739   24   22    9    9
 -0.006407194754670721   24   22   10    1
 -0.002226302180060289   24   22   10    3
 -0.0007996518526544996   24   22   10    5
 0.0005717077049073087   24   22   10    7
 -0.003025906111363565   24   22   10   10
 0.0009437534574400714   24   22   11    2
 0.001655085933031096   24   22   11    6
 -0.001803323556105783   24   22   11    9
 -0.004337113379138793   24   22   11   11
 -0.0002398103432280021   24   22   12    1
 -0.002104903675772866   24   22   12    3
 -0.001878375990812708   24   22   12    5
 0.001874994981491594   24   22   12    7
 0.002187367597561323   24   22   12   10
 -0.0006167361870451657   24   22   12   12
 -0.003058316117792427   24   22   13   13
 -0.0003828353241694621   24   22   14    1
 -0.001950619745950085   24   22   14    3
 -0.001319558965990073   24   22   14    5
 0.003481392026247182   24   22   14    7
 -9.002108611623726e-06   24   22   14   10
 0.003655646716615034   24   22   14   12
 0.0004342841471600913   24   22   14   14
 -0.002190936157721021   24   22   15    4
 -0.0004311151223945104   24   22   15    8
 -0.001657533796288317   24   22   15   15
 0.002330798865025247   24   22   16    2
 1.907511419406557e-05   24   22   16    6
 0.0003120973335395031   24   22   16    9
 -0.0006882140698325953   24   22   16   11
 -0.004455606998625752   24   22   16   16
 0.0007359352016849419   24   22   17    2
 -0.001227187386198668   24   22   17    6
 -0.001271269660597696   24   22   17    9
 0.0001310976271656055   24   22   17   11
 -0.000962399089970491   24   22   17   16
 -0.004723990974494033   24   22   17   17
 0.01018630089652287   24   22   18    1
 0.0002282379722821215   24   22   18    3
 0.005149031827266386   24   22   18    5
 -0.00322520553979519   24   22   18    7
 -0.00280015204032795   24   22   18   10
 -0.004617468565350903   24   22   18   12
 -0.0004799625060841273   24   22   18   14
 0.002289066662095707   24   22   18   18
 0.004031109566176702   24   22   19    4
 -0.002285331751624682   24   22   19    8
 0.00369655955500985   24   22   19   15
 0.009257629239503951   24   22   19   19
 0.001546023836103284   24   22   20   13
 0.001357928997890739   24   22   20   20
 0.001778377153879902   24   22   21    1
 0.003476172372058379   24   22   21    3
 0.001612751036712315   24   22   21    5
 -0.002853721762477984   24   22   21    7
 0.0005517445789116141   24   22   21   10
 -0.0006167892613210394   24   22   21   12
 -0.002088551196607403   24   22   21   14
 -0.002785660411273269   24   22   21   18
 0.001475932292944816   24   22   21   21
 -0.007976237655784832   24   22   22    1
 0.00599281191662181   24   22   22    3
 -0.001660729871216041   24   22   22    5
 -0.002967344299209066   24   22   22    7
 0.002472579341340324   24   22   22   10
 0.002695302283853062   24   22   22   12
 -0.001556660836993985   24   22   22   14
 -0.002873643809519643   24   22   22   18
 0.008447765708225898   24   22   22   21
 -0.000568976804415535   24   22   22   22
 0.005026534505065972   24   22   23    2
 -0.003400505972316895   24   22   23    6
 -0.001802554514740196   24   22   23    9
 0.003072966688811057   24   22   23   11
 0.0004243199723256819   24   22   23   16
 0.002748878941693754   24   22   23   17
 -0.003027775454929931   24   22   23   23
 0.007995472628706198   24   22   24    1
 0.004399583037612189   24   22   24    3
 0.005341365328617406   24   22   24    5
 -0.00712919032331634   24   22   24    7
 -0.002545086114548453   24   22   24   10
 -0.006191619033331231   24   22   24   12
 -0.004716854090567682   24   22   24   14
 0.007252701900410347   24   22   24   18
 0.0007024548289379196   24   22   24   21
 0.008518287105756986   24   22   24   22
 0.001032793293428973   24   23    2    1
 -0.009519348147245492   24   23    3    2
 0.0008129559844638761   24   23    5    2
 -0.004699366634187657   24   23    6    1
 0.003981132764981871   24   23    6    3
 0.00243669069760796   24   23    6    5
 0.002953189048357385   24   23    7    2
 -0.003183195632725041   24   23    7    6
 0.001805950993951808   24   23    9    1
 0.001854135529595257   24   23    9    3
 -0.0005794719003214361   24   23    9    5
 -0.002278736485666988   24   23    9    7
 -0.003594503153653377   24   23   10    2
 -0.0009696397656472809   24   23   10    6
 0.002459534899853289   24   23   10    9
 0.007601489877440046   24   23   11    1
 -0.003506069109787146   24   23   11    3
 -0.0001067218343864277   24   23   11    5
 0.004771988639823224   24   23   11    7
 0.003903184211889018   24   23   11   10
 -0.002853623521397098   24   23   12    2
 0.001145386009191598   24   23   12    6
 0.003534863621098552   24   23   12    9
 -0.001776787716213878   24   23   12   11
 -0.001044035834701453   24   23   13    4
 -0.001329296583927943   24   23   13    8
 -0.001677510300577843   24   23   14    2
 0.003019532139149335   24   23   14    6
 0.0002944257249047707   24   23   14    9
 -0.005438983080040082   24   23   14   11
 -0.006604610970628567   24   23   15   13
 0.0003508157630495791   24   23   16    1
 -0.002952178780975697   24   23   16    3
 -0.0006966521387621341   24   23   16    5
 -0.0001805806548678973   24   23   16    7
 0.002567413421241007   24   23   16   10
 -0.003711704830190562   24   23   16   12
 0.001942670876074526   24   23   16   14
 0.009515701937737349   24   23   17    1
 -0.004224519324799446   24   23   17    3
 0.003074165678936139   24   23   17    5
 0.001459873112028655   24   23   17    7
 -0.001630508440950007   24   23   17   10
 -0.003206563495484792   24   23   17   12
 -0.003977145483086588   24   23   17   14
 0.001861346598497907   24   23   18    2
 -0.001294949602814257   24   23   18    6
 -0.002548453832286766   24   23   18    9
 -0.0007986138300919322   24   23   18   11
 0.0005487283790352479   24   23   18   16
 -0.006441036443691096   24   23   18   17
 -0.0008188846811104367   24   23   19   13
 0.004516440648353887   24   23   20    4
 -0.002548526804553808   24   23   20    8
 -0.001596824203468572   24   23   20   15
 -0.008448649434310536   24   23   20   19
 -0.001789701901896299   24   23   21    2
 0.001149634956315575   24   23   21    6
 0.0009031892106783035   24   23   21    9
 -0.00181414510012499   24   23   21   11
 0.001372602209260817   24   23   21   16
 3.725170622732847e-05   24   23   21   17
 0.005729856793044765   24   23   22    2
 -0.003747223110262078   24   23   22    6
 -0.001109823638763048   24   23   22    9
 0.002759066809197875   24   23   22   11
 7.061310326445116e-05   24   23   22   16
 0.002546273201925836   24   23   22   17
 -0.008201105155845283   24   23   23    1
 0.00770948867892378   24   23   23    3
 -0.001082827996228711   24   23   23    5
 -0.003612187772711549   24   23   23    7
 0.001538292548956255   24   23   23   10
 0.00125739652682037   24   23   23   12
 0.003064949738911153   24   23   23   14
 0.001829543016424783   24   23   23   18
 -0.005031271756851859   24   23   23   21
 -0.006497404409028156   24   23   23   22
 0.0075621812857688   24   23   24    2
 -0.004962403353616722   24   23   24    6
 -0.006393534362461838   24   23   24    9
 0.007032429794002901   24   23   24   11
 0.0008017028249665326   24   23   24   16
 0.006429108589265091   24   23   24   17
 0.01003796518135772   24   23   24   23
 1.031508459588105   24   24    1    1
 0.8514522647946171   24   24    2    2
 -0.0936347738864205   24   24    3    1
 0.9521693040610969   24   24    3    3
 1.013218492143165   24   24    4    4
 0.2237334868941566   24   24    5    1
 0.1302026547786961   24   24    5    3
 0.4615059302182496   24   24    5    5
 -0.2694271902620188   24   24    6    2
 0.487667110021226   24   24    6    6
 -0.01042493694265133   24   24    7    1
 -0.4034233528972546   24   24    7    3
 -0.1497761495877433   24   24    7    5
 0.7749086065646501   24   24    7    7
 -0.4531697968943496   24   24    8    4
 0.8115369879343591   24   24    8    8
 -0.2175775282667319   24   24    9    2
 0.1026546472493766   24   24    9    6
 0.565034925340212   24   24    9    9
 -0.1446148100468014   24   24   10    1
 0.01505893689061821   24   24   10    3
 -0.1323633198810432   24   24   10    5
 0.01513100803742617   24   24   10    7
 0.505888688772169   24   24   10   10
 0.2545438700733049   24   24   11    2
 -0.2667669165393021   24   24   11    6
 -0.1368876942180854   24   24   11    9
 0.655472975677911   24   24   11   11
 -0.2566177071959205   24   24   12    1
 0.05659020356238439   24   24   12    3
 -0.1411327200451518   24   24   12    5
 -0.002978300263332453   24   24   12    7
 0.04995173552061666   24   24   12   10
 0.6696628051107402   24   24   12   12
 0.5154160149311395   24   24   13   13
 -0.2370415178556777   24   24   14    1
 0.1260283155175523   24   24   14    3
 -0.09544089463217016   24   24   14    5
 -0.09500399531998061   24   24   14    7
 0.07301880237692358   24   24   14   10
 0.1569381531015778   24   24   14   12
 0.7026430701025204   24   24   14   14
 -0.05719155968158704   24   24   15    4
 0.07007968280067882   24   24   15    8
 0.5187801343227739   24   24   15   15
 0.02932290747659764   24   24   16    2
 -0.02495244286151728   24   24   16    6
 -0.02967154067692537   24   24   16    9
 0.02971455545918714   24   24   16   11
 0.4624552944794145   24   24   16   16
 0.1352102641112962   24   24   17    2
 -0.1498384512758169   24   24   17    6
 -0.07291813106094137   24   24   17    9
 0.2693191453609399   24   24   17   11
 0.02876907966732663   24   24   17   16
 0.7005308680941537   24   24   17   17
 0.1396448043624205   24   24   18    1
 0.09714092123283199   24   24   18    3
 0.14538953060732   24   24   18    5
 -0.1911551344544699   24   24   18    7
 -0.1624638632165595   24   24   18   10
 -0.1032931932688162   24   24   18   12
 -0.02859224559519559   24   24   18   14
 0.7405339155904033   24   24   18   18
 0.01631074004088403   24   24   19    4
 -0.02065535426039184   24   24   19    8
 0.15104643560277   24   24   19   15
 0.8763349757451109   24   24   19   19
 0.1517755657103042   24   24   20   13
 0.8795616321616384   24   24   20   20
 -0.0006887840074980547   24   24   21    1
 0.04178795202880985   24   24   21    3
 0.01283609126246608   24   24   21    5
 -0.06166894790871771   24   24   21    7
 -0.03492201858110448   24   24   21   10
 0.1086630940932321   24   24   21   12
 -0.1178191660299634   24   24   21   14
 -0.02282125489037949   24   24   21   18
 0.8649894202805737   24   24   21   21
 0.04952745034364139   24   24   22    1
 0.0993780870057185   24   24   22    3
 0.04930957426931757   24   24   22    5
 -0.1597532773420964   24   24   22    7
 0.02500626774281333   24   24   22   10
 -0.1047062013500625   24   24   22   12
 -0.03708838470113238   24   24   22   14
 -0.08037507364935872   24   24   22   18
 -0.0009978275872123135   24   24   22   21
 0.8817703028695371   24   24   22   22
 0.136011135446592   24   24   23    2
 -0.06648313205866323   24   24   23    6
 -0.1851685016952041   24   24   23    9
 0.09602657909620962   24   24   23   11
 0.01034215172653488   24   24   23   16
 -0.06326911308836879   24   24   23   17
 0.9233223401528646   24   24   23   23
 0.4562962299668385   24   24   24    1
 -0.158253597382713   24   24   24    3
 0.1681472423820556   24   24   24    5
 0.06291280182158503   24   24   24    7
 -0.1822963144848333   24   24   24   10
 -0.3771574517836261   24   24   24   12
 -0.3981718064030834   24   24   24   14
 0.2317971430680712   24   24   24   18
 -0.01539605705820786   24   24   24   21
 0.05268568794028233   24   24   24   22
 4.56565449086347   24   24   24   24
 -5.770272626525366    1    1  0  0
 -4.87056215585637    2    2  0  0
 0.1020879221228865    3    1  0  0
 -4.906410886768514    3    3  0  0
 -4.994655222454492    4    4  0  0
 -0.6458865423639581    5    1  0  0
 -0.4093220602683273    5    3  0  0
 -2.766547935644709    5    5  0  0
 0.8136025003284385    6    2  0  0
 -2.762587503599813    6    6  0  0
 0.05306819946651629    7    1  0  0
 1.022198975399843    7    3  0  0
 0.5143644065931293    7    5  0  0
 -3.10525708974047    7    7  0  0
 1.129731735870779    8    4  0  0
 -3.193627066988898    8    8  0  0
 0.635128618472392    9    2  0  0
 -0.1901760413260942    9    6  0  0
 -2.686427426099688    9    9  0  0
 0.2799556020368395   10    1  0  0
 -0.05933811084199214   10    3  0  0
 0.6056070060296317   10    5  0  0
 -1.725667886352771e-15   10    6  0  0
 -0.04874187167605563   10    7  0  0
 -2.529768070214228   10   10  0  0
 -0.5083231142474927   11    2  0  0
 1.045768483941915   11    6  0  0
 0.2053121346725449   11    9  0  0
 -2.702501235388334   11   11  0  0
 0.4979908763307617   12    1  0  0
 -0.1693453921811405   12    3  0  0
 0.4748397428788068   12    5  0  0
 -0.05024361901942968   12    7  0  0
 0.05241603153812568   12   10  0  0
 -2.558787182073489   12   12  0  0
 -2.25623901678107   13   13  0  0
 0.4424918120985555   14    1  0  0
 -0.2017473442826656   14    3  0  0
 0.3035283273879745   14    5  0  0
 -1.26860839073645e-15   14    6  0  0
 0.2794403262982903   14    7  0  0
 -0.08161358334186777   14   10  0  0
 -1.256429955920365e-15   14   11  0  0
 -0.262045653933954   14   12  0  0
 -2.418478917725933   14   14  0  0
 0.05701558616028378   15    4  0  0
 -0.236446558236317   15    8  0  0
 -2.029649286841497   15   15  0  0
 -0.0516528733033677   16    2  0  0
 0.05469122099548178   16    6  0  0
 0.1528796707215598   16    9  0  0
 -0.07777640891311544   16   11  0  0
 -1.634320870014164   16   16  0  0
 -0.1065950152764408   17    2  0  0
 -1.288570868426737e-15   17    5  0  0
 0.3122494743232441   17    6  0  0
 -0.004734228660445233   17    9  0  0
 -0.8460092641382744   17   11  0  0
 -1.39391263846017e-15   17   12  0  0
 -1.071825137273189e-15   17   14  0  0
 -0.07394181416856258   17   16  0  0
 -1.74442016594656   17   17  0  0
 -0.1570971393166112   18    1  0  0
 -0.09879178194046939   18    3  0  0
 -0.3331305942213349   18    5  0  0
 -5.303851378114659e-15   18    6  0  0
 0.4712268589952939   18    7  0  0
 1.362759788670562e-15   18    9  0  0
 0.6286106687807022   18   10  0  0
 -5.607106143197275e-15   18   11  0  0
 0.2401370598043002   18   12  0  0
 -0.0233888165382662   18   14  0  0
 1.949642848750874e-15   18   17  0  0
 -1.871811097967749   18   18  0  0
 -0.0833211671412586   19    4  0  0
 0.1094288476896316   19    8  0  0
 -0.5847701061470232   19   15  0  0
 -1.88976561752438   19   19  0  0
 -0.5895276302704588   20   13  0  0
 -1.844876835531147   20   20  0  0
 -0.005222151044671048   21    1  0  0
 -0.111444411298408   21    3  0  0
 -0.03731861460286531   21    5  0  0
 -1.539303017955023e-15   21    6  0  0
 0.2396459744126308   21    7  0  0
 0.1845061823644324   21   10  0  0
 -1.625085596033028e-15   21   11  0  0
 -0.4138386766397855   21   12  0  0
 0.4812130010044326   21   14  0  0
 0.1143668065670591   21   18  0  0
 -1.634935234598473   21   21  0  0
 -0.07344044247896628   22    1  0  0
 -0.1254031332961284   22    3  0  0
 -0.06027724434714039   22    5  0  0
 0.4481849678383347   22    7  0  0
 -0.01434670220173665   22   10  0  0
 -1.143753895421772e-15   22   11  0  0
 0.3988654020777141   22   12  0  0
 0.1338536738633064   22   14  0  0
 0.4704927023977944   22   18  0  0
 0.0360077600760947   22   21  0  0
 -1.286803191415081   22   22  0  0
 -0.2265388450111083   23    2  0  0
 -2.157809232564684e-15   23    5  0  0
 0.1063909617650818   23    6  0  0
 -1.739489334638191e-15   23    7  0  0
 0.5839031446209775   23    9  0  0
 -1.276538590386185e-15   23   10  0  0
 -0.3012503092990763   23   11  0  0
 -2.064186322102107e-15   23   12  0  0
 -1.846134641676394e-15   23   14  0  0
 -0.01528788634279102   23   16  0  0
 0.4641834865357593   23   17  0  0
 -1.481515240017959e-15   23   18  0  0
 -2.39929459979995e-15   23   22  0  0
 -1.098314660808853   23   23  0  0
 -0.1015757831894579   24    1  0  0
 0.04327408309656389   24    3  0  0
 -0.01171418586498138   24    5  0  0
 -0.04171899139261451   24    7  0  0
 0.0805381979541121   24   10  0  0
 0.2184895963300286   24   12  0  0
 0.2547374948207918   24   14  0  0
 -0.1416081454329285   24   18  0  0
 0.01401638917954795   24   21  0  0
 -0.02049025811207172   24   22  0  0
 35.77826479751292   24   24  0  0
 -52.41905313703606  0  0  0  0
