check,file,files,values,values_failing,bulk_values,bulk_failing,near_zero_values,near_zero_failing,rtol,atol,max_relative_error_above_atol,max_absolute_error_below_atol,bulk_margin,near_zero_margin,review_flags
designer-fr,4_Des_F_R_LCDM_1_lensedCls.dat,1,16995,0,13545,0,3450,0,0.0001,0.1,9.18881170291446e-06,1.0000000000287557e-07,10.882799999948038,999999.9999712444,bulk: below 50; near-zero: above 10000
designer-fr,4_Des_F_R_LCDM_1_lensedtotCls.dat,1,16995,0,13555,0,3440,0,0.0001,0.1,9.728288891276644e-06,1.0000000000287557e-07,10.27929999998972,999999.9999712444,bulk: below 50; near-zero: above 10000
designer-fr,4_Des_F_R_LCDM_1_lenspotentialCls.dat,1,27992,0,13947,0,14045,0,0.0001,0.1,8.751969193077193e-06,9.999999999940612e-08,11.425999999988573,1000000.0000059388,bulk: below 50; near-zero: above 10000
designer-fr,4_Des_F_R_LCDM_1_matterpower.dat,1,1308,0,755,0,553,0,0.0001,1.0,0.0,0.0,,,bulk: no measured spread; near-zero: no measured spread
designer-fr,4_Des_F_R_LCDM_1_scalCls.dat,1,20994,0,9537,0,11457,0,0.0001,100.0,9.682791742423835e-06,0.00010000000000331966,10.327600000097453,999999.9999668035,bulk: below 50; near-zero: above 10000
designer-fr,4_Des_F_R_LCDM_1_scalarCovCls.dat,1,90974,0,17425,0,73549,0,0.0001,0.1,9.406718278255912e-06,1.0000000000287557e-07,10.630699999930357,999999.9999712444,bulk: below 50; near-zero: above 10000
designer-fr,4_Des_F_R_LCDM_1_tensCls.dat,1,17495,0,6832,0,10663,0,0.0001,0.01,0.0,0.0,,,bulk: no measured spread; near-zero: no measured spread
designer-fr,4_Des_F_R_LCDM_1_totCls.dat,1,17495,0,13947,0,3548,0,0.0001,0.1,8.751969193077193e-06,9.999999999940612e-08,11.425999999988573,1000000.0000059388,bulk: below 50; near-zero: above 10000
designer-fr,4_Des_F_R_LCDM_1_transfer_out.dat,1,3276,0,2032,0,1244,0,0.0001,1000.0,0.0,1.1299999999999028e-07,,8849557522.124655,bulk: no measured spread; near-zero: above 10000
designer-fr,4_Des_F_R_LCDM_2_lensedCls.dat,1,16995,0,13547,0,3448,0,0.0001,0.1,9.214296903053336e-06,1.0000000000287557e-07,10.852700000025294,999999.9999712444,bulk: below 50; near-zero: above 10000
designer-fr,4_Des_F_R_LCDM_2_lensedtotCls.dat,1,16995,0,13556,0,3439,0,0.0001,0.1,9.144027578365866e-06,6.999999999958428e-08,10.936100000025487,1428571.4285799128,bulk: below 50; near-zero: above 10000
designer-fr,4_Des_F_R_LCDM_2_lenspotentialCls.dat,1,27992,0,13947,0,14045,0,0.0001,0.1,8.354847064393703e-06,1.0000000000287557e-07,11.969100000187357,999999.9999712444,bulk: below 50; near-zero: above 10000
designer-fr,4_Des_F_R_LCDM_2_matterpower.dat,1,1308,0,739,0,569,0,0.0001,1.0,0.0,0.0,,,bulk: no measured spread; near-zero: no measured spread
designer-fr,4_Des_F_R_LCDM_2_scalCls.dat,1,20994,0,9537,0,11457,0,0.0001,100.0,7.498668986290745e-06,0.00010000000000331966,13.335699999936324,999999.9999668035,bulk: below 50; near-zero: above 10000
designer-fr,4_Des_F_R_LCDM_2_scalarCovCls.dat,1,90974,0,17425,0,73549,0,0.0001,0.1,9.595547665928846e-06,1.0000000000287557e-07,10.42149999995024,999999.9999712444,bulk: below 50; near-zero: above 10000
designer-fr,4_Des_F_R_LCDM_2_tensCls.dat,1,17495,0,6832,0,10663,0,0.0001,0.01,0.0,0.0,,,bulk: no measured spread; near-zero: no measured spread
designer-fr,4_Des_F_R_LCDM_2_totCls.dat,1,17495,0,13947,0,3548,0,0.0001,0.1,8.354847064393703e-06,1.0000000000287557e-07,11.969100000187357,999999.9999712444,bulk: below 50; near-zero: above 10000
designer-fr,4_Des_F_R_LCDM_2_transfer_out.dat,1,3276,0,2006,0,1270,0,0.0001,1000.0,0.0,0.0,,,bulk: no measured spread; near-zero: no measured spread
designer-fr,4_Des_F_R_wCDM_1_lensedCls.dat,1,16995,0,13589,0,3406,0,0.0001,0.1,9.970586769041329e-06,3.000000000016878e-07,10.02949999998997,333333.33333145804,bulk: below 50; near-zero: above 10000
designer-fr,4_Des_F_R_wCDM_1_lensedtotCls.dat,1,16995,0,13655,0,3340,0,0.0001,0.1,9.493881193548618e-06,3.000000000016878e-07,10.533100000024548,333333.33333145804,bulk: below 50; near-zero: above 10000
designer-fr,4_Des_F_R_wCDM_1_lenspotentialCls.dat,1,27992,0,13946,0,14046,0,0.0001,0.1,9.554566127214759e-06,5.000000000005e-07,10.466199999931435,199999.9999998,bulk: below 50; near-zero: above 10000
designer-fr,4_Des_F_R_wCDM_1_matterpower.dat,1,1310,0,759,0,551,0,0.0001,1.0,0.0,0.0,,,bulk: no measured spread; near-zero: no measured spread
designer-fr,4_Des_F_R_wCDM_1_scalCls.dat,1,20994,0,9527,0,11467,0,0.0001,100.0,6.790802537076252e-06,0.00010000000000331966,14.72579999992969,999999.9999668035,bulk: below 50; near-zero: above 10000
designer-fr,4_Des_F_R_wCDM_1_scalarCovCls.dat,1,90974,0,17422,0,73552,0,0.0001,0.1,9.879860891403995e-06,5.000000000005e-07,10.121600000158436,199999.9999998,bulk: below 50; near-zero: above 10000
designer-fr,4_Des_F_R_wCDM_1_tensCls.dat,1,17495,0,6808,0,10687,0,0.0001,0.01,0.0,0.0,,,bulk: no measured spread; near-zero: no measured spread
designer-fr,4_Des_F_R_wCDM_1_totCls.dat,1,17495,0,13946,0,3549,0,0.0001,0.1,9.554566127214759e-06,5.000000000005e-07,10.466199999931435,199999.9999998,bulk: below 50; near-zero: above 10000
designer-fr,4_Des_F_R_wCDM_1_transfer_out.dat,1,3289,0,2043,0,1246,0,0.0001,1000.0,0.0,2.6689999999999824e-09,,374672161858.3764,bulk: no measured spread; near-zero: above 10000
designer-fr,4_Des_F_R_wCDM_2_lensedCls.dat,1,16995,0,13661,0,3334,0,0.0001,0.1,9.0092525023629e-06,4.000000000010939e-07,11.099699999947001,249999.99999931632,bulk: below 50; near-zero: above 10000
designer-fr,4_Des_F_R_wCDM_2_lensedtotCls.dat,1,16995,0,13790,0,3205,0,0.0001,0.1,9.807190632148652e-06,3.999999999976245e-07,10.196600000023764,250000.0000014847,bulk: below 50; near-zero: above 10000
designer-fr,4_Des_F_R_wCDM_2_lenspotentialCls.dat,1,27992,0,13946,0,14046,0,0.0001,0.1,9.75352833892316e-06,5.000000000005e-07,10.252699999951046,199999.9999998,bulk: below 50; near-zero: above 10000
designer-fr,4_Des_F_R_wCDM_2_matterpower.dat,1,1310,0,759,0,551,0,0.0001,1.0,0.0,0.0,,,bulk: no measured spread; near-zero: no measured spread
designer-fr,4_Des_F_R_wCDM_2_scalCls.dat,1,20994,0,9531,0,11463,0,0.0001,100.0,9.634468273605064e-06,0.00010000000000331966,10.37940000009794,999999.9999668035,bulk: below 50; near-zero: above 10000
designer-fr,4_Des_F_R_wCDM_2_scalarCovCls.dat,1,90974,0,17442,0,73532,0,0.0001,0.1,9.879860891403995e-06,5.000000000005e-07,10.121600000158436,199999.9999998,bulk: below 50; near-zero: above 10000
designer-fr,4_Des_F_R_wCDM_2_tensCls.dat,1,17495,0,6808,0,10687,0,0.0001,0.01,0.0,0.0,,,bulk: no measured spread; near-zero: no measured spread
designer-fr,4_Des_F_R_wCDM_2_totCls.dat,1,17495,0,13946,0,3549,0,0.0001,0.1,9.75352833892316e-06,5.000000000005e-07,10.252699999951046,199999.9999998,bulk: below 50; near-zero: above 10000
designer-fr,4_Des_F_R_wCDM_2_transfer_out.dat,1,3289,0,2049,0,1240,0,0.0001,1000.0,0.0,1.3229999999999914e-09,,755857898715.0465,bulk: no measured spread; near-zero: above 10000
designer-mc5e,4_Des_mc5e_CPL_1_lensedCls.dat,1,16995,0,13545,0,3450,0,0.0001,0.1,9.345008363827107e-06,3.000000000016878e-07,10.700899999948906,333333.33333145804,bulk: below 50; near-zero: above 10000
designer-mc5e,4_Des_mc5e_CPL_1_lensedtotCls.dat,1,16995,0,13554,0,3441,0,0.0001,0.1,9.530617107503216e-06,3.000000000016878e-07,10.4924999999499,333333.33333145804,bulk: below 50; near-zero: above 10000
designer-mc5e,4_Des_mc5e_CPL_1_lenspotentialCls.dat,1,27992,0,13947,0,14045,0,0.0001,0.1,8.696559641062992e-06,2.999999999947489e-07,11.49879999992467,333333.3333391679,bulk: below 50; near-zero: above 10000
designer-mc5e,4_Des_mc5e_CPL_1_matterpower.dat,1,1310,0,725,0,585,0,0.0001,1.0,0.0,0.0,,,bulk: no measured spread; near-zero: no measured spread
designer-mc5e,4_Des_mc5e_CPL_1_scalCls.dat,1,20994,0,9521,0,11473,0,0.0001,100.0,9.816914543805771e-06,0.00010000000000331966,10.18649999995136,999999.9999668035,bulk: below 50; near-zero: above 10000
designer-mc5e,4_Des_mc5e_CPL_1_scalarCovCls.dat,1,90974,0,17425,0,73549,0,0.0001,0.1,9.7439295317491e-06,2.0000000000575113e-07,10.262800000160649,499999.9999856222,bulk: below 50; near-zero: above 10000
designer-mc5e,4_Des_mc5e_CPL_1_tensCls.dat,1,17495,0,6810,0,10685,0,0.0001,0.01,1.7960253958507425e-06,0.0,55.678499998398934,,near-zero: no measured spread
designer-mc5e,4_Des_mc5e_CPL_1_totCls.dat,1,17495,0,13947,0,3548,0,0.0001,0.1,8.696559641062992e-06,2.999999999947489e-07,11.49879999992467,333333.3333391679,bulk: below 50; near-zero: above 10000
designer-mc5e,4_Des_mc5e_CPL_1_transfer_out.dat,1,3289,0,1988,0,1301,0,0.0001,1000.0,0.0,1.0000000000540735e-13,,9999999999459266.0,bulk: no measured spread; near-zero: above 10000
designer-mc5e,4_Des_mc5e_CPL_2_lensedCls.dat,1,16995,0,13547,0,3448,0,0.0001,0.1,9.739374342569534e-06,9.999999999593667e-08,10.26760000002393,1000000.0000406334,bulk: below 50; near-zero: above 10000
designer-mc5e,4_Des_mc5e_CPL_2_lensedtotCls.dat,1,16995,0,13556,0,3439,0,0.0001,0.1,7.01218015697853e-06,1.0000000000287557e-07,14.260899999906576,999999.9999712444,bulk: below 50; near-zero: above 10000
designer-mc5e,4_Des_mc5e_CPL_2_lenspotentialCls.dat,1,27992,0,13945,0,14047,0,0.0001,0.1,8.83119176930869e-06,1.0000000000287557e-07,11.323500000026389,999999.9999712444,bulk: below 50; near-zero: above 10000
designer-mc5e,4_Des_mc5e_CPL_2_matterpower.dat,1,1312,0,724,0,588,0,0.0001,1.0,0.0,0.0,,,bulk: no measured spread; near-zero: no measured spread
designer-mc5e,4_Des_mc5e_CPL_2_scalCls.dat,1,20994,0,9482,0,11512,0,0.0001,100.0,0.0,0.00010000000000331966,,999999.9999668035,bulk: no measured spread; near-zero: above 10000
designer-mc5e,4_Des_mc5e_CPL_2_scalarCovCls.dat,1,90974,0,17420,0,73554,0,0.0001,0.1,4.533317617853904e-06,9.999999999940612e-08,22.058899999894674,1000000.0000059388,bulk: below 50; near-zero: above 10000
designer-mc5e,4_Des_mc5e_CPL_2_tensCls.dat,1,17495,0,6765,0,10730,0,0.0001,0.01,0.0,0.0,,,bulk: no measured spread; near-zero: no measured spread
designer-mc5e,4_Des_mc5e_CPL_2_totCls.dat,1,17495,0,13945,0,3550,0,0.0001,0.1,8.83119176930869e-06,1.0000000000287557e-07,11.323500000026389,999999.9999712444,bulk: below 50; near-zero: above 10000
designer-mc5e,4_Des_mc5e_CPL_2_transfer_out.dat,1,3315,0,1996,0,1319,0,0.0001,1000.0,0.0,9.999999999746641e-13,,1000000000025335.9,bulk: no measured spread; near-zero: above 10000
designer-mc5e,4_Des_mc5e_taylor_1_lensedCls.dat,1,16995,0,13547,0,3448,0,0.0001,0.1,7.479599392639097e-06,1.9999999999881224e-07,13.36970000003116,500000.0000029694,bulk: below 50; near-zero: above 10000
designer-mc5e,4_Des_mc5e_taylor_1_lensedtotCls.dat,1,16995,0,13555,0,3440,0,0.0001,0.1,6.988755093038986e-06,1.9999999999881224e-07,14.30870000003335,500000.0000029694,bulk: below 50; near-zero: above 10000
designer-mc5e,4_Des_mc5e_taylor_1_lenspotentialCls.dat,1,27992,0,13947,0,14045,0,0.0001,0.1,6.478362270024618e-06,1.9999999999187335e-07,15.435999999984563,500000.0000203167,bulk: below 50; near-zero: above 10000
designer-mc5e,4_Des_mc5e_taylor_1_matterpower.dat,1,1310,0,724,0,586,0,0.0001,1.0,0.0,0.0,,,bulk: no measured spread; near-zero: no measured spread
designer-mc5e,4_Des_mc5e_taylor_1_scalCls.dat,1,20994,0,9504,0,11490,0,0.0001,100.0,4.100595816661655e-06,0.00010000000000331966,24.386699999467695,999999.9999668035,bulk: below 50; near-zero: above 10000
designer-mc5e,4_Des_mc5e_taylor_1_scalarCovCls.dat,1,90974,0,17428,0,73546,0,0.0001,0.1,7.685154586866604e-06,1.0000000000287557e-07,13.012100000030326,999999.9999712444,bulk: below 50; near-zero: above 10000
designer-mc5e,4_Des_mc5e_taylor_1_tensCls.dat,1,17495,0,6794,0,10701,0,0.0001,0.01,0.0,0.0,,,bulk: no measured spread; near-zero: no measured spread
designer-mc5e,4_Des_mc5e_taylor_1_totCls.dat,1,17495,0,13947,0,3548,0,0.0001,0.1,6.478362270024618e-06,1.9999999999187335e-07,15.435999999984563,500000.0000203167,bulk: below 50; near-zero: above 10000
designer-mc5e,4_Des_mc5e_taylor_1_transfer_out.dat,1,3302,0,1989,0,1313,0,0.0001,1000.0,0.0,1.0000000000276037e-12,,999999999972396.2,bulk: no measured spread; near-zero: above 10000
designer-mc5e,4_Des_mc5e_taylor_2_lensedCls.dat,1,16995,0,13547,0,3448,0,0.0001,0.1,8.485506754518967e-06,2.0000000000575113e-07,11.784799999922797,499999.9999856222,bulk: below 50; near-zero: above 10000
designer-mc5e,4_Des_mc5e_taylor_2_lensedtotCls.dat,1,16995,0,13555,0,3440,0,0.0001,0.1,7.14622607805502e-06,1.9999999999187335e-07,13.993399999908327,500000.0000203167,bulk: below 50; near-zero: above 10000
designer-mc5e,4_Des_mc5e_taylor_2_lenspotentialCls.dat,1,27992,0,13944,0,14048,0,0.0001,0.1,5.585468844241769e-06,2.0000000000575113e-07,17.903600000041727,499999.9999856222,bulk: below 50; near-zero: above 10000
designer-mc5e,4_Des_mc5e_taylor_2_matterpower.dat,1,1310,0,724,0,586,0,0.0001,1.0,0.0,0.0,,,bulk: no measured spread; near-zero: no measured spread
designer-mc5e,4_Des_mc5e_taylor_2_scalCls.dat,1,20994,0,9514,0,11480,0,0.0001,100.0,8.755647392560243e-06,0.00010000000000331966,11.421200000010389,999999.9999668035,bulk: below 50; near-zero: above 10000
designer-mc5e,4_Des_mc5e_taylor_2_scalarCovCls.dat,1,90974,0,17418,0,73556,0,0.0001,0.1,9.763432041695237e-06,1.9999999999881224e-07,10.2422999999329,500000.0000029694,bulk: below 50; near-zero: above 10000
designer-mc5e,4_Des_mc5e_taylor_2_tensCls.dat,1,17495,0,6804,0,10691,0,0.0001,0.01,0.0,0.0,,,bulk: no measured spread; near-zero: no measured spread
designer-mc5e,4_Des_mc5e_taylor_2_totCls.dat,1,17495,0,13944,0,3551,0,0.0001,0.1,5.585468844241769e-06,2.0000000000575113e-07,17.903600000041727,499999.9999856222,bulk: below 50; near-zero: above 10000
designer-mc5e,4_Des_mc5e_taylor_2_transfer_out.dat,1,3289,0,1987,0,1302,0,0.0001,1000.0,0.0,0.0,,,bulk: no measured spread; near-zero: no measured spread
designer-mc5e,4_Des_mc5e_turning_point_1_lensedCls.dat,1,16995,0,13549,0,3446,0,0.0001,0.1,7.981546664120554e-06,1.0000000000287557e-07,12.528899999987472,999999.9999712444,bulk: below 50; near-zero: above 10000
designer-mc5e,4_Des_mc5e_turning_point_1_lensedtotCls.dat,1,16995,0,13557,0,3438,0,0.0001,0.1,8.347524124353068e-06,1.0000000000287557e-07,11.97959999998802,999999.9999712444,bulk: below 50; near-zero: above 10000
designer-mc5e,4_Des_mc5e_turning_point_1_lenspotentialCls.dat,1,27992,0,13945,0,14047,0,0.0001,0.1,9.493971328184462e-06,1.0000000000287557e-07,10.533000000024549,999999.9999712444,bulk: below 50; near-zero: above 10000
designer-mc5e,4_Des_mc5e_turning_point_1_matterpower.dat,1,1312,0,724,0,588,0,0.0001,1.0,0.0,0.0,,,bulk: no measured spread; near-zero: no measured spread
designer-mc5e,4_Des_mc5e_turning_point_1_scalCls.dat,1,20994,0,9485,0,11509,0,0.0001,100.0,4.4885116544419424e-06,0.00010000000000331966,22.279099999893624,999999.9999668035,bulk: below 50; near-zero: above 10000
designer-mc5e,4_Des_mc5e_turning_point_1_scalarCovCls.dat,1,90974,0,17422,0,73552,0,0.0001,0.1,9.857752629620094e-06,9.999999999940612e-08,10.144299999933542,1000000.0000059388,bulk: below 50; near-zero: above 10000
designer-mc5e,4_Des_mc5e_turning_point_1_tensCls.dat,1,17495,0,6770,0,10725,0,0.0001,0.01,0.0,0.0,,,bulk: no measured spread; near-zero: no measured spread
designer-mc5e,4_Des_mc5e_turning_point_1_totCls.dat,1,17495,0,13945,0,3550,0,0.0001,0.1,9.493971328184462e-06,1.0000000000287557e-07,10.533000000024549,999999.9999712444,bulk: below 50; near-zero: above 10000
designer-mc5e,4_Des_mc5e_turning_point_1_transfer_out.dat,1,3315,0,1996,0,1319,0,0.0001,1000.0,0.0,9.99999999987899e-14,,1.000000000012101e+16,bulk: no measured spread; near-zero: above 10000
designer-mc5e,4_Des_mc5e_turning_point_2_lensedCls.dat,1,16995,0,13550,0,3445,0,0.0001,0.1,1.7045067157581647e-05,1.1200000000002874e-06,5.866799999994133,89285.71428569137,bulk: below 50; near-zero: above 10000
designer-mc5e,4_Des_mc5e_turning_point_2_lensedtotCls.dat,1,16995,0,13558,0,3437,0,0.0001,0.1,1.4528020920364654e-05,1.1100000000003468e-06,6.883249999993117,90090.09009006195,bulk: below 50; near-zero: above 10000
designer-mc5e,4_Des_mc5e_turning_point_2_lenspotentialCls.dat,1,27992,0,13945,0,14047,0,0.0001,0.1,9.999700008976425e-06,2.1000000000048757e-06,10.000300000023307,47619.04761893706,bulk: below 50; near-zero: above 10000
designer-mc5e,4_Des_mc5e_turning_point_2_matterpower.dat,1,1314,0,722,0,592,0,0.0001,1.0,0.0,0.0,,,bulk: no measured spread; near-zero: no measured spread
designer-mc5e,4_Des_mc5e_turning_point_2_scalCls.dat,1,20994,0,9425,0,11569,0,0.0001,100.0,9.881032370168809e-06,0.00010000000000331966,10.120400000095495,999999.9999668035,bulk: below 50; near-zero: above 10000
designer-mc5e,4_Des_mc5e_turning_point_2_scalarCovCls.dat,1,90974,0,17421,0,73553,0,0.0001,0.1,2.7988468750773156e-05,1.6000000000043757e-06,3.572900000012955,62499.99999982908,bulk: below 50; near-zero: above 10000
designer-mc5e,4_Des_mc5e_turning_point_2_tensCls.dat,1,17495,0,6674,0,10821,0,0.0001,0.01,0.0,0.0,,,bulk: no measured spread; near-zero: no measured spread
designer-mc5e,4_Des_mc5e_turning_point_2_totCls.dat,1,17495,0,13945,0,3550,0,0.0001,0.1,9.999700008976425e-06,2.1000000000048757e-06,10.000300000023307,47619.04761893706,bulk: below 50; near-zero: above 10000
designer-mc5e,4_Des_mc5e_turning_point_2_transfer_out.dat,1,3354,0,2008,0,1346,0,0.0001,1000.0,0.0,1.0000000000287557e-06,,999999999.9712443,bulk: no measured spread; near-zero: above 10000
designer-mc5e,4_Des_mc5e_wCDM_1_lensedCls.dat,1,16995,0,13549,0,3446,0,0.0001,0.1,9.664823906885892e-06,1.0000000000287557e-07,10.346800000024114,999999.9999712444,bulk: below 50; near-zero: above 10000
designer-mc5e,4_Des_mc5e_wCDM_1_lensedtotCls.dat,1,16995,0,13557,0,3438,0,0.0001,0.1,8.131932472413797e-06,1.0000000000287557e-07,12.29720000002866,999999.9999712444,bulk: below 50; near-zero: above 10000
designer-mc5e,4_Des_mc5e_wCDM_1_lenspotentialCls.dat,1,27992,0,13947,0,14045,0,0.0001,0.1,9.632704959925779e-06,3.000000000016878e-07,10.38129999995043,333333.33333145804,bulk: below 50; near-zero: above 10000
designer-mc5e,4_Des_mc5e_wCDM_1_matterpower.dat,1,1312,0,724,0,588,0,0.0001,1.0,0.0,0.0,,,bulk: no measured spread; near-zero: no measured spread
designer-mc5e,4_Des_mc5e_wCDM_1_scalCls.dat,1,20994,0,9485,0,11509,0,0.0001,100.0,4.8207639947008945e-06,0.00010000000000331966,20.743599999900955,999999.9999668035,bulk: below 50; near-zero: above 10000
designer-mc5e,4_Des_mc5e_wCDM_1_scalarCovCls.dat,1,90974,0,17426,0,73548,0,0.0001,0.1,9.901382232936644e-06,3.000000000016878e-07,10.099600000023539,333333.33333145804,bulk: below 50; near-zero: above 10000
designer-mc5e,4_Des_mc5e_wCDM_1_tensCls.dat,1,17495,0,6768,0,10727,0,0.0001,0.01,0.0,9.999999999940612e-09,,1000000.0000059388,bulk: no measured spread; near-zero: above 10000
designer-mc5e,4_Des_mc5e_wCDM_1_totCls.dat,1,17495,0,13947,0,3548,0,0.0001,0.1,9.632704959925779e-06,3.000000000016878e-07,10.38129999995043,333333.33333145804,bulk: below 50; near-zero: above 10000
designer-mc5e,4_Des_mc5e_wCDM_1_transfer_out.dat,1,3315,0,1996,0,1319,0,0.0001,1000.0,0.0,1.0000000000540735e-13,,9999999999459266.0,bulk: no measured spread; near-zero: above 10000
designer-mc5e,4_Des_mc5e_wCDM_2_lensedCls.dat,1,16995,0,13547,0,3448,0,0.0001,0.1,9.441444163277215e-06,5.000000000005e-07,10.591600000024684,199999.9999998,bulk: below 50; near-zero: above 10000
designer-mc5e,4_Des_mc5e_wCDM_2_lensedtotCls.dat,1,16995,0,13556,0,3439,0,0.0001,0.1,9.801038910171272e-06,4.000000000010939e-07,10.202999999951283,249999.99999931632,bulk: below 50; near-zero: above 10000
designer-mc5e,4_Des_mc5e_wCDM_2_lenspotentialCls.dat,1,27992,0,13947,0,14045,0,0.0001,0.1,9.699509204897779e-06,5.000000000005e-07,10.309799999932459,199999.9999998,bulk: below 50; near-zero: above 10000
designer-mc5e,4_Des_mc5e_wCDM_2_matterpower.dat,1,1310,0,725,0,585,0,0.0001,1.0,0.0,0.0,,,bulk: no measured spread; near-zero: no measured spread
designer-mc5e,4_Des_mc5e_wCDM_2_scalCls.dat,1,20994,0,9513,0,11481,0,0.0001,100.0,6.08635317889673e-06,0.00010000000000331966,16.430200000014942,999999.9999668035,bulk: below 50; near-zero: above 10000
designer-mc5e,4_Des_mc5e_wCDM_2_scalarCovCls.dat,1,90974,0,17422,0,73552,0,0.0001,0.1,9.588187353243695e-06,5.000000000005e-07,10.429499999931675,199999.9999998,bulk: below 50; near-zero: above 10000
designer-mc5e,4_Des_mc5e_wCDM_2_tensCls.dat,1,17495,0,6808,0,10687,0,0.0001,0.01,0.0,9.999999999940612e-09,,1000000.0000059388,bulk: no measured spread; near-zero: above 10000
designer-mc5e,4_Des_mc5e_wCDM_2_totCls.dat,1,17495,0,13947,0,3548,0,0.0001,0.1,9.699509204897779e-06,5.000000000005e-07,10.309799999932459,199999.9999998,bulk: below 50; near-zero: above 10000
designer-mc5e,4_Des_mc5e_wCDM_2_transfer_out.dat,1,3289,0,1985,0,1304,0,0.0001,1000.0,0.0,0.0,,,bulk: no measured spread; near-zero: no measured spread
gr-baseline,1_EFT_GR_lensedCls.dat,1,16995,0,13547,0,3448,0,0.0001,0.1,4.405635689202453e-06,1.0000000000287557e-07,22.6981999998513,999999.9999712444,bulk: below 50; near-zero: above 10000
gr-baseline,1_EFT_GR_lensedtotCls.dat,1,16995,0,13556,0,3439,0,0.0001,0.1,9.840001574377319e-06,1.0000000000287557e-07,10.162600000023685,999999.9999712444,bulk: below 50; near-zero: above 10000
gr-baseline,1_EFT_GR_lenspotentialCls.dat,1,27992,0,13947,0,14045,0,0.0001,0.1,8.354847064393703e-06,1.0000000000287557e-07,11.969100000187357,999999.9999712444,bulk: below 50; near-zero: above 10000
gr-baseline,1_EFT_GR_matterpower.dat,1,1308,0,725,0,583,0,0.0001,1.0,0.0,0.0,,,bulk: no measured spread; near-zero: no measured spread
gr-baseline,1_EFT_GR_scalCls.dat,1,20994,0,9538,0,11456,0,0.0001,100.0,4.909903274901019e-06,0.00010000000000331966,20.367000000018525,999999.9999668035,bulk: below 50; near-zero: above 10000
gr-baseline,1_EFT_GR_scalarCovCls.dat,1,90974,0,17425,0,73549,0,0.0001,0.1,7.448456679824747e-06,1.0000000000287557e-07,13.425599999912047,999999.9999712444,bulk: below 50; near-zero: above 10000
gr-baseline,1_EFT_GR_tensCls.dat,1,17495,0,6832,0,10663,0,0.0001,0.01,0.0,0.0,,,bulk: no measured spread; near-zero: no measured spread
gr-baseline,1_EFT_GR_totCls.dat,1,17495,0,13947,0,3548,0,0.0001,0.1,8.354847064393703e-06,1.0000000000287557e-07,11.969100000187357,999999.9999712444,bulk: below 50; near-zero: above 10000
gr-baseline,1_EFT_GR_transfer_out.dat,1,3276,0,1980,0,1296,0,0.0001,1000.0,0.0,0.0,,,bulk: no measured spread; near-zero: no measured spread
horava,5_Horava_SolSyst_1_lensedCls.dat,1,16995,0,13547,0,3448,0,0.0001,0.1,5.129178356907051e-06,1.9999999999881224e-08,19.49630000004544,5000000.000029694,bulk: below 50; near-zero: above 10000
horava,5_Horava_SolSyst_1_lensedtotCls.dat,1,16995,0,13556,0,3439,0,0.0001,0.1,5.664310313563018e-06,1.0000000000287557e-07,17.654400000041143,999999.9999712444,bulk: below 50; near-zero: above 10000
horava,5_Horava_SolSyst_1_lenspotentialCls.dat,1,27992,0,13947,0,14045,0,0.0001,0.1,9.145114679879221e-06,9.999999998899778e-08,10.934799999831244,1000000.0001100223,bulk: below 50; near-zero: above 10000
horava,5_Horava_SolSyst_1_matterpower.dat,1,1308,0,725,0,583,0,0.0001,1.0,0.0,0.0,,,bulk: no measured spread; near-zero: no measured spread
horava,5_Horava_SolSyst_1_scalCls.dat,1,20994,0,9538,0,11456,0,0.0001,100.0,8.703977717848707e-06,9.999999999621423e-05,11.488999999958205,1000000.0000378577,bulk: below 50; near-zero: above 10000
horava,5_Horava_SolSyst_1_scalarCovCls.dat,1,90974,0,17425,0,73549,0,0.0001,0.1,5.111141777995263e-06,1.0000000000287557e-07,19.565099999871826,999999.9999712444,bulk: below 50; near-zero: above 10000
horava,5_Horava_SolSyst_1_tensCls.dat,1,17495,0,6832,0,10663,0,0.0001,0.01,0.0,0.0,,,bulk: no measured spread; near-zero: no measured spread
horava,5_Horava_SolSyst_1_totCls.dat,1,17495,0,13947,0,3548,0,0.0001,0.1,9.145114679879221e-06,9.999999998899778e-08,10.934799999831244,1000000.0001100223,bulk: below 50; near-zero: above 10000
horava,5_Horava_SolSyst_1_transfer_out.dat,1,3276,0,1980,0,1296,0,0.0001,1000.0,0.0,7.867000000000021e-08,,12711325791.279995,bulk: no measured spread; near-zero: above 10000
horava,5_Horava_SolSyst_2_lensedCls.dat,1,16995,0,13545,0,3450,0,0.0001,0.1,1.6619992188620293e-05,1.300000000002688e-06,6.016849999993982,76923.07692291788,bulk: below 50; near-zero: above 10000
horava,5_Horava_SolSyst_2_lensedtotCls.dat,1,16995,0,13554,0,3441,0,0.0001,0.1,1.6952169453902814e-05,1.2999999999992184e-06,5.898949999994101,76923.07692312317,bulk: below 50; near-zero: above 10000
horava,5_Horava_SolSyst_2_lenspotentialCls.dat,1,27992,0,13947,0,14045,0,0.0001,0.1,1.4066774980848088e-05,1.1099999999999131e-06,7.10894999999289,90090.09009009715,bulk: below 50; near-zero: above 10000
horava,5_Horava_SolSyst_2_matterpower.dat,1,1308,0,724,0,584,0,0.0001,1.0,0.0,0.0,,,bulk: no measured spread; near-zero: no measured spread
horava,5_Horava_SolSyst_2_scalCls.dat,1,20994,0,9536,0,11458,0,0.0001,100.0,9.745733804934889e-06,0.00010000000000331966,10.260900000096822,999999.9999668035,bulk: below 50; near-zero: above 10000
horava,5_Horava_SolSyst_2_scalarCovCls.dat,1,90974,0,17425,0,73549,0,0.0001,0.1,1.383968113376052e-05,1.11999999999942e-06,7.225599999992774,89285.71428576052,bulk: below 50; near-zero: above 10000
horava,5_Horava_SolSyst_2_tensCls.dat,1,17495,0,6831,0,10664,0,0.0001,0.01,0.0,0.0,,,bulk: no measured spread; near-zero: no measured spread
horava,5_Horava_SolSyst_2_totCls.dat,1,17495,0,13947,0,3548,0,0.0001,0.1,1.4066774980848088e-05,1.1099999999999131e-06,7.10894999999289,90090.09009009715,bulk: below 50; near-zero: above 10000
horava,5_Horava_SolSyst_2_transfer_out.dat,1,3276,0,1980,0,1296,0,0.0001,1000.0,0.0,9.669000000000042e-08,,10342331161.443745,bulk: no measured spread; near-zero: above 10000
horava,5_Horava_SolSyst_3_lensedCls.dat,1,16995,0,13546,0,3449,0,0.0001,0.1,7.800555399595551e-06,4.0000000000456337e-07,12.819599999916015,249999.9999971479,bulk: below 50; near-zero: above 10000
horava,5_Horava_SolSyst_3_lensedtotCls.dat,1,16995,0,13555,0,3440,0,0.0001,0.1,8.753654650874064e-06,4.0000000000456337e-07,11.42379999992516,249999.9999971479,bulk: below 50; near-zero: above 10000
horava,5_Horava_SolSyst_3_lenspotentialCls.dat,1,27992,0,13952,0,14040,0,0.0001,0.1,9.965122072589405e-06,5.000000000005e-07,10.035000000157082,199999.9999998,bulk: below 50; near-zero: above 10000
horava,5_Horava_SolSyst_3_matterpower.dat,1,1306,0,712,0,594,0,0.0001,1.0,0.0,0.0,,,bulk: no measured spread; near-zero: no measured spread
horava,5_Horava_SolSyst_3_scalCls.dat,1,20994,0,9575,0,11419,0,0.0001,100.0,9.450545296374431e-06,0.00010000000000331966,10.581400000099846,999999.9999668035,bulk: below 50; near-zero: above 10000
horava,5_Horava_SolSyst_3_scalarCovCls.dat,1,90974,0,17507,0,73467,0,0.0001,0.1,9.856100926319207e-06,5.000000000005e-07,10.146000000158818,199999.9999998,bulk: below 50; near-zero: above 10000
horava,5_Horava_SolSyst_3_tensCls.dat,1,17495,0,6732,0,10763,0,0.0001,0.01,1.1471165505158648e-06,0.0,87.17509999749323,,near-zero: no measured spread
horava,5_Horava_SolSyst_3_totCls.dat,1,17495,0,13952,0,3543,0,0.0001,0.1,9.965122072589405e-06,5.000000000005e-07,10.035000000157082,199999.9999998,bulk: below 50; near-zero: above 10000
horava,5_Horava_SolSyst_3_transfer_out.dat,1,3315,0,1991,0,1324,0,0.0001,1000.0,0.0,4.4684000000000016e-07,,2237937516.7845306,bulk: no measured spread; near-zero: above 10000
horava,5_Horava_eta_1_lensedCls.dat,1,16995,0,13547,0,3448,0,0.0001,0.1,9.873910167142287e-06,1.4000000000003593e-06,10.127700000023605,71428.5714285531,bulk: below 50; near-zero: above 10000
horava,5_Horava_eta_1_lensedtotCls.dat,1,16995,0,13556,0,3439,0,0.0001,0.1,9.64059848840019e-06,1.4000000000003593e-06,10.372799999950471,71428.5714285531,bulk: below 50; near-zero: above 10000
horava,5_Horava_eta_1_lenspotentialCls.dat,1,27992,0,13947,0,14045,0,0.0001,0.1,9.822410812417137e-06,1.4000000000003593e-06,10.180800000096069,71428.5714285531,bulk: below 50; near-zero: above 10000
horava,5_Horava_eta_1_matterpower.dat,1,1308,0,725,0,583,0,0.0001,1.0,0.0,0.0,,,bulk: no measured spread; near-zero: no measured spread
horava,5_Horava_eta_1_scalCls.dat,1,20994,0,9538,0,11456,0,0.0001,100.0,9.91591305732166e-06,0.00010000000000331966,10.084799999951848,999999.9999668035,bulk: below 50; near-zero: above 10000
horava,5_Horava_eta_1_scalarCovCls.dat,1,90974,0,17425,0,73549,0,0.0001,0.1,9.91591305732166e-06,1.3999999999986246e-06,10.084799999951848,71428.5714286416,bulk: below 50; near-zero: above 10000
horava,5_Horava_eta_1_tensCls.dat,1,17495,0,6832,0,10663,0,0.0001,0.01,6.485210477580034e-06,0.0,15.419699999824086,,bulk: below 50; near-zero: no measured spread
horava,5_Horava_eta_1_totCls.dat,1,17495,0,13947,0,3548,0,0.0001,0.1,9.822410812417137e-06,1.4000000000003593e-06,10.180800000096069,71428.5714285531,bulk: below 50; near-zero: above 10000
horava,5_Horava_eta_1_transfer_out.dat,1,3276,0,1980,0,1296,0,0.0001,1000.0,0.0,1.0000000000287557e-07,,9999999999.712444,bulk: no measured spread; near-zero: above 10000
horava,5_Horava_eta_2_lensedCls.dat,1,16995,0,13546,0,3449,0,0.0001,0.1,9.88591652319357e-06,1.0999999999969368e-06,10.115400000130263,90909.09090934407,bulk: below 50; near-zero: above 10000
horava,5_Horava_eta_2_lensedtotCls.dat,1,16995,0,13554,0,3441,0,0.0001,0.1,9.5698358772924e-06,1.3000000000096268e-06,10.449500000024354,76923.0769225073,bulk: below 50; near-zero: above 10000
horava,5_Horava_eta_2_lenspotentialCls.dat,1,27992,0,13947,0,14045,0,0.0001,0.1,9.989810393464178e-06,1.000000000001e-06,10.010199999934422,99999.9999999,bulk: below 50; near-zero: above 10000
horava,5_Horava_eta_2_matterpower.dat,1,1308,0,724,0,584,0,0.0001,1.0,0.0,0.0,,,bulk: no measured spread; near-zero: no measured spread
horava,5_Horava_eta_2_scalCls.dat,1,20994,0,9536,0,11458,0,0.0001,100.0,9.36171806254353e-06,0.00010000000000331966,10.681799999948996,999999.9999668035,bulk: below 50; near-zero: above 10000
horava,5_Horava_eta_2_scalarCovCls.dat,1,90974,0,17425,0,73549,0,0.0001,0.1,1.6419552403017917e-05,8.999999999981245e-07,6.090299999993909,111111.11111134266,bulk: below 50; near-zero: above 10000
horava,5_Horava_eta_2_tensCls.dat,1,17495,0,6831,0,10664,0,0.0001,0.01,0.0,0.0,,,bulk: no measured spread; near-zero: no measured spread
horava,5_Horava_eta_2_totCls.dat,1,17495,0,13947,0,3548,0,0.0001,0.1,9.989810393464178e-06,1.000000000001e-06,10.010199999934422,99999.9999999,bulk: below 50; near-zero: above 10000
horava,5_Horava_eta_2_transfer_out.dat,1,3276,0,1980,0,1296,0,0.0001,1000.0,1.4282429326969082e-06,0.00010000000000331966,70.01610000000001,9999999.999668034,near-zero: above 10000
horava,5_Horava_eta_3_lensedCls.dat,1,16995,0,13547,0,3448,0,0.0001,0.1,9.115437905680513e-06,3.000000000016878e-07,10.970399999947617,333333.33333145804,bulk: below 50; near-zero: above 10000
horava,5_Horava_eta_3_lensedtotCls.dat,1,16995,0,13555,0,3440,0,0.0001,0.1,9.503806274323224e-06,3.000000000086267e-07,10.522100000099288,333333.33332374814,bulk: below 50; near-zero: above 10000
horava,5_Horava_eta_3_lenspotentialCls.dat,1,27992,0,13941,0,14051,0,0.0001,0.1,9.1433587213844e-06,3.000000000016878e-07,10.936900000009949,333333.33333145804,bulk: below 50; near-zero: above 10000
horava,5_Horava_eta_3_matterpower.dat,1,1308,0,723,0,585,0,0.0001,1.0,0.0,0.0,,,bulk: no measured spread; near-zero: no measured spread
horava,5_Horava_eta_3_scalCls.dat,1,20994,0,9530,0,11464,0,0.0001,100.0,9.902754946417088e-06,0.00010000000000331966,10.098200000009186,999999.9999668035,bulk: below 50; near-zero: above 10000
horava,5_Horava_eta_3_scalarCovCls.dat,1,90974,0,17415,0,73559,0,0.0001,0.1,9.691143264148289e-06,3.999999999976245e-07,10.318700000024048,250000.0000014847,bulk: below 50; near-zero: above 10000
horava,5_Horava_eta_3_tensCls.dat,1,17495,0,6824,0,10671,0,0.0001,0.01,0.0,0.0,,,bulk: no measured spread; near-zero: no measured spread
horava,5_Horava_eta_3_totCls.dat,1,17495,0,13941,0,3554,0,0.0001,0.1,9.1433587213844e-06,3.000000000016878e-07,10.936900000009949,333333.33333145804,bulk: below 50; near-zero: above 10000
horava,5_Horava_eta_3_transfer_out.dat,1,3276,0,1981,0,1295,0,0.0001,1000.0,0.0,1.7239999999999855e-08,,58004640371.23019,bulk: no measured spread; near-zero: above 10000
horava,5_Horava_eta_4_lensedCls.dat,1,16995,0,13541,0,3454,0,0.0001,0.1,9.610117531715017e-06,1.1999999999998123e-06,10.40570000002425,83333.33333334637,bulk: below 50; near-zero: above 10000
horava,5_Horava_eta_4_lensedtotCls.dat,1,16995,0,13548,0,3447,0,0.0001,0.1,9.992905037488895e-06,1.0999999999969368e-06,10.007099999934443,90909.09090934407,bulk: below 50; near-zero: above 10000
horava,5_Horava_eta_4_lenspotentialCls.dat,1,27992,0,13948,0,14044,0,0.0001,0.1,9.99150721884068e-06,1.1999999999998123e-06,10.008500000023325,83333.33333334637,bulk: below 50; near-zero: above 10000
horava,5_Horava_eta_4_matterpower.dat,1,1306,0,713,0,593,0,0.0001,1.0,0.0,0.0,,,bulk: no measured spread; near-zero: no measured spread
horava,5_Horava_eta_4_scalCls.dat,1,20994,0,9446,0,11548,0,0.0001,100.0,9.57744320580752e-06,0.00010000000000331966,10.441199999950145,999999.9999668035,bulk: below 50; near-zero: above 10000
horava,5_Horava_eta_4_scalarCovCls.dat,1,90974,0,17492,0,73482,0,0.0001,0.1,9.954408807726127e-06,1.1999999999998123e-06,10.045799999934188,83333.33333334637,bulk: below 50; near-zero: above 10000
horava,5_Horava_eta_4_tensCls.dat,1,17495,0,6738,0,10757,0,0.0001,0.01,0.0,9.999999999940612e-09,,1000000.0000059388,bulk: no measured spread; near-zero: above 10000
horava,5_Horava_eta_4_totCls.dat,1,17495,0,13948,0,3547,0,0.0001,0.1,9.99150721884068e-06,1.1999999999998123e-06,10.008500000023325,83333.33333334637,bulk: below 50; near-zero: above 10000
horava,5_Horava_eta_4_transfer_out.dat,1,3302,0,1987,0,1315,0,0.0001,1000.0,0.0,9.999999999940612e-09,,100000000000.59389,bulk: no measured spread; near-zero: above 10000
horndeski-full,5_ADE_1_lensedCls.dat,1,16995,0,13544,0,3451,0,0.0001,0.1,5.856253100365584e-05,2.9000000000001247e-06,1.7075764705893155,34482.758620688175,bulk: below 50; near-zero: above 10000
horndeski-full,5_ADE_1_lensedtotCls.dat,1,16995,0,13553,0,3442,0,0.0001,0.1,6.090736750729172e-05,2.9000000000001247e-06,1.6418375000040544,34482.758620688175,bulk: below 50; near-zero: above 10000
horndeski-full,5_ADE_1_lenspotentialCls.dat,1,27992,1,13943,1,14049,0,0.0001,0.1,0.00013123359580044194,2.9000000000001247e-06,0.762000000000482,34482.758620688175,bulk: below 50; near-zero: above 10000
horndeski-full,5_ADE_1_matterpower.dat,1,1308,0,723,0,585,0,0.0001,1.0,0.0,0.0,,,bulk: no measured spread; near-zero: no measured spread
horndeski-full,5_ADE_1_scalCls.dat,1,20994,0,9431,0,11563,0,0.0001,100.0,9.171535223324818e-06,0.00010000000000331966,10.903299999947938,999999.9999668035,bulk: below 50; near-zero: above 10000
horndeski-full,5_ADE_1_scalarCovCls.dat,1,90974,2,17417,2,73557,0,0.0001,0.1,0.00011441865786925762,2.9000000000001247e-06,0.8739833333324594,34482.758620688175,bulk: below 50; near-zero: above 10000
horndeski-full,5_ADE_1_tensCls.dat,1,17495,0,6901,0,10594,0,0.0001,0.01,0.0,1.0000000000157452e-09,,9999999.999842549,bulk: no measured spread; near-zero: above 10000
horndeski-full,5_ADE_1_totCls.dat,1,17495,1,13943,1,3552,0,0.0001,0.1,0.00013123359580044194,2.9000000000001247e-06,0.762000000000482,34482.758620688175,bulk: below 50; near-zero: above 10000
horndeski-full,5_ADE_1_transfer_out.dat,1,3263,0,1974,0,1289,0,0.0001,1000.0,0.0,0.0,,,bulk: no measured spread; near-zero: no measured spread
horndeski-full,5_hdsk_TG_1_lensedCls.dat,1,16995,0,13548,0,3447,0,0.0001,0.1,1.539693293097555e-05,1.2000000000067512e-06,6.494799999993504,83333.33333286451,bulk: below 50; near-zero: above 10000
horndeski-full,5_hdsk_TG_1_lensedtotCls.dat,1,16995,0,13554,0,3441,0,0.0001,0.1,1.4849077686677039e-05,1.1999999999928734e-06,6.734424999993265,83333.33333382824,bulk: below 50; near-zero: above 10000
horndeski-full,5_hdsk_TG_1_lenspotentialCls.dat,1,27992,0,13944,0,14048,0,0.0001,0.1,1.1883470686460568e-05,1.299999999995749e-06,8.415049999991584,76923.07692332847,bulk: below 50; near-zero: above 10000
horndeski-full,5_hdsk_TG_1_matterpower.dat,1,1326,0,751,0,575,0,0.0001,1.0,0.0,0.0,,,bulk: no measured spread; near-zero: no measured spread
horndeski-full,5_hdsk_TG_1_scalCls.dat,1,20994,0,9490,0,11504,0,0.0001,100.0,9.755716849982088e-06,0.00010000000000331966,10.250400000096723,999999.9999668035,bulk: below 50; near-zero: above 10000
horndeski-full,5_hdsk_TG_1_scalarCovCls.dat,1,90974,0,17453,0,73521,0,0.0001,0.1,1.2207776353549412e-05,1.1999999999998123e-06,8.191499999991809,83333.33333334637,bulk: below 50; near-zero: above 10000
horndeski-full,5_hdsk_TG_1_tensCls.dat,1,17495,0,6654,0,10841,0,0.0001,0.01,1.0548623352212792e-06,9.999999999940612e-09,94.79909999727398,1000000.0000059388,near-zero: above 10000
horndeski-full,5_hdsk_TG_1_totCls.dat,1,17495,0,13944,0,3551,0,0.0001,0.1,1.1883470686460568e-05,1.299999999995749e-06,8.415049999991584,76923.07692332847,bulk: below 50; near-zero: above 10000
horndeski-full,5_hdsk_TG_1_transfer_out.dat,1,3315,0,1974,0,1341,0,0.0001,1000.0,0.0,1.0000000000287557e-07,,9999999999.712444,bulk: no measured spread; near-zero: above 10000
horndeski-full,5_hdsk_TG_2_lensedCls.dat,1,16995,0,13548,0,3447,0,0.0001,0.1,1.5395688437468488e-05,1.1999999999928734e-06,6.495324999993504,83333.33333382824,bulk: below 50; near-zero: above 10000
horndeski-full,5_hdsk_TG_2_lensedtotCls.dat,1,16995,0,13554,0,3441,0,0.0001,0.1,1.1135981469634944e-05,1.1999999999928734e-06,8.9799000000741,83333.33333382824,bulk: below 50; near-zero: above 10000
horndeski-full,5_hdsk_TG_2_lenspotentialCls.dat,1,27992,0,13944,0,14048,0,0.0001,0.1,1.1883470686460568e-05,1.1999999999998123e-06,8.415049999991584,83333.33333334637,bulk: below 50; near-zero: above 10000
horndeski-full,5_hdsk_TG_2_matterpower.dat,1,1326,0,751,0,575,0,0.0001,1.0,0.0,0.0,,,bulk: no measured spread; near-zero: no measured spread
horndeski-full,5_hdsk_TG_2_scalCls.dat,1,20994,0,9490,0,11504,0,0.0001,100.0,9.755716849982088e-06,0.00010000000000331966,10.250400000096723,999999.9999668035,bulk: below 50; near-zero: above 10000
horndeski-full,5_hdsk_TG_2_scalarCovCls.dat,1,90974,0,17453,0,73521,0,0.0001,0.1,1.2207776353549412e-05,1.1999999999998123e-06,8.191499999991809,83333.33333334637,bulk: below 50; near-zero: above 10000
horndeski-full,5_hdsk_TG_2_tensCls.dat,1,17495,0,6654,0,10841,0,0.0001,0.01,1.0548623352212792e-06,9.999999999940612e-09,94.79909999727398,1000000.0000059388,near-zero: above 10000
horndeski-full,5_hdsk_TG_2_totCls.dat,1,17495,0,13944,0,3551,0,0.0001,0.1,1.1883470686460568e-05,1.1999999999998123e-06,8.415049999991584,83333.33333334637,bulk: below 50; near-zero: above 10000
horndeski-full,5_hdsk_TG_2_transfer_out.dat,1,3315,0,1974,0,1341,0,0.0001,1000.0,0.0,1.0000000000287557e-07,,9999999999.712444,bulk: no measured spread; near-zero: above 10000
horndeski-full,5_hdsk_TG_3_lensedCls.dat,1,16995,0,13878,0,3117,0,0.0001,0.1,1.0413195601476592e-05,1.6000000000043757e-06,9.603199999990396,62499.99999982908,bulk: below 50; near-zero: above 10000
horndeski-full,5_hdsk_TG_3_lensedtotCls.dat,1,16995,0,13964,0,3031,0,0.0001,0.1,1.065825375171598e-05,1.5000000000015001e-06,9.382399999990618,66666.6666666,bulk: below 50; near-zero: above 10000
horndeski-full,5_hdsk_TG_3_lenspotentialCls.dat,1,27992,0,13942,0,14050,0,0.0001,0.1,9.976156984783063e-06,2.1000000000014063e-06,10.023900000023362,47619.047619015735,bulk: below 50; near-zero: above 10000
horndeski-full,5_hdsk_TG_3_matterpower.dat,1,1314,0,750,0,564,0,0.0001,1.0,0.0,0.0,,,bulk: no measured spread; near-zero: no measured spread
horndeski-full,5_hdsk_TG_3_scalCls.dat,1,20994,0,9535,0,11459,0,0.0001,100.0,9.805940438764598e-06,0.00010000000000331966,10.197899999951305,999999.9999668035,bulk: below 50; near-zero: above 10000
horndeski-full,5_hdsk_TG_3_scalarCovCls.dat,1,90974,0,17424,0,73550,0,0.0001,0.1,9.953715224184238e-06,2.099999999997937e-06,10.046500000023414,47619.0476190944,bulk: below 50; near-zero: above 10000
horndeski-full,5_hdsk_TG_3_tensCls.dat,1,17495,0,6681,0,10814,0,0.0001,0.01,0.0,9.999999999940612e-09,,1000000.0000059388,bulk: no measured spread; near-zero: above 10000
horndeski-full,5_hdsk_TG_3_totCls.dat,1,17495,0,13942,0,3553,0,0.0001,0.1,9.976156984783063e-06,2.1000000000014063e-06,10.023900000023362,47619.047619015735,bulk: below 50; near-zero: above 10000
horndeski-full,5_hdsk_TG_3_transfer_out.dat,1,3302,0,1999,0,1303,0,0.0001,1000.0,2.0170887759717896e-06,1.0000000000287557e-06,49.576400003426805,999999999.9712443,bulk: below 50; near-zero: above 10000
kmouflage-kmimic,5_Kmimic_1_lensedCls.dat,1,16995,3242,15186,3242,1809,0,0.0001,0.1,0.005799651661788679,0.0007565000000000002,0.01724241486068128,132.18770654329145,bulk: below 50
kmouflage-kmimic,5_Kmimic_1_lensedtotCls.dat,1,16995,3234,15197,3234,1798,0,0.0001,0.1,0.00569677652258895,0.0007565000000000072,0.017553786707882674,132.18770654329023,bulk: below 50
kmouflage-kmimic,5_Kmimic_1_lenspotentialCls.dat,1,27992,3742,13953,3742,14039,0,0.0001,0.1,0.005370307173497456,0.0007508999999999988,0.01862090878032107,133.1735251032097,bulk: below 50
kmouflage-kmimic,5_Kmimic_1_matterpower.dat,1,1308,69,730,69,578,0,0.0001,1.0,0.0009227698160110151,0.00013199999999990997,0.10836938775510002,7575.757575762743,bulk: below 50
kmouflage-kmimic,5_Kmimic_1_scalCls.dat,1,20994,1358,10872,1358,10122,0,0.0001,100.0,0.0004427758200959844,0.07739999999999725,0.2258479245283135,1291.9896640827333,bulk: below 50
kmouflage-kmimic,5_Kmimic_1_scalarCovCls.dat,1,90974,5296,17439,5296,73535,0,0.0001,0.1,0.005282576338460227,0.0007510000000000017,0.018930157103824865,133.15579227696375,bulk: below 50
kmouflage-kmimic,5_Kmimic_1_tensCls.dat,1,17495,0,6678,0,10817,0,0.0001,0.01,0.0,0.0,,,bulk: no measured spread; near-zero: no measured spread
kmouflage-kmimic,5_Kmimic_1_totCls.dat,1,17495,3742,13953,3742,3542,0,0.0001,0.1,0.005370307173497456,0.0007508999999999988,0.01862090878032107,133.1735251032097,bulk: below 50
kmouflage-kmimic,5_Kmimic_1_transfer_out.dat,1,3276,169,1783,169,1493,0,0.0001,1000.0,0.0005374510734195232,0.19400000000007367,0.18606344827586208,5154.639175255775,bulk: below 50
kmouflage-kmimic,5_Kmimic_2_lensedCls.dat,1,16995,4562,14304,4562,2691,0,0.0001,0.1,0.006281728002843679,0.0011274000000000006,0.01591918656056597,88.69966294128078,bulk: below 50
kmouflage-kmimic,5_Kmimic_2_lensedtotCls.dat,1,16995,4557,14313,4557,2682,0,0.0001,0.1,0.00635368272034242,0.0011274000000000006,0.015738903625110618,88.69966294128078,bulk: below 50
kmouflage-kmimic,5_Kmimic_2_lenspotentialCls.dat,1,27992,4516,13955,4516,14037,0,0.0001,0.1,0.008886490946887206,1.4799999999995372e-05,0.011253035714285894,6756.756756758869,bulk: below 50
kmouflage-kmimic,5_Kmimic_2_matterpower.dat,1,1308,55,731,55,577,0,0.0001,1.0,0.000841571954401916,9.199999999998099e-05,0.11882525252527872,10869.56521739355,bulk: below 50; near-zero: above 10000
kmouflage-kmimic,5_Kmimic_2_scalCls.dat,1,20994,1480,10693,1480,10301,0,0.0001,100.0,0.00029046547091710284,0.04080000000000439,0.3442750000000497,2450.980392156599,bulk: below 50
kmouflage-kmimic,5_Kmimic_2_scalarCovCls.dat,1,90974,6350,17443,6350,73531,0,0.0001,0.1,0.008738296227461279,1.4899999999998248e-05,0.011443878462913224,6711.409395973944,bulk: below 50
kmouflage-kmimic,5_Kmimic_2_tensCls.dat,1,17495,0,6681,0,10814,0,0.0001,0.01,0.0,0.0,,,bulk: no measured spread; near-zero: no measured spread
kmouflage-kmimic,5_Kmimic_2_totCls.dat,1,17495,4516,13955,4516,3540,0,0.0001,0.1,0.008886490946887206,1.4799999999995372e-05,0.011253035714285894,6756.756756758869,bulk: below 50
kmouflage-kmimic,5_Kmimic_2_transfer_out.dat,1,3263,224,1777,224,1486,0,0.0001,1000.0,0.0004893762590748414,0.1740999999999957,0.20434174757281554,5743.825387708355,bulk: below 50
kmouflage-kmimic,5_Kmimic_3_lensedCls.dat,1,16995,0,13546,0,3449,0,0.0001,0.1,9.662357910120441e-05,1.9199999999996997e-05,1.0349440677959063,5208.333333334148,bulk: below 50
kmouflage-kmimic,5_Kmimic_3_lensedtotCls.dat,1,16995,0,13556,0,3439,0,0.0001,0.1,9.635876294620495e-05,1.9199999999996997e-05,1.037788333333294,5208.333333334148,bulk: below 50
kmouflage-kmimic,5_Kmimic_3_lenspotentialCls.dat,1,27992,572,13953,572,14039,0,0.0001,0.1,0.00034332882866424264,1.2999999999999123e-05,0.29126595744686123,7692.307692308212,bulk: below 50
kmouflage-kmimic,5_Kmimic_3_matterpower.dat,1,1308,11,736,11,572,0,0.0001,1.0,0.00037102997922243566,1.2999999999985246e-05,0.2695199999999168,76923.07692316423,bulk: below 50; near-zero: above 10000
kmouflage-kmimic,5_Kmimic_3_scalCls.dat,1,20994,0,9653,0,11341,0,0.0001,100.0,3.997561487497515e-05,0.00740000000000407,2.501524999996943,13513.513513506081,bulk: below 50; near-zero: above 10000
kmouflage-kmimic,5_Kmimic_3_scalarCovCls.dat,1,90974,840,17438,840,73536,0,0.0001,0.1,0.00034272796879001894,1.2999999999999123e-05,0.2917765957445614,7692.307692308212,bulk: below 50
kmouflage-kmimic,5_Kmimic_3_tensCls.dat,1,17495,0,6707,0,10788,0,0.0001,0.01,0.0,0.0,,,bulk: no measured spread; near-zero: no measured spread
kmouflage-kmimic,5_Kmimic_3_totCls.dat,1,17495,572,13953,572,3542,0,0.0001,0.1,0.00034332882866424264,1.2999999999999123e-05,0.29126595744686123,7692.307692308212,bulk: below 50
kmouflage-kmimic,5_Kmimic_3_transfer_out.dat,1,3263,14,1779,14,1484,0,0.0001,1000.0,0.00013457080594889782,0.05600000000004002,0.7431032258064516,17857.142857130097,bulk: below 50; near-zero: above 10000
kmouflage-kmimic,5_Kmouflage_1_lensedCls.dat,1,16995,0,14084,0,2911,0,0.0001,0.1,9.569286418321356e-06,1.9999999999187335e-07,10.45009999998955,500000.0000203167,bulk: below 50; near-zero: above 10000
kmouflage-kmimic,5_Kmouflage_1_lensedtotCls.dat,1,16995,0,14114,0,2881,0,0.0001,0.1,9.13508970657261e-06,1.0000000000287557e-07,10.946800000009958,999999.9999712444,bulk: below 50; near-zero: above 10000
kmouflage-kmimic,5_Kmouflage_1_lenspotentialCls.dat,1,27992,0,13951,0,14041,0,0.0001,0.1,9.6280677430622e-06,1.9999999999187335e-07,10.386300000024207,500000.0000203167,bulk: below 50; near-zero: above 10000
kmouflage-kmimic,5_Kmouflage_1_matterpower.dat,1,1308,0,759,0,549,0,0.0001,1.0,0.0,0.0,,,bulk: no measured spread; near-zero: no measured spread
kmouflage-kmimic,5_Kmouflage_1_scalCls.dat,1,20994,0,9575,0,11419,0,0.0001,100.0,3.0518416337617705e-06,0.00010000000000331966,32.76710000077484,999999.9999668035,bulk: below 50; near-zero: above 10000
kmouflage-kmimic,5_Kmouflage_1_scalarCovCls.dat,1,90974,0,17435,0,73539,0,0.0001,0.1,8.78379565391347e-06,2.0000000000575113e-07,11.384599999824303,499999.9999856222,bulk: below 50; near-zero: above 10000
kmouflage-kmimic,5_Kmouflage_1_tensCls.dat,1,17495,0,6889,0,10606,0,0.0001,0.01,0.0,0.0,,,bulk: no measured spread; near-zero: no measured spread
kmouflage-kmimic,5_Kmouflage_1_totCls.dat,1,17495,0,13951,0,3544,0,0.0001,0.1,9.6280677430622e-06,1.9999999999187335e-07,10.386300000024207,500000.0000203167,bulk: below 50; near-zero: above 10000
kmouflage-kmimic,5_Kmouflage_1_transfer_out.dat,1,3198,0,1773,0,1425,0,0.0001,1000.0,0.0,2.0000000000043854e-10,,4999999999989.036,bulk: no measured spread; near-zero: above 10000
kmouflage-kmimic,5_Kmouflage_2_lensedCls.dat,1,16995,0,16645,0,350,0,0.0001,0.1,8.354777261767144e-06,1.0000000000287557e-07,11.969199999815281,999999.9999712444,bulk: below 50; near-zero: above 10000
kmouflage-kmimic,5_Kmouflage_2_lensedtotCls.dat,1,16995,0,16677,0,318,0,0.0001,0.1,9.739279488080772e-06,1.0000000000287557e-07,10.26770000002393,999999.9999712444,bulk: below 50; near-zero: above 10000
kmouflage-kmimic,5_Kmouflage_2_lenspotentialCls.dat,1,27992,0,13933,0,14059,0,0.0001,0.1,9.009090171962534e-06,1.9999999999881224e-07,11.09990000002587,500000.0000029694,bulk: below 50; near-zero: above 10000
kmouflage-kmimic,5_Kmouflage_2_matterpower.dat,1,1306,0,845,0,461,0,0.0001,1.0,0.0,0.0,,,bulk: no measured spread; near-zero: no measured spread
kmouflage-kmimic,5_Kmouflage_2_scalCls.dat,1,20994,0,10245,0,10749,0,0.0001,100.0,3.855050115560344e-06,0.00010000000000331966,25.9400000006134,999999.9999668035,bulk: below 50; near-zero: above 10000
kmouflage-kmimic,5_Kmouflage_2_scalarCovCls.dat,1,90974,0,20373,0,70601,0,0.0001,0.1,9.56315507597302e-06,1.9999999999881224e-07,10.456800000163684,500000.0000029694,bulk: below 50; near-zero: above 10000
kmouflage-kmimic,5_Kmouflage_2_tensCls.dat,1,17495,0,7524,0,9971,0,0.0001,0.01,0.0,0.0,,,bulk: no measured spread; near-zero: no measured spread
kmouflage-kmimic,5_Kmouflage_2_totCls.dat,1,17495,0,13933,0,3562,0,0.0001,0.1,9.009090171962534e-06,1.9999999999881224e-07,11.09990000002587,500000.0000029694,bulk: below 50; near-zero: above 10000
kmouflage-kmimic,5_Kmouflage_2_transfer_out.dat,1,3016,0,1773,0,1243,0,0.0001,1000.0,0.0,2.600000000002313e-09,,384615384615.0425,bulk: no measured spread; near-zero: above 10000
kmouflage-kmimic,5_Kmouflage_3_lensedCls.dat,1,16995,0,13548,0,3447,0,0.0001,0.1,4.947360088689104e-06,0.0,20.21279999986758,,bulk: below 50; near-zero: no measured spread
kmouflage-kmimic,5_Kmouflage_3_lensedtotCls.dat,1,16995,0,13555,0,3440,0,0.0001,0.1,8.285827919965322e-06,9.999999999593667e-08,12.068799999942375,1000000.0000406334,bulk: below 50; near-zero: above 10000
kmouflage-kmimic,5_Kmouflage_3_lenspotentialCls.dat,1,27992,0,13948,0,14044,0,0.0001,0.1,9.773260359665755e-06,1.0000000000287557e-07,10.231999999989768,999999.9999712444,bulk: below 50; near-zero: above 10000
kmouflage-kmimic,5_Kmouflage_3_matterpower.dat,1,1308,0,742,0,566,0,0.0001,1.0,0.0,0.0,,,bulk: no measured spread; near-zero: no measured spread
kmouflage-kmimic,5_Kmouflage_3_scalCls.dat,1,20994,0,9482,0,11512,0,0.0001,100.0,4.7418534957979015e-06,1.9999999999881224e-08,21.088799999539678,5000000000.029694,bulk: below 50; near-zero: above 10000
kmouflage-kmimic,5_Kmouflage_3_scalarCovCls.dat,1,90974,0,17431,0,73543,0,0.0001,0.1,5.662482092406046e-06,1.9999999999881224e-08,17.66009999998234,5000000.000029694,bulk: below 50; near-zero: above 10000
kmouflage-kmimic,5_Kmouflage_3_tensCls.dat,1,17495,0,6739,0,10756,0,0.0001,0.01,0.0,0.0,,,bulk: no measured spread; near-zero: no measured spread
kmouflage-kmimic,5_Kmouflage_3_totCls.dat,1,17495,0,13948,0,3547,0,0.0001,0.1,9.773260359665755e-06,1.0000000000287557e-07,10.231999999989768,999999.9999712444,bulk: below 50; near-zero: above 10000
kmouflage-kmimic,5_Kmouflage_3_transfer_out.dat,1,3250,0,1781,0,1469,0,0.0001,1000.0,0.0,3.6199999999998696e-11,,27624309392266.188,bulk: no measured spread; near-zero: above 10000
pure-eft-gamma,2_PEFT_gamma1_const_1_lensedCls.dat,1,16995,0,13547,0,3448,0,0.0001,0.1,4.405635689202453e-06,1.0000000000287557e-07,22.6981999998513,999999.9999712444,bulk: below 50; near-zero: above 10000
pure-eft-gamma,2_PEFT_gamma1_const_1_lensedtotCls.dat,1,16995,0,13556,0,3439,0,0.0001,0.1,9.840001574377319e-06,1.0000000000287557e-07,10.162600000023685,999999.9999712444,bulk: below 50; near-zero: above 10000
pure-eft-gamma,2_PEFT_gamma1_const_1_lenspotentialCls.dat,1,27992,0,13947,0,14045,0,0.0001,0.1,8.354847064393703e-06,1.0000000000287557e-07,11.969100000187357,999999.9999712444,bulk: below 50; near-zero: above 10000
pure-eft-gamma,2_PEFT_gamma1_const_1_matterpower.dat,1,1308,0,725,0,583,0,0.0001,1.0,0.0,0.0,,,bulk: no measured spread; near-zero: no measured spread
pure-eft-gamma,2_PEFT_gamma1_const_1_scalCls.dat,1,20994,0,9538,0,11456,0,0.0001,100.0,4.909903274901019e-06,0.00010000000000331966,20.367000000018525,999999.9999668035,bulk: below 50; near-zero: above 10000
pure-eft-gamma,2_PEFT_gamma1_const_1_scalarCovCls.dat,1,90974,0,17425,0,73549,0,0.0001,0.1,7.448456679824747e-06,1.0000000000287557e-07,13.425599999912047,999999.9999712444,bulk: below 50; near-zero: above 10000
pure-eft-gamma,2_PEFT_gamma1_const_1_tensCls.dat,1,17495,0,6832,0,10663,0,0.0001,0.01,0.0,0.0,,,bulk: no measured spread; near-zero: no measured spread
pure-eft-gamma,2_PEFT_gamma1_const_1_totCls.dat,1,17495,0,13947,0,3548,0,0.0001,0.1,8.354847064393703e-06,1.0000000000287557e-07,11.969100000187357,999999.9999712444,bulk: below 50; near-zero: above 10000
pure-eft-gamma,2_PEFT_gamma1_const_1_transfer_out.dat,1,3276,0,1980,0,1296,0,0.0001,1000.0,0.0,0.0,,,bulk: no measured spread; near-zero: no measured spread
pure-eft-gamma,2_PEFT_gamma1_const_2_lensedCls.dat,1,16995,0,13547,0,3448,0,0.0001,0.1,4.405635689202453e-06,1.0000000000287557e-07,22.6981999998513,999999.9999712444,bulk: below 50; near-zero: above 10000
pure-eft-gamma,2_PEFT_gamma1_const_2_lensedtotCls.dat,1,16995,0,13556,0,3439,0,0.0001,0.1,9.840001574377319e-06,1.0000000000287557e-07,10.162600000023685,999999.9999712444,bulk: below 50; near-zero: above 10000
pure-eft-gamma,2_PEFT_gamma1_const_2_lenspotentialCls.dat,1,27992,0,13947,0,14045,0,0.0001,0.1,8.354847064393703e-06,1.0000000000287557e-07,11.969100000187357,999999.9999712444,bulk: below 50; near-zero: above 10000
pure-eft-gamma,2_PEFT_gamma1_const_2_matterpower.dat,1,1308,0,725,0,583,0,0.0001,1.0,0.0,0.0,,,bulk: no measured spread; near-zero: no measured spread
pure-eft-gamma,2_PEFT_gamma1_const_2_scalCls.dat,1,20994,0,9538,0,11456,0,0.0001,100.0,4.909903274901019e-06,0.00010000000000331966,20.367000000018525,999999.9999668035,bulk: below 50; near-zero: above 10000
pure-eft-gamma,2_PEFT_gamma1_const_2_scalarCovCls.dat,1,90974,0,17425,0,73549,0,0.0001,0.1,7.448456679824747e-06,1.0000000000287557e-07,13.425599999912047,999999.9999712444,bulk: below 50; near-zero: above 10000
pure-eft-gamma,2_PEFT_gamma1_const_2_tensCls.dat,1,17495,0,6832,0,10663,0,0.0001,0.01,0.0,0.0,,,bulk: no measured spread; near-zero: no measured spread
pure-eft-gamma,2_PEFT_gamma1_const_2_totCls.dat,1,17495,0,13947,0,3548,0,0.0001,0.1,8.354847064393703e-06,1.0000000000287557e-07,11.969100000187357,999999.9999712444,bulk: below 50; near-zero: above 10000
pure-eft-gamma,2_PEFT_gamma1_const_2_transfer_out.dat,1,3276,0,1980,0,1296,0,0.0001,1000.0,0.0,0.0,,,bulk: no measured spread; near-zero: no measured spread
pure-eft-gamma,2_PEFT_gamma3_const_1_lensedCls.dat,1,16995,0,13551,0,3444,0,0.0001,0.1,9.366628575755183e-06,9.999999999940612e-09,10.676199999949024,10000000.000059389,bulk: below 50; near-zero: above 10000
pure-eft-gamma,2_PEFT_gamma3_const_1_lensedtotCls.dat,1,16995,0,13558,0,3437,0,0.0001,0.1,7.111111111157698e-06,9.999999999940612e-09,14.062499999907875,10000000.000059389,bulk: below 50; near-zero: above 10000
pure-eft-gamma,2_PEFT_gamma3_const_1_lenspotentialCls.dat,1,27992,0,13949,0,14043,0,0.0001,0.1,8.354847064393703e-06,1.0000000000287557e-07,11.969100000187357,999999.9999712444,bulk: below 50; near-zero: above 10000
pure-eft-gamma,2_PEFT_gamma3_const_1_matterpower.dat,1,1308,0,734,0,574,0,0.0001,1.0,0.0,0.0,,,bulk: no measured spread; near-zero: no measured spread
pure-eft-gamma,2_PEFT_gamma3_const_1_scalCls.dat,1,20994,0,9630,0,11364,0,0.0001,100.0,0.0,0.00010000000000331966,,999999.9999668035,bulk: no measured spread; near-zero: above 10000
pure-eft-gamma,2_PEFT_gamma3_const_1_scalarCovCls.dat,1,90974,0,17553,0,73421,0,0.0001,0.1,8.614525813483035e-06,1.0000000000287557e-07,11.608299999923954,999999.9999712444,bulk: below 50; near-zero: above 10000
pure-eft-gamma,2_PEFT_gamma3_const_1_tensCls.dat,1,17495,0,6907,0,10588,0,0.0001,0.01,0.0,9.999999999940612e-09,,1000000.0000059388,bulk: no measured spread; near-zero: above 10000
pure-eft-gamma,2_PEFT_gamma3_const_1_totCls.dat,1,17495,0,13949,0,3546,0,0.0001,0.1,8.354847064393703e-06,1.0000000000287557e-07,11.969100000187357,999999.9999712444,bulk: below 50; near-zero: above 10000
pure-eft-gamma,2_PEFT_gamma3_const_1_transfer_out.dat,1,3276,0,2004,0,1272,0,0.0001,1000.0,0.0,0.0,,,bulk: no measured spread; near-zero: no measured spread
pure-eft-gamma,2_PEFT_gamma3_const_2_lensedCls.dat,1,16995,0,13547,0,3448,0,0.0001,0.1,5.546219419519749e-06,1.0000000000287557e-07,18.030300000042022,999999.9999712444,bulk: below 50; near-zero: above 10000
pure-eft-gamma,2_PEFT_gamma3_const_2_lensedtotCls.dat,1,16995,0,13555,0,3440,0,0.0001,0.1,8.052826542097515e-06,9.999999999940612e-08,12.418000000028941,1000000.0000059388,bulk: below 50; near-zero: above 10000
pure-eft-gamma,2_PEFT_gamma3_const_2_lenspotentialCls.dat,1,27992,0,13947,0,14045,0,0.0001,0.1,8.354847064393703e-06,1.0000000000287557e-07,11.969100000187357,999999.9999712444,bulk: below 50; near-zero: above 10000
pure-eft-gamma,2_PEFT_gamma3_const_2_matterpower.dat,1,1308,0,727,0,581,0,0.0001,1.0,0.0,0.0,,,bulk: no measured spread; near-zero: no measured spread
pure-eft-gamma,2_PEFT_gamma3_const_2_scalCls.dat,1,20994,0,9576,0,11418,0,0.0001,100.0,4.526238605215923e-06,0.00010000000000331966,22.09339999989451,999999.9999668035,bulk: below 50; near-zero: above 10000
pure-eft-gamma,2_PEFT_gamma3_const_2_scalarCovCls.dat,1,90974,0,17426,0,73548,0,0.0001,0.1,4.668555875633288e-06,1.0000000000287557e-07,21.419899999897726,999999.9999712444,bulk: below 50; near-zero: above 10000
pure-eft-gamma,2_PEFT_gamma3_const_2_tensCls.dat,1,17495,0,6833,0,10662,0,0.0001,0.01,0.0,0.0,,,bulk: no measured spread; near-zero: no measured spread
pure-eft-gamma,2_PEFT_gamma3_const_2_totCls.dat,1,17495,0,13947,0,3548,0,0.0001,0.1,8.354847064393703e-06,1.0000000000287557e-07,11.969100000187357,999999.9999712444,bulk: below 50; near-zero: above 10000
pure-eft-gamma,2_PEFT_gamma3_const_2_transfer_out.dat,1,3276,0,1987,0,1289,0,0.0001,1000.0,0.0,0.0,,,bulk: no measured spread; near-zero: no measured spread
pure-eft-gamma,2_PEFT_gamma3_exp_1_lensedCls.dat,1,16995,0,13552,0,3443,0,0.0001,0.1,8.683419878141671e-06,1.0000000000114084e-07,11.516199999924556,999999.9999885916,bulk: below 50; near-zero: above 10000
pure-eft-gamma,2_PEFT_gamma3_exp_1_lensedtotCls.dat,1,16995,0,13557,0,3438,0,0.0001,0.1,9.588279287308609e-06,9.999999999593667e-08,10.429400000098411,1000000.0000406334,bulk: below 50; near-zero: above 10000
pure-eft-gamma,2_PEFT_gamma3_exp_1_lenspotentialCls.dat,1,27992,0,13949,0,14043,0,0.0001,0.1,9.743075109429847e-06,1.0000000000287557e-07,10.263699999932761,999999.9999712444,bulk: below 50; near-zero: above 10000
pure-eft-gamma,2_PEFT_gamma3_exp_1_matterpower.dat,1,1308,0,734,0,574,0,0.0001,1.0,0.0,0.0,,,bulk: no measured spread; near-zero: no measured spread
pure-eft-gamma,2_PEFT_gamma3_exp_1_scalCls.dat,1,20994,0,9628,0,11366,0,0.0001,100.0,6.262878043005774e-06,0.00010000000000331966,15.967099999923759,999999.9999668035,bulk: below 50; near-zero: above 10000
pure-eft-gamma,2_PEFT_gamma3_exp_1_scalarCovCls.dat,1,90974,0,17597,0,73377,0,0.0001,0.1,9.733686341755092e-06,1.0000000000287557e-07,10.273599999932697,999999.9999712444,bulk: below 50; near-zero: above 10000
pure-eft-gamma,2_PEFT_gamma3_exp_1_tensCls.dat,1,17495,0,6859,0,10636,0,0.0001,0.01,0.0,0.0,,,bulk: no measured spread; near-zero: no measured spread
pure-eft-gamma,2_PEFT_gamma3_exp_1_totCls.dat,1,17495,0,13949,0,3546,0,0.0001,0.1,9.743075109429847e-06,1.0000000000287557e-07,10.263699999932761,999999.9999712444,bulk: below 50; near-zero: above 10000
pure-eft-gamma,2_PEFT_gamma3_exp_1_transfer_out.dat,1,3276,0,2004,0,1272,0,0.0001,1000.0,0.0,0.0,,,bulk: no measured spread; near-zero: no measured spread
pure-eft-gamma,2_PEFT_gamma3_exp_2_lensedCls.dat,1,16995,0,13547,0,3448,0,0.0001,0.1,9.24069231264653e-06,9.999999999940612e-08,10.82170000002522,1000000.0000059388,bulk: below 50; near-zero: above 10000
pure-eft-gamma,2_PEFT_gamma3_exp_2_lensedtotCls.dat,1,16995,0,13554,0,3441,0,0.0001,0.1,7.506605813151384e-06,7.000000000045165e-08,13.321599999936392,1428571.4285622113,bulk: below 50; near-zero: above 10000
pure-eft-gamma,2_PEFT_gamma3_exp_2_lenspotentialCls.dat,1,27992,0,13946,0,14046,0,0.0001,0.1,9.606793924709392e-06,1.0000000000287557e-07,10.4092999999503,999999.9999712444,bulk: below 50; near-zero: above 10000
pure-eft-gamma,2_PEFT_gamma3_exp_2_matterpower.dat,1,1308,0,727,0,581,0,0.0001,1.0,0.0,0.0,,,bulk: no measured spread; near-zero: no measured spread
pure-eft-gamma,2_PEFT_gamma3_exp_2_scalCls.dat,1,20994,0,9569,0,11425,0,0.0001,100.0,2.6565575796454464e-06,9.999999999976694e-05,37.642699998750395,1000000.0000023306,bulk: below 50; near-zero: above 10000
pure-eft-gamma,2_PEFT_gamma3_exp_2_scalarCovCls.dat,1,90974,0,17426,0,73548,0,0.0001,0.1,5.513651801848559e-06,1.0000000000287557e-07,18.13680000004227,999999.9999712444,bulk: below 50; near-zero: above 10000
pure-eft-gamma,2_PEFT_gamma3_exp_2_tensCls.dat,1,17495,0,6833,0,10662,0,0.0001,0.01,0.0,0.0,,,bulk: no measured spread; near-zero: no measured spread
pure-eft-gamma,2_PEFT_gamma3_exp_2_totCls.dat,1,17495,0,13946,0,3549,0,0.0001,0.1,9.606793924709392e-06,1.0000000000287557e-07,10.4092999999503,999999.9999712444,bulk: below 50; near-zero: above 10000
pure-eft-gamma,2_PEFT_gamma3_exp_2_transfer_out.dat,1,3276,0,1987,0,1289,0,0.0001,1000.0,0.0,0.0,,,bulk: no measured spread; near-zero: no measured spread
pure-eft-gamma,2_PEFT_gamma3_lin_1_lensedCls.dat,1,16995,0,13547,0,3448,0,0.0001,0.1,7.0623463939494724e-06,1.0000000000287557e-07,14.159600000033,999999.9999712444,bulk: below 50; near-zero: above 10000
pure-eft-gamma,2_PEFT_gamma3_lin_1_lensedtotCls.dat,1,16995,0,13555,0,3440,0,0.0001,0.1,7.627881432247439e-06,2.0000000000575113e-07,13.109799999937405,499999.9999856222,bulk: below 50; near-zero: above 10000
pure-eft-gamma,2_PEFT_gamma3_lin_1_lenspotentialCls.dat,1,27992,0,13947,0,14045,0,0.0001,0.1,8.354847064393703e-06,1.0000000000287557e-07,11.969100000187357,999999.9999712444,bulk: below 50; near-zero: above 10000
pure-eft-gamma,2_PEFT_gamma3_lin_1_matterpower.dat,1,1308,0,729,0,579,0,0.0001,1.0,0.0,0.0,,,bulk: no measured spread; near-zero: no measured spread
pure-eft-gamma,2_PEFT_gamma3_lin_1_scalCls.dat,1,20994,0,9562,0,11432,0,0.0001,100.0,4.771447657241983e-06,0.00010000000000331966,20.95799999989993,999999.9999668035,bulk: below 50; near-zero: above 10000
pure-eft-gamma,2_PEFT_gamma3_lin_1_scalarCovCls.dat,1,90974,0,17518,0,73456,0,0.0001,0.1,9.603749303774031e-06,1.0000000000287557e-07,10.412599999950283,999999.9999712444,bulk: below 50; near-zero: above 10000
pure-eft-gamma,2_PEFT_gamma3_lin_1_tensCls.dat,1,17495,0,6831,0,10664,0,0.0001,0.01,0.0,0.0,,,bulk: no measured spread; near-zero: no measured spread
pure-eft-gamma,2_PEFT_gamma3_lin_1_totCls.dat,1,17495,0,13947,0,3548,0,0.0001,0.1,8.354847064393703e-06,1.0000000000287557e-07,11.969100000187357,999999.9999712444,bulk: below 50; near-zero: above 10000
pure-eft-gamma,2_PEFT_gamma3_lin_1_transfer_out.dat,1,3276,0,1997,0,1279,0,0.0001,1000.0,0.0,0.0,,,bulk: no measured spread; near-zero: no measured spread
pure-eft-gamma,2_PEFT_gamma3_lin_2_lensedCls.dat,1,16995,0,13547,0,3448,0,0.0001,0.1,5.834271678733211e-06,1.0000000000287557e-07,17.140099999887713,999999.9999712444,bulk: below 50; near-zero: above 10000
pure-eft-gamma,2_PEFT_gamma3_lin_2_lensedtotCls.dat,1,16995,0,13555,0,3440,0,0.0001,0.1,4.712135634142962e-06,1.0000000000287557e-07,21.221799999860977,999999.9999712444,bulk: below 50; near-zero: above 10000
pure-eft-gamma,2_PEFT_gamma3_lin_2_lenspotentialCls.dat,1,27992,0,13947,0,14045,0,0.0001,0.1,8.354847064393703e-06,1.0000000000287557e-07,11.969100000187357,999999.9999712444,bulk: below 50; near-zero: above 10000
pure-eft-gamma,2_PEFT_gamma3_lin_2_matterpower.dat,1,1308,0,726,0,582,0,0.0001,1.0,0.0,0.0,,,bulk: no measured spread; near-zero: no measured spread
pure-eft-gamma,2_PEFT_gamma3_lin_2_scalCls.dat,1,20994,0,9509,0,11485,0,0.0001,100.0,9.597757963785498e-06,0.00010000000000331966,10.419099999950252,999999.9999668035,bulk: below 50; near-zero: above 10000
pure-eft-gamma,2_PEFT_gamma3_lin_2_scalarCovCls.dat,1,90974,0,17426,0,73548,0,0.0001,0.1,5.995635177596711e-06,1.0000000000287557e-07,16.67879999998332,999999.9999712444,bulk: below 50; near-zero: above 10000
pure-eft-gamma,2_PEFT_gamma3_lin_2_tensCls.dat,1,17495,0,6832,0,10663,0,0.0001,0.01,0.0,0.0,,,bulk: no measured spread; near-zero: no measured spread
pure-eft-gamma,2_PEFT_gamma3_lin_2_totCls.dat,1,17495,0,13947,0,3548,0,0.0001,0.1,8.354847064393703e-06,1.0000000000287557e-07,11.969100000187357,999999.9999712444,bulk: below 50; near-zero: above 10000
pure-eft-gamma,2_PEFT_gamma3_lin_2_transfer_out.dat,1,3276,0,1983,0,1293,0,0.0001,1000.0,0.0,0.0,,,bulk: no measured spread; near-zero: no measured spread
pure-eft-gamma,2_PEFT_gamma3_power_1_lensedCls.dat,1,16995,0,13551,0,3444,0,0.0001,0.1,6.570949830782728e-06,1.0000000000287557e-07,15.218500000035469,999999.9999712444,bulk: below 50; near-zero: above 10000
pure-eft-gamma,2_PEFT_gamma3_power_1_lensedtotCls.dat,1,16995,0,13557,0,3438,0,0.0001,0.1,7.166506614668904e-06,1.0000000000287557e-07,13.953800000032519,999999.9999712444,bulk: below 50; near-zero: above 10000
pure-eft-gamma,2_PEFT_gamma3_power_1_lenspotentialCls.dat,1,27992,0,13948,0,14044,0,0.0001,0.1,8.354847064393703e-06,1.0000000000287557e-07,11.969100000187357,999999.9999712444,bulk: below 50; near-zero: above 10000
pure-eft-gamma,2_PEFT_gamma3_power_1_matterpower.dat,1,1308,0,733,0,575,0,0.0001,1.0,0.0,0.0,,,bulk: no measured spread; near-zero: no measured spread
pure-eft-gamma,2_PEFT_gamma3_power_1_scalCls.dat,1,20994,0,9628,0,11366,0,0.0001,100.0,6.135948065190479e-06,9.999999999976694e-05,16.297400000385384,1000000.0000023306,bulk: below 50; near-zero: above 10000
pure-eft-gamma,2_PEFT_gamma3_power_1_scalarCovCls.dat,1,90974,0,17553,0,73421,0,0.0001,0.1,5.447483535007026e-06,1.0000000000287557e-07,18.35709999991235,999999.9999712444,bulk: below 50; near-zero: above 10000
pure-eft-gamma,2_PEFT_gamma3_power_1_tensCls.dat,1,17495,0,6848,0,10647,0,0.0001,0.01,0.0,0.0,,,bulk: no measured spread; near-zero: no measured spread
pure-eft-gamma,2_PEFT_gamma3_power_1_totCls.dat,1,17495,0,13948,0,3547,0,0.0001,0.1,8.354847064393703e-06,1.0000000000287557e-07,11.969100000187357,999999.9999712444,bulk: below 50; near-zero: above 10000
pure-eft-gamma,2_PEFT_gamma3_power_1_transfer_out.dat,1,3276,0,2001,0,1275,0,0.0001,1000.0,0.0,0.0,,,bulk: no measured spread; near-zero: no measured spread
pure-eft-gamma,2_PEFT_gamma3_power_2_lensedCls.dat,1,16995,0,13548,0,3447,0,0.0001,0.1,8.857317472966873e-06,9.999999999940612e-08,11.290099999825761,1000000.0000059388,bulk: below 50; near-zero: above 10000
pure-eft-gamma,2_PEFT_gamma3_power_2_lensedtotCls.dat,1,16995,0,13555,0,3440,0,0.0001,0.1,9.42258404951145e-06,1.0000000000287557e-07,10.612799999930473,999999.9999712444,bulk: below 50; near-zero: above 10000
pure-eft-gamma,2_PEFT_gamma3_power_2_lenspotentialCls.dat,1,27992,0,13946,0,14046,0,0.0001,0.1,8.354847064393703e-06,1.0000000000287557e-07,11.969100000187357,999999.9999712444,bulk: below 50; near-zero: above 10000
pure-eft-gamma,2_PEFT_gamma3_power_2_matterpower.dat,1,1308,0,727,0,581,0,0.0001,1.0,0.0,0.0,,,bulk: no measured spread; near-zero: no measured spread
pure-eft-gamma,2_PEFT_gamma3_power_2_scalCls.dat,1,20994,0,9567,0,11427,0,0.0001,100.0,5.869853605879098e-06,0.00010000000000331966,17.036199999918654,999999.9999668035,bulk: below 50; near-zero: above 10000
pure-eft-gamma,2_PEFT_gamma3_power_2_scalarCovCls.dat,1,90974,0,17426,0,73548,0,0.0001,0.1,6.457487133556545e-06,1.0000000000287557e-07,15.485899999761006,999999.9999712444,bulk: below 50; near-zero: above 10000
pure-eft-gamma,2_PEFT_gamma3_power_2_tensCls.dat,1,17495,0,6833,0,10662,0,0.0001,0.01,0.0,0.0,,,bulk: no measured spread; near-zero: no measured spread
pure-eft-gamma,2_PEFT_gamma3_power_2_totCls.dat,1,17495,0,13946,0,3549,0,0.0001,0.1,8.354847064393703e-06,1.0000000000287557e-07,11.969100000187357,999999.9999712444,bulk: below 50; near-zero: above 10000
pure-eft-gamma,2_PEFT_gamma3_power_2_transfer_out.dat,1,3276,0,1987,0,1289,0,0.0001,1000.0,0.0,0.0,,,bulk: no measured spread; near-zero: no measured spread
pure-eft-gamma,2_PEFT_gamma4_const_1_lensedCls.dat,1,16995,0,13548,0,3447,0,0.0001,0.1,7.4190580763693316e-06,9.999999999593667e-08,13.478800000031413,1000000.0000406334,bulk: below 50; near-zero: above 10000
pure-eft-gamma,2_PEFT_gamma4_const_1_lensedtotCls.dat,1,16995,0,13557,0,3438,0,0.0001,0.1,8.194907684345837e-06,1.0000000000287557e-07,12.20270000002844,999999.9999712444,bulk: below 50; near-zero: above 10000
pure-eft-gamma,2_PEFT_gamma4_const_1_lenspotentialCls.dat,1,27992,0,13947,0,14045,0,0.0001,0.1,9.415663898523164e-06,1.0000000000287557e-07,10.620599999930423,999999.9999712444,bulk: below 50; near-zero: above 10000
pure-eft-gamma,2_PEFT_gamma4_const_1_matterpower.dat,1,1308,0,590,0,718,0,0.0001,1.0,0.0,0.0,,,bulk: no measured spread; near-zero: no measured spread
pure-eft-gamma,2_PEFT_gamma4_const_1_scalCls.dat,1,20994,0,9563,0,11431,0,0.0001,100.0,4.7314432794805575e-06,0.00010000000000331966,21.135199999899086,999999.9999668035,bulk: below 50; near-zero: above 10000
pure-eft-gamma,2_PEFT_gamma4_const_1_scalarCovCls.dat,1,90974,0,17467,0,73507,0,0.0001,0.1,7.74281466799585e-06,1.0000000000287557e-07,12.915199999987085,999999.9999712444,bulk: below 50; near-zero: above 10000
pure-eft-gamma,2_PEFT_gamma4_const_1_tensCls.dat,1,17495,0,6832,0,10663,0,0.0001,0.01,0.0,0.0,,,bulk: no measured spread; near-zero: no measured spread
pure-eft-gamma,2_PEFT_gamma4_const_1_totCls.dat,1,17495,0,13947,0,3548,0,0.0001,0.1,9.415663898523164e-06,1.0000000000287557e-07,10.620599999930423,999999.9999712444,bulk: below 50; near-zero: above 10000
pure-eft-gamma,2_PEFT_gamma4_const_1_transfer_out.dat,1,3276,0,1516,0,1760,0,0.0001,1000.0,0.0,6.974100000000001e-05,,14338767.7263016,bulk: no measured spread; near-zero: above 10000
pure-eft-gamma,2_PEFT_gamma4_lin_1_lensedCls.dat,1,16995,0,13547,0,3448,0,0.0001,0.1,4.405635689202453e-06,1.0000000000287557e-07,22.6981999998513,999999.9999712444,bulk: below 50; near-zero: above 10000
pure-eft-gamma,2_PEFT_gamma4_lin_1_lensedtotCls.dat,1,16995,0,13556,0,3439,0,0.0001,0.1,9.840001574377319e-06,1.0000000000287557e-07,10.162600000023685,999999.9999712444,bulk: below 50; near-zero: above 10000
pure-eft-gamma,2_PEFT_gamma4_lin_1_lenspotentialCls.dat,1,27992,0,13947,0,14045,0,0.0001,0.1,8.354847064393703e-06,1.0000000000287557e-07,11.969100000187357,999999.9999712444,bulk: below 50; near-zero: above 10000
pure-eft-gamma,2_PEFT_gamma4_lin_1_matterpower.dat,1,1308,0,725,0,583,0,0.0001,1.0,0.0,0.0,,,bulk: no measured spread; near-zero: no measured spread
pure-eft-gamma,2_PEFT_gamma4_lin_1_scalCls.dat,1,20994,0,9538,0,11456,0,0.0001,100.0,4.909903274901019e-06,0.00010000000000331966,20.367000000018525,999999.9999668035,bulk: below 50; near-zero: above 10000
pure-eft-gamma,2_PEFT_gamma4_lin_1_scalarCovCls.dat,1,90974,0,17425,0,73549,0,0.0001,0.1,7.448456679824747e-06,1.0000000000287557e-07,13.425599999912047,999999.9999712444,bulk: below 50; near-zero: above 10000
pure-eft-gamma,2_PEFT_gamma4_lin_1_tensCls.dat,1,17495,0,6832,0,10663,0,0.0001,0.01,0.0,0.0,,,bulk: no measured spread; near-zero: no measured spread
pure-eft-gamma,2_PEFT_gamma4_lin_1_totCls.dat,1,17495,0,13947,0,3548,0,0.0001,0.1,8.354847064393703e-06,1.0000000000287557e-07,11.969100000187357,999999.9999712444,bulk: below 50; near-zero: above 10000
pure-eft-gamma,2_PEFT_gamma4_lin_1_transfer_out.dat,1,3276,0,1980,0,1296,0,0.0001,1000.0,0.0,0.0,,,bulk: no measured spread; near-zero: no measured spread
pure-eft-gamma,2_PEFT_gamma4_power_1_lensedCls.dat,1,16995,0,13547,0,3448,0,0.0001,0.1,4.405635689202453e-06,1.0000000000287557e-07,22.6981999998513,999999.9999712444,bulk: below 50; near-zero: above 10000
pure-eft-gamma,2_PEFT_gamma4_power_1_lensedtotCls.dat,1,16995,0,13556,0,3439,0,0.0001,0.1,9.840001574377319e-06,1.0000000000287557e-07,10.162600000023685,999999.9999712444,bulk: below 50; near-zero: above 10000
pure-eft-gamma,2_PEFT_gamma4_power_1_lenspotentialCls.dat,1,27992,0,13947,0,14045,0,0.0001,0.1,8.354847064393703e-06,1.0000000000287557e-07,11.969100000187357,999999.9999712444,bulk: below 50; near-zero: above 10000
pure-eft-gamma,2_PEFT_gamma4_power_1_matterpower.dat,1,1308,0,725,0,583,0,0.0001,1.0,0.0,0.0,,,bulk: no measured spread; near-zero: no measured spread
pure-eft-gamma,2_PEFT_gamma4_power_1_scalCls.dat,1,20994,0,9538,0,11456,0,0.0001,100.0,4.909903274901019e-06,0.00010000000000331966,20.367000000018525,999999.9999668035,bulk: below 50; near-zero: above 10000
pure-eft-gamma,2_PEFT_gamma4_power_1_scalarCovCls.dat,1,90974,0,17425,0,73549,0,0.0001,0.1,7.448456679824747e-06,1.0000000000287557e-07,13.425599999912047,999999.9999712444,bulk: below 50; near-zero: above 10000
pure-eft-gamma,2_PEFT_gamma4_power_1_tensCls.dat,1,17495,0,6832,0,10663,0,0.0001,0.01,0.0,0.0,,,bulk: no measured spread; near-zero: no measured spread
pure-eft-gamma,2_PEFT_gamma4_power_1_totCls.dat,1,17495,0,13947,0,3548,0,0.0001,0.1,8.354847064393703e-06,1.0000000000287557e-07,11.969100000187357,999999.9999712444,bulk: below 50; near-zero: above 10000
pure-eft-gamma,2_PEFT_gamma4_power_1_transfer_out.dat,1,3276,0,1980,0,1296,0,0.0001,1000.0,0.0,0.0,,,bulk: no measured spread; near-zero: no measured spread
pure-eft-gamma,2_PEFT_gamma4_power_2_lensedCls.dat,1,16995,0,13547,0,3448,0,0.0001,0.1,4.405635689202453e-06,1.0000000000287557e-07,22.6981999998513,999999.9999712444,bulk: below 50; near-zero: above 10000
pure-eft-gamma,2_PEFT_gamma4_power_2_lensedtotCls.dat,1,16995,0,13556,0,3439,0,0.0001,0.1,9.840001574377319e-06,1.0000000000287557e-07,10.162600000023685,999999.9999712444,bulk: below 50; near-zero: above 10000
pure-eft-gamma,2_PEFT_gamma4_power_2_lenspotentialCls.dat,1,27992,0,13947,0,14045,0,0.0001,0.1,8.354847064393703e-06,1.0000000000287557e-07,11.969100000187357,999999.9999712444,bulk: below 50; near-zero: above 10000
pure-eft-gamma,2_PEFT_gamma4_power_2_matterpower.dat,1,1308,0,725,0,583,0,0.0001,1.0,0.0,0.0,,,bulk: no measured spread; near-zero: no measured spread
pure-eft-gamma,2_PEFT_gamma4_power_2_scalCls.dat,1,20994,0,9538,0,11456,0,0.0001,100.0,4.909903274901019e-06,0.00010000000000331966,20.367000000018525,999999.9999668035,bulk: below 50; near-zero: above 10000
pure-eft-gamma,2_PEFT_gamma4_power_2_scalarCovCls.dat,1,90974,0,17425,0,73549,0,0.0001,0.1,7.448456679824747e-06,1.0000000000287557e-07,13.425599999912047,999999.9999712444,bulk: below 50; near-zero: above 10000
pure-eft-gamma,2_PEFT_gamma4_power_2_tensCls.dat,1,17495,0,6832,0,10663,0,0.0001,0.01,0.0,0.0,,,bulk: no measured spread; near-zero: no measured spread
pure-eft-gamma,2_PEFT_gamma4_power_2_totCls.dat,1,17495,0,13947,0,3548,0,0.0001,0.1,8.354847064393703e-06,1.0000000000287557e-07,11.969100000187357,999999.9999712444,bulk: below 50; near-zero: above 10000
pure-eft-gamma,2_PEFT_gamma4_power_2_transfer_out.dat,1,3276,0,1980,0,1296,0,0.0001,1000.0,0.0,0.0,,,bulk: no measured spread; near-zero: no measured spread
pure-eft-gamma,2_PEFT_gamma5_const_1_lensedCls.dat,1,16995,0,13552,0,3443,0,0.0001,0.1,6.216701791038003e-06,9.999999999940612e-09,16.085699999983913,10000000.000059389,bulk: below 50; near-zero: above 10000
pure-eft-gamma,2_PEFT_gamma5_const_1_lensedtotCls.dat,1,16995,0,13559,0,3436,0,0.0001,0.1,8.925543119214589e-06,9.999999999940612e-09,11.20380000010572,10000000.000059389,bulk: below 50; near-zero: above 10000
pure-eft-gamma,2_PEFT_gamma5_const_1_lenspotentialCls.dat,1,27992,0,13948,0,14044,0,0.0001,0.1,8.356033892053991e-06,1.0000000000287557e-07,11.967400000027892,999999.9999712444,bulk: below 50; near-zero: above 10000
pure-eft-gamma,2_PEFT_gamma5_const_1_matterpower.dat,1,1308,0,730,0,578,0,0.0001,1.0,0.0,0.0,,,bulk: no measured spread; near-zero: no measured spread
pure-eft-gamma,2_PEFT_gamma5_const_1_scalCls.dat,1,20994,0,9600,0,11394,0,0.0001,100.0,2.5633072815263807e-06,0.00010000000000331966,39.012100000922516,999999.9999668035,bulk: below 50; near-zero: above 10000
pure-eft-gamma,2_PEFT_gamma5_const_1_scalarCovCls.dat,1,90974,0,17428,0,73546,0,0.0001,0.1,9.922603691185448e-06,1.0000000000287557e-07,10.078000000023488,999999.9999712444,bulk: below 50; near-zero: above 10000
pure-eft-gamma,2_PEFT_gamma5_const_1_tensCls.dat,1,17495,0,6832,0,10663,0,0.0001,0.01,0.0,0.0,,,bulk: no measured spread; near-zero: no measured spread
pure-eft-gamma,2_PEFT_gamma5_const_1_totCls.dat,1,17495,0,13948,0,3547,0,0.0001,0.1,8.356033892053991e-06,1.0000000000287557e-07,11.967400000027892,999999.9999712444,bulk: below 50; near-zero: above 10000
pure-eft-gamma,2_PEFT_gamma5_const_1_transfer_out.dat,1,3276,0,1992,0,1284,0,0.0001,1000.0,0.0,0.0,,,bulk: no measured spread; near-zero: no measured spread
pure-eft-gamma,2_PEFT_gamma5_exp_1_lensedCls.dat,1,16995,0,13551,0,3444,0,0.0001,0.1,5.828898513034405e-06,1.0000000000287557e-07,17.15590000003998,999999.9999712444,bulk: below 50; near-zero: above 10000
pure-eft-gamma,2_PEFT_gamma5_exp_1_lensedtotCls.dat,1,16995,0,13558,0,3437,0,0.0001,0.1,8.012884718751216e-06,9.999999999593667e-08,12.4798999998074,1000000.0000406334,bulk: below 50; near-zero: above 10000
pure-eft-gamma,2_PEFT_gamma5_exp_1_lenspotentialCls.dat,1,27992,0,13948,0,14044,0,0.0001,0.1,9.56123492916608e-06,1.0000000000287557e-07,10.458899999931482,999999.9999712444,bulk: below 50; near-zero: above 10000
pure-eft-gamma,2_PEFT_gamma5_exp_1_matterpower.dat,1,1308,0,730,0,578,0,0.0001,1.0,0.0,0.0,,,bulk: no measured spread; near-zero: no measured spread
pure-eft-gamma,2_PEFT_gamma5_exp_1_scalCls.dat,1,20994,0,9588,0,11406,0,0.0001,100.0,3.777719013170463e-06,0.00010000000000331966,26.471000000625956,999999.9999668035,bulk: below 50; near-zero: above 10000
pure-eft-gamma,2_PEFT_gamma5_exp_1_scalarCovCls.dat,1,90974,0,17428,0,73546,0,0.0001,0.1,3.5178566401730163e-06,1.0000000000287557e-07,28.42640000107616,999999.9999712444,bulk: below 50; near-zero: above 10000
pure-eft-gamma,2_PEFT_gamma5_exp_1_tensCls.dat,1,17495,0,6832,0,10663,0,0.0001,0.01,0.0,0.0,,,bulk: no measured spread; near-zero: no measured spread
pure-eft-gamma,2_PEFT_gamma5_exp_1_totCls.dat,1,17495,0,13948,0,3547,0,0.0001,0.1,9.56123492916608e-06,1.0000000000287557e-07,10.458899999931482,999999.9999712444,bulk: below 50; near-zero: above 10000
pure-eft-gamma,2_PEFT_gamma5_exp_1_transfer_out.dat,1,3276,0,1993,0,1283,0,0.0001,1000.0,0.0,0.0,,,bulk: no measured spread; near-zero: no measured spread
pure-eft-gamma,2_PEFT_gamma5_exp_2_lensedCls.dat,1,16995,0,13548,0,3447,0,0.0001,0.1,9.568370793567675e-06,1.0000000000287557e-07,10.451099999931532,999999.9999712444,bulk: below 50; near-zero: above 10000
pure-eft-gamma,2_PEFT_gamma5_exp_2_lensedtotCls.dat,1,16995,0,13556,0,3439,0,0.0001,0.1,8.314487162412443e-06,1.0000000000287557e-07,12.027200000028031,999999.9999712444,bulk: below 50; near-zero: above 10000
pure-eft-gamma,2_PEFT_gamma5_exp_2_lenspotentialCls.dat,1,27992,0,13947,0,14045,0,0.0001,0.1,9.822121381822935e-06,1.0000000000287557e-07,10.181099999951387,999999.9999712444,bulk: below 50; near-zero: above 10000
pure-eft-gamma,2_PEFT_gamma5_exp_2_matterpower.dat,1,1308,0,736,0,572,0,0.0001,1.0,0.0,0.0,,,bulk: no measured spread; near-zero: no measured spread
pure-eft-gamma,2_PEFT_gamma5_exp_2_scalCls.dat,1,20994,0,9515,0,11479,0,0.0001,100.0,4.5422336888605115e-06,0.00010000000000331966,22.01559999989488,999999.9999668035,bulk: below 50; near-zero: above 10000
pure-eft-gamma,2_PEFT_gamma5_exp_2_scalarCovCls.dat,1,90974,0,17522,0,73452,0,0.0001,0.1,7.448456679824747e-06,1.0000000000287557e-07,13.425599999912047,999999.9999712444,bulk: below 50; near-zero: above 10000
pure-eft-gamma,2_PEFT_gamma5_exp_2_tensCls.dat,1,17495,0,6832,0,10663,0,0.0001,0.01,0.0,0.0,,,bulk: no measured spread; near-zero: no measured spread
pure-eft-gamma,2_PEFT_gamma5_exp_2_totCls.dat,1,17495,0,13947,0,3548,0,0.0001,0.1,9.822121381822935e-06,1.0000000000287557e-07,10.181099999951387,999999.9999712444,bulk: below 50; near-zero: above 10000
pure-eft-gamma,2_PEFT_gamma5_exp_2_transfer_out.dat,1,3276,0,2039,0,1237,0,0.0001,1000.0,0.0,0.0,,,bulk: no measured spread; near-zero: no measured spread
pure-eft-gamma,2_PEFT_gamma6_const_1_lensedCls.dat,1,16995,0,13547,0,3448,0,0.0001,0.1,4.405635689202453e-06,1.0000000000287557e-07,22.6981999998513,999999.9999712444,bulk: below 50; near-zero: above 10000
pure-eft-gamma,2_PEFT_gamma6_const_1_lensedtotCls.dat,1,16995,0,13556,0,3439,0,0.0001,0.1,9.840001574377319e-06,1.0000000000287557e-07,10.162600000023685,999999.9999712444,bulk: below 50; near-zero: above 10000
pure-eft-gamma,2_PEFT_gamma6_const_1_lenspotentialCls.dat,1,27992,0,13947,0,14045,0,0.0001,0.1,8.354847064393703e-06,1.0000000000287557e-07,11.969100000187357,999999.9999712444,bulk: below 50; near-zero: above 10000
pure-eft-gamma,2_PEFT_gamma6_const_1_matterpower.dat,1,1308,0,725,0,583,0,0.0001,1.0,0.0,0.0,,,bulk: no measured spread; near-zero: no measured spread
pure-eft-gamma,2_PEFT_gamma6_const_1_scalCls.dat,1,20994,0,9538,0,11456,0,0.0001,100.0,4.909903274901019e-06,0.00010000000000331966,20.367000000018525,999999.9999668035,bulk: below 50; near-zero: above 10000
pure-eft-gamma,2_PEFT_gamma6_const_1_scalarCovCls.dat,1,90974,0,17425,0,73549,0,0.0001,0.1,7.448456679824747e-06,1.0000000000287557e-07,13.425599999912047,999999.9999712444,bulk: below 50; near-zero: above 10000
pure-eft-gamma,2_PEFT_gamma6_const_1_tensCls.dat,1,17495,0,6832,0,10663,0,0.0001,0.01,0.0,0.0,,,bulk: no measured spread; near-zero: no measured spread
pure-eft-gamma,2_PEFT_gamma6_const_1_totCls.dat,1,17495,0,13947,0,3548,0,0.0001,0.1,8.354847064393703e-06,1.0000000000287557e-07,11.969100000187357,999999.9999712444,bulk: below 50; near-zero: above 10000
pure-eft-gamma,2_PEFT_gamma6_const_1_transfer_out.dat,1,3276,0,1980,0,1296,0,0.0001,1000.0,0.0,0.0,,,bulk: no measured spread; near-zero: no measured spread
pure-eft-gamma,2_PEFT_gamma6_exp_1_lensedCls.dat,1,16995,0,13547,0,3448,0,0.0001,0.1,4.405635689202453e-06,1.0000000000287557e-07,22.6981999998513,999999.9999712444,bulk: below 50; near-zero: above 10000
pure-eft-gamma,2_PEFT_gamma6_exp_1_lensedtotCls.dat,1,16995,0,13556,0,3439,0,0.0001,0.1,9.840001574377319e-06,1.0000000000287557e-07,10.162600000023685,999999.9999712444,bulk: below 50; near-zero: above 10000
pure-eft-gamma,2_PEFT_gamma6_exp_1_lenspotentialCls.dat,1,27992,0,13947,0,14045,0,0.0001,0.1,8.354847064393703e-06,1.0000000000287557e-07,11.969100000187357,999999.9999712444,bulk: below 50; near-zero: above 10000
pure-eft-gamma,2_PEFT_gamma6_exp_1_matterpower.dat,1,1308,0,725,0,583,0,0.0001,1.0,0.0,0.0,,,bulk: no measured spread; near-zero: no measured spread
pure-eft-gamma,2_PEFT_gamma6_exp_1_scalCls.dat,1,20994,0,9538,0,11456,0,0.0001,100.0,4.909903274901019e-06,0.00010000000000331966,20.367000000018525,999999.9999668035,bulk: below 50; near-zero: above 10000
pure-eft-gamma,2_PEFT_gamma6_exp_1_scalarCovCls.dat,1,90974,0,17425,0,73549,0,0.0001,0.1,7.448456679824747e-06,1.0000000000287557e-07,13.425599999912047,999999.9999712444,bulk: below 50; near-zero: above 10000
pure-eft-gamma,2_PEFT_gamma6_exp_1_tensCls.dat,1,17495,0,6832,0,10663,0,0.0001,0.01,0.0,0.0,,,bulk: no measured spread; near-zero: no measured spread
pure-eft-gamma,2_PEFT_gamma6_exp_1_totCls.dat,1,17495,0,13947,0,3548,0,0.0001,0.1,8.354847064393703e-06,1.0000000000287557e-07,11.969100000187357,999999.9999712444,bulk: below 50; near-zero: above 10000
pure-eft-gamma,2_PEFT_gamma6_exp_1_transfer_out.dat,1,3276,0,1980,0,1296,0,0.0001,1000.0,0.0,0.0,,,bulk: no measured spread; near-zero: no measured spread
pure-eft-gamma,2_PEFT_gamma6_lin_1_lensedCls.dat,1,16995,0,13547,0,3448,0,0.0001,0.1,4.405635689202453e-06,1.0000000000287557e-07,22.6981999998513,999999.9999712444,bulk: below 50; near-zero: above 10000
pure-eft-gamma,2_PEFT_gamma6_lin_1_lensedtotCls.dat,1,16995,0,13556,0,3439,0,0.0001,0.1,9.840001574377319e-06,1.0000000000287557e-07,10.162600000023685,999999.9999712444,bulk: below 50; near-zero: above 10000
pure-eft-gamma,2_PEFT_gamma6_lin_1_lenspotentialCls.dat,1,27992,0,13947,0,14045,0,0.0001,0.1,8.354847064393703e-06,1.0000000000287557e-07,11.969100000187357,999999.9999712444,bulk: below 50; near-zero: above 10000
pure-eft-gamma,2_PEFT_gamma6_lin_1_matterpower.dat,1,1308,0,725,0,583,0,0.0001,1.0,0.0,0.0,,,bulk: no measured spread; near-zero: no measured spread
pure-eft-gamma,2_PEFT_gamma6_lin_1_scalCls.dat,1,20994,0,9538,0,11456,0,0.0001,100.0,4.909903274901019e-06,0.00010000000000331966,20.367000000018525,999999.9999668035,bulk: below 50; near-zero: above 10000
pure-eft-gamma,2_PEFT_gamma6_lin_1_scalarCovCls.dat,1,90974,0,17425,0,73549,0,0.0001,0.1,7.448456679824747e-06,1.0000000000287557e-07,13.425599999912047,999999.9999712444,bulk: below 50; near-zero: above 10000
pure-eft-gamma,2_PEFT_gamma6_lin_1_tensCls.dat,1,17495,0,6832,0,10663,0,0.0001,0.01,0.0,0.0,,,bulk: no measured spread; near-zero: no measured spread
pure-eft-gamma,2_PEFT_gamma6_lin_1_totCls.dat,1,17495,0,13947,0,3548,0,0.0001,0.1,8.354847064393703e-06,1.0000000000287557e-07,11.969100000187357,999999.9999712444,bulk: below 50; near-zero: above 10000
pure-eft-gamma,2_PEFT_gamma6_lin_1_transfer_out.dat,1,3276,0,1980,0,1296,0,0.0001,1000.0,0.0,0.0,,,bulk: no measured spread; near-zero: no measured spread
pure-eft-gamma,2_PEFT_gamma6_power_1_lensedCls.dat,1,16995,0,13547,0,3448,0,0.0001,0.1,4.405635689202453e-06,1.0000000000287557e-07,22.6981999998513,999999.9999712444,bulk: below 50; near-zero: above 10000
pure-eft-gamma,2_PEFT_gamma6_power_1_lensedtotCls.dat,1,16995,0,13556,0,3439,0,0.0001,0.1,9.840001574377319e-06,1.0000000000287557e-07,10.162600000023685,999999.9999712444,bulk: below 50; near-zero: above 10000
pure-eft-gamma,2_PEFT_gamma6_power_1_lenspotentialCls.dat,1,27992,0,13947,0,14045,0,0.0001,0.1,8.354847064393703e-06,1.0000000000287557e-07,11.969100000187357,999999.9999712444,bulk: below 50; near-zero: above 10000
pure-eft-gamma,2_PEFT_gamma6_power_1_matterpower.dat,1,1308,0,725,0,583,0,0.0001,1.0,0.0,0.0,,,bulk: no measured spread; near-zero: no measured spread
pure-eft-gamma,2_PEFT_gamma6_power_1_scalCls.dat,1,20994,0,9538,0,11456,0,0.0001,100.0,4.909903274901019e-06,0.00010000000000331966,20.367000000018525,999999.9999668035,bulk: below 50; near-zero: above 10000
pure-eft-gamma,2_PEFT_gamma6_power_1_scalarCovCls.dat,1,90974,0,17425,0,73549,0,0.0001,0.1,7.448456679824747e-06,1.0000000000287557e-07,13.425599999912047,999999.9999712444,bulk: below 50; near-zero: above 10000
pure-eft-gamma,2_PEFT_gamma6_power_1_tensCls.dat,1,17495,0,6832,0,10663,0,0.0001,0.01,0.0,0.0,,,bulk: no measured spread; near-zero: no measured spread
pure-eft-gamma,2_PEFT_gamma6_power_1_totCls.dat,1,17495,0,13947,0,3548,0,0.0001,0.1,8.354847064393703e-06,1.0000000000287557e-07,11.969100000187357,999999.9999712444,bulk: below 50; near-zero: above 10000
pure-eft-gamma,2_PEFT_gamma6_power_1_transfer_out.dat,1,3276,0,1980,0,1296,0,0.0001,1000.0,0.0,0.0,,,bulk: no measured spread; near-zero: no measured spread
pure-eft-omega,2_PEFT_Omega_const_1_lensedCls.dat,1,16995,0,13533,0,3462,0,0.0001,0.1,8.033935342940993e-06,1.0000000000287557e-07,12.447199999918457,999999.9999712444,bulk: below 50; near-zero: above 10000
pure-eft-omega,2_PEFT_Omega_const_1_lensedtotCls.dat,1,16995,0,13540,0,3455,0,0.0001,0.1,7.70024486776885e-06,1.0000000000287557e-07,12.986600000030265,999999.9999712444,bulk: below 50; near-zero: above 10000
pure-eft-omega,2_PEFT_Omega_const_1_lenspotentialCls.dat,1,27992,0,13954,0,14038,0,0.0001,0.1,8.354847064393703e-06,1.0000000000287557e-07,11.969100000187357,999999.9999712444,bulk: below 50; near-zero: above 10000
pure-eft-omega,2_PEFT_Omega_const_1_matterpower.dat,1,1308,0,685,0,623,0,0.0001,1.0,0.0,0.0,,,bulk: no measured spread; near-zero: no measured spread
pure-eft-omega,2_PEFT_Omega_const_1_scalCls.dat,1,20994,0,9544,0,11450,0,0.0001,100.0,1.3079760378480566e-06,0.00010000000000331966,76.4540000018079,999999.9999668035,near-zero: above 10000
pure-eft-omega,2_PEFT_Omega_const_1_scalarCovCls.dat,1,90974,0,17434,0,73540,0,0.0001,0.1,9.43556452980383e-06,1.0000000000287557e-07,10.5982000000247,999999.9999712444,bulk: below 50; near-zero: above 10000
pure-eft-omega,2_PEFT_Omega_const_1_tensCls.dat,1,17495,0,6832,0,10663,0,0.0001,0.01,0.0,0.0,,,bulk: no measured spread; near-zero: no measured spread
pure-eft-omega,2_PEFT_Omega_const_1_totCls.dat,1,17495,0,13954,0,3541,0,0.0001,0.1,8.354847064393703e-06,1.0000000000287557e-07,11.969100000187357,999999.9999712444,bulk: below 50; near-zero: above 10000
pure-eft-omega,2_PEFT_Omega_const_1_transfer_out.dat,1,3276,0,1914,0,1362,0,0.0001,1000.0,0.0,9.99999999985252e-12,,100000000001474.8,bulk: no measured spread; near-zero: above 10000
pure-eft-omega,2_PEFT_Omega_const_2_lensedCls.dat,1,16995,0,13548,0,3447,0,0.0001,0.1,6.716412898183677e-06,7.000000000045165e-08,14.888900000034699,1428571.4285622113,bulk: below 50; near-zero: above 10000
pure-eft-omega,2_PEFT_Omega_const_2_lensedtotCls.dat,1,16995,0,13556,0,3439,0,0.0001,0.1,7.613826709286351e-06,1.0000000000287557e-07,13.13400000003061,999999.9999712444,bulk: below 50; near-zero: above 10000
pure-eft-omega,2_PEFT_Omega_const_2_lenspotentialCls.dat,1,27992,0,13946,0,14046,0,0.0001,0.1,9.77240078585184e-06,1.0000000000287557e-07,10.232899999842077,999999.9999712444,bulk: below 50; near-zero: above 10000
pure-eft-omega,2_PEFT_Omega_const_2_matterpower.dat,1,1308,0,718,0,590,0,0.0001,1.0,0.0,0.0,,,bulk: no measured spread; near-zero: no measured spread
pure-eft-omega,2_PEFT_Omega_const_2_scalCls.dat,1,20994,0,9552,0,11442,0,0.0001,100.0,0.0,0.00010000000000331966,,999999.9999668035,bulk: no measured spread; near-zero: above 10000
pure-eft-omega,2_PEFT_Omega_const_2_scalarCovCls.dat,1,90974,0,17425,0,73549,0,0.0001,0.1,6.121974214250733e-06,1.0000000000287557e-07,16.334599999983663,999999.9999712444,bulk: below 50; near-zero: above 10000
pure-eft-omega,2_PEFT_Omega_const_2_tensCls.dat,1,17495,0,6832,0,10663,0,0.0001,0.01,1.4256569784180563e-06,9.999999999940612e-09,70.143099997983,1000000.0000059388,near-zero: above 10000
pure-eft-omega,2_PEFT_Omega_const_2_totCls.dat,1,17495,0,13946,0,3549,0,0.0001,0.1,9.77240078585184e-06,1.0000000000287557e-07,10.232899999842077,999999.9999712444,bulk: below 50; near-zero: above 10000
pure-eft-omega,2_PEFT_Omega_const_2_transfer_out.dat,1,3276,0,1970,0,1306,0,0.0001,1000.0,0.0,1.0000000000064279e-11,,99999999999357.22,bulk: no measured spread; near-zero: above 10000
pure-eft-omega,2_PEFT_Omega_exp_1_lensedCls.dat,1,16995,0,13547,0,3448,0,0.0001,0.1,4.563917666955188e-06,1.0000000000287557e-07,21.910999999856458,999999.9999712444,bulk: below 50; near-zero: above 10000
pure-eft-omega,2_PEFT_Omega_exp_1_lensedtotCls.dat,1,16995,0,13554,0,3441,0,0.0001,0.1,9.746968692886984e-06,1.0000000000287557e-07,10.259599999841665,999999.9999712444,bulk: below 50; near-zero: above 10000
pure-eft-omega,2_PEFT_Omega_exp_1_lenspotentialCls.dat,1,27992,0,13946,0,14046,0,0.0001,0.1,9.803729338650223e-06,1.0000000000287557e-07,10.200199999989799,999999.9999712444,bulk: below 50; near-zero: above 10000
pure-eft-omega,2_PEFT_Omega_exp_1_matterpower.dat,1,1308,0,723,0,585,0,0.0001,1.0,0.0,0.0,,,bulk: no measured spread; near-zero: no measured spread
pure-eft-omega,2_PEFT_Omega_exp_1_scalCls.dat,1,20994,0,9560,0,11434,0,0.0001,100.0,1.157911313229314e-06,0.00010000000000331966,86.36240000204221,999999.9999668035,near-zero: above 10000
pure-eft-omega,2_PEFT_Omega_exp_1_scalarCovCls.dat,1,90974,0,17529,0,73445,0,0.0001,0.1,8.413188514444881e-06,1.0000000000287557e-07,11.886099999816562,999999.9999712444,bulk: below 50; near-zero: above 10000
pure-eft-omega,2_PEFT_Omega_exp_1_tensCls.dat,1,17495,0,6832,0,10663,0,0.0001,0.01,0.0,0.0,,,bulk: no measured spread; near-zero: no measured spread
pure-eft-omega,2_PEFT_Omega_exp_1_totCls.dat,1,17495,0,13946,0,3549,0,0.0001,0.1,9.803729338650223e-06,1.0000000000287557e-07,10.200199999989799,999999.9999712444,bulk: below 50; near-zero: above 10000
pure-eft-omega,2_PEFT_Omega_exp_1_transfer_out.dat,1,3276,0,1978,0,1298,0,0.0001,1000.0,0.0,6.428000000000089e-09,,155569383945.23743,bulk: no measured spread; near-zero: above 10000
pure-eft-omega,2_PEFT_Omega_lin_1_lensedCls.dat,1,16995,0,13546,0,3449,0,0.0001,0.1,3.5151114642075575e-06,2.0000000000054696e-07,28.448599999813627,499999.99999863264,bulk: below 50; near-zero: above 10000
pure-eft-omega,2_PEFT_Omega_lin_1_lensedtotCls.dat,1,16995,0,13552,0,3443,0,0.0001,0.1,7.073786668787986e-06,1.9999999999881224e-07,14.136699999907389,500000.0000029694,bulk: below 50; near-zero: above 10000
pure-eft-omega,2_PEFT_Omega_lin_1_lenspotentialCls.dat,1,27992,0,13945,0,14047,0,0.0001,0.1,8.354847064393703e-06,1.0000000000287557e-07,11.969100000187357,999999.9999712444,bulk: below 50; near-zero: above 10000
pure-eft-omega,2_PEFT_Omega_lin_1_matterpower.dat,1,1308,0,716,0,592,0,0.0001,1.0,0.0,0.0,,,bulk: no measured spread; near-zero: no measured spread
pure-eft-omega,2_PEFT_Omega_lin_1_scalCls.dat,1,20994,0,9562,0,11432,0,0.0001,100.0,9.88366921340596e-06,0.00010000000000331966,10.117699999951691,999999.9999668035,bulk: below 50; near-zero: above 10000
pure-eft-omega,2_PEFT_Omega_lin_1_scalarCovCls.dat,1,90974,0,17425,0,73549,0,0.0001,0.1,6.4994150526301145e-06,1.0000000000287557e-07,15.386000000035859,999999.9999712444,bulk: below 50; near-zero: above 10000
pure-eft-omega,2_PEFT_Omega_lin_1_tensCls.dat,1,17495,0,6832,0,10663,0,0.0001,0.01,0.0,0.0,,,bulk: no measured spread; near-zero: no measured spread
pure-eft-omega,2_PEFT_Omega_lin_1_totCls.dat,1,17495,0,13945,0,3550,0,0.0001,0.1,8.354847064393703e-06,1.0000000000287557e-07,11.969100000187357,999999.9999712444,bulk: below 50; near-zero: above 10000
pure-eft-omega,2_PEFT_Omega_lin_1_transfer_out.dat,1,3276,0,1967,0,1309,0,0.0001,1000.0,0.0,9.999999999976694e-05,,10000000.000023305,bulk: no measured spread; near-zero: above 10000
pure-eft-omega,2_PEFT_Omega_lin_2_lensedCls.dat,1,16995,0,13546,0,3449,0,0.0001,0.1,9.146620323769043e-06,1.0000000000287557e-07,10.93300000002548,999999.9999712444,bulk: below 50; near-zero: above 10000
pure-eft-omega,2_PEFT_Omega_lin_2_lensedtotCls.dat,1,16995,0,13556,0,3439,0,0.0001,0.1,7.796784606010304e-06,1.0000000000287557e-07,12.82580000002989,999999.9999712444,bulk: below 50; near-zero: above 10000
pure-eft-omega,2_PEFT_Omega_lin_2_lenspotentialCls.dat,1,27992,0,13947,0,14045,0,0.0001,0.1,8.354847064393703e-06,1.0000000000287557e-07,11.969100000187357,999999.9999712444,bulk: below 50; near-zero: above 10000
pure-eft-omega,2_PEFT_Omega_lin_2_matterpower.dat,1,1308,0,724,0,584,0,0.0001,1.0,0.0,0.0,,,bulk: no measured spread; near-zero: no measured spread
pure-eft-omega,2_PEFT_Omega_lin_2_scalCls.dat,1,20994,0,9547,0,11447,0,0.0001,100.0,4.722639388724107e-06,9.999999999976694e-05,21.1745999998989,1000000.0000023306,bulk: below 50; near-zero: above 10000
pure-eft-omega,2_PEFT_Omega_lin_2_scalarCovCls.dat,1,90974,0,17425,0,73549,0,0.0001,0.1,7.448456679824747e-06,1.0000000000287557e-07,13.425599999912047,999999.9999712444,bulk: below 50; near-zero: above 10000
pure-eft-omega,2_PEFT_Omega_lin_2_tensCls.dat,1,17495,0,6832,0,10663,0,0.0001,0.01,0.0,0.0,,,bulk: no measured spread; near-zero: no measured spread
pure-eft-omega,2_PEFT_Omega_lin_2_totCls.dat,1,17495,0,13947,0,3548,0,0.0001,0.1,8.354847064393703e-06,1.0000000000287557e-07,11.969100000187357,999999.9999712444,bulk: below 50; near-zero: above 10000
pure-eft-omega,2_PEFT_Omega_lin_2_transfer_out.dat,1,3276,0,1980,0,1296,0,0.0001,1000.0,0.0,8.399999999998937e-10,,1190476190476.341,bulk: no measured spread; near-zero: above 10000
pure-eft-omega,2_PEFT_Omega_power_1_lensedCls.dat,1,16995,0,13546,0,3449,0,0.0001,0.1,7.034871859698955e-06,1.0000000000287557e-07,14.21490000022251,999999.9999712444,bulk: below 50; near-zero: above 10000
pure-eft-omega,2_PEFT_Omega_power_1_lensedtotCls.dat,1,16995,0,13553,0,3442,0,0.0001,0.1,6.319714348896701e-06,1.0000000000287557e-07,15.823500000036878,999999.9999712444,bulk: below 50; near-zero: above 10000
pure-eft-omega,2_PEFT_Omega_power_1_lenspotentialCls.dat,1,27992,0,13946,0,14046,0,0.0001,0.1,9.803729338650223e-06,1.0000000000287557e-07,10.200199999989799,999999.9999712444,bulk: below 50; near-zero: above 10000
pure-eft-omega,2_PEFT_Omega_power_1_matterpower.dat,1,1308,0,723,0,585,0,0.0001,1.0,0.0,0.0,,,bulk: no measured spread; near-zero: no measured spread
pure-eft-omega,2_PEFT_Omega_power_1_scalCls.dat,1,20994,0,9559,0,11435,0,0.0001,100.0,2.1115979517960785e-06,0.00010000000000331966,47.35749999896629,999999.9999668035,bulk: below 50; near-zero: above 10000
pure-eft-omega,2_PEFT_Omega_power_1_scalarCovCls.dat,1,90974,0,17509,0,73465,0,0.0001,0.1,7.448456679824747e-06,1.0000000000287557e-07,13.425599999912047,999999.9999712444,bulk: below 50; near-zero: above 10000
pure-eft-omega,2_PEFT_Omega_power_1_tensCls.dat,1,17495,0,6832,0,10663,0,0.0001,0.01,0.0,0.0,,,bulk: no measured spread; near-zero: no measured spread
pure-eft-omega,2_PEFT_Omega_power_1_totCls.dat,1,17495,0,13946,0,3549,0,0.0001,0.1,9.803729338650223e-06,1.0000000000287557e-07,10.200199999989799,999999.9999712444,bulk: below 50; near-zero: above 10000
pure-eft-omega,2_PEFT_Omega_power_1_transfer_out.dat,1,3276,0,1983,0,1293,0,0.0001,1000.0,0.0,1.4210000000000496e-09,,703729767769.1521,bulk: no measured spread; near-zero: above 10000
pure-eft-omega,2_PEFT_Omega_power_2_lensedCls.dat,1,16995,0,13546,0,3449,0,0.0001,0.1,5.3148518219188175e-06,1.0000000000287557e-07,18.815200000043852,999999.9999712444,bulk: below 50; near-zero: above 10000
pure-eft-omega,2_PEFT_Omega_power_2_lensedtotCls.dat,1,16995,0,13556,0,3439,0,0.0001,0.1,3.221379652498667e-06,1.0000000000287557e-07,31.042599999796636,999999.9999712444,bulk: below 50; near-zero: above 10000
pure-eft-omega,2_PEFT_Omega_power_2_lenspotentialCls.dat,1,27992,0,13947,0,14045,0,0.0001,0.1,8.354847064393703e-06,1.0000000000287557e-07,11.969100000187357,999999.9999712444,bulk: below 50; near-zero: above 10000
pure-eft-omega,2_PEFT_Omega_power_2_matterpower.dat,1,1308,0,725,0,583,0,0.0001,1.0,0.0,0.0,,,bulk: no measured spread; near-zero: no measured spread
pure-eft-omega,2_PEFT_Omega_power_2_scalCls.dat,1,20994,0,9539,0,11455,0,0.0001,100.0,0.0,9.999999999976694e-05,,1000000.0000023306,bulk: no measured spread; near-zero: above 10000
pure-eft-omega,2_PEFT_Omega_power_2_scalarCovCls.dat,1,90974,0,17425,0,73549,0,0.0001,0.1,8.970862638130377e-06,1.0000000000287557e-07,11.14720000002598,999999.9999712444,bulk: below 50; near-zero: above 10000
pure-eft-omega,2_PEFT_Omega_power_2_tensCls.dat,1,17495,0,6832,0,10663,0,0.0001,0.01,0.0,0.0,,,bulk: no measured spread; near-zero: no measured spread
pure-eft-omega,2_PEFT_Omega_power_2_totCls.dat,1,17495,0,13947,0,3548,0,0.0001,0.1,8.354847064393703e-06,1.0000000000287557e-07,11.969100000187357,999999.9999712444,bulk: below 50; near-zero: above 10000
pure-eft-omega,2_PEFT_Omega_power_2_transfer_out.dat,1,3276,0,1986,0,1290,0,0.0001,1000.0,0.0,4.690000000000289e-10,,2132196162046.777,bulk: no measured spread; near-zero: above 10000
pure-eft-wde,2_PEFT_wDE_LCDM_1_lensedCls.dat,1,16995,0,13547,0,3448,0,0.0001,0.1,4.405635689202453e-06,1.0000000000287557e-07,22.6981999998513,999999.9999712444,bulk: below 50; near-zero: above 10000
pure-eft-wde,2_PEFT_wDE_LCDM_1_lensedtotCls.dat,1,16995,0,13556,0,3439,0,0.0001,0.1,9.840001574377319e-06,1.0000000000287557e-07,10.162600000023685,999999.9999712444,bulk: below 50; near-zero: above 10000
pure-eft-wde,2_PEFT_wDE_LCDM_1_lenspotentialCls.dat,1,27992,0,13947,0,14045,0,0.0001,0.1,8.354847064393703e-06,1.0000000000287557e-07,11.969100000187357,999999.9999712444,bulk: below 50; near-zero: above 10000
pure-eft-wde,2_PEFT_wDE_LCDM_1_matterpower.dat,1,1308,0,725,0,583,0,0.0001,1.0,0.0,0.0,,,bulk: no measured spread; near-zero: no measured spread
pure-eft-wde,2_PEFT_wDE_LCDM_1_scalCls.dat,1,20994,0,9538,0,11456,0,0.0001,100.0,4.909903274901019e-06,0.00010000000000331966,20.367000000018525,999999.9999668035,bulk: below 50; near-zero: above 10000
pure-eft-wde,2_PEFT_wDE_LCDM_1_scalarCovCls.dat,1,90974,0,17425,0,73549,0,0.0001,0.1,7.448456679824747e-06,1.0000000000287557e-07,13.425599999912047,999999.9999712444,bulk: below 50; near-zero: above 10000
pure-eft-wde,2_PEFT_wDE_LCDM_1_tensCls.dat,1,17495,0,6832,0,10663,0,0.0001,0.01,0.0,0.0,,,bulk: no measured spread; near-zero: no measured spread
pure-eft-wde,2_PEFT_wDE_LCDM_1_totCls.dat,1,17495,0,13947,0,3548,0,0.0001,0.1,8.354847064393703e-06,1.0000000000287557e-07,11.969100000187357,999999.9999712444,bulk: below 50; near-zero: above 10000
pure-eft-wde,2_PEFT_wDE_LCDM_1_transfer_out.dat,1,3276,0,1980,0,1296,0,0.0001,1000.0,0.0,0.0,,,bulk: no measured spread; near-zero: no measured spread
pure-eft-wde,2_PEFT_wDE_wCDM_1_lensedCls.dat,1,16995,0,13549,0,3446,0,0.0001,0.1,9.664823906885892e-06,1.0000000000287557e-07,10.346800000024114,999999.9999712444,bulk: below 50; near-zero: above 10000
pure-eft-wde,2_PEFT_wDE_wCDM_1_lensedtotCls.dat,1,16995,0,13557,0,3438,0,0.0001,0.1,8.131932472413797e-06,1.0000000000287557e-07,12.29720000002866,999999.9999712444,bulk: below 50; near-zero: above 10000
pure-eft-wde,2_PEFT_wDE_wCDM_1_lenspotentialCls.dat,1,27992,0,13947,0,14045,0,0.0001,0.1,9.632704959925779e-06,3.000000000016878e-07,10.38129999995043,333333.33333145804,bulk: below 50; near-zero: above 10000
pure-eft-wde,2_PEFT_wDE_wCDM_1_matterpower.dat,1,1312,0,724,0,588,0,0.0001,1.0,0.0,0.0,,,bulk: no measured spread; near-zero: no measured spread
pure-eft-wde,2_PEFT_wDE_wCDM_1_scalCls.dat,1,20994,0,9485,0,11509,0,0.0001,100.0,4.8207639947008945e-06,0.00010000000000331966,20.743599999900955,999999.9999668035,bulk: below 50; near-zero: above 10000
pure-eft-wde,2_PEFT_wDE_wCDM_1_scalarCovCls.dat,1,90974,0,17426,0,73548,0,0.0001,0.1,9.901382232936644e-06,3.000000000016878e-07,10.099600000023539,333333.33333145804,bulk: below 50; near-zero: above 10000
pure-eft-wde,2_PEFT_wDE_wCDM_1_tensCls.dat,1,17495,0,6768,0,10727,0,0.0001,0.01,0.0,9.999999999940612e-09,,1000000.0000059388,bulk: no measured spread; near-zero: above 10000
pure-eft-wde,2_PEFT_wDE_wCDM_1_totCls.dat,1,17495,0,13947,0,3548,0,0.0001,0.1,9.632704959925779e-06,3.000000000016878e-07,10.38129999995043,333333.33333145804,bulk: below 50; near-zero: above 10000
pure-eft-wde,2_PEFT_wDE_wCDM_1_transfer_out.dat,1,3315,0,1996,0,1319,0,0.0001,1000.0,0.0,1.0000000000540735e-13,,9999999999459266.0,bulk: no measured spread; near-zero: above 10000
quintessence-galileon,5_quint_axion_lensedCls.dat,1,16995,0,13551,0,3444,0,0.0001,0.1,6.808696066721361e-06,1.9999999999881224e-07,14.687099999773334,500000.0000029694,bulk: below 50; near-zero: above 10000
quintessence-galileon,5_quint_axion_lensedtotCls.dat,1,16995,0,13559,0,3436,0,0.0001,0.1,8.366870539392643e-06,1.0000000000287557e-07,11.951900000027857,999999.9999712444,bulk: below 50; near-zero: above 10000
quintessence-galileon,5_quint_axion_lenspotentialCls.dat,1,27992,0,13952,0,14040,0,0.0001,0.1,8.903688798327453e-06,1.0000000000287557e-07,11.231299999926422,999999.9999712444,bulk: below 50; near-zero: above 10000
quintessence-galileon,5_quint_axion_matterpower.dat,1,1326,0,725,0,601,0,0.0001,1.0,0.0,0.0,,,bulk: no measured spread; near-zero: no measured spread
quintessence-galileon,5_quint_axion_scalCls.dat,1,20994,0,9341,0,11653,0,0.0001,100.0,4.664418416879378e-06,0.00010000000000331966,21.438900000506965,999999.9999668035,bulk: below 50; near-zero: above 10000
quintessence-galileon,5_quint_axion_scalarCovCls.dat,1,90974,0,17469,0,73505,0,0.0001,0.1,8.762629139226517e-06,1.0000000000287557e-07,11.412100000026598,999999.9999712444,bulk: below 50; near-zero: above 10000
quintessence-galileon,5_quint_axion_tensCls.dat,1,17495,0,6566,0,10929,0,0.0001,0.01,0.0,9.999999999940612e-09,,1000000.0000059388,bulk: no measured spread; near-zero: above 10000
quintessence-galileon,5_quint_axion_totCls.dat,1,17495,0,13952,0,3543,0,0.0001,0.1,8.903688798327453e-06,1.0000000000287557e-07,11.231299999926422,999999.9999712444,bulk: below 50; near-zero: above 10000
quintessence-galileon,5_quint_axion_transfer_out.dat,1,3419,0,2030,0,1389,0,0.0001,1000.0,0.0,1.999999999970504e-11,,50000000000737.4,bulk: no measured spread; near-zero: above 10000
quintessence-galileon,5_quint_cubic_lensedCls.dat,1,16995,0,13551,0,3444,0,0.0001,0.1,9.784927297837009e-06,2.9999999999821836e-07,10.219800000159974,333333.33333531296,bulk: below 50; near-zero: above 10000
quintessence-galileon,5_quint_cubic_lensedtotCls.dat,1,16995,0,13558,0,3437,0,0.0001,0.1,9.375937593737525e-06,2.0000000000054696e-07,10.665600000024858,499999.99999863264,bulk: below 50; near-zero: above 10000
quintessence-galileon,5_quint_cubic_lenspotentialCls.dat,1,27992,0,13901,0,14091,0,0.0001,0.1,9.858141346040478e-06,2.999999999947489e-07,10.143899999989857,333333.3333391679,bulk: below 50; near-zero: above 10000
quintessence-galileon,5_quint_cubic_matterpower.dat,1,1328,0,723,0,605,0,0.0001,1.0,0.0,0.0,,,bulk: no measured spread; near-zero: no measured spread
quintessence-galileon,5_quint_cubic_scalCls.dat,1,20994,0,9296,0,11698,0,0.0001,100.0,9.601628436228623e-06,0.00010000000000331966,10.41489999995027,999999.9999668035,bulk: below 50; near-zero: above 10000
quintessence-galileon,5_quint_cubic_scalarCovCls.dat,1,90974,0,17415,0,73559,0,0.0001,0.1,9.772305286826933e-06,2.0000000000228169e-07,10.232999999989767,499999.9999942958,bulk: below 50; near-zero: above 10000
quintessence-galileon,5_quint_cubic_tensCls.dat,1,17495,0,6511,0,10984,0,0.0001,0.01,0.0,0.0,,,bulk: no measured spread; near-zero: no measured spread
quintessence-galileon,5_quint_cubic_totCls.dat,1,17495,0,13901,0,3594,0,0.0001,0.1,9.858141346040478e-06,2.999999999947489e-07,10.143899999989857,333333.3333391679,bulk: below 50; near-zero: above 10000
quintessence-galileon,5_quint_cubic_transfer_out.dat,1,3445,0,2038,0,1407,0,0.0001,1000.0,0.0,1.0000000000064279e-11,,99999999999357.22,bulk: no measured spread; near-zero: above 10000
quintessence-galileon,5_quint_exponential_lensedCls.dat,1,16995,0,13546,0,3449,0,0.0001,0.1,8.38630683817505e-06,2.999999999947489e-07,11.924200000027792,333333.3333391679,bulk: below 50; near-zero: above 10000
quintessence-galileon,5_quint_exponential_lensedtotCls.dat,1,16995,0,13555,0,3440,0,0.0001,0.1,9.242998428681859e-06,1.9999999999881224e-07,10.819000000009842,500000.0000029694,bulk: below 50; near-zero: above 10000
quintessence-galileon,5_quint_exponential_lenspotentialCls.dat,1,27992,0,13949,0,14043,0,0.0001,0.1,9.737382786162829e-06,2.0000000000575113e-07,10.269700000096906,499999.9999856222,bulk: below 50; near-zero: above 10000
quintessence-galileon,5_quint_exponential_matterpower.dat,1,1310,0,725,0,585,0,0.0001,1.0,0.0,0.0,,,bulk: no measured spread; near-zero: no measured spread
quintessence-galileon,5_quint_exponential_scalCls.dat,1,20994,0,9513,0,11481,0,0.0001,100.0,8.685908849990567e-06,0.00010000000000331966,11.512900000108637,999999.9999668035,bulk: below 50; near-zero: above 10000
quintessence-galileon,5_quint_exponential_scalarCovCls.dat,1,90974,0,17428,0,73546,0,0.0001,0.1,9.145532864451035e-06,1.1999999999928734e-07,10.934300000025484,833333.3333382824,bulk: below 50; near-zero: above 10000
quintessence-galileon,5_quint_exponential_tensCls.dat,1,17495,0,6808,0,10687,0,0.0001,0.01,0.0,0.0,,,bulk: no measured spread; near-zero: no measured spread
quintessence-galileon,5_quint_exponential_totCls.dat,1,17495,0,13949,0,3546,0,0.0001,0.1,9.737382786162829e-06,2.0000000000575113e-07,10.269700000096906,499999.9999856222,bulk: below 50; near-zero: above 10000
quintessence-galileon,5_quint_exponential_transfer_out.dat,1,3289,0,1985,0,1304,0,0.0001,1000.0,0.0,9.999999999940612e-09,,100000000000.59389,bulk: no measured spread; near-zero: above 10000
quintessence-galileon,5_quint_inverse_power_lensedCls.dat,1,16995,0,13549,0,3446,0,0.0001,0.1,8.813135096527356e-06,1.9999999999881224e-07,11.346700000026445,500000.0000029694,bulk: below 50; near-zero: above 10000
quintessence-galileon,5_quint_inverse_power_lensedtotCls.dat,1,16995,0,13557,0,3438,0,0.0001,0.1,9.326270237984681e-06,1.9999999999881224e-07,10.72240000002499,500000.0000029694,bulk: below 50; near-zero: above 10000
quintessence-galileon,5_quint_inverse_power_lenspotentialCls.dat,1,27992,0,13947,0,14045,0,0.0001,0.1,9.644131546000336e-06,2.0000000000054696e-07,10.368999999950491,499999.99999863264,bulk: below 50; near-zero: above 10000
quintessence-galileon,5_quint_inverse_power_matterpower.dat,1,1312,0,725,0,587,0,0.0001,1.0,0.0,0.0,,,bulk: no measured spread; near-zero: no measured spread
quintessence-galileon,5_quint_inverse_power_scalCls.dat,1,20994,0,9503,0,11491,0,0.0001,100.0,9.607809227385859e-06,0.00010000000000331966,10.408199999950302,999999.9999668035,bulk: below 50; near-zero: above 10000
quintessence-galileon,5_quint_inverse_power_scalarCovCls.dat,1,90974,0,17426,0,73548,0,0.0001,0.1,8.672500368561054e-06,1.0000000000287557e-07,11.530700000026872,999999.9999712444,bulk: below 50; near-zero: above 10000
quintessence-galileon,5_quint_inverse_power_tensCls.dat,1,17495,0,6793,0,10702,0,0.0001,0.01,0.0,9.999999999940612e-09,,1000000.0000059388,bulk: no measured spread; near-zero: above 10000
quintessence-galileon,5_quint_inverse_power_totCls.dat,1,17495,0,13947,0,3548,0,0.0001,0.1,9.644131546000336e-06,2.0000000000054696e-07,10.368999999950491,499999.99999863264,bulk: below 50; near-zero: above 10000
quintessence-galileon,5_quint_inverse_power_transfer_out.dat,1,3302,0,1989,0,1313,0,0.0001,1000.0,0.0,9.99999999985252e-12,,100000000001474.8,bulk: no measured spread; near-zero: above 10000
quintessence-galileon,5_quint_quadratic_lensedCls.dat,1,16995,0,13550,0,3445,0,0.0001,0.1,9.821446109789537e-06,1.0000000000287557e-07,10.181799999933299,999999.9999712444,bulk: below 50; near-zero: above 10000
quintessence-galileon,5_quint_quadratic_lensedtotCls.dat,1,16995,0,13559,0,3436,0,0.0001,0.1,4.6910035933394835e-06,9.999999999940612e-09,21.31739999986035,10000000.000059389,bulk: below 50; near-zero: above 10000
quintessence-galileon,5_quint_quadratic_lenspotentialCls.dat,1,27992,0,13949,0,14043,0,0.0001,0.1,6.063509195351418e-06,1.0000000000287557e-07,16.49209999989196,999999.9999712444,bulk: below 50; near-zero: above 10000
quintessence-galileon,5_quint_quadratic_matterpower.dat,1,1316,0,725,0,591,0,0.0001,1.0,0.0,0.0,,,bulk: no measured spread; near-zero: no measured spread
quintessence-galileon,5_quint_quadratic_scalCls.dat,1,20994,0,9452,0,11542,0,0.0001,100.0,8.42112354629589e-06,0.00010000000000331966,11.8749000000108,999999.9999668035,bulk: below 50; near-zero: above 10000
quintessence-galileon,5_quint_quadratic_scalarCovCls.dat,1,90974,0,17435,0,73539,0,0.0001,0.1,7.2037286499426615e-06,1.9999999999881224e-07,13.881700000012627,500000.0000029694,bulk: below 50; near-zero: above 10000
quintessence-galileon,5_quint_quadratic_tensCls.dat,1,17495,0,6721,0,10774,0,0.0001,0.01,0.0,0.0,,,bulk: no measured spread; near-zero: no measured spread
quintessence-galileon,5_quint_quadratic_totCls.dat,1,17495,0,13949,0,3546,0,0.0001,0.1,6.063509195351418e-06,1.0000000000287557e-07,16.49209999989196,999999.9999712444,bulk: below 50; near-zero: above 10000
quintessence-galileon,5_quint_quadratic_transfer_out.dat,1,3328,0,1998,0,1330,0,0.0001,1000.0,0.0,9.999999999344301e-11,,10000000000655.7,bulk: no measured spread; near-zero: above 10000
quintessence-galileon,5_scg_lensedCls.dat,1,16995,0,13547,0,3448,0,0.0001,0.1,8.712774670263081e-06,1.0000000000287557e-07,11.477399999945197,999999.9999712444,bulk: below 50; near-zero: above 10000
quintessence-galileon,5_scg_lensedtotCls.dat,1,16995,0,13553,0,3442,0,0.0001,0.1,3.3405042825483743e-06,9.999999999940612e-09,29.935599999803888,10000000.000059389,bulk: below 50; near-zero: above 10000
quintessence-galileon,5_scg_lenspotentialCls.dat,1,27992,0,13933,0,14059,0,0.0001,0.1,4.443595224013497e-06,1.0000000000287557e-07,22.50430000005245,999999.9999712444,bulk: below 50; near-zero: above 10000
quintessence-galileon,5_scg_matterpower.dat,1,1310,0,717,0,593,0,0.0001,1.0,0.0,0.0,,,bulk: no measured spread; near-zero: no measured spread
quintessence-galileon,5_scg_scalCls.dat,1,20994,0,9592,0,11402,0,0.0001,100.0,1.1800802454287858e-06,0.00010000000000331966,84.74000000200384,999999.9999668035,near-zero: above 10000
quintessence-galileon,5_scg_scalarCovCls.dat,1,90974,0,17401,0,73573,0,0.0001,0.1,8.563036795349153e-06,1.0000000000287557e-07,11.678100000027218,999999.9999712444,bulk: below 50; near-zero: above 10000
quintessence-galileon,5_scg_tensCls.dat,1,17495,0,7158,0,10337,0,0.0001,0.01,1.0763185170028548e-06,0.0,92.90930000764334,,near-zero: no measured spread
quintessence-galileon,5_scg_totCls.dat,1,17495,0,13933,0,3562,0,0.0001,0.1,4.443595224013497e-06,1.0000000000287557e-07,22.50430000005245,999999.9999712444,bulk: below 50; near-zero: above 10000
quintessence-galileon,5_scg_transfer_out.dat,1,3276,0,1966,0,1310,0,0.0001,1000.0,0.0,7.70000000000079e-10,,1298701298701.1655,bulk: no measured spread; near-zero: above 10000
rph-alpha-basis,3_RPH_KT_OmegaDE_1_lensedCls.dat,1,16995,0,13547,0,3448,0,0.0001,0.1,5.961003117590738e-06,9.999999999940612e-09,16.775700000039098,10000000.000059389,bulk: below 50; near-zero: above 10000
rph-alpha-basis,3_RPH_KT_OmegaDE_1_lensedtotCls.dat,1,16995,0,13556,0,3439,0,0.0001,0.1,7.698466465516836e-06,9.999999999940612e-09,12.989599999937976,10000000.000059389,bulk: below 50; near-zero: above 10000
rph-alpha-basis,3_RPH_KT_OmegaDE_1_lenspotentialCls.dat,1,27992,0,13947,0,14045,0,0.0001,0.1,8.602002546249107e-06,9.999999999940612e-09,11.625199999923842,10000000.000059389,bulk: below 50; near-zero: above 10000
rph-alpha-basis,3_RPH_KT_OmegaDE_1_matterpower.dat,1,1308,0,725,0,583,0,0.0001,1.0,0.0,0.0,,,bulk: no measured spread; near-zero: no measured spread
rph-alpha-basis,3_RPH_KT_OmegaDE_1_scalCls.dat,1,20994,0,9538,0,11456,0,0.0001,100.0,0.0,0.00010000000000331966,,999999.9999668035,bulk: no measured spread; near-zero: above 10000
rph-alpha-basis,3_RPH_KT_OmegaDE_1_scalarCovCls.dat,1,90974,0,17425,0,73549,0,0.0001,0.1,8.922118824638848e-06,1.0000000000374293e-08,11.208100000175444,9999999.999625707,bulk: below 50; near-zero: above 10000
rph-alpha-basis,3_RPH_KT_OmegaDE_1_tensCls.dat,1,17495,0,6832,0,10663,0,0.0001,0.01,0.0,0.0,,,bulk: no measured spread; near-zero: no measured spread
rph-alpha-basis,3_RPH_KT_OmegaDE_1_totCls.dat,1,17495,0,13947,0,3548,0,0.0001,0.1,8.602002546249107e-06,9.999999999940612e-09,11.625199999923842,10000000.000059389,bulk: below 50; near-zero: above 10000
rph-alpha-basis,3_RPH_KT_OmegaDE_1_transfer_out.dat,1,3276,0,1980,0,1296,0,0.0001,1000.0,0.0,0.00010000000000331966,,9999999.999668034,bulk: no measured spread; near-zero: above 10000
rph-alpha-basis,3_RPH_KT_power_1_lensedCls.dat,1,16995,0,13547,0,3448,0,0.0001,0.1,5.536240228449336e-06,9.999999999940612e-08,18.062800000282746,1000000.0000059388,bulk: below 50; near-zero: above 10000
rph-alpha-basis,3_RPH_KT_power_1_lensedtotCls.dat,1,16995,0,13556,0,3439,0,0.0001,0.1,8.165931732864211e-06,1.0000000000287557e-07,12.245999999919773,999999.9999712444,bulk: below 50; near-zero: above 10000
rph-alpha-basis,3_RPH_KT_power_1_lenspotentialCls.dat,1,27992,0,13947,0,14045,0,0.0001,0.1,8.602002546249107e-06,9.999999999940612e-09,11.625199999923842,10000000.000059389,bulk: below 50; near-zero: above 10000
rph-alpha-basis,3_RPH_KT_power_1_matterpower.dat,1,1308,0,725,0,583,0,0.0001,1.0,0.0,0.0,,,bulk: no measured spread; near-zero: no measured spread
rph-alpha-basis,3_RPH_KT_power_1_scalCls.dat,1,20994,0,9538,0,11456,0,0.0001,100.0,4.818789423743982e-06,9.999999999976694e-05,20.752099999900913,1000000.0000023306,bulk: below 50; near-zero: above 10000
rph-alpha-basis,3_RPH_KT_power_1_scalarCovCls.dat,1,90974,0,17425,0,73549,0,0.0001,0.1,8.922118824638848e-06,9.999999999940612e-09,11.208100000175444,10000000.000059389,bulk: below 50; near-zero: above 10000
rph-alpha-basis,3_RPH_KT_power_1_tensCls.dat,1,17495,0,6832,0,10663,0,0.0001,0.01,0.0,0.0,,,bulk: no measured spread; near-zero: no measured spread
rph-alpha-basis,3_RPH_KT_power_1_totCls.dat,1,17495,0,13947,0,3548,0,0.0001,0.1,8.602002546249107e-06,9.999999999940612e-09,11.625199999923842,10000000.000059389,bulk: below 50; near-zero: above 10000
rph-alpha-basis,3_RPH_KT_power_1_transfer_out.dat,1,3276,0,1980,0,1296,0,0.0001,1000.0,0.0,2.000000000017157e-14,,4.999999999957107e+16,bulk: no measured spread; near-zero: above 10000
rph-alpha-basis,3_RPH_MB_OmegaDE_1_lensedCls.dat,1,16995,0,13547,0,3448,0,0.0001,0.1,9.755812025060485e-06,1.0000000000287557e-07,10.250299999951057,999999.9999712444,bulk: below 50; near-zero: above 10000
rph-alpha-basis,3_RPH_MB_OmegaDE_1_lensedtotCls.dat,1,16995,0,13556,0,3439,0,0.0001,0.1,9.946487895171725e-06,1.0000000000287557e-07,10.053799999951995,999999.9999712444,bulk: below 50; near-zero: above 10000
rph-alpha-basis,3_RPH_MB_OmegaDE_1_lenspotentialCls.dat,1,27992,0,13947,0,14045,0,0.0001,0.1,9.990309399858831e-06,9.999999999940612e-08,10.00970000002333,1000000.0000059388,bulk: below 50; near-zero: above 10000
rph-alpha-basis,3_RPH_MB_OmegaDE_1_matterpower.dat,1,1308,0,728,0,580,0,0.0001,1.0,0.0,0.0,,,bulk: no measured spread; near-zero: no measured spread
rph-alpha-basis,3_RPH_MB_OmegaDE_1_scalCls.dat,1,20994,0,9530,0,11464,0,0.0001,100.0,9.967009199455442e-06,0.00010000000000331966,10.033100000094674,999999.9999668035,bulk: below 50; near-zero: above 10000
rph-alpha-basis,3_RPH_MB_OmegaDE_1_scalarCovCls.dat,1,90974,0,17505,0,73469,0,0.0001,0.1,9.967009199455442e-06,9.999999999940612e-08,10.033100000094674,1000000.0000059388,bulk: below 50; near-zero: above 10000
rph-alpha-basis,3_RPH_MB_OmegaDE_1_tensCls.dat,1,17495,0,6832,0,10663,0,0.0001,0.01,0.0,0.0,,,bulk: no measured spread; near-zero: no measured spread
rph-alpha-basis,3_RPH_MB_OmegaDE_1_totCls.dat,1,17495,0,13947,0,3548,0,0.0001,0.1,9.990309399858831e-06,9.999999999940612e-08,10.00970000002333,1000000.0000059388,bulk: below 50; near-zero: above 10000
rph-alpha-basis,3_RPH_MB_OmegaDE_1_transfer_out.dat,1,3276,0,2003,0,1273,0,0.0001,1000.0,0.0,0.0020000000000095497,,499999.99999761255,bulk: no measured spread; near-zero: above 10000
rph-alpha-basis,3_RPH_MB_const_1_lensedCls.dat,1,16995,0,13562,0,3433,0,0.0001,0.1,6.284881089951397e-06,1.0000000000287557e-07,15.911200000249064,999999.9999712444,bulk: below 50; near-zero: above 10000
rph-alpha-basis,3_RPH_MB_const_1_lensedtotCls.dat,1,16995,0,13573,0,3422,0,0.0001,0.1,9.25095053521166e-06,1.0000000000287557e-07,10.809699999948386,999999.9999712444,bulk: below 50; near-zero: above 10000
rph-alpha-basis,3_RPH_MB_const_1_lenspotentialCls.dat,1,27992,0,13972,0,14020,0,0.0001,0.1,5.672021054536996e-06,1.0000000000807974e-08,17.630400000016035,9999999.999192027,bulk: below 50; near-zero: above 10000
rph-alpha-basis,3_RPH_MB_const_1_matterpower.dat,1,1308,0,721,0,587,0,0.0001,1.0,0.0,0.0,,,bulk: no measured spread; near-zero: no measured spread
rph-alpha-basis,3_RPH_MB_const_1_scalCls.dat,1,20994,0,9555,0,11439,0,0.0001,100.0,4.732697258925053e-06,9.999999999976694e-05,21.129599999538787,1000000.0000023306,bulk: below 50; near-zero: above 10000
rph-alpha-basis,3_RPH_MB_const_1_scalarCovCls.dat,1,90974,0,17454,0,73520,0,0.0001,0.1,8.033806256780944e-06,1.0000000000287557e-07,12.447399999918455,999999.9999712444,bulk: below 50; near-zero: above 10000
rph-alpha-basis,3_RPH_MB_const_1_tensCls.dat,1,17495,0,6832,0,10663,0,0.0001,0.01,0.0,0.0,,,bulk: no measured spread; near-zero: no measured spread
rph-alpha-basis,3_RPH_MB_const_1_totCls.dat,1,17495,0,13965,0,3530,0,0.0001,0.1,5.672021054536996e-06,1.0000000000807974e-08,17.630400000016035,9999999.999192027,bulk: below 50; near-zero: above 10000
rph-alpha-basis,3_RPH_MB_const_1_transfer_out.dat,1,3276,0,1981,0,1295,0,0.0001,1000.0,0.0,7.100000000000068e-08,,14084507042.253387,bulk: no measured spread; near-zero: above 10000
rph-alpha-basis,3_RPH_MK_OmegaDE_1_lensedCls.dat,1,16995,0,13547,0,3448,0,0.0001,0.1,3.971784443305435e-06,1.0000000000287557e-07,25.177600000058682,999999.9999712444,bulk: below 50; near-zero: above 10000
rph-alpha-basis,3_RPH_MK_OmegaDE_1_lensedtotCls.dat,1,16995,0,13556,0,3439,0,0.0001,0.1,6.165228113425829e-06,9.999999999940612e-08,16.2200000000378,1000000.0000059388,bulk: below 50; near-zero: above 10000
rph-alpha-basis,3_RPH_MK_OmegaDE_1_lenspotentialCls.dat,1,27992,0,13947,0,14045,0,0.0001,0.1,8.602002546249107e-06,9.999999999940612e-09,11.625199999923842,10000000.000059389,bulk: below 50; near-zero: above 10000
rph-alpha-basis,3_RPH_MK_OmegaDE_1_matterpower.dat,1,1308,0,725,0,583,0,0.0001,1.0,0.0,0.0,,,bulk: no measured spread; near-zero: no measured spread
rph-alpha-basis,3_RPH_MK_OmegaDE_1_scalCls.dat,1,20994,0,9538,0,11456,0,0.0001,100.0,5.485403341733908e-06,9.999999999976694e-05,18.230199999912955,1000000.0000023306,bulk: below 50; near-zero: above 10000
rph-alpha-basis,3_RPH_MK_OmegaDE_1_scalarCovCls.dat,1,90974,0,17425,0,73549,0,0.0001,0.1,8.922118824638848e-06,1.0000000000374293e-08,11.208100000175444,9999999.999625707,bulk: below 50; near-zero: above 10000
rph-alpha-basis,3_RPH_MK_OmegaDE_1_tensCls.dat,1,17495,0,6832,0,10663,0,0.0001,0.01,0.0,0.0,,,bulk: no measured spread; near-zero: no measured spread
rph-alpha-basis,3_RPH_MK_OmegaDE_1_totCls.dat,1,17495,0,13947,0,3548,0,0.0001,0.1,8.602002546249107e-06,9.999999999940612e-09,11.625199999923842,10000000.000059389,bulk: below 50; near-zero: above 10000
rph-alpha-basis,3_RPH_MK_OmegaDE_1_transfer_out.dat,1,3276,0,1979,0,1297,0,0.0001,1000.0,0.0,0.00010000000000331966,,9999999.999668034,bulk: no measured spread; near-zero: above 10000
rph-alpha-basis,3_RPH_MK_const_1_lensedCls.dat,1,16995,0,13548,0,3447,0,0.0001,0.1,4.906650965372142e-06,2.9999999999821836e-08,20.380500000047498,3333333.3333531297,bulk: below 50; near-zero: above 10000
rph-alpha-basis,3_RPH_MK_const_1_lensedtotCls.dat,1,16995,0,13555,0,3440,0,0.0001,0.1,7.654740580823874e-06,3.0000000000038676e-08,13.063800000030449,3333333.3333290364,bulk: below 50; near-zero: above 10000
rph-alpha-basis,3_RPH_MK_const_1_lenspotentialCls.dat,1,27992,0,13945,0,14047,0,0.0001,0.1,4.390162523712818e-06,0.0,22.778200000538636,,bulk: below 50; near-zero: no measured spread
rph-alpha-basis,3_RPH_MK_const_1_matterpower.dat,1,1308,0,718,0,590,0,0.0001,1.0,0.0,0.0,,,bulk: no measured spread; near-zero: no measured spread
rph-alpha-basis,3_RPH_MK_const_1_scalCls.dat,1,20994,0,9552,0,11442,0,0.0001,100.0,0.0,0.00010000000000331966,,999999.9999668035,bulk: no measured spread; near-zero: above 10000
rph-alpha-basis,3_RPH_MK_const_1_scalarCovCls.dat,1,90974,0,17425,0,73549,0,0.0001,0.1,9.814794821761116e-06,1.0000000000540735e-13,10.188699999951352,999999999945.9266,bulk: below 50; near-zero: above 10000
rph-alpha-basis,3_RPH_MK_const_1_tensCls.dat,1,17495,0,6832,0,10663,0,0.0001,0.01,0.0,0.0,,,bulk: no measured spread; near-zero: no measured spread
rph-alpha-basis,3_RPH_MK_const_1_totCls.dat,1,17495,0,13945,0,3550,0,0.0001,0.1,4.390162523712818e-06,0.0,22.778200000538636,,bulk: below 50; near-zero: no measured spread
rph-alpha-basis,3_RPH_MK_const_1_transfer_out.dat,1,3276,0,1970,0,1306,0,0.0001,1000.0,0.0,1.0000000000209863e-13,,9999999999790138.0,bulk: no measured spread; near-zero: above 10000
rph-alpha-basis,3_RPH_MK_power_1_lensedCls.dat,1,16995,0,13548,0,3447,0,0.0001,0.1,4.365649324749098e-06,1.0000000000287557e-07,22.90610000054166,999999.9999712444,bulk: below 50; near-zero: above 10000
rph-alpha-basis,3_RPH_MK_power_1_lensedtotCls.dat,1,16995,0,13557,0,3438,0,0.0001,0.1,9.50787251850756e-06,0.0,10.517599999931099,,bulk: below 50; near-zero: no measured spread
rph-alpha-basis,3_RPH_MK_power_1_lenspotentialCls.dat,1,27992,0,13947,0,14045,0,0.0001,0.1,4.5830984495678195e-06,0.0,21.81929999985706,,bulk: below 50; near-zero: no measured spread
rph-alpha-basis,3_RPH_MK_power_1_matterpower.dat,1,1308,0,724,0,584,0,0.0001,1.0,0.0,0.0,,,bulk: no measured spread; near-zero: no measured spread
rph-alpha-basis,3_RPH_MK_power_1_scalCls.dat,1,20994,0,9544,0,11450,0,0.0001,100.0,1.4884695704371384e-06,0.00010000000000331966,67.18310000158867,999999.9999668035,near-zero: above 10000
rph-alpha-basis,3_RPH_MK_power_1_scalarCovCls.dat,1,90974,0,17425,0,73549,0,0.0001,0.1,8.922118824638848e-06,1.0000000000374293e-08,11.208100000175444,9999999.999625707,bulk: below 50; near-zero: above 10000
rph-alpha-basis,3_RPH_MK_power_1_tensCls.dat,1,17495,0,6832,0,10663,0,0.0001,0.01,0.0,0.0,,,bulk: no measured spread; near-zero: no measured spread
rph-alpha-basis,3_RPH_MK_power_1_totCls.dat,1,17495,0,13947,0,3548,0,0.0001,0.1,4.5830984495678195e-06,0.0,21.81929999985706,,bulk: below 50; near-zero: no measured spread
rph-alpha-basis,3_RPH_MK_power_1_transfer_out.dat,1,3276,0,1982,0,1294,0,0.0001,1000.0,0.0,6.229999999999981e-08,,16051364365.971157,bulk: no measured spread; near-zero: above 10000
