check,file,line,column,coordinate,reference,candidate,absolute_error,relative_error,allowed,bound_fraction
kmouflage-kmimic,5_Kmimic_1_lenspotentialCls.dat,3180,2,3180.0,1097.13,1096.92,0.21000000000003638,0.00019140849306831129,0.20971300000000004,1.0013685370007408
kmouflage-kmimic,5_Kmimic_1_lenspotentialCls.dat,3181,2,3181.0,1093.06,1092.85,0.21000000000003638,0.0001921212010319986,0.209306,1.0033157195686526
kmouflage-kmimic,5_Kmimic_1_lenspotentialCls.dat,3182,2,3182.0,1089.04,1088.83,0.21000000000003638,0.00019283038272243112,0.208904,1.0052464289819074
kmouflage-kmimic,5_Kmimic_1_lenspotentialCls.dat,3183,2,3183.0,1085.09,1084.87,0.22000000000002728,0.00020274815913889842,0.208509,1.055110330969058
kmouflage-kmimic,5_Kmimic_1_lenspotentialCls.dat,3184,2,3184.0,1081.18,1080.96,0.22000000000002728,0.00020348138145362223,0.20811800000000003,1.0570926109227807
kmouflage-kmimic,5_Kmimic_1_lenspotentialCls.dat,3185,2,3185.0,1077.34,1077.11,0.2300000000000182,0.00021348877791599514,0.207734,1.1071851502402985
kmouflage-kmimic,5_Kmimic_1_lenspotentialCls.dat,3186,2,3186.0,1073.55,1073.32,0.2300000000000182,0.0002142424665828496,0.207355,1.1092088447349626
kmouflage-kmimic,5_Kmimic_1_lenspotentialCls.dat,3187,2,3187.0,1069.82,1069.59,0.2300000000000182,0.00021498943747548017,0.206982,1.111207737871014
kmouflage-kmimic,5_Kmimic_1_lenspotentialCls.dat,3188,2,3188.0,1066.15,1065.92,0.2300000000000182,0.0002157294939736605,0.20661500000000002,1.1131815211868363
kmouflage-kmimic,5_Kmimic_1_lenspotentialCls.dat,3189,2,3189.0,1062.54,1062.3,0.2400000000000091,0.00022587384945508792,0.206254,1.163613796580959
kmouflage-kmimic,5_Kmimic_1_lenspotentialCls.dat,3190,2,3190.0,1058.99,1058.75,0.2400000000000091,0.0002266310352316916,0.205899,1.1656200370084804
kmouflage-kmimic,5_Kmimic_1_lenspotentialCls.dat,3191,2,3191.0,1055.5,1055.25,0.25,0.00023685457129322596,0.20555,1.216249087813184
kmouflage-kmimic,5_Kmimic_1_lenspotentialCls.dat,3192,2,3192.0,1052.07,1051.82,0.25,0.00023762677388386707,0.205207,1.2182820274162187
kmouflage-kmimic,5_Kmimic_1_lenspotentialCls.dat,3193,2,3193.0,1048.71,1048.45,0.2599999999999909,0.00024792363951901944,0.20487100000000003,1.2690912818309612
kmouflage-kmimic,5_Kmimic_1_lenspotentialCls.dat,3194,2,3194.0,1045.4,1045.14,0.2599999999999909,0.00024870862827624916,0.20454,1.2711450083112883
kmouflage-kmimic,5_Kmimic_1_lenspotentialCls.dat,3195,2,3195.0,1042.16,1041.9,0.2599999999999909,0.00024948184539801073,0.204216,1.2731617503035555
kmouflage-kmimic,5_Kmimic_1_lenspotentialCls.dat,3196,2,3196.0,1038.98,1038.72,0.2599999999999909,0.0002502454330208386,0.20389800000000002,1.275147377610329
kmouflage-kmimic,5_Kmimic_1_lenspotentialCls.dat,3197,2,3197.0,1035.87,1035.6,0.2699999999999818,0.0002606504677227662,0.20358700000000002,1.3262143457096072
kmouflage-kmimic,5_Kmimic_1_lenspotentialCls.dat,3198,2,3198.0,1032.82,1032.55,0.2699999999999818,0.00026142018938438627,0.20328200000000002,1.328204169577148
kmouflage-kmimic,5_Kmimic_1_lenspotentialCls.dat,3199,2,3199.0,1029.84,1029.56,0.2799999999999727,0.00027188689505163203,0.202984,1.379419067512576
kmouflage-kmimic,5_Kmimic_1_lenspotentialCls.dat,3200,2,3200.0,1026.92,1026.64,0.2799999999999727,0.00027265999298871645,0.202692,1.3814062715843383
kmouflage-kmimic,5_Kmimic_1_lenspotentialCls.dat,3201,2,3201.0,1024.07,1023.79,0.2799999999999727,0.00027341880926105903,0.202407,1.3833513663063663
kmouflage-kmimic,5_Kmimic_1_lenspotentialCls.dat,3202,2,3202.0,1021.29,1021.0,0.2899999999999636,0.0002839546064290883,0.202129,1.4347273275975423
kmouflage-kmimic,5_Kmimic_1_lenspotentialCls.dat,3203,2,3203.0,1018.57,1018.28,0.2900000000000773,0.0002847128817853238,0.201857,1.4366606062711587
kmouflage-kmimic,5_Kmimic_1_lenspotentialCls.dat,3204,2,3204.0,1015.91,1015.62,0.2899999999999636,0.0002854583575316353,0.20159100000000002,1.4385562847545952
kmouflage-kmimic,5_Kmimic_1_lenspotentialCls.dat,3205,2,3205.0,1013.31,1013.02,0.2899999999999636,0.00028619080044602703,0.201331,1.440414044533448
kmouflage-kmimic,5_Kmimic_1_lenspotentialCls.dat,3206,2,3206.0,1010.78,1010.49,0.2899999999999636,0.0002869071410197705,0.201078,1.442226399705406
kmouflage-kmimic,5_Kmimic_1_lenspotentialCls.dat,3207,2,3207.0,1008.3,1008.01,0.2899999999999636,0.00028761281364669605,0.20083,1.4440073694167386
kmouflage-kmimic,5_Kmimic_1_lenspotentialCls.dat,3208,2,3208.0,1005.88,1005.59,0.2899999999999636,0.0002883047679643333,0.20058800000000002,1.4457494964801663
kmouflage-kmimic,5_Kmimic_1_lenspotentialCls.dat,3209,2,3209.0,1003.52,1003.22,0.2999999999999545,0.00029894770408158734,0.200352,1.4973646382364765
kmouflage-kmimic,5_Kmimic_1_lenspotentialCls.dat,3210,2,3210.0,1001.21,1000.91,0.3000000000000682,0.00029963743869924214,0.200121,1.499093048705874
kmouflage-kmimic,5_Kmimic_1_lenspotentialCls.dat,3211,2,3211.0,998.96,998.657,0.30299999999999727,0.00030331544806598586,0.19989600000000002,1.5157882098691182
kmouflage-kmimic,5_Kmimic_1_lenspotentialCls.dat,3212,2,3212.0,996.759,996.454,0.30500000000006366,0.0003059917191618673,0.19967590000000002,1.5274752736813189
kmouflage-kmimic,5_Kmimic_1_lenspotentialCls.dat,3213,2,3213.0,994.609,994.303,0.30600000000004,0.0003076585874449558,0.1994609,1.534135261597837
kmouflage-kmimic,5_Kmimic_1_lenspotentialCls.dat,3214,2,3214.0,992.509,992.202,0.30700000000001637,0.00030931709435382085,0.1992509,1.5407709576218545
kmouflage-kmimic,5_Kmimic_1_lenspotentialCls.dat,3215,2,3215.0,990.457,990.149,0.3079999999999927,0.0003109675634580731,0.1990457,1.5473833396048884
kmouflage-kmimic,5_Kmimic_1_lenspotentialCls.dat,3216,2,3216.0,988.453,988.144,0.3089999999999691,0.0003126097042550016,0.1988453,1.5539718565134257
kmouflage-kmimic,5_Kmimic_1_lenspotentialCls.dat,3217,2,3217.0,986.494,986.184,0.3100000000000591,0.0003142441819210853,0.19864940000000003,1.5605383152431322
kmouflage-kmimic,5_Kmimic_1_lenspotentialCls.dat,3218,2,3218.0,984.581,984.27,0.31100000000003547,0.0003158704057868631,0.19845810000000003,1.567081414162664
kmouflage-kmimic,5_Kmimic_1_lenspotentialCls.dat,3219,2,3219.0,982.71,982.399,0.31100000000003547,0.0003164717973766782,0.19827100000000003,1.5685602029547208
kmouflage-kmimic,5_Kmimic_1_lenspotentialCls.dat,3220,2,3220.0,980.882,980.57,0.31199999999989814,0.0003180810739720967,0.1980882,1.5750559599203695
kmouflage-kmimic,5_Kmimic_1_lenspotentialCls.dat,3221,2,3221.0,979.094,978.781,0.31300000000010186,0.000319683299050042,0.1979094,1.581531751397871
kmouflage-kmimic,5_Kmimic_1_lenspotentialCls.dat,3222,2,3222.0,977.346,977.033,0.3129999999999882,0.00032025505808586536,0.1977346,1.5829298463697712
kmouflage-kmimic,5_Kmimic_1_lenspotentialCls.dat,3223,2,3223.0,975.636,975.322,0.31399999999996453,0.0003218413424678513,0.1975636,1.5893616030481552
kmouflage-kmimic,5_Kmimic_1_lenspotentialCls.dat,3224,2,3224.0,973.963,973.649,0.31399999999996453,0.00032239417719149964,0.19739630000000002,1.59070864043533
kmouflage-kmimic,5_Kmimic_1_lenspotentialCls.dat,3225,2,3225.0,972.326,972.011,0.31500000000005457,0.00032396541900561596,0.1972326,1.597099059689192
kmouflage-kmimic,5_Kmimic_1_lenspotentialCls.dat,3226,2,3226.0,970.722,970.408,0.31399999999996453,0.0003234705713890944,0.1970722,1.5933246799901992
kmouflage-kmimic,5_Kmimic_1_lenspotentialCls.dat,3227,2,3227.0,969.152,968.837,0.31500000000005457,0.0003250264148451993,0.1969152,1.5996733619347543
kmouflage-kmimic,5_Kmimic_1_lenspotentialCls.dat,3228,2,3228.0,967.613,967.298,0.31500000000005457,0.0003255433732288162,0.19676130000000003,1.6009245720578922
kmouflage-kmimic,5_Kmimic_1_lenspotentialCls.dat,3229,2,3229.0,966.104,965.79,0.3140000000000782,0.0003250167683811248,0.19661040000000002,1.5970670930941506
kmouflage-kmimic,5_Kmimic_1_lenspotentialCls.dat,3230,2,3230.0,964.625,964.311,0.31399999999996453,0.00032551509654006947,0.1964625,1.5982693898324847
kmouflage-kmimic,5_Kmimic_1_lenspotentialCls.dat,3231,2,3231.0,963.173,962.859,0.31399999999996453,0.00032600581619290046,0.19631730000000003,1.5994515001987317
kmouflage-kmimic,5_Kmimic_1_lenspotentialCls.dat,3232,2,3232.0,961.748,961.434,0.3140000000000782,0.0003264888515495516,0.1961748,1.6006133305606949
kmouflage-kmimic,5_Kmimic_1_lenspotentialCls.dat,3233,2,3233.0,960.348,960.035,0.3129999999999882,0.0003259235193908752,0.1960348,1.5966552877345663
kmouflage-kmimic,5_Kmimic_1_lenspotentialCls.dat,3234,2,3234.0,958.971,958.659,0.3120000000000118,0.0003253487331733825,0.1958971,1.592672887960117
kmouflage-kmimic,5_Kmimic_1_lenspotentialCls.dat,3235,2,3235.0,957.617,957.305,0.3120000000000118,0.0003258087523509,0.1957617,1.5937744717174596
kmouflage-kmimic,5_Kmimic_1_lenspotentialCls.dat,3236,2,3236.0,956.284,955.973,0.31100000000003547,0.00032521719489193114,0.1956284,1.589748727690026
kmouflage-kmimic,5_Kmimic_1_lenspotentialCls.dat,3237,2,3237.0,954.972,954.661,0.31100000000003547,0.00032566399852564836,0.1954972,1.5908156229349344
kmouflage-kmimic,5_Kmimic_1_lenspotentialCls.dat,3238,2,3238.0,953.677,953.368,0.3089999999999691,0.0003240090722539907,0.19536770000000003,1.581632992556953
kmouflage-kmimic,5_Kmimic_1_lenspotentialCls.dat,3239,2,3239.0,952.4,952.091,0.3089999999999691,0.0003244435111297449,0.19524000000000002,1.582667486170708
kmouflage-kmimic,5_Kmimic_1_lenspotentialCls.dat,3240,2,3240.0,951.139,950.831,0.3079999999999927,0.0003238222804448064,0.1951139,1.5785651355438681
kmouflage-kmimic,5_Kmimic_1_lenspotentialCls.dat,3241,2,3241.0,949.893,949.586,0.30700000000001637,0.0003231942966207945,0.19498930000000003,1.574445367002273
kmouflage-kmimic,5_Kmimic_1_lenspotentialCls.dat,3242,2,3242.0,948.66,948.354,0.30599999999992633,0.0003225602428688111,0.194866,1.570309853950542
kmouflage-kmimic,5_Kmimic_1_lenspotentialCls.dat,3243,2,3243.0,947.439,947.134,0.30499999999995,0.00032192046137001956,0.19474390000000003,1.5661594535179275
kmouflage-kmimic,5_Kmimic_1_lenspotentialCls.dat,3244,2,3244.0,946.229,945.926,0.30299999999999727,0.00032021846719979756,0.19462290000000002,1.5568568755269665
kmouflage-kmimic,5_Kmimic_1_lenspotentialCls.dat,3245,2,3245.0,945.028,944.726,0.3020000000000209,0.00031956725091745526,0.19450280000000003,1.5526768766311891
kmouflage-kmimic,5_Kmimic_1_lenspotentialCls.dat,3246,2,3246.0,943.836,943.535,0.30100000000004457,0.0003189113362915216,0.19438360000000002,1.5484845429349212
kmouflage-kmimic,5_Kmimic_1_lenspotentialCls.dat,3247,2,3247.0,942.65,942.351,0.29899999999997817,0.0003171908980002951,0.19426500000000002,1.5391346871540326
kmouflage-kmimic,5_Kmimic_1_lenspotentialCls.dat,3248,2,3248.0,941.47,941.172,0.2980000000000018,0.00031652628336537736,0.19414700000000001,1.5349194167306308
kmouflage-kmimic,5_Kmimic_1_lenspotentialCls.dat,3249,2,3249.0,940.294,939.998,0.2959999999999354,0.0003147951598116498,0.19402940000000002,1.5255420054895568
kmouflage-kmimic,5_Kmimic_1_lenspotentialCls.dat,3250,2,3250.0,939.122,938.826,0.2959999999999354,0.0003151880160404457,0.1939122,1.5264640388791186
kmouflage-kmimic,5_Kmimic_1_lenspotentialCls.dat,3251,2,3251.0,937.95,937.657,0.29300000000000637,0.000312383389306473,0.193795,1.5119069119430655
kmouflage-kmimic,5_Kmimic_1_lenspotentialCls.dat,3252,2,3252.0,936.78,936.488,0.2919999999999163,0.0003117060569182907,0.19367800000000002,1.5076570390024489
kmouflage-kmimic,5_Kmimic_1_lenspotentialCls.dat,3253,2,3253.0,935.611,935.321,0.2899999999999636,0.0003099578777931893,0.1935611,1.4982349242692028
kmouflage-kmimic,5_Kmimic_1_lenspotentialCls.dat,3254,2,3254.0,934.442,934.153,0.28899999999998727,0.000309275482052377,0.1934442,1.4939708711865605
kmouflage-kmimic,5_Kmimic_1_lenspotentialCls.dat,3255,2,3255.0,933.272,932.985,0.28700000000003456,0.0003075202084708794,0.19332720000000003,1.4845298540507208
kmouflage-kmimic,5_Kmimic_1_lenspotentialCls.dat,3256,2,3256.0,932.101,931.816,0.28499999999996817,0.00030576085638784657,0.1932101,1.4750781662033619
kmouflage-kmimic,5_Kmimic_1_lenspotentialCls.dat,3257,2,3257.0,930.928,930.645,0.28300000000001546,0.00030399773129609965,0.1930928,1.465616532568876
kmouflage-kmimic,5_Kmimic_1_lenspotentialCls.dat,3258,2,3258.0,929.753,929.472,0.28100000000006276,0.000302230807537123,0.19297530000000002,1.4561449055918696
kmouflage-kmimic,5_Kmimic_1_lenspotentialCls.dat,3259,2,3259.0,928.576,928.297,0.27899999999999636,0.00030046005927355043,0.19285760000000002,1.4466632375389734
kmouflage-kmimic,5_Kmimic_1_lenspotentialCls.dat,3260,2,3260.0,927.395,927.118,0.27699999999992997,0.00029868610462632425,0.1927395,1.4371729718087365
kmouflage-kmimic,5_Kmimic_1_lenspotentialCls.dat,3261,2,3261.0,926.21,925.936,0.2740000000000009,0.00029582923958929497,0.19262100000000001,1.4224824915248124
kmouflage-kmimic,5_Kmimic_1_lenspotentialCls.dat,3262,2,3262.0,925.022,924.749,0.27300000000002456,0.00029512811587186524,0.1925022,1.4181656105749676
kmouflage-kmimic,5_Kmimic_1_lenspotentialCls.dat,3263,2,3263.0,923.828,923.558,0.2699999999999818,0.00029226219599317384,0.19238280000000002,1.4034518678384023
kmouflage-kmimic,5_Kmimic_1_lenspotentialCls.dat,3264,2,3264.0,922.629,922.361,0.2680000000000291,0.00029047428598063694,0.19226290000000001,1.3939246729349712
kmouflage-kmimic,5_Kmimic_1_lenspotentialCls.dat,3265,2,3265.0,921.424,921.158,0.2659999999999627,0.00028868360277132214,0.1921424,1.3843899108159508
kmouflage-kmimic,5_Kmimic_1_lenspotentialCls.dat,3266,2,3266.0,920.212,919.949,0.26300000000003365,0.0002858037061025434,0.1920212,1.3696404355354181
kmouflage-kmimic,5_Kmimic_1_lenspotentialCls.dat,3267,2,3267.0,918.994,918.733,0.26100000000008095,0.0002840062067870747,0.1918994,1.3600876292478297
kmouflage-kmimic,5_Kmimic_1_lenspotentialCls.dat,3268,2,3268.0,917.768,917.509,0.25900000000001455,0.00028220639638777396,0.19177680000000003,1.3505283225083249
kmouflage-kmimic,5_Kmimic_1_lenspotentialCls.dat,3269,2,3269.0,916.533,916.278,0.25499999999999545,0.0002782223880645819,0.19165330000000003,1.3305275724445935
kmouflage-kmimic,5_Kmimic_1_lenspotentialCls.dat,3270,2,3270.0,915.29,915.038,0.2519999999999527,0.00027532257535857783,0.191529,1.315727644377367
kmouflage-kmimic,5_Kmimic_1_lenspotentialCls.dat,3271,2,3271.0,914.038,913.788,0.25,0.00027351160455035784,0.1914038,1.3061391675609366
kmouflage-kmimic,5_Kmimic_1_lenspotentialCls.dat,3272,2,3272.0,912.776,912.529,0.24699999999995725,0.0002706030833413206,0.1912776,1.2913169132190976
kmouflage-kmimic,5_Kmimic_1_lenspotentialCls.dat,3273,2,3273.0,911.504,911.26,0.2440000000000282,0.0002676894451368597,0.1911504,1.2764817651442435
kmouflage-kmimic,5_Kmimic_1_lenspotentialCls.dat,3274,2,3274.0,910.222,909.98,0.2419999999999618,0.00026586920553443204,0.1910222,1.2668684582208865
kmouflage-kmimic,5_Kmimic_1_lenspotentialCls.dat,3275,2,3275.0,908.927,908.689,0.2380000000000564,0.0002618472110522147,0.19089270000000003,1.2467737110955859
kmouflage-kmimic,5_Kmimic_1_lenspotentialCls.dat,3276,2,3276.0,907.621,907.386,0.23500000000001364,0.00025891864555801776,0.1907621,1.2319008859727045
kmouflage-kmimic,5_Kmimic_1_lenspotentialCls.dat,3277,2,3277.0,906.302,906.071,0.23099999999999454,0.0002548819267749542,0.19063020000000003,1.2117702231860141
kmouflage-kmimic,5_Kmimic_1_lenspotentialCls.dat,3278,2,3278.0,904.971,904.743,0.2279999999999518,0.0002519417749297511,0.19049710000000003,1.1968686137476725
kmouflage-kmimic,5_Kmimic_1_lenspotentialCls.dat,3279,2,3279.0,903.626,903.401,0.22500000000002274,0.000248996819480651,0.1903626,1.181954858780153
kmouflage-kmimic,5_Kmimic_1_lenspotentialCls.dat,3280,2,3280.0,902.267,902.045,0.22200000000009368,0.0002460469018595312,0.19022670000000003,1.1670286032407315
kmouflage-kmimic,5_Kmimic_1_lenspotentialCls.dat,3281,2,3281.0,900.893,900.675,0.21800000000007458,0.0002419821221832943,0.19008930000000002,1.146829411229746
kmouflage-kmimic,5_Kmimic_1_lenspotentialCls.dat,3282,2,3282.0,899.504,899.29,0.21400000000005548,0.00023790889201165917,0.18995040000000002,1.126609893951555
kmouflage-kmimic,5_Kmimic_1_lenspotentialCls.dat,3283,2,3283.0,898.1,897.889,0.21100000000001273,0.00023494042979625067,0.18981,1.111637953743284
kmouflage-kmimic,5_Kmimic_1_lenspotentialCls.dat,3284,2,3284.0,896.679,896.472,0.20699999999999363,0.0002308518433017765,0.1896679,1.0913813038473754
kmouflage-kmimic,5_Kmimic_1_lenspotentialCls.dat,3285,2,3285.0,895.241,895.039,0.20199999999999818,0.00022563756575044952,0.18952410000000003,1.0658275121739038
kmouflage-kmimic,5_Kmimic_1_lenspotentialCls.dat,3286,2,3286.0,893.787,893.588,0.19900000000006912,0.00022264812533642704,0.1893787,1.050804551937832
kmouflage-kmimic,5_Kmimic_1_lenspotentialCls.dat,3287,2,3287.0,892.314,892.119,0.19499999999993634,0.00021853293795674655,0.1892314,1.0304843699298125
kmouflage-kmimic,5_Kmimic_1_lenspotentialCls.dat,3288,2,3288.0,890.823,890.632,0.19100000000003092,0.00021440847396175325,0.1890823,1.0101421444526055
kmouflage-kmimic,5_Kmimic_1_lenspotentialCls.dat,3351,2,3351.0,750.888,751.064,0.17599999999993088,0.00023438914991307742,0.17508880000000002,1.0052042163743817
kmouflage-kmimic,5_Kmimic_1_lenspotentialCls.dat,3352,2,3352.0,747.975,748.156,0.18099999999992633,0.000241986697416259,0.1747975,1.035483917103656
kmouflage-kmimic,5_Kmimic_1_lenspotentialCls.dat,3353,2,3353.0,745.043,745.229,0.18600000000003547,0.00024965002020022395,0.1745043,1.0658763136497809
kmouflage-kmimic,5_Kmimic_1_lenspotentialCls.dat,3354,2,3354.0,742.094,742.284,0.18999999999994088,0.0002560322546738565,0.17420940000000001,1.0906414923645962
kmouflage-kmimic,5_Kmimic_1_lenspotentialCls.dat,3355,2,3355.0,739.127,739.321,0.19400000000007367,0.0002624718079573249,0.1739127,1.1155022031172748
kmouflage-kmimic,5_Kmimic_1_lenspotentialCls.dat,3356,2,3356.0,736.143,736.342,0.19899999999995543,0.00027032791183228725,0.1736143,1.1462189462501386
kmouflage-kmimic,5_Kmimic_1_lenspotentialCls.dat,3357,2,3357.0,733.143,733.346,0.20299999999997453,0.0002768900473713512,0.17331430000000003,1.1712824619778892
kmouflage-kmimic,5_Kmimic_1_lenspotentialCls.dat,3358,2,3358.0,730.126,730.333,0.20699999999999363,0.00028351270876532766,0.17301260000000002,1.1964446520079672
kmouflage-kmimic,5_Kmimic_1_lenspotentialCls.dat,3359,2,3359.0,727.094,727.305,0.21099999999989905,0.0002901963157444554,0.1727094,1.2217053617226337
kmouflage-kmimic,5_Kmimic_1_lenspotentialCls.dat,3360,2,3360.0,724.047,724.262,0.21499999999991815,0.00029694204934198765,0.17240470000000002,1.247065770248248
kmouflage-kmimic,5_Kmimic_1_lenspotentialCls.dat,3361,2,3361.0,720.986,721.204,0.2179999999999609,0.00030236370747831567,0.1720986,1.266715708320468
kmouflage-kmimic,5_Kmimic_1_lenspotentialCls.dat,3362,2,3362.0,717.91,718.132,0.22199999999998,0.0003092309620982853,0.171791,1.2922679302174154
kmouflage-kmimic,5_Kmimic_1_lenspotentialCls.dat,3363,2,3363.0,714.82,715.046,0.2259999999999991,0.000316163509694747,0.17148200000000002,1.3179225807956465
kmouflage-kmimic,5_Kmimic_1_lenspotentialCls.dat,3364,2,3364.0,711.718,711.946,0.22800000000006548,0.00032035159993152554,0.17117179999999999,1.3319951066709907
kmouflage-kmimic,5_Kmimic_1_lenspotentialCls.dat,3365,2,3365.0,708.603,708.834,0.23099999999999454,0.0003259935394007569,0.17086030000000002,1.3519817066925115
kmouflage-kmimic,5_Kmimic_1_lenspotentialCls.dat,3366,2,3366.0,705.475,705.71,0.23500000000001364,0.00033310889826005687,0.17054750000000002,1.3779152435539286
kmouflage-kmimic,5_Kmimic_1_lenspotentialCls.dat,3367,2,3367.0,702.336,702.573,0.23699999999996635,0.00033744532531433154,0.1702336,1.3922045941574772
kmouflage-kmimic,5_Kmimic_1_lenspotentialCls.dat,3368,2,3368.0,699.185,699.425,0.2400000000000091,0.00034325679183622236,0.1699185,1.412441847120879
kmouflage-kmimic,5_Kmimic_1_lenspotentialCls.dat,3369,2,3369.0,696.023,696.267,0.2440000000000282,0.00035056312794265156,0.1696023,1.4386597351570596
kmouflage-kmimic,5_Kmimic_1_lenspotentialCls.dat,3370,2,3370.0,692.852,693.097,0.24500000000000455,0.0003536108721631814,0.16928520000000002,1.4472617807109216
kmouflage-kmimic,5_Kmimic_1_lenspotentialCls.dat,3371,2,3371.0,689.67,689.918,0.2480000000000473,0.00035959226876629014,0.168967,1.4677422218542513
kmouflage-kmimic,5_Kmimic_1_lenspotentialCls.dat,3372,2,3372.0,686.479,686.729,0.25,0.00036417719988521134,0.16864790000000002,1.4823783753014415
kmouflage-kmimic,5_Kmimic_1_lenspotentialCls.dat,3373,2,3373.0,683.279,683.531,0.2519999999999527,0.00036880981268259776,0.1683279,1.4970780244983315
kmouflage-kmimic,5_Kmimic_1_lenspotentialCls.dat,3374,2,3374.0,680.07,680.325,0.25499999999999545,0.00037496140103223996,0.16800700000000002,1.5177939014445554
kmouflage-kmimic,5_Kmimic_1_lenspotentialCls.dat,3375,2,3375.0,676.854,677.11,0.2559999999999718,0.0003782204138558268,0.1676854,1.5266683921198374
kmouflage-kmimic,5_Kmimic_1_lenspotentialCls.dat,3376,2,3376.0,673.63,673.888,0.2580000000000382,0.00038299956949666464,0.167363,1.5415593649733703
kmouflage-kmimic,5_Kmimic_1_lenspotentialCls.dat,3377,2,3377.0,670.399,670.659,0.2599999999999909,0.0003878287407946475,0.16703990000000002,1.5565143417829566
kmouflage-kmimic,5_Kmimic_1_lenspotentialCls.dat,3378,2,3378.0,667.161,667.423,0.2620000000000573,0.00039270880642012547,0.1667161,1.571533883050631
kmouflage-kmimic,5_Kmimic_1_lenspotentialCls.dat,3379,2,3379.0,663.918,664.181,0.26300000000003365,0.00039613325742039474,0.1663918,1.5806067366302525
kmouflage-kmimic,5_Kmimic_1_lenspotentialCls.dat,3380,2,3380.0,660.668,660.933,0.26499999999998636,0.0004011091804052661,0.16606680000000001,1.5957433996439163
kmouflage-kmimic,5_Kmimic_1_lenspotentialCls.dat,3381,2,3381.0,657.414,657.679,0.26499999999998636,0.0004030945492490065,0.1657414,1.598876321787956
kmouflage-kmimic,5_Kmimic_1_lenspotentialCls.dat,3382,2,3382.0,654.155,654.421,0.2660000000000764,0.000406631455847737,0.1654155,1.6080717949652628
kmouflage-kmimic,5_Kmimic_1_lenspotentialCls.dat,3383,2,3383.0,650.891,651.159,0.2680000000000291,0.0004117432872785599,0.1650891,1.623365806706979
kmouflage-kmimic,5_Kmimic_1_lenspotentialCls.dat,3384,2,3384.0,647.624,647.893,0.26900000000000546,0.00041536447074229095,0.16476240000000003,1.632654052138142
kmouflage-kmimic,5_Kmimic_1_lenspotentialCls.dat,3385,2,3385.0,644.354,644.623,0.26900000000000546,0.00041747238319309797,0.1644354,1.6359007853540384
kmouflage-kmimic,5_Kmimic_1_lenspotentialCls.dat,3386,2,3386.0,641.081,641.351,0.2699999999999818,0.00042116362830903084,0.1641081,1.6452569982833376
kmouflage-kmimic,5_Kmimic_1_lenspotentialCls.dat,3387,2,3387.0,637.806,638.076,0.2699999999999818,0.00042332621518139025,0.1637806,1.6485468974956852
kmouflage-kmimic,5_Kmimic_1_lenspotentialCls.dat,3388,2,3388.0,634.529,634.799,0.2699999999999818,0.00042551246672726037,0.1634529,1.6518520014021274
kmouflage-kmimic,5_Kmimic_1_lenspotentialCls.dat,3389,2,3389.0,631.25,631.521,0.27099999999995816,0.00042930693069300304,0.16312500000000002,1.6613026819920804
kmouflage-kmimic,5_Kmimic_1_lenspotentialCls.dat,3390,2,3390.0,627.971,628.242,0.27099999999995816,0.0004315485906195639,0.16279710000000003,1.6646488174541076
kmouflage-kmimic,5_Kmimic_1_lenspotentialCls.dat,3391,2,3391.0,624.691,624.962,0.27099999999995816,0.0004338144778777958,0.1624691,1.6680094861112553
kmouflage-kmimic,5_Kmimic_1_lenspotentialCls.dat,3392,2,3392.0,621.412,621.682,0.2699999999999818,0.0004344943451365307,0.1621412,1.66521525682542
kmouflage-kmimic,5_Kmimic_1_lenspotentialCls.dat,3393,2,3393.0,618.133,618.402,0.26900000000000546,0.0004351814253566877,0.16181330000000002,1.662409703034333
kmouflage-kmimic,5_Kmimic_1_lenspotentialCls.dat,3394,2,3394.0,614.855,615.124,0.26900000000000546,0.0004375015247497466,0.1614855,1.665784234497868
kmouflage-kmimic,5_Kmimic_1_lenspotentialCls.dat,3395,2,3395.0,611.578,611.847,0.26900000000000546,0.00043984577600895627,0.16115780000000002,1.669171458036815
kmouflage-kmimic,5_Kmimic_1_lenspotentialCls.dat,3396,2,3396.0,608.304,608.572,0.2680000000000291,0.00044056918908971354,0.1608304,1.6663516350144567
kmouflage-kmimic,5_Kmimic_1_lenspotentialCls.dat,3397,2,3397.0,605.032,605.299,0.26699999999993906,0.0004412989726162237,0.1605032,1.6635182351500721
kmouflage-kmimic,5_Kmimic_1_lenspotentialCls.dat,3398,2,3398.0,601.763,602.029,0.2659999999999627,0.0004420344886607563,0.16017630000000002,1.66067014907925
kmouflage-kmimic,5_Kmimic_1_lenspotentialCls.dat,3399,2,3399.0,598.497,598.762,0.26499999999998636,0.0004427758200959844,0.1598497,1.6578073027349212
kmouflage-kmimic,5_Kmimic_1_lenspotentialCls.dat,3400,2,3400.0,595.235,595.499,0.26400000000001,0.0004435223063160096,0.1595235,1.654928584189853
kmouflage-kmimic,5_Kmimic_1_lenspotentialCls.dat,3401,2,3401.0,591.978,592.24,0.2620000000000573,0.0004425840149465982,0.1591978,1.6457513860119757
kmouflage-kmimic,5_Kmimic_1_lenspotentialCls.dat,3402,2,3402.0,588.725,588.985,0.2599999999999909,0.00044163234107603874,0.15887250000000003,1.6365324395347896
kmouflage-kmimic,5_Kmimic_1_lenspotentialCls.dat,3403,2,3403.0,585.478,585.737,0.25900000000001455,0.0004423735819279539,0.15854780000000002,1.6335767509862296
kmouflage-kmimic,5_Kmimic_1_lenspotentialCls.dat,3404,2,3404.0,582.237,582.494,0.25700000000006185,0.0004414010102416402,0.1582237,1.6242825821925657
kmouflage-kmimic,5_Kmimic_1_lenspotentialCls.dat,3405,2,3405.0,579.002,579.257,0.25499999999999545,0.00044041298648363127,0.1579002,1.614944122933318
kmouflage-kmimic,5_Kmimic_1_lenspotentialCls.dat,3406,2,3406.0,575.774,576.027,0.25300000000004275,0.0004394085179255103,0.1575774,1.605560188199848
kmouflage-kmimic,5_Kmimic_1_lenspotentialCls.dat,3407,2,3407.0,572.554,572.804,0.25,0.0004366400374462496,0.1572554,1.5897705261631716
kmouflage-kmimic,5_Kmimic_1_lenspotentialCls.dat,3408,2,3408.0,569.341,569.589,0.2480000000000473,0.0004355913240045022,0.15693410000000002,1.580281149858745
kmouflage-kmimic,5_Kmimic_1_lenspotentialCls.dat,3409,2,3409.0,566.137,566.383,0.2460000000000946,0.0004345237990099474,0.1566137,1.5707438110465086
kmouflage-kmimic,5_Kmimic_1_lenspotentialCls.dat,3410,2,3410.0,562.942,563.186,0.2440000000000282,0.00043343719246392734,0.1562942,1.5611583795177826
kmouflage-kmimic,5_Kmimic_1_lenspotentialCls.dat,3411,2,3411.0,559.757,559.998,0.24100000000009913,0.00043054396818637225,0.1559757,1.5451124758542463
kmouflage-kmimic,5_Kmimic_1_lenspotentialCls.dat,3412,2,3412.0,556.581,556.82,0.23900000000003274,0.00042940739982146844,0.15565810000000002,1.535416403001403
kmouflage-kmimic,5_Kmimic_1_lenspotentialCls.dat,3413,2,3413.0,553.416,553.652,0.23599999999999,0.0004264423146421317,0.15534160000000002,1.5192324528651047
kmouflage-kmimic,5_Kmimic_1_lenspotentialCls.dat,3414,2,3414.0,550.262,550.495,0.23300000000006094,0.00042343465476456845,0.1550262,1.5029717557423257
kmouflage-kmimic,5_Kmimic_1_lenspotentialCls.dat,3415,2,3415.0,547.12,547.35,0.2300000000000182,0.0004203830969440309,0.15471200000000002,1.4866332281918544
kmouflage-kmimic,5_Kmimic_1_lenspotentialCls.dat,3416,2,3416.0,543.989,544.217,0.2279999999999518,0.0004191261220354672,0.1543989,1.4766944583151291
kmouflage-kmimic,5_Kmimic_1_lenspotentialCls.dat,3417,2,3417.0,540.872,541.096,0.22400000000004638,0.0004141460456448964,0.1540872,1.4537223078883021
kmouflage-kmimic,5_Kmimic_1_lenspotentialCls.dat,3418,2,3418.0,537.767,537.989,0.22199999999998,0.00041281819077775315,0.15377670000000002,1.4436517365763473
kmouflage-kmimic,5_Kmimic_1_lenspotentialCls.dat,3419,2,3419.0,534.676,534.895,0.21899999999993724,0.00040959384748882915,0.1534676,1.4270113040142494
kmouflage-kmimic,5_Kmimic_1_lenspotentialCls.dat,3420,2,3420.0,531.599,531.815,0.21600000000000819,0.0004063213060972804,0.15315990000000002,1.4102908137182655
kmouflage-kmimic,5_Kmimic_1_lenspotentialCls.dat,3421,2,3421.0,528.537,528.749,0.21199999999998909,0.0004011072072532085,0.1528537,1.3869471265660502
kmouflage-kmimic,5_Kmimic_1_lenspotentialCls.dat,3422,2,3422.0,525.49,525.699,0.20899999999994634,0.00039772402900140123,0.15254900000000002,1.3700515899805723
kmouflage-kmimic,5_Kmimic_1_lenspotentialCls.dat,3423,2,3423.0,522.459,522.665,0.20600000000001728,0.0003942893126542318,0.1522459,1.3530742042972408
kmouflage-kmimic,5_Kmimic_1_lenspotentialCls.dat,3424,2,3424.0,519.444,519.646,0.20199999999999818,0.0003888773380768633,0.1519444,1.329433661260291
kmouflage-kmimic,5_Kmimic_1_lenspotentialCls.dat,3425,2,3425.0,516.445,516.645,0.1999999999999318,0.00038726292247951235,0.15164450000000002,1.3188740771998442
kmouflage-kmimic,5_Kmimic_1_lenspotentialCls.dat,3426,2,3426.0,513.464,513.66,0.1959999999999127,0.0003817210164683652,0.15134640000000002,1.295042366385409
kmouflage-kmimic,5_Kmimic_1_lenspotentialCls.dat,3427,2,3427.0,510.501,510.694,0.19300000000004047,0.00037805998421166755,0.15105010000000002,1.2777217625148243
kmouflage-kmimic,5_Kmimic_1_lenspotentialCls.dat,3428,2,3428.0,507.556,507.745,0.18900000000002137,0.00037237270370170264,0.1507556,1.2536847719091124
kmouflage-kmimic,5_Kmimic_1_lenspotentialCls.dat,3429,2,3429.0,504.629,504.815,0.18599999999997863,0.00036858761585239575,0.1504629,1.2361851326804056
kmouflage-kmimic,5_Kmimic_1_lenspotentialCls.dat,3430,2,3430.0,501.722,501.905,0.18299999999999272,0.0003647438222760667,0.1501722,1.2186010459991445
kmouflage-kmimic,5_Kmimic_1_lenspotentialCls.dat,3431,2,3431.0,498.835,499.014,0.17900000000003047,0.0003588360880852997,0.1498835,1.1942608759471887
kmouflage-kmimic,5_Kmimic_1_lenspotentialCls.dat,3432,2,3432.0,495.968,496.144,0.17599999999998772,0.0003548616039744252,0.1495968,1.1764957539197878
kmouflage-kmimic,5_Kmimic_1_lenspotentialCls.dat,3433,2,3433.0,493.122,493.295,0.17300000000000182,0.00035082596193234495,0.1493122,1.158646111972108
kmouflage-kmimic,5_Kmimic_1_lenspotentialCls.dat,3434,2,3434.0,490.297,490.467,0.16999999999995907,0.00034672861551255475,0.14902970000000001,1.1407122204497429
kmouflage-kmimic,5_Kmimic_1_lenspotentialCls.dat,3435,2,3435.0,487.494,487.66,0.16599999999999682,0.00034051701149141695,0.1487494,1.1159708879497787
kmouflage-kmimic,5_Kmimic_1_lenspotentialCls.dat,3436,2,3436.0,484.713,484.876,0.16299999999995407,0.0003362814696530814,0.1484713,1.0978552757331153
kmouflage-kmimic,5_Kmimic_1_lenspotentialCls.dat,3437,2,3437.0,481.955,482.115,0.160000000000025,0.0003319812015645133,0.1481955,1.0796549152978667
kmouflage-kmimic,5_Kmimic_1_lenspotentialCls.dat,3438,2,3438.0,479.221,479.378,0.15699999999998226,0.00032761502521797307,0.1479221,1.0613694640623832
kmouflage-kmimic,5_Kmimic_1_lenspotentialCls.dat,3439,2,3439.0,476.511,476.664,0.15299999999996317,0.00032108387844134376,0.1476511,1.0362266180202055
kmouflage-kmimic,5_Kmimic_1_lenspotentialCls.dat,3440,2,3440.0,473.825,473.975,0.1500000000000341,0.0003165725742627217,0.1473825,1.0177599104373594
kmouflage-kmimic,5_Kmimic_1_lenspotentialCls.dat,3441,2,3441.0,471.163,471.311,0.1479999999999677,0.00031411634614765527,0.1471163,1.006006812297262
kmouflage-kmimic,5_Kmimic_1_matterpower.dat,407,2,0.329447,3257.02,3258.99,1.9699999999998,0.0006048473758220091,1.325702,1.4860051504786143
kmouflage-kmimic,5_Kmimic_1_matterpower.dat,408,2,0.336102,2921.79,2919.89,1.900000000000091,0.0006502862970987275,1.292179,1.4703845210300515
kmouflage-kmimic,5_Kmimic_1_matterpower.dat,409,2,0.342892,2623.58,2621.31,2.269999999999982,0.0008652299529650256,1.2623579999999999,1.7982220574512
kmouflage-kmimic,5_Kmimic_1_matterpower.dat,415,2,0.386609,1593.03,1594.5,1.4700000000000273,0.0009227698160110151,1.159303,1.2680032743812681
kmouflage-kmimic,5_Kmimic_1_scalarCovCls.dat,3180,2,3180.0,1097.13,1096.92,0.21000000000003638,0.00019140849306831129,0.20971300000000004,1.0013685370007408
kmouflage-kmimic,5_Kmimic_1_scalarCovCls.dat,3181,2,3181.0,1093.06,1092.85,0.21000000000003638,0.0001921212010319986,0.209306,1.0033157195686526
kmouflage-kmimic,5_Kmimic_1_scalarCovCls.dat,3182,2,3182.0,1089.04,1088.83,0.21000000000003638,0.00019283038272243112,0.208904,1.0052464289819074
kmouflage-kmimic,5_Kmimic_1_scalarCovCls.dat,3183,2,3183.0,1085.09,1084.87,0.22000000000002728,0.00020274815913889842,0.208509,1.055110330969058
kmouflage-kmimic,5_Kmimic_1_scalarCovCls.dat,3184,2,3184.0,1081.18,1080.96,0.22000000000002728,0.00020348138145362223,0.20811800000000003,1.0570926109227807
kmouflage-kmimic,5_Kmimic_1_scalarCovCls.dat,3185,2,3185.0,1077.34,1077.11,0.2300000000000182,0.00021348877791599514,0.207734,1.1071851502402985
kmouflage-kmimic,5_Kmimic_1_scalarCovCls.dat,3186,2,3186.0,1073.55,1073.32,0.2300000000000182,0.0002142424665828496,0.207355,1.1092088447349626
kmouflage-kmimic,5_Kmimic_1_scalarCovCls.dat,3187,2,3187.0,1069.82,1069.59,0.2300000000000182,0.00021498943747548017,0.206982,1.111207737871014
kmouflage-kmimic,5_Kmimic_1_scalarCovCls.dat,3188,2,3188.0,1066.15,1065.91,0.2400000000000091,0.00022510903718989738,0.20661500000000002,1.1615807177601292
kmouflage-kmimic,5_Kmimic_1_scalarCovCls.dat,3189,2,3189.0,1062.54,1062.3,0.2400000000000091,0.00022587384945508792,0.206254,1.163613796580959
kmouflage-kmimic,5_Kmimic_1_scalarCovCls.dat,3190,2,3190.0,1058.99,1058.75,0.2400000000000091,0.0002266310352316916,0.205899,1.1656200370084804
kmouflage-kmimic,5_Kmimic_1_scalarCovCls.dat,3191,2,3191.0,1055.5,1055.25,0.25,0.00023685457129322596,0.20555,1.216249087813184
kmouflage-kmimic,5_Kmimic_1_scalarCovCls.dat,3192,2,3192.0,1052.07,1051.82,0.25,0.00023762677388386707,0.205207,1.2182820274162187
kmouflage-kmimic,5_Kmimic_1_scalarCovCls.dat,3193,2,3193.0,1048.71,1048.45,0.2599999999999909,0.00024792363951901944,0.20487100000000003,1.2690912818309612
kmouflage-kmimic,5_Kmimic_1_scalarCovCls.dat,3194,2,3194.0,1045.4,1045.14,0.2599999999999909,0.00024870862827624916,0.20454,1.2711450083112883
kmouflage-kmimic,5_Kmimic_1_scalarCovCls.dat,3195,2,3195.0,1042.16,1041.9,0.2599999999999909,0.00024948184539801073,0.204216,1.2731617503035555
kmouflage-kmimic,5_Kmimic_1_scalarCovCls.dat,3196,2,3196.0,1038.98,1038.72,0.2599999999999909,0.0002502454330208386,0.20389800000000002,1.275147377610329
kmouflage-kmimic,5_Kmimic_1_scalarCovCls.dat,3197,2,3197.0,1035.87,1035.6,0.2699999999999818,0.0002606504677227662,0.20358700000000002,1.3262143457096072
kmouflage-kmimic,5_Kmimic_1_scalarCovCls.dat,3198,2,3198.0,1032.82,1032.55,0.2699999999999818,0.00026142018938438627,0.20328200000000002,1.328204169577148
kmouflage-kmimic,5_Kmimic_1_scalarCovCls.dat,3199,2,3199.0,1029.84,1029.56,0.2799999999999727,0.00027188689505163203,0.202984,1.379419067512576
kmouflage-kmimic,5_Kmimic_1_scalarCovCls.dat,3200,2,3200.0,1026.92,1026.64,0.2799999999999727,0.00027265999298871645,0.202692,1.3814062715843383
kmouflage-kmimic,5_Kmimic_1_scalarCovCls.dat,3201,2,3201.0,1024.07,1023.79,0.2799999999999727,0.00027341880926105903,0.202407,1.3833513663063663
kmouflage-kmimic,5_Kmimic_1_scalarCovCls.dat,3202,2,3202.0,1021.29,1021.0,0.2899999999999636,0.0002839546064290883,0.202129,1.4347273275975423
kmouflage-kmimic,5_Kmimic_1_scalarCovCls.dat,3203,2,3203.0,1018.57,1018.28,0.2900000000000773,0.0002847128817853238,0.201857,1.4366606062711587
kmouflage-kmimic,5_Kmimic_1_scalarCovCls.dat,3204,2,3204.0,1015.91,1015.62,0.2899999999999636,0.0002854583575316353,0.20159100000000002,1.4385562847545952
kmouflage-kmimic,5_Kmimic_1_scalarCovCls.dat,3205,2,3205.0,1013.31,1013.02,0.2899999999999636,0.00028619080044602703,0.201331,1.440414044533448
kmouflage-kmimic,5_Kmimic_1_scalarCovCls.dat,3206,2,3206.0,1010.78,1010.48,0.2999999999999545,0.0002968004907100997,0.201078,1.4919583445227946
kmouflage-kmimic,5_Kmimic_1_scalarCovCls.dat,3207,2,3207.0,1008.3,1008.01,0.2899999999999636,0.00028761281364669605,0.20083,1.4440073694167386
kmouflage-kmimic,5_Kmimic_1_scalarCovCls.dat,3208,2,3208.0,1005.88,1005.59,0.2899999999999636,0.0002883047679643333,0.20058800000000002,1.4457494964801663
kmouflage-kmimic,5_Kmimic_1_scalarCovCls.dat,3209,2,3209.0,1003.52,1003.22,0.2999999999999545,0.00029894770408158734,0.200352,1.4973646382364765
kmouflage-kmimic,5_Kmimic_1_scalarCovCls.dat,3210,2,3210.0,1001.21,1000.91,0.3000000000000682,0.00029963743869924214,0.200121,1.499093048705874
kmouflage-kmimic,5_Kmimic_1_scalarCovCls.dat,3211,2,3211.0,998.96,998.657,0.30299999999999727,0.00030331544806598586,0.19989600000000002,1.5157882098691182
kmouflage-kmimic,5_Kmimic_1_scalarCovCls.dat,3212,2,3212.0,996.759,996.454,0.30500000000006366,0.0003059917191618673,0.19967590000000002,1.5274752736813189
kmouflage-kmimic,5_Kmimic_1_scalarCovCls.dat,3213,2,3213.0,994.609,994.303,0.30600000000004,0.0003076585874449558,0.1994609,1.534135261597837
kmouflage-kmimic,5_Kmimic_1_scalarCovCls.dat,3214,2,3214.0,992.508,992.202,0.30600000000004,0.0003083098574520709,0.1992508,1.5357529304777697
kmouflage-kmimic,5_Kmimic_1_scalarCovCls.dat,3215,2,3215.0,990.457,990.149,0.3079999999999927,0.0003109675634580731,0.1990457,1.5473833396048884
kmouflage-kmimic,5_Kmimic_1_scalarCovCls.dat,3216,2,3216.0,988.453,988.143,0.30999999999994543,0.00031362138614577067,0.1988453,1.5590008916476548
kmouflage-kmimic,5_Kmimic_1_scalarCovCls.dat,3217,2,3217.0,986.494,986.184,0.3100000000000591,0.0003142441819210853,0.19864940000000003,1.5605383152431322
kmouflage-kmimic,5_Kmimic_1_scalarCovCls.dat,3218,2,3218.0,984.58,984.269,0.31100000000003547,0.00031587072660427333,0.19845800000000002,1.567082203791409
kmouflage-kmimic,5_Kmimic_1_scalarCovCls.dat,3219,2,3219.0,982.71,982.398,0.3120000000000118,0.00031748939158043757,0.19827100000000003,1.573603804893362
kmouflage-kmimic,5_Kmimic_1_scalarCovCls.dat,3220,2,3220.0,980.882,980.569,0.3129999999999882,0.00031910056459389426,0.1980882,1.5801042162026218
kmouflage-kmimic,5_Kmimic_1_scalarCovCls.dat,3221,2,3221.0,979.094,978.781,0.31300000000010186,0.000319683299050042,0.1979094,1.581531751397871
kmouflage-kmimic,5_Kmimic_1_scalarCovCls.dat,3222,2,3222.0,977.346,977.033,0.3129999999999882,0.00032025505808586536,0.1977346,1.5829298463697712
kmouflage-kmimic,5_Kmimic_1_scalarCovCls.dat,3223,2,3223.0,975.636,975.322,0.31399999999996453,0.0003218413424678513,0.1975636,1.5893616030481552
kmouflage-kmimic,5_Kmimic_1_scalarCovCls.dat,3224,2,3224.0,973.963,973.649,0.31399999999996453,0.00032239417719149964,0.19739630000000002,1.59070864043533
kmouflage-kmimic,5_Kmimic_1_scalarCovCls.dat,3225,2,3225.0,972.325,972.011,0.3140000000000782,0.0003229372894866204,0.19723250000000003,1.5920297111281263
kmouflage-kmimic,5_Kmimic_1_scalarCovCls.dat,3226,2,3226.0,970.722,970.408,0.31399999999996453,0.0003234705713890944,0.1970722,1.5933246799901992
kmouflage-kmimic,5_Kmimic_1_scalarCovCls.dat,3227,2,3227.0,969.152,968.837,0.31500000000005457,0.0003250264148451993,0.1969152,1.5996733619347543
kmouflage-kmimic,5_Kmimic_1_scalarCovCls.dat,3228,2,3228.0,967.613,967.298,0.31500000000005457,0.0003255433732288162,0.19676130000000003,1.6009245720578922
kmouflage-kmimic,5_Kmimic_1_scalarCovCls.dat,3229,2,3229.0,966.104,965.79,0.3140000000000782,0.0003250167683811248,0.19661040000000002,1.5970670930941506
kmouflage-kmimic,5_Kmimic_1_scalarCovCls.dat,3230,2,3230.0,964.625,964.311,0.31399999999996453,0.00032551509654006947,0.1964625,1.5982693898324847
kmouflage-kmimic,5_Kmimic_1_scalarCovCls.dat,3231,2,3231.0,963.173,962.859,0.31399999999996453,0.00032600581619290046,0.19631730000000003,1.5994515001987317
kmouflage-kmimic,5_Kmimic_1_scalarCovCls.dat,3232,2,3232.0,961.748,961.434,0.3140000000000782,0.0003264888515495516,0.1961748,1.6006133305606949
kmouflage-kmimic,5_Kmimic_1_scalarCovCls.dat,3233,2,3233.0,960.347,960.034,0.3129999999999882,0.0003259238587718691,0.1960347,1.5966561022104155
kmouflage-kmimic,5_Kmimic_1_scalarCovCls.dat,3234,2,3234.0,958.971,958.658,0.3129999999999882,0.0003263915175745546,0.1958971,1.5977776087547402
kmouflage-kmimic,5_Kmimic_1_scalarCovCls.dat,3235,2,3235.0,957.617,957.305,0.3120000000000118,0.0003258087523509,0.1957617,1.5937744717174596
kmouflage-kmimic,5_Kmimic_1_scalarCovCls.dat,3236,2,3236.0,956.284,955.973,0.31100000000003547,0.00032521719489193114,0.1956284,1.589748727690026
kmouflage-kmimic,5_Kmimic_1_scalarCovCls.dat,3237,2,3237.0,954.971,954.661,0.3100000000000591,0.0003246171873282635,0.1954971,1.585701271272357
kmouflage-kmimic,5_Kmimic_1_scalarCovCls.dat,3238,2,3238.0,953.677,953.367,0.3100000000000591,0.0003250576453034509,0.19536770000000003,1.586751545931385
kmouflage-kmimic,5_Kmimic_1_scalarCovCls.dat,3239,2,3239.0,952.4,952.091,0.3089999999999691,0.0003244435111297449,0.19524000000000002,1.582667486170708
kmouflage-kmimic,5_Kmimic_1_scalarCovCls.dat,3240,2,3240.0,951.139,950.831,0.3079999999999927,0.0003238222804448064,0.1951139,1.5785651355438681
kmouflage-kmimic,5_Kmimic_1_scalarCovCls.dat,3241,2,3241.0,949.893,949.586,0.30700000000001637,0.0003231942966207945,0.19498930000000003,1.574445367002273
kmouflage-kmimic,5_Kmimic_1_scalarCovCls.dat,3242,2,3242.0,948.66,948.354,0.30599999999992633,0.0003225602428688111,0.194866,1.570309853950542
kmouflage-kmimic,5_Kmimic_1_scalarCovCls.dat,3243,2,3243.0,947.439,947.134,0.30499999999995,0.00032192046137001956,0.19474390000000003,1.5661594535179275
kmouflage-kmimic,5_Kmimic_1_scalarCovCls.dat,3244,2,3244.0,946.229,945.925,0.3040000000000873,0.00032127529382431453,0.19462290000000002,1.5619950170308186
kmouflage-kmimic,5_Kmimic_1_scalarCovCls.dat,3245,2,3245.0,945.028,944.726,0.3020000000000209,0.00031956725091745526,0.19450280000000003,1.5526768766311891
kmouflage-kmimic,5_Kmimic_1_scalarCovCls.dat,3246,2,3246.0,943.836,943.535,0.30100000000004457,0.0003189113362915216,0.19438360000000002,1.5484845429349212
kmouflage-kmimic,5_Kmimic_1_scalarCovCls.dat,3247,2,3247.0,942.65,942.351,0.29899999999997817,0.0003171908980002951,0.19426500000000002,1.5391346871540326
kmouflage-kmimic,5_Kmimic_1_scalarCovCls.dat,3248,2,3248.0,941.47,941.172,0.2980000000000018,0.00031652628336537736,0.19414700000000001,1.5349194167306308
kmouflage-kmimic,5_Kmimic_1_scalarCovCls.dat,3249,2,3249.0,940.294,939.998,0.2959999999999354,0.0003147951598116498,0.19402940000000002,1.5255420054895568
kmouflage-kmimic,5_Kmimic_1_scalarCovCls.dat,3250,2,3250.0,939.121,938.826,0.2949999999999591,0.0003141235261483441,0.1939121,1.5213078503092847
kmouflage-kmimic,5_Kmimic_1_scalarCovCls.dat,3251,2,3251.0,937.95,937.657,0.29300000000000637,0.000312383389306473,0.193795,1.5119069119430655
kmouflage-kmimic,5_Kmimic_1_scalarCovCls.dat,3252,2,3252.0,936.78,936.488,0.2919999999999163,0.0003117060569182907,0.19367800000000002,1.5076570390024489
kmouflage-kmimic,5_Kmimic_1_scalarCovCls.dat,3253,2,3253.0,935.611,935.321,0.2899999999999636,0.0003099578777931893,0.1935611,1.4982349242692028
kmouflage-kmimic,5_Kmimic_1_scalarCovCls.dat,3254,2,3254.0,934.441,934.153,0.2880000000000109,0.0003082056545036133,0.1934441,1.488802191434171
kmouflage-kmimic,5_Kmimic_1_scalarCovCls.dat,3255,2,3255.0,933.271,932.985,0.2859999999999445,0.00030644903784639673,0.1933271,1.479358041371047
kmouflage-kmimic,5_Kmimic_1_scalarCovCls.dat,3256,2,3256.0,932.1,931.816,0.2839999999999918,0.00030468833816113273,0.19321,1.4699032141193098
kmouflage-kmimic,5_Kmimic_1_scalarCovCls.dat,3257,2,3257.0,930.928,930.645,0.28300000000001546,0.00030399773129609965,0.1930928,1.465616532568876
kmouflage-kmimic,5_Kmimic_1_scalarCovCls.dat,3258,2,3258.0,929.753,929.472,0.28100000000006276,0.000302230807537123,0.19297530000000002,1.4561449055918696
kmouflage-kmimic,5_Kmimic_1_scalarCovCls.dat,3259,2,3259.0,928.576,928.297,0.27899999999999636,0.00030046005927355043,0.19285760000000002,1.4466632375389734
kmouflage-kmimic,5_Kmimic_1_scalarCovCls.dat,3260,2,3260.0,927.395,927.118,0.27699999999992997,0.00029868610462632425,0.1927395,1.4371729718087365
kmouflage-kmimic,5_Kmimic_1_scalarCovCls.dat,3261,2,3261.0,926.21,925.935,0.27500000000009095,0.00029690890834701736,0.19262100000000001,1.4276740334651514
kmouflage-kmimic,5_Kmimic_1_scalarCovCls.dat,3262,2,3262.0,925.022,924.749,0.27300000000002456,0.00029512811587186524,0.1925022,1.4181656105749676
kmouflage-kmimic,5_Kmimic_1_scalarCovCls.dat,3263,2,3263.0,923.828,923.557,0.27099999999995816,0.00029334464857090083,0.19238280000000002,1.4086498377191627
kmouflage-kmimic,5_Kmimic_1_scalarCovCls.dat,3264,2,3264.0,922.629,922.361,0.2680000000000291,0.00029047428598063694,0.19226290000000001,1.3939246729349712
kmouflage-kmimic,5_Kmimic_1_scalarCovCls.dat,3265,2,3265.0,921.424,921.158,0.2659999999999627,0.00028868360277132214,0.1921424,1.3843899108159508
kmouflage-kmimic,5_Kmimic_1_scalarCovCls.dat,3266,2,3266.0,920.212,919.949,0.26300000000003365,0.0002858037061025434,0.1920212,1.3696404355354181
kmouflage-kmimic,5_Kmimic_1_scalarCovCls.dat,3267,2,3267.0,918.994,918.733,0.26100000000008095,0.0002840062067870747,0.1918994,1.3600876292478297
kmouflage-kmimic,5_Kmimic_1_scalarCovCls.dat,3268,2,3268.0,917.767,917.509,0.2580000000000382,0.0002811171027069378,0.19177670000000002,1.3453146289410454
kmouflage-kmimic,5_Kmimic_1_scalarCovCls.dat,3269,2,3269.0,916.533,916.278,0.25499999999999545,0.0002782223880645819,0.19165330000000003,1.3305275724445935
kmouflage-kmimic,5_Kmimic_1_scalarCovCls.dat,3270,2,3270.0,915.29,915.037,0.25299999999992906,0.0002764151252607688,0.191529,1.3209487858231863
kmouflage-kmimic,5_Kmimic_1_scalarCovCls.dat,3271,2,3271.0,914.038,913.788,0.25,0.00027351160455035784,0.1914038,1.3061391675609366
kmouflage-kmimic,5_Kmimic_1_scalarCovCls.dat,3272,2,3272.0,912.776,912.529,0.24699999999995725,0.0002706030833413206,0.1912776,1.2913169132190976
kmouflage-kmimic,5_Kmimic_1_scalarCovCls.dat,3273,2,3273.0,911.504,911.26,0.2440000000000282,0.0002676894451368597,0.1911504,1.2764817651442435
kmouflage-kmimic,5_Kmimic_1_scalarCovCls.dat,3274,2,3274.0,910.221,909.98,0.24099999999998545,0.0002647708633397663,0.19102210000000003,1.2616341250566578
kmouflage-kmimic,5_Kmimic_1_scalarCovCls.dat,3275,2,3275.0,908.927,908.689,0.2380000000000564,0.0002618472110522147,0.19089270000000003,1.2467737110955859
kmouflage-kmimic,5_Kmimic_1_scalarCovCls.dat,3276,2,3276.0,907.621,907.386,0.23500000000001364,0.00025891864555801776,0.1907621,1.2319008859727045
kmouflage-kmimic,5_Kmimic_1_scalarCovCls.dat,3277,2,3277.0,906.302,906.071,0.23099999999999454,0.0002548819267749542,0.19063020000000003,1.2117702231860141
kmouflage-kmimic,5_Kmimic_1_scalarCovCls.dat,3278,2,3278.0,904.971,904.742,0.22900000000004184,0.00025304678271463046,0.19049710000000003,1.2021180374926537
kmouflage-kmimic,5_Kmimic_1_scalarCovCls.dat,3279,2,3279.0,903.626,903.401,0.22500000000002274,0.000248996819480651,0.1903626,1.181954858780153
kmouflage-kmimic,5_Kmimic_1_scalarCovCls.dat,3280,2,3280.0,902.267,902.045,0.22200000000009368,0.0002460469018595312,0.19022670000000003,1.1670286032407315
kmouflage-kmimic,5_Kmimic_1_scalarCovCls.dat,3281,2,3281.0,900.893,900.675,0.21800000000007458,0.0002419821221832943,0.19008930000000002,1.146829411229746
kmouflage-kmimic,5_Kmimic_1_scalarCovCls.dat,3282,2,3282.0,899.504,899.29,0.21400000000005548,0.00023790889201165917,0.18995040000000002,1.126609893951555
kmouflage-kmimic,5_Kmimic_1_scalarCovCls.dat,3283,2,3283.0,898.099,897.889,0.21000000000003638,0.00023382722840136372,0.18980990000000003,1.1063701103052914
kmouflage-kmimic,5_Kmimic_1_scalarCovCls.dat,3284,2,3284.0,896.679,896.472,0.20699999999999363,0.0002308518433017765,0.1896679,1.0913813038473754
kmouflage-kmimic,5_Kmimic_1_scalarCovCls.dat,3285,2,3285.0,895.241,895.038,0.20299999999997453,0.00022675458340265308,0.18952410000000003,1.0711038859964221
kmouflage-kmimic,5_Kmimic_1_scalarCovCls.dat,3286,2,3286.0,893.786,893.588,0.19799999999997908,0.00022152953839059807,0.1893786,1.045524679134702
kmouflage-kmimic,5_Kmimic_1_scalarCovCls.dat,3287,2,3287.0,892.314,892.119,0.19499999999993634,0.00021853293795674655,0.1892314,1.0304843699298125
kmouflage-kmimic,5_Kmimic_1_scalarCovCls.dat,3288,2,3288.0,890.823,890.632,0.19100000000003092,0.00021440847396175325,0.1890823,1.0101421444526055
kmouflage-kmimic,5_Kmimic_1_scalarCovCls.dat,3351,2,3351.0,750.888,751.064,0.17599999999993088,0.00023438914991307742,0.17508880000000002,1.0052042163743817
kmouflage-kmimic,5_Kmimic_1_scalarCovCls.dat,3352,2,3352.0,747.975,748.156,0.18099999999992633,0.000241986697416259,0.1747975,1.035483917103656
kmouflage-kmimic,5_Kmimic_1_scalarCovCls.dat,3353,2,3353.0,745.043,745.229,0.18600000000003547,0.00024965002020022395,0.1745043,1.0658763136497809
kmouflage-kmimic,5_Kmimic_1_scalarCovCls.dat,3354,2,3354.0,742.094,742.284,0.18999999999994088,0.0002560322546738565,0.17420940000000001,1.0906414923645962
kmouflage-kmimic,5_Kmimic_1_scalarCovCls.dat,3355,2,3355.0,739.127,739.321,0.19400000000007367,0.0002624718079573249,0.1739127,1.1155022031172748
kmouflage-kmimic,5_Kmimic_1_scalarCovCls.dat,3356,2,3356.0,736.143,736.342,0.19899999999995543,0.00027032791183228725,0.1736143,1.1462189462501386
kmouflage-kmimic,5_Kmimic_1_scalarCovCls.dat,3357,2,3357.0,733.143,733.345,0.20199999999999818,0.00027552605699024364,0.17331430000000003,1.1655125976333063
kmouflage-kmimic,5_Kmimic_1_scalarCovCls.dat,3358,2,3358.0,730.126,730.333,0.20699999999999363,0.00028351270876532766,0.17301260000000002,1.1964446520079672
kmouflage-kmimic,5_Kmimic_1_scalarCovCls.dat,3359,2,3359.0,727.094,727.305,0.21099999999989905,0.0002901963157444554,0.1727094,1.2217053617226337
kmouflage-kmimic,5_Kmimic_1_scalarCovCls.dat,3360,2,3360.0,724.047,724.262,0.21499999999991815,0.00029694204934198765,0.17240470000000002,1.247065770248248
kmouflage-kmimic,5_Kmimic_1_scalarCovCls.dat,3361,2,3361.0,720.986,721.204,0.2179999999999609,0.00030236370747831567,0.1720986,1.266715708320468
kmouflage-kmimic,5_Kmimic_1_scalarCovCls.dat,3362,2,3362.0,717.91,718.132,0.22199999999998,0.0003092309620982853,0.171791,1.2922679302174154
kmouflage-kmimic,5_Kmimic_1_scalarCovCls.dat,3363,2,3363.0,714.82,715.046,0.2259999999999991,0.000316163509694747,0.17148200000000002,1.3179225807956465
kmouflage-kmimic,5_Kmimic_1_scalarCovCls.dat,3364,2,3364.0,711.718,711.946,0.22800000000006548,0.00032035159993152554,0.17117179999999999,1.3319951066709907
kmouflage-kmimic,5_Kmimic_1_scalarCovCls.dat,3365,2,3365.0,708.602,708.834,0.2319999999999709,0.000327405228887261,0.17086020000000002,1.3578352360583148
kmouflage-kmimic,5_Kmimic_1_scalarCovCls.dat,3366,2,3366.0,705.475,705.71,0.23500000000001364,0.00033310889826005687,0.17054750000000002,1.3779152435539286
kmouflage-kmimic,5_Kmimic_1_scalarCovCls.dat,3367,2,3367.0,702.335,702.573,0.2379999999999427,0.00033886962774166556,0.1702335,1.3980796964166435
kmouflage-kmimic,5_Kmimic_1_scalarCovCls.dat,3368,2,3368.0,699.185,699.425,0.2400000000000091,0.00034325679183622236,0.1699185,1.412441847120879
kmouflage-kmimic,5_Kmimic_1_scalarCovCls.dat,3369,2,3369.0,696.023,696.266,0.24299999999993815,0.0003491263938116099,0.1696023,1.4327635887009678
kmouflage-kmimic,5_Kmimic_1_scalarCovCls.dat,3370,2,3370.0,692.851,693.097,0.2459999999999809,0.00035505469429932397,0.16928510000000002,1.4531698300676248
kmouflage-kmimic,5_Kmimic_1_scalarCovCls.dat,3371,2,3371.0,689.67,689.918,0.2480000000000473,0.00035959226876629014,0.168967,1.4677422218542513
kmouflage-kmimic,5_Kmimic_1_scalarCovCls.dat,3372,2,3372.0,686.479,686.729,0.25,0.00036417719988521134,0.16864790000000002,1.4823783753014415
kmouflage-kmimic,5_Kmimic_1_scalarCovCls.dat,3373,2,3373.0,683.279,683.531,0.2519999999999527,0.00036880981268259776,0.1683279,1.4970780244983315
kmouflage-kmimic,5_Kmimic_1_scalarCovCls.dat,3374,2,3374.0,680.07,680.325,0.25499999999999545,0.00037496140103223996,0.16800700000000002,1.5177939014445554
kmouflage-kmimic,5_Kmimic_1_scalarCovCls.dat,3375,2,3375.0,676.854,677.11,0.2559999999999718,0.0003782204138558268,0.1676854,1.5266683921198374
kmouflage-kmimic,5_Kmimic_1_scalarCovCls.dat,3376,2,3376.0,673.63,673.888,0.2580000000000382,0.00038299956949666464,0.167363,1.5415593649733703
kmouflage-kmimic,5_Kmimic_1_scalarCovCls.dat,3377,2,3377.0,670.399,670.659,0.2599999999999909,0.0003878287407946475,0.16703990000000002,1.5565143417829566
kmouflage-kmimic,5_Kmimic_1_scalarCovCls.dat,3378,2,3378.0,667.161,667.423,0.2620000000000573,0.00039270880642012547,0.1667161,1.571533883050631
kmouflage-kmimic,5_Kmimic_1_scalarCovCls.dat,3379,2,3379.0,663.917,664.181,0.26400000000001,0.00039764006645410496,0.16639170000000003,1.5866176017193763
kmouflage-kmimic,5_Kmimic_1_scalarCovCls.dat,3380,2,3380.0,660.668,660.933,0.26499999999998636,0.0004011091804052661,0.16606680000000001,1.5957433996439163
kmouflage-kmimic,5_Kmimic_1_scalarCovCls.dat,3381,2,3381.0,657.414,657.679,0.26499999999998636,0.0004030945492490065,0.1657414,1.598876321787956
kmouflage-kmimic,5_Kmimic_1_scalarCovCls.dat,3382,2,3382.0,654.155,654.421,0.2660000000000764,0.000406631455847737,0.1654155,1.6080717949652628
kmouflage-kmimic,5_Kmimic_1_scalarCovCls.dat,3383,2,3383.0,650.891,651.159,0.2680000000000291,0.0004117432872785599,0.1650891,1.623365806706979
kmouflage-kmimic,5_Kmimic_1_scalarCovCls.dat,3384,2,3384.0,647.624,647.893,0.26900000000000546,0.00041536447074229095,0.16476240000000003,1.632654052138142
kmouflage-kmimic,5_Kmimic_1_scalarCovCls.dat,3385,2,3385.0,644.354,644.623,0.26900000000000546,0.00041747238319309797,0.1644354,1.6359007853540384
kmouflage-kmimic,5_Kmimic_1_scalarCovCls.dat,3386,2,3386.0,641.081,641.351,0.2699999999999818,0.00042116362830903084,0.1641081,1.6452569982833376
kmouflage-kmimic,5_Kmimic_1_scalarCovCls.dat,3387,2,3387.0,637.806,638.076,0.2699999999999818,0.00042332621518139025,0.1637806,1.6485468974956852
kmouflage-kmimic,5_Kmimic_1_scalarCovCls.dat,3388,2,3388.0,634.529,634.799,0.2699999999999818,0.00042551246672726037,0.1634529,1.6518520014021274
kmouflage-kmimic,5_Kmimic_1_scalarCovCls.dat,3389,2,3389.0,631.25,631.521,0.27099999999995816,0.00042930693069300304,0.16312500000000002,1.6613026819920804
kmouflage-kmimic,5_Kmimic_1_scalarCovCls.dat,3390,2,3390.0,627.971,628.241,0.2699999999999818,0.00042995616039591286,0.16279710000000003,1.6585062018916907
kmouflage-kmimic,5_Kmimic_1_scalarCovCls.dat,3391,2,3391.0,624.691,624.962,0.27099999999995816,0.0004338144778777958,0.1624691,1.6680094861112553
kmouflage-kmimic,5_Kmimic_1_scalarCovCls.dat,3392,2,3392.0,621.412,621.682,0.2699999999999818,0.0004344943451365307,0.1621412,1.66521525682542
kmouflage-kmimic,5_Kmimic_1_scalarCovCls.dat,3393,2,3393.0,618.133,618.402,0.26900000000000546,0.0004351814253566877,0.16181330000000002,1.662409703034333
kmouflage-kmimic,5_Kmimic_1_scalarCovCls.dat,3394,2,3394.0,614.855,615.124,0.26900000000000546,0.0004375015247497466,0.1614855,1.665784234497868
kmouflage-kmimic,5_Kmimic_1_scalarCovCls.dat,3395,2,3395.0,611.578,611.847,0.26900000000000546,0.00043984577600895627,0.16115780000000002,1.669171458036815
kmouflage-kmimic,5_Kmimic_1_scalarCovCls.dat,3396,2,3396.0,608.304,608.572,0.2680000000000291,0.00044056918908971354,0.1608304,1.6663516350144567
kmouflage-kmimic,5_Kmimic_1_scalarCovCls.dat,3397,2,3397.0,605.032,605.299,0.26699999999993906,0.0004412989726162237,0.1605032,1.6635182351500721
kmouflage-kmimic,5_Kmimic_1_scalarCovCls.dat,3398,2,3398.0,601.763,602.028,0.26499999999998636,0.00044037270486883763,0.16017630000000002,1.6544270282181965
kmouflage-kmimic,5_Kmimic_1_scalarCovCls.dat,3399,2,3399.0,598.497,598.762,0.26499999999998636,0.0004427758200959844,0.1598497,1.6578073027349212
kmouflage-kmimic,5_Kmimic_1_scalarCovCls.dat,3400,2,3400.0,595.235,595.498,0.26300000000003365,0.00044184229758000395,0.1595235,1.6486599153104942
kmouflage-kmimic,5_Kmimic_1_scalarCovCls.dat,3401,2,3401.0,591.978,592.24,0.2620000000000573,0.0004425840149465982,0.1591978,1.6457513860119757
kmouflage-kmimic,5_Kmimic_1_scalarCovCls.dat,3402,2,3402.0,588.725,588.985,0.2599999999999909,0.00044163234107603874,0.15887250000000003,1.6365324395347896
kmouflage-kmimic,5_Kmimic_1_scalarCovCls.dat,3403,2,3403.0,585.478,585.737,0.25900000000001455,0.0004423735819279539,0.15854780000000002,1.6335767509862296
kmouflage-kmimic,5_Kmimic_1_scalarCovCls.dat,3404,2,3404.0,582.237,582.493,0.2560000000000855,0.00043968349658315346,0.1582237,1.6179624165032513
kmouflage-kmimic,5_Kmimic_1_scalarCovCls.dat,3405,2,3405.0,579.002,579.257,0.25499999999999545,0.00044041298648363127,0.1579002,1.614944122933318
kmouflage-kmimic,5_Kmimic_1_scalarCovCls.dat,3406,2,3406.0,575.774,576.027,0.25300000000004275,0.0004394085179255103,0.1575774,1.605560188199848
kmouflage-kmimic,5_Kmimic_1_scalarCovCls.dat,3407,2,3407.0,572.553,572.804,0.25099999999997635,0.0004383873632658922,0.15725530000000001,1.596130623260242
kmouflage-kmimic,5_Kmimic_1_scalarCovCls.dat,3408,2,3408.0,569.341,569.589,0.2480000000000473,0.0004355913240045022,0.15693410000000002,1.580281149858745
kmouflage-kmimic,5_Kmimic_1_scalarCovCls.dat,3409,2,3409.0,566.137,566.383,0.2460000000000946,0.0004345237990099474,0.1566137,1.5707438110465086
kmouflage-kmimic,5_Kmimic_1_scalarCovCls.dat,3410,2,3410.0,562.942,563.186,0.2440000000000282,0.00043343719246392734,0.1562942,1.5611583795177826
kmouflage-kmimic,5_Kmimic_1_scalarCovCls.dat,3411,2,3411.0,559.756,559.997,0.24099999999998545,0.0004305447373498193,0.1559756,1.5451134664651744
kmouflage-kmimic,5_Kmimic_1_scalarCovCls.dat,3412,2,3412.0,556.581,556.819,0.2379999999999427,0.0004276107161400456,0.15565810000000002,1.5289920665865937
kmouflage-kmimic,5_Kmimic_1_scalarCovCls.dat,3413,2,3413.0,553.416,553.652,0.23599999999999,0.0004264423146421317,0.15534160000000002,1.5192324528651047
kmouflage-kmimic,5_Kmimic_1_scalarCovCls.dat,3414,2,3414.0,550.262,550.495,0.23300000000006094,0.00042343465476456845,0.1550262,1.5029717557423257
kmouflage-kmimic,5_Kmimic_1_scalarCovCls.dat,3415,2,3415.0,547.12,547.35,0.2300000000000182,0.0004203830969440309,0.15471200000000002,1.4866332281918544
kmouflage-kmimic,5_Kmimic_1_scalarCovCls.dat,3416,2,3416.0,543.989,544.217,0.2279999999999518,0.0004191261220354672,0.1543989,1.4766944583151291
kmouflage-kmimic,5_Kmimic_1_scalarCovCls.dat,3417,2,3417.0,540.872,541.096,0.22400000000004638,0.0004141460456448964,0.1540872,1.4537223078883021
kmouflage-kmimic,5_Kmimic_1_scalarCovCls.dat,3418,2,3418.0,537.767,537.989,0.22199999999998,0.00041281819077775315,0.15377670000000002,1.4436517365763473
kmouflage-kmimic,5_Kmimic_1_scalarCovCls.dat,3419,2,3419.0,534.676,534.895,0.21899999999993724,0.00040959384748882915,0.1534676,1.4270113040142494
kmouflage-kmimic,5_Kmimic_1_scalarCovCls.dat,3420,2,3420.0,531.599,531.815,0.21600000000000819,0.0004063213060972804,0.15315990000000002,1.4102908137182655
kmouflage-kmimic,5_Kmimic_1_scalarCovCls.dat,3421,2,3421.0,528.537,528.749,0.21199999999998909,0.0004011072072532085,0.1528537,1.3869471265660502
kmouflage-kmimic,5_Kmimic_1_scalarCovCls.dat,3422,2,3422.0,525.49,525.699,0.20899999999994634,0.00039772402900140123,0.15254900000000002,1.3700515899805723
kmouflage-kmimic,5_Kmimic_1_scalarCovCls.dat,3423,2,3423.0,522.459,522.665,0.20600000000001728,0.0003942893126542318,0.1522459,1.3530742042972408
kmouflage-kmimic,5_Kmimic_1_scalarCovCls.dat,3424,2,3424.0,519.444,519.646,0.20199999999999818,0.0003888773380768633,0.1519444,1.329433661260291
kmouflage-kmimic,5_Kmimic_1_scalarCovCls.dat,3425,2,3425.0,516.445,516.645,0.1999999999999318,0.00038726292247951235,0.15164450000000002,1.3188740771998442
kmouflage-kmimic,5_Kmimic_1_scalarCovCls.dat,3426,2,3426.0,513.464,513.66,0.1959999999999127,0.0003817210164683652,0.15134640000000002,1.295042366385409
kmouflage-kmimic,5_Kmimic_1_scalarCovCls.dat,3427,2,3427.0,510.501,510.694,0.19300000000004047,0.00037805998421166755,0.15105010000000002,1.2777217625148243
kmouflage-kmimic,5_Kmimic_1_scalarCovCls.dat,3428,2,3428.0,507.556,507.745,0.18900000000002137,0.00037237270370170264,0.1507556,1.2536847719091124
kmouflage-kmimic,5_Kmimic_1_scalarCovCls.dat,3429,2,3429.0,504.629,504.815,0.18599999999997863,0.00036858761585239575,0.1504629,1.2361851326804056
kmouflage-kmimic,5_Kmimic_1_scalarCovCls.dat,3430,2,3430.0,501.722,501.905,0.18299999999999272,0.0003647438222760667,0.1501722,1.2186010459991445
kmouflage-kmimic,5_Kmimic_1_scalarCovCls.dat,3431,2,3431.0,498.835,499.014,0.17900000000003047,0.0003588360880852997,0.1498835,1.1942608759471887
kmouflage-kmimic,5_Kmimic_1_scalarCovCls.dat,3432,2,3432.0,495.968,496.144,0.17599999999998772,0.0003548616039744252,0.1495968,1.1764957539197878
kmouflage-kmimic,5_Kmimic_1_scalarCovCls.dat,3433,2,3433.0,493.122,493.295,0.17300000000000182,0.00035082596193234495,0.1493122,1.158646111972108
kmouflage-kmimic,5_Kmimic_1_scalarCovCls.dat,3434,2,3434.0,490.297,490.466,0.16899999999998272,0.0003446890354213522,0.14902970000000001,1.1340021485649014
kmouflage-kmimic,5_Kmimic_1_scalarCovCls.dat,3435,2,3435.0,487.494,487.66,0.16599999999999682,0.00034051701149141695,0.1487494,1.1159708879497787
kmouflage-kmimic,5_Kmimic_1_scalarCovCls.dat,3436,2,3436.0,484.713,484.876,0.16299999999995407,0.0003362814696530814,0.1484713,1.0978552757331153
kmouflage-kmimic,5_Kmimic_1_scalarCovCls.dat,3437,2,3437.0,481.955,482.115,0.160000000000025,0.0003319812015645133,0.1481955,1.0796549152978667
kmouflage-kmimic,5_Kmimic_1_scalarCovCls.dat,3438,2,3438.0,479.221,479.378,0.15699999999998226,0.00032761502521797307,0.1479221,1.0613694640623832
kmouflage-kmimic,5_Kmimic_1_scalarCovCls.dat,3439,2,3439.0,476.511,476.664,0.15299999999996317,0.00032108387844134376,0.1476511,1.0362266180202055
kmouflage-kmimic,5_Kmimic_1_scalarCovCls.dat,3440,2,3440.0,473.824,473.975,0.15100000000001046,0.0003186837306679494,0.14738240000000002,1.024545671667787
kmouflage-kmimic,5_Kmimic_1_scalarCovCls.dat,3441,2,3441.0,471.163,471.311,0.1479999999999677,0.00031411634614765527,0.1471163,1.006006812297262
kmouflage-kmimic,5_Kmimic_1_totCls.dat,3180,2,3180.0,1097.13,1096.92,0.21000000000003638,0.00019140849306831129,0.20971300000000004,1.0013685370007408
kmouflage-kmimic,5_Kmimic_1_totCls.dat,3181,2,3181.0,1093.06,1092.85,0.21000000000003638,0.0001921212010319986,0.209306,1.0033157195686526
kmouflage-kmimic,5_Kmimic_1_totCls.dat,3182,2,3182.0,1089.04,1088.83,0.21000000000003638,0.00019283038272243112,0.208904,1.0052464289819074
kmouflage-kmimic,5_Kmimic_1_totCls.dat,3183,2,3183.0,1085.09,1084.87,0.22000000000002728,0.00020274815913889842,0.208509,1.055110330969058
kmouflage-kmimic,5_Kmimic_1_totCls.dat,3184,2,3184.0,1081.18,1080.96,0.22000000000002728,0.00020348138145362223,0.20811800000000003,1.0570926109227807
kmouflage-kmimic,5_Kmimic_1_totCls.dat,3185,2,3185.0,1077.34,1077.11,0.2300000000000182,0.00021348877791599514,0.207734,1.1071851502402985
kmouflage-kmimic,5_Kmimic_1_totCls.dat,3186,2,3186.0,1073.55,1073.32,0.2300000000000182,0.0002142424665828496,0.207355,1.1092088447349626
kmouflage-kmimic,5_Kmimic_1_totCls.dat,3187,2,3187.0,1069.82,1069.59,0.2300000000000182,0.00021498943747548017,0.206982,1.111207737871014
kmouflage-kmimic,5_Kmimic_1_totCls.dat,3188,2,3188.0,1066.15,1065.92,0.2300000000000182,0.0002157294939736605,0.20661500000000002,1.1131815211868363
kmouflage-kmimic,5_Kmimic_1_totCls.dat,3189,2,3189.0,1062.54,1062.3,0.2400000000000091,0.00022587384945508792,0.206254,1.163613796580959
kmouflage-kmimic,5_Kmimic_1_totCls.dat,3190,2,3190.0,1058.99,1058.75,0.2400000000000091,0.0002266310352316916,0.205899,1.1656200370084804
kmouflage-kmimic,5_Kmimic_1_totCls.dat,3191,2,3191.0,1055.5,1055.25,0.25,0.00023685457129322596,0.20555,1.216249087813184
kmouflage-kmimic,5_Kmimic_1_totCls.dat,3192,2,3192.0,1052.07,1051.82,0.25,0.00023762677388386707,0.205207,1.2182820274162187
kmouflage-kmimic,5_Kmimic_1_totCls.dat,3193,2,3193.0,1048.71,1048.45,0.2599999999999909,0.00024792363951901944,0.20487100000000003,1.2690912818309612
kmouflage-kmimic,5_Kmimic_1_totCls.dat,3194,2,3194.0,1045.4,1045.14,0.2599999999999909,0.00024870862827624916,0.20454,1.2711450083112883
kmouflage-kmimic,5_Kmimic_1_totCls.dat,3195,2,3195.0,1042.16,1041.9,0.2599999999999909,0.00024948184539801073,0.204216,1.2731617503035555
kmouflage-kmimic,5_Kmimic_1_totCls.dat,3196,2,3196.0,1038.98,1038.72,0.2599999999999909,0.0002502454330208386,0.20389800000000002,1.275147377610329
kmouflage-kmimic,5_Kmimic_1_totCls.dat,3197,2,3197.0,1035.87,1035.6,0.2699999999999818,0.0002606504677227662,0.20358700000000002,1.3262143457096072
kmouflage-kmimic,5_Kmimic_1_totCls.dat,3198,2,3198.0,1032.82,1032.55,0.2699999999999818,0.00026142018938438627,0.20328200000000002,1.328204169577148
kmouflage-kmimic,5_Kmimic_1_totCls.dat,3199,2,3199.0,1029.84,1029.56,0.2799999999999727,0.00027188689505163203,0.202984,1.379419067512576
kmouflage-kmimic,5_Kmimic_1_totCls.dat,3200,2,3200.0,1026.92,1026.64,0.2799999999999727,0.00027265999298871645,0.202692,1.3814062715843383
kmouflage-kmimic,5_Kmimic_1_totCls.dat,3201,2,3201.0,1024.07,1023.79,0.2799999999999727,0.00027341880926105903,0.202407,1.3833513663063663
kmouflage-kmimic,5_Kmimic_1_totCls.dat,3202,2,3202.0,1021.29,1021.0,0.2899999999999636,0.0002839546064290883,0.202129,1.4347273275975423
kmouflage-kmimic,5_Kmimic_1_totCls.dat,3203,2,3203.0,1018.57,1018.28,0.2900000000000773,0.0002847128817853238,0.201857,1.4366606062711587
kmouflage-kmimic,5_Kmimic_1_totCls.dat,3204,2,3204.0,1015.91,1015.62,0.2899999999999636,0.0002854583575316353,0.20159100000000002,1.4385562847545952
kmouflage-kmimic,5_Kmimic_1_totCls.dat,3205,2,3205.0,1013.31,1013.02,0.2899999999999636,0.00028619080044602703,0.201331,1.440414044533448
kmouflage-kmimic,5_Kmimic_1_totCls.dat,3206,2,3206.0,1010.78,1010.49,0.2899999999999636,0.0002869071410197705,0.201078,1.442226399705406
kmouflage-kmimic,5_Kmimic_1_totCls.dat,3207,2,3207.0,1008.3,1008.01,0.2899999999999636,0.00028761281364669605,0.20083,1.4440073694167386
kmouflage-kmimic,5_Kmimic_1_totCls.dat,3208,2,3208.0,1005.88,1005.59,0.2899999999999636,0.0002883047679643333,0.20058800000000002,1.4457494964801663
kmouflage-kmimic,5_Kmimic_1_totCls.dat,3209,2,3209.0,1003.52,1003.22,0.2999999999999545,0.00029894770408158734,0.200352,1.4973646382364765
kmouflage-kmimic,5_Kmimic_1_totCls.dat,3210,2,3210.0,1001.21,1000.91,0.3000000000000682,0.00029963743869924214,0.200121,1.499093048705874
kmouflage-kmimic,5_Kmimic_1_totCls.dat,3211,2,3211.0,998.96,998.657,0.30299999999999727,0.00030331544806598586,0.19989600000000002,1.5157882098691182
kmouflage-kmimic,5_Kmimic_1_totCls.dat,3212,2,3212.0,996.759,996.454,0.30500000000006366,0.0003059917191618673,0.19967590000000002,1.5274752736813189
kmouflage-kmimic,5_Kmimic_1_totCls.dat,3213,2,3213.0,994.609,994.303,0.30600000000004,0.0003076585874449558,0.1994609,1.534135261597837
kmouflage-kmimic,5_Kmimic_1_totCls.dat,3214,2,3214.0,992.509,992.202,0.30700000000001637,0.00030931709435382085,0.1992509,1.5407709576218545
kmouflage-kmimic,5_Kmimic_1_totCls.dat,3215,2,3215.0,990.457,990.149,0.3079999999999927,0.0003109675634580731,0.1990457,1.5473833396048884
kmouflage-kmimic,5_Kmimic_1_totCls.dat,3216,2,3216.0,988.453,988.144,0.3089999999999691,0.0003126097042550016,0.1988453,1.5539718565134257
kmouflage-kmimic,5_Kmimic_1_totCls.dat,3217,2,3217.0,986.494,986.184,0.3100000000000591,0.0003142441819210853,0.19864940000000003,1.5605383152431322
kmouflage-kmimic,5_Kmimic_1_totCls.dat,3218,2,3218.0,984.581,984.27,0.31100000000003547,0.0003158704057868631,0.19845810000000003,1.567081414162664
kmouflage-kmimic,5_Kmimic_1_totCls.dat,3219,2,3219.0,982.71,982.399,0.31100000000003547,0.0003164717973766782,0.19827100000000003,1.5685602029547208
kmouflage-kmimic,5_Kmimic_1_totCls.dat,3220,2,3220.0,980.882,980.57,0.31199999999989814,0.0003180810739720967,0.1980882,1.5750559599203695
kmouflage-kmimic,5_Kmimic_1_totCls.dat,3221,2,3221.0,979.094,978.781,0.31300000000010186,0.000319683299050042,0.1979094,1.581531751397871
kmouflage-kmimic,5_Kmimic_1_totCls.dat,3222,2,3222.0,977.346,977.033,0.3129999999999882,0.00032025505808586536,0.1977346,1.5829298463697712
kmouflage-kmimic,5_Kmimic_1_totCls.dat,3223,2,3223.0,975.636,975.322,0.31399999999996453,0.0003218413424678513,0.1975636,1.5893616030481552
kmouflage-kmimic,5_Kmimic_1_totCls.dat,3224,2,3224.0,973.963,973.649,0.31399999999996453,0.00032239417719149964,0.19739630000000002,1.59070864043533
kmouflage-kmimic,5_Kmimic_1_totCls.dat,3225,2,3225.0,972.326,972.011,0.31500000000005457,0.00032396541900561596,0.1972326,1.597099059689192
kmouflage-kmimic,5_Kmimic_1_totCls.dat,3226,2,3226.0,970.722,970.408,0.31399999999996453,0.0003234705713890944,0.1970722,1.5933246799901992
kmouflage-kmimic,5_Kmimic_1_totCls.dat,3227,2,3227.0,969.152,968.837,0.31500000000005457,0.0003250264148451993,0.1969152,1.5996733619347543
kmouflage-kmimic,5_Kmimic_1_totCls.dat,3228,2,3228.0,967.613,967.298,0.31500000000005457,0.0003255433732288162,0.19676130000000003,1.6009245720578922
kmouflage-kmimic,5_Kmimic_1_totCls.dat,3229,2,3229.0,966.104,965.79,0.3140000000000782,0.0003250167683811248,0.19661040000000002,1.5970670930941506
kmouflage-kmimic,5_Kmimic_1_totCls.dat,3230,2,3230.0,964.625,964.311,0.31399999999996453,0.00032551509654006947,0.1964625,1.5982693898324847
kmouflage-kmimic,5_Kmimic_1_totCls.dat,3231,2,3231.0,963.173,962.859,0.31399999999996453,0.00032600581619290046,0.19631730000000003,1.5994515001987317
kmouflage-kmimic,5_Kmimic_1_totCls.dat,3232,2,3232.0,961.748,961.434,0.3140000000000782,0.0003264888515495516,0.1961748,1.6006133305606949
kmouflage-kmimic,5_Kmimic_1_totCls.dat,3233,2,3233.0,960.348,960.035,0.3129999999999882,0.0003259235193908752,0.1960348,1.5966552877345663
kmouflage-kmimic,5_Kmimic_1_totCls.dat,3234,2,3234.0,958.971,958.659,0.3120000000000118,0.0003253487331733825,0.1958971,1.592672887960117
kmouflage-kmimic,5_Kmimic_1_totCls.dat,3235,2,3235.0,957.617,957.305,0.3120000000000118,0.0003258087523509,0.1957617,1.5937744717174596
kmouflage-kmimic,5_Kmimic_1_totCls.dat,3236,2,3236.0,956.284,955.973,0.31100000000003547,0.00032521719489193114,0.1956284,1.589748727690026
kmouflage-kmimic,5_Kmimic_1_totCls.dat,3237,2,3237.0,954.972,954.661,0.31100000000003547,0.00032566399852564836,0.1954972,1.5908156229349344
kmouflage-kmimic,5_Kmimic_1_totCls.dat,3238,2,3238.0,953.677,953.368,0.3089999999999691,0.0003240090722539907,0.19536770000000003,1.581632992556953
kmouflage-kmimic,5_Kmimic_1_totCls.dat,3239,2,3239.0,952.4,952.091,0.3089999999999691,0.0003244435111297449,0.19524000000000002,1.582667486170708
kmouflage-kmimic,5_Kmimic_1_totCls.dat,3240,2,3240.0,951.139,950.831,0.3079999999999927,0.0003238222804448064,0.1951139,1.5785651355438681
kmouflage-kmimic,5_Kmimic_1_totCls.dat,3241,2,3241.0,949.893,949.586,0.30700000000001637,0.0003231942966207945,0.19498930000000003,1.574445367002273
kmouflage-kmimic,5_Kmimic_1_totCls.dat,3242,2,3242.0,948.66,948.354,0.30599999999992633,0.0003225602428688111,0.194866,1.570309853950542
kmouflage-kmimic,5_Kmimic_1_totCls.dat,3243,2,3243.0,947.439,947.134,0.30499999999995,0.00032192046137001956,0.19474390000000003,1.5661594535179275
kmouflage-kmimic,5_Kmimic_1_totCls.dat,3244,2,3244.0,946.229,945.926,0.30299999999999727,0.00032021846719979756,0.19462290000000002,1.5568568755269665
kmouflage-kmimic,5_Kmimic_1_totCls.dat,3245,2,3245.0,945.028,944.726,0.3020000000000209,0.00031956725091745526,0.19450280000000003,1.5526768766311891
kmouflage-kmimic,5_Kmimic_1_totCls.dat,3246,2,3246.0,943.836,943.535,0.30100000000004457,0.0003189113362915216,0.19438360000000002,1.5484845429349212
kmouflage-kmimic,5_Kmimic_1_totCls.dat,3247,2,3247.0,942.65,942.351,0.29899999999997817,0.0003171908980002951,0.19426500000000002,1.5391346871540326
kmouflage-kmimic,5_Kmimic_1_totCls.dat,3248,2,3248.0,941.47,941.172,0.2980000000000018,0.00031652628336537736,0.19414700000000001,1.5349194167306308
kmouflage-kmimic,5_Kmimic_1_totCls.dat,3249,2,3249.0,940.294,939.998,0.2959999999999354,0.0003147951598116498,0.19402940000000002,1.5255420054895568
kmouflage-kmimic,5_Kmimic_1_totCls.dat,3250,2,3250.0,939.122,938.826,0.2959999999999354,0.0003151880160404457,0.1939122,1.5264640388791186
kmouflage-kmimic,5_Kmimic_1_totCls.dat,3251,2,3251.0,937.95,937.657,0.29300000000000637,0.000312383389306473,0.193795,1.5119069119430655
kmouflage-kmimic,5_Kmimic_1_totCls.dat,3252,2,3252.0,936.78,936.488,0.2919999999999163,0.0003117060569182907,0.19367800000000002,1.5076570390024489
kmouflage-kmimic,5_Kmimic_1_totCls.dat,3253,2,3253.0,935.611,935.321,0.2899999999999636,0.0003099578777931893,0.1935611,1.4982349242692028
kmouflage-kmimic,5_Kmimic_1_totCls.dat,3254,2,3254.0,934.442,934.153,0.28899999999998727,0.000309275482052377,0.1934442,1.4939708711865605
kmouflage-kmimic,5_Kmimic_1_totCls.dat,3255,2,3255.0,933.272,932.985,0.28700000000003456,0.0003075202084708794,0.19332720000000003,1.4845298540507208
kmouflage-kmimic,5_Kmimic_1_totCls.dat,3256,2,3256.0,932.101,931.816,0.28499999999996817,0.00030576085638784657,0.1932101,1.4750781662033619
kmouflage-kmimic,5_Kmimic_1_totCls.dat,3257,2,3257.0,930.928,930.645,0.28300000000001546,0.00030399773129609965,0.1930928,1.465616532568876
kmouflage-kmimic,5_Kmimic_1_totCls.dat,3258,2,3258.0,929.753,929.472,0.28100000000006276,0.000302230807537123,0.19297530000000002,1.4561449055918696
kmouflage-kmimic,5_Kmimic_1_totCls.dat,3259,2,3259.0,928.576,928.297,0.27899999999999636,0.00030046005927355043,0.19285760000000002,1.4466632375389734
kmouflage-kmimic,5_Kmimic_1_totCls.dat,3260,2,3260.0,927.395,927.118,0.27699999999992997,0.00029868610462632425,0.1927395,1.4371729718087365
kmouflage-kmimic,5_Kmimic_1_totCls.dat,3261,2,3261.0,926.21,925.936,0.2740000000000009,0.00029582923958929497,0.19262100000000001,1.4224824915248124
kmouflage-kmimic,5_Kmimic_1_totCls.dat,3262,2,3262.0,925.022,924.749,0.27300000000002456,0.00029512811587186524,0.1925022,1.4181656105749676
kmouflage-kmimic,5_Kmimic_1_totCls.dat,3263,2,3263.0,923.828,923.558,0.2699999999999818,0.00029226219599317384,0.19238280000000002,1.4034518678384023
kmouflage-kmimic,5_Kmimic_1_totCls.dat,3264,2,3264.0,922.629,922.361,0.2680000000000291,0.00029047428598063694,0.19226290000000001,1.3939246729349712
kmouflage-kmimic,5_Kmimic_1_totCls.dat,3265,2,3265.0,921.424,921.158,0.2659999999999627,0.00028868360277132214,0.1921424,1.3843899108159508
kmouflage-kmimic,5_Kmimic_1_totCls.dat,3266,2,3266.0,920.212,919.949,0.26300000000003365,0.0002858037061025434,0.1920212,1.3696404355354181
kmouflage-kmimic,5_Kmimic_1_totCls.dat,3267,2,3267.0,918.994,918.733,0.26100000000008095,0.0002840062067870747,0.1918994,1.3600876292478297
kmouflage-kmimic,5_Kmimic_1_totCls.dat,3268,2,3268.0,917.768,917.509,0.25900000000001455,0.00028220639638777396,0.19177680000000003,1.3505283225083249
kmouflage-kmimic,5_Kmimic_1_totCls.dat,3269,2,3269.0,916.533,916.278,0.25499999999999545,0.0002782223880645819,0.19165330000000003,1.3305275724445935
kmouflage-kmimic,5_Kmimic_1_totCls.dat,3270,2,3270.0,915.29,915.038,0.2519999999999527,0.00027532257535857783,0.191529,1.315727644377367
kmouflage-kmimic,5_Kmimic_1_totCls.dat,3271,2,3271.0,914.038,913.788,0.25,0.00027351160455035784,0.1914038,1.3061391675609366
kmouflage-kmimic,5_Kmimic_1_totCls.dat,3272,2,3272.0,912.776,912.529,0.24699999999995725,0.0002706030833413206,0.1912776,1.2913169132190976
kmouflage-kmimic,5_Kmimic_1_totCls.dat,3273,2,3273.0,911.504,911.26,0.2440000000000282,0.0002676894451368597,0.1911504,1.2764817651442435
kmouflage-kmimic,5_Kmimic_1_totCls.dat,3274,2,3274.0,910.222,909.98,0.2419999999999618,0.00026586920553443204,0.1910222,1.2668684582208865
kmouflage-kmimic,5_Kmimic_1_totCls.dat,3275,2,3275.0,908.927,908.689,0.2380000000000564,0.0002618472110522147,0.19089270000000003,1.2467737110955859
kmouflage-kmimic,5_Kmimic_1_totCls.dat,3276,2,3276.0,907.621,907.386,0.23500000000001364,0.00025891864555801776,0.1907621,1.2319008859727045
kmouflage-kmimic,5_Kmimic_1_totCls.dat,3277,2,3277.0,906.302,906.071,0.23099999999999454,0.0002548819267749542,0.19063020000000003,1.2117702231860141
kmouflage-kmimic,5_Kmimic_1_totCls.dat,3278,2,3278.0,904.971,904.743,0.2279999999999518,0.0002519417749297511,0.19049710000000003,1.1968686137476725
kmouflage-kmimic,5_Kmimic_1_totCls.dat,3279,2,3279.0,903.626,903.401,0.22500000000002274,0.000248996819480651,0.1903626,1.181954858780153
kmouflage-kmimic,5_Kmimic_1_totCls.dat,3280,2,3280.0,902.267,902.045,0.22200000000009368,0.0002460469018595312,0.19022670000000003,1.1670286032407315
kmouflage-kmimic,5_Kmimic_1_totCls.dat,3281,2,3281.0,900.893,900.675,0.21800000000007458,0.0002419821221832943,0.19008930000000002,1.146829411229746
kmouflage-kmimic,5_Kmimic_1_totCls.dat,3282,2,3282.0,899.504,899.29,0.21400000000005548,0.00023790889201165917,0.18995040000000002,1.126609893951555
kmouflage-kmimic,5_Kmimic_1_totCls.dat,3283,2,3283.0,898.1,897.889,0.21100000000001273,0.00023494042979625067,0.18981,1.111637953743284
kmouflage-kmimic,5_Kmimic_1_totCls.dat,3284,2,3284.0,896.679,896.472,0.20699999999999363,0.0002308518433017765,0.1896679,1.0913813038473754
kmouflage-kmimic,5_Kmimic_1_totCls.dat,3285,2,3285.0,895.241,895.039,0.20199999999999818,0.00022563756575044952,0.18952410000000003,1.0658275121739038
kmouflage-kmimic,5_Kmimic_1_totCls.dat,3286,2,3286.0,893.787,893.588,0.19900000000006912,0.00022264812533642704,0.1893787,1.050804551937832
kmouflage-kmimic,5_Kmimic_1_totCls.dat,3287,2,3287.0,892.314,892.119,0.19499999999993634,0.00021853293795674655,0.1892314,1.0304843699298125
kmouflage-kmimic,5_Kmimic_1_totCls.dat,3288,2,3288.0,890.823,890.632,0.19100000000003092,0.00021440847396175325,0.1890823,1.0101421444526055
kmouflage-kmimic,5_Kmimic_1_totCls.dat,3351,2,3351.0,750.888,751.064,0.17599999999993088,0.00023438914991307742,0.17508880000000002,1.0052042163743817
kmouflage-kmimic,5_Kmimic_1_totCls.dat,3352,2,3352.0,747.975,748.156,0.18099999999992633,0.000241986697416259,0.1747975,1.035483917103656
kmouflage-kmimic,5_Kmimic_1_totCls.dat,3353,2,3353.0,745.043,745.229,0.18600000000003547,0.00024965002020022395,0.1745043,1.0658763136497809
kmouflage-kmimic,5_Kmimic_1_totCls.dat,3354,2,3354.0,742.094,742.284,0.18999999999994088,0.0002560322546738565,0.17420940000000001,1.0906414923645962
kmouflage-kmimic,5_Kmimic_1_totCls.dat,3355,2,3355.0,739.127,739.321,0.19400000000007367,0.0002624718079573249,0.1739127,1.1155022031172748
kmouflage-kmimic,5_Kmimic_1_totCls.dat,3356,2,3356.0,736.143,736.342,0.19899999999995543,0.00027032791183228725,0.1736143,1.1462189462501386
kmouflage-kmimic,5_Kmimic_1_totCls.dat,3357,2,3357.0,733.143,733.346,0.20299999999997453,0.0002768900473713512,0.17331430000000003,1.1712824619778892
kmouflage-kmimic,5_Kmimic_1_totCls.dat,3358,2,3358.0,730.126,730.333,0.20699999999999363,0.00028351270876532766,0.17301260000000002,1.1964446520079672
kmouflage-kmimic,5_Kmimic_1_totCls.dat,3359,2,3359.0,727.094,727.305,0.21099999999989905,0.0002901963157444554,0.1727094,1.2217053617226337
kmouflage-kmimic,5_Kmimic_1_totCls.dat,3360,2,3360.0,724.047,724.262,0.21499999999991815,0.00029694204934198765,0.17240470000000002,1.247065770248248
kmouflage-kmimic,5_Kmimic_1_totCls.dat,3361,2,3361.0,720.986,721.204,0.2179999999999609,0.00030236370747831567,0.1720986,1.266715708320468
kmouflage-kmimic,5_Kmimic_1_totCls.dat,3362,2,3362.0,717.91,718.132,0.22199999999998,0.0003092309620982853,0.171791,1.2922679302174154
kmouflage-kmimic,5_Kmimic_1_totCls.dat,3363,2,3363.0,714.82,715.046,0.2259999999999991,0.000316163509694747,0.17148200000000002,1.3179225807956465
kmouflage-kmimic,5_Kmimic_1_totCls.dat,3364,2,3364.0,711.718,711.946,0.22800000000006548,0.00032035159993152554,0.17117179999999999,1.3319951066709907
kmouflage-kmimic,5_Kmimic_1_totCls.dat,3365,2,3365.0,708.603,708.834,0.23099999999999454,0.0003259935394007569,0.17086030000000002,1.3519817066925115
kmouflage-kmimic,5_Kmimic_1_totCls.dat,3366,2,3366.0,705.475,705.71,0.23500000000001364,0.00033310889826005687,0.17054750000000002,1.3779152435539286
kmouflage-kmimic,5_Kmimic_1_totCls.dat,3367,2,3367.0,702.336,702.573,0.23699999999996635,0.00033744532531433154,0.1702336,1.3922045941574772
kmouflage-kmimic,5_Kmimic_1_totCls.dat,3368,2,3368.0,699.185,699.425,0.2400000000000091,0.00034325679183622236,0.1699185,1.412441847120879
kmouflage-kmimic,5_Kmimic_1_totCls.dat,3369,2,3369.0,696.023,696.267,0.2440000000000282,0.00035056312794265156,0.1696023,1.4386597351570596
kmouflage-kmimic,5_Kmimic_1_totCls.dat,3370,2,3370.0,692.852,693.097,0.24500000000000455,0.0003536108721631814,0.16928520000000002,1.4472617807109216
kmouflage-kmimic,5_Kmimic_1_totCls.dat,3371,2,3371.0,689.67,689.918,0.2480000000000473,0.00035959226876629014,0.168967,1.4677422218542513
kmouflage-kmimic,5_Kmimic_1_totCls.dat,3372,2,3372.0,686.479,686.729,0.25,0.00036417719988521134,0.16864790000000002,1.4823783753014415
kmouflage-kmimic,5_Kmimic_1_totCls.dat,3373,2,3373.0,683.279,683.531,0.2519999999999527,0.00036880981268259776,0.1683279,1.4970780244983315
kmouflage-kmimic,5_Kmimic_1_totCls.dat,3374,2,3374.0,680.07,680.325,0.25499999999999545,0.00037496140103223996,0.16800700000000002,1.5177939014445554
kmouflage-kmimic,5_Kmimic_1_totCls.dat,3375,2,3375.0,676.854,677.11,0.2559999999999718,0.0003782204138558268,0.1676854,1.5266683921198374
kmouflage-kmimic,5_Kmimic_1_totCls.dat,3376,2,3376.0,673.63,673.888,0.2580000000000382,0.00038299956949666464,0.167363,1.5415593649733703
kmouflage-kmimic,5_Kmimic_1_totCls.dat,3377,2,3377.0,670.399,670.659,0.2599999999999909,0.0003878287407946475,0.16703990000000002,1.5565143417829566
kmouflage-kmimic,5_Kmimic_1_totCls.dat,3378,2,3378.0,667.161,667.423,0.2620000000000573,0.00039270880642012547,0.1667161,1.571533883050631
kmouflage-kmimic,5_Kmimic_1_totCls.dat,3379,2,3379.0,663.918,664.181,0.26300000000003365,0.00039613325742039474,0.1663918,1.5806067366302525
kmouflage-kmimic,5_Kmimic_1_totCls.dat,3380,2,3380.0,660.668,660.933,0.26499999999998636,0.0004011091804052661,0.16606680000000001,1.5957433996439163
kmouflage-kmimic,5_Kmimic_1_totCls.dat,3381,2,3381.0,657.414,657.679,0.26499999999998636,0.0004030945492490065,0.1657414,1.598876321787956
kmouflage-kmimic,5_Kmimic_1_totCls.dat,3382,2,3382.0,654.155,654.421,0.2660000000000764,0.000406631455847737,0.1654155,1.6080717949652628
kmouflage-kmimic,5_Kmimic_1_totCls.dat,3383,2,3383.0,650.891,651.159,0.2680000000000291,0.0004117432872785599,0.1650891,1.623365806706979
kmouflage-kmimic,5_Kmimic_1_totCls.dat,3384,2,3384.0,647.624,647.893,0.26900000000000546,0.00041536447074229095,0.16476240000000003,1.632654052138142
kmouflage-kmimic,5_Kmimic_1_totCls.dat,3385,2,3385.0,644.354,644.623,0.26900000000000546,0.00041747238319309797,0.1644354,1.6359007853540384
kmouflage-kmimic,5_Kmimic_1_totCls.dat,3386,2,3386.0,641.081,641.351,0.2699999999999818,0.00042116362830903084,0.1641081,1.6452569982833376
kmouflage-kmimic,5_Kmimic_1_totCls.dat,3387,2,3387.0,637.806,638.076,0.2699999999999818,0.00042332621518139025,0.1637806,1.6485468974956852
kmouflage-kmimic,5_Kmimic_1_totCls.dat,3388,2,3388.0,634.529,634.799,0.2699999999999818,0.00042551246672726037,0.1634529,1.6518520014021274
kmouflage-kmimic,5_Kmimic_1_totCls.dat,3389,2,3389.0,631.25,631.521,0.27099999999995816,0.00042930693069300304,0.16312500000000002,1.6613026819920804
kmouflage-kmimic,5_Kmimic_1_totCls.dat,3390,2,3390.0,627.971,628.242,0.27099999999995816,0.0004315485906195639,0.16279710000000003,1.6646488174541076
kmouflage-kmimic,5_Kmimic_1_totCls.dat,3391,2,3391.0,624.691,624.962,0.27099999999995816,0.0004338144778777958,0.1624691,1.6680094861112553
kmouflage-kmimic,5_Kmimic_1_totCls.dat,3392,2,3392.0,621.412,621.682,0.2699999999999818,0.0004344943451365307,0.1621412,1.66521525682542
kmouflage-kmimic,5_Kmimic_1_totCls.dat,3393,2,3393.0,618.133,618.402,0.26900000000000546,0.0004351814253566877,0.16181330000000002,1.662409703034333
kmouflage-kmimic,5_Kmimic_1_totCls.dat,3394,2,3394.0,614.855,615.124,0.26900000000000546,0.0004375015247497466,0.1614855,1.665784234497868
kmouflage-kmimic,5_Kmimic_1_totCls.dat,3395,2,3395.0,611.578,611.847,0.26900000000000546,0.00043984577600895627,0.16115780000000002,1.669171458036815
kmouflage-kmimic,5_Kmimic_1_totCls.dat,3396,2,3396.0,608.304,608.572,0.2680000000000291,0.00044056918908971354,0.1608304,1.6663516350144567
kmouflage-kmimic,5_Kmimic_1_totCls.dat,3397,2,3397.0,605.032,605.299,0.26699999999993906,0.0004412989726162237,0.1605032,1.6635182351500721
kmouflage-kmimic,5_Kmimic_1_totCls.dat,3398,2,3398.0,601.763,602.029,0.2659999999999627,0.0004420344886607563,0.16017630000000002,1.66067014907925
kmouflage-kmimic,5_Kmimic_1_totCls.dat,3399,2,3399.0,598.497,598.762,0.26499999999998636,0.0004427758200959844,0.1598497,1.6578073027349212
kmouflage-kmimic,5_Kmimic_1_totCls.dat,3400,2,3400.0,595.235,595.499,0.26400000000001,0.0004435223063160096,0.1595235,1.654928584189853
kmouflage-kmimic,5_Kmimic_1_totCls.dat,3401,2,3401.0,591.978,592.24,0.2620000000000573,0.0004425840149465982,0.1591978,1.6457513860119757
kmouflage-kmimic,5_Kmimic_1_totCls.dat,3402,2,3402.0,588.725,588.985,0.2599999999999909,0.00044163234107603874,0.15887250000000003,1.6365324395347896
kmouflage-kmimic,5_Kmimic_1_totCls.dat,3403,2,3403.0,585.478,585.737,0.25900000000001455,0.0004423735819279539,0.15854780000000002,1.6335767509862296
kmouflage-kmimic,5_Kmimic_1_totCls.dat,3404,2,3404.0,582.237,582.494,0.25700000000006185,0.0004414010102416402,0.1582237,1.6242825821925657
kmouflage-kmimic,5_Kmimic_1_totCls.dat,3405,2,3405.0,579.002,579.257,0.25499999999999545,0.00044041298648363127,0.1579002,1.614944122933318
kmouflage-kmimic,5_Kmimic_1_totCls.dat,3406,2,3406.0,575.774,576.027,0.25300000000004275,0.0004394085179255103,0.1575774,1.605560188199848
kmouflage-kmimic,5_Kmimic_1_totCls.dat,3407,2,3407.0,572.554,572.804,0.25,0.0004366400374462496,0.1572554,1.5897705261631716
kmouflage-kmimic,5_Kmimic_1_totCls.dat,3408,2,3408.0,569.341,569.589,0.2480000000000473,0.0004355913240045022,0.15693410000000002,1.580281149858745
kmouflage-kmimic,5_Kmimic_1_totCls.dat,3409,2,3409.0,566.137,566.383,0.2460000000000946,0.0004345237990099474,0.1566137,1.5707438110465086
kmouflage-kmimic,5_Kmimic_1_totCls.dat,3410,2,3410.0,562.942,563.186,0.2440000000000282,0.00043343719246392734,0.1562942,1.5611583795177826
kmouflage-kmimic,5_Kmimic_1_totCls.dat,3411,2,3411.0,559.757,559.998,0.24100000000009913,0.00043054396818637225,0.1559757,1.5451124758542463
kmouflage-kmimic,5_Kmimic_1_totCls.dat,3412,2,3412.0,556.581,556.82,0.23900000000003274,0.00042940739982146844,0.15565810000000002,1.535416403001403
kmouflage-kmimic,5_Kmimic_1_totCls.dat,3413,2,3413.0,553.416,553.652,0.23599999999999,0.0004264423146421317,0.15534160000000002,1.5192324528651047
kmouflage-kmimic,5_Kmimic_1_totCls.dat,3414,2,3414.0,550.262,550.495,0.23300000000006094,0.00042343465476456845,0.1550262,1.5029717557423257
kmouflage-kmimic,5_Kmimic_1_totCls.dat,3415,2,3415.0,547.12,547.35,0.2300000000000182,0.0004203830969440309,0.15471200000000002,1.4866332281918544
kmouflage-kmimic,5_Kmimic_1_totCls.dat,3416,2,3416.0,543.989,544.217,0.2279999999999518,0.0004191261220354672,0.1543989,1.4766944583151291
kmouflage-kmimic,5_Kmimic_1_totCls.dat,3417,2,3417.0,540.872,541.096,0.22400000000004638,0.0004141460456448964,0.1540872,1.4537223078883021
kmouflage-kmimic,5_Kmimic_1_totCls.dat,3418,2,3418.0,537.767,537.989,0.22199999999998,0.00041281819077775315,0.15377670000000002,1.4436517365763473
kmouflage-kmimic,5_Kmimic_1_totCls.dat,3419,2,3419.0,534.676,534.895,0.21899999999993724,0.00040959384748882915,0.1534676,1.4270113040142494
kmouflage-kmimic,5_Kmimic_1_totCls.dat,3420,2,3420.0,531.599,531.815,0.21600000000000819,0.0004063213060972804,0.15315990000000002,1.4102908137182655
kmouflage-kmimic,5_Kmimic_1_totCls.dat,3421,2,3421.0,528.537,528.749,0.21199999999998909,0.0004011072072532085,0.1528537,1.3869471265660502
kmouflage-kmimic,5_Kmimic_1_totCls.dat,3422,2,3422.0,525.49,525.699,0.20899999999994634,0.00039772402900140123,0.15254900000000002,1.3700515899805723
kmouflage-kmimic,5_Kmimic_1_totCls.dat,3423,2,3423.0,522.459,522.665,0.20600000000001728,0.0003942893126542318,0.1522459,1.3530742042972408
kmouflage-kmimic,5_Kmimic_1_totCls.dat,3424,2,3424.0,519.444,519.646,0.20199999999999818,0.0003888773380768633,0.1519444,1.329433661260291
kmouflage-kmimic,5_Kmimic_1_totCls.dat,3425,2,3425.0,516.445,516.645,0.1999999999999318,0.00038726292247951235,0.15164450000000002,1.3188740771998442
kmouflage-kmimic,5_Kmimic_1_totCls.dat,3426,2,3426.0,513.464,513.66,0.1959999999999127,0.0003817210164683652,0.15134640000000002,1.295042366385409
kmouflage-kmimic,5_Kmimic_1_totCls.dat,3427,2,3427.0,510.501,510.694,0.19300000000004047,0.00037805998421166755,0.15105010000000002,1.2777217625148243
kmouflage-kmimic,5_Kmimic_1_totCls.dat,3428,2,3428.0,507.556,507.745,0.18900000000002137,0.00037237270370170264,0.1507556,1.2536847719091124
kmouflage-kmimic,5_Kmimic_1_totCls.dat,3429,2,3429.0,504.629,504.815,0.18599999999997863,0.00036858761585239575,0.1504629,1.2361851326804056
kmouflage-kmimic,5_Kmimic_1_totCls.dat,3430,2,3430.0,501.722,501.905,0.18299999999999272,0.0003647438222760667,0.1501722,1.2186010459991445
kmouflage-kmimic,5_Kmimic_1_totCls.dat,3431,2,3431.0,498.835,499.014,0.17900000000003047,0.0003588360880852997,0.1498835,1.1942608759471887
kmouflage-kmimic,5_Kmimic_1_totCls.dat,3432,2,3432.0,495.968,496.144,0.17599999999998772,0.0003548616039744252,0.1495968,1.1764957539197878
kmouflage-kmimic,5_Kmimic_1_totCls.dat,3433,2,3433.0,493.122,493.295,0.17300000000000182,0.00035082596193234495,0.1493122,1.158646111972108
kmouflage-kmimic,5_Kmimic_1_totCls.dat,3434,2,3434.0,490.297,490.467,0.16999999999995907,0.00034672861551255475,0.14902970000000001,1.1407122204497429
kmouflage-kmimic,5_Kmimic_1_totCls.dat,3435,2,3435.0,487.494,487.66,0.16599999999999682,0.00034051701149141695,0.1487494,1.1159708879497787
kmouflage-kmimic,5_Kmimic_1_totCls.dat,3436,2,3436.0,484.713,484.876,0.16299999999995407,0.0003362814696530814,0.1484713,1.0978552757331153
kmouflage-kmimic,5_Kmimic_1_totCls.dat,3437,2,3437.0,481.955,482.115,0.160000000000025,0.0003319812015645133,0.1481955,1.0796549152978667
kmouflage-kmimic,5_Kmimic_1_totCls.dat,3438,2,3438.0,479.221,479.378,0.15699999999998226,0.00032761502521797307,0.1479221,1.0613694640623832
kmouflage-kmimic,5_Kmimic_1_totCls.dat,3439,2,3439.0,476.511,476.664,0.15299999999996317,0.00032108387844134376,0.1476511,1.0362266180202055
kmouflage-kmimic,5_Kmimic_1_totCls.dat,3440,2,3440.0,473.825,473.975,0.1500000000000341,0.0003165725742627217,0.1473825,1.0177599104373594
kmouflage-kmimic,5_Kmimic_1_totCls.dat,3441,2,3441.0,471.163,471.311,0.1479999999999677,0.00031411634614765527,0.1471163,1.006006812297262
kmouflage-kmimic,5_Kmimic_2_lensedCls.dat,2440,2,2440.0,795.821,796.001,0.17999999999994998,0.00022618151569253636,0.17958210000000002,1.0023270693457196
kmouflage-kmimic,5_Kmimic_2_lensedCls.dat,2441,2,2441.0,796.717,796.897,0.18000000000006366,0.00022592714853588371,0.1796717,1.001827221538304
kmouflage-kmimic,5_Kmimic_2_lensedCls.dat,2442,2,2442.0,797.614,797.794,0.17999999999994998,0.0002256730699310067,0.17976140000000002,1.00132731498503
kmouflage-kmimic,5_Kmimic_2_lensedCls.dat,2443,2,2443.0,798.511,798.692,0.18100000000004002,0.00022667189306100984,0.17985109999999999,1.0063880621249468
kmouflage-kmimic,5_Kmimic_2_lensedCls.dat,2444,2,2444.0,799.409,799.59,0.18100000000004002,0.00022641726575512662,0.17994090000000001,1.005885821400471
kmouflage-kmimic,5_Kmimic_2_lensedCls.dat,2445,2,2445.0,800.309,800.49,0.18100000000004002,0.00022616264467854294,0.1800309,1.0053829648134849
kmouflage-kmimic,5_Kmimic_2_lensedCls.dat,2446,2,2446.0,801.208,801.39,0.18200000000001637,0.00022715699294068004,0.18012080000000003,1.0104329982990101
kmouflage-kmimic,5_Kmimic_2_lensedCls.dat,2447,2,2447.0,802.11,802.292,0.18200000000001637,0.00022690154716936128,0.180211,1.0099272519436457
kmouflage-kmimic,5_Kmimic_2_lensedCls.dat,2448,2,2448.0,803.012,803.194,0.18200000000001637,0.0002266466752676378,0.1803012,1.0094220116117718
kmouflage-kmimic,5_Kmimic_2_lensedCls.dat,2449,2,2449.0,803.915,804.097,0.18200000000001637,0.0002263920936915176,0.1803915,1.0089167172511806
kmouflage-kmimic,5_Kmimic_2_lensedCls.dat,2450,2,2450.0,804.82,805.002,0.18199999999990268,0.00022613752143324305,0.18048200000000003,1.0084108110498702
kmouflage-kmimic,5_Kmimic_2_lensedCls.dat,2451,2,2451.0,805.725,805.908,0.18299999999999272,0.00022712463930000027,0.18057250000000002,1.013443353777528
kmouflage-kmimic,5_Kmimic_2_lensedCls.dat,2452,2,2452.0,806.632,806.815,0.1830000000001064,0.00022686925388542287,0.18066320000000002,1.0129345655346877
kmouflage-kmimic,5_Kmimic_2_lensedCls.dat,2453,2,2453.0,807.54,807.723,0.18299999999999272,0.00022661416152759334,0.18075400000000003,1.0124257277846835
kmouflage-kmimic,5_Kmimic_2_lensedCls.dat,2454,2,2454.0,808.45,808.633,0.18299999999999272,0.00022635908219431345,0.18084500000000003,1.0119162818988232
kmouflage-kmimic,5_Kmimic_2_lensedCls.dat,2455,2,2455.0,809.36,809.544,0.18399999999996908,0.00022734012058906922,0.180936,1.0169341645663055
kmouflage-kmimic,5_Kmimic_2_lensedCls.dat,2456,2,2456.0,810.273,810.457,0.18399999999996908,0.00022708395812271799,0.1810273,1.0164212801050951
kmouflage-kmimic,5_Kmimic_2_lensedCls.dat,2457,2,2457.0,811.187,811.371,0.18399999999996908,0.00022682809265923772,0.18111870000000002,1.015908351815517
kmouflage-kmimic,5_Kmimic_2_lensedCls.dat,2458,2,2458.0,812.102,812.287,0.18500000000005912,0.00022780389655493907,0.1812102,1.0209138337690655
kmouflage-kmimic,5_Kmimic_2_lensedCls.dat,2459,2,2459.0,813.018,813.203,0.18499999999994543,0.0002275472375764687,0.1813018,1.0203980324516657
kmouflage-kmimic,5_Kmimic_2_lensedCls.dat,2460,2,2460.0,813.937,814.122,0.18499999999994543,0.00022729031853809992,0.1813937,1.01988106532887
kmouflage-kmimic,5_Kmimic_2_lensedCls.dat,2461,2,2461.0,814.857,815.043,0.18600000000003547,0.00022826090958295194,0.1814857,1.0248741360891545
kmouflage-kmimic,5_Kmimic_2_lensedCls.dat,2462,2,2462.0,815.778,815.964,0.18600000000003547,0.00022800320675482236,0.1815778,1.0243542988186631
kmouflage-kmimic,5_Kmimic_2_lensedCls.dat,2463,2,2463.0,816.702,816.888,0.18600000000003547,0.00022774524857296233,0.1816702,1.0238332979213733
kmouflage-kmimic,5_Kmimic_2_lensedCls.dat,2464,2,2464.0,817.627,817.814,0.18700000000001182,0.00022871064678638527,0.1817627,1.0288139425746416
kmouflage-kmimic,5_Kmimic_2_lensedCls.dat,2465,2,2465.0,818.555,818.741,0.18600000000003547,0.00022722969134637928,0.1818555,1.0227900723378478
kmouflage-kmimic,5_Kmimic_2_lensedCls.dat,2466,2,2466.0,819.484,819.67,0.18599999999992178,0.0002269720946350652,0.1819484,1.0222678517641364
kmouflage-kmimic,5_Kmimic_2_lensedCls.dat,2467,2,2467.0,820.415,820.602,0.18700000000001182,0.00022793342393789953,0.18204150000000002,1.0272382945647658
kmouflage-kmimic,5_Kmimic_2_lensedCls.dat,2468,2,2468.0,821.348,821.535,0.18700000000001182,0.00022767450581241062,0.18213479999999999,1.0267120835777228
kmouflage-kmimic,5_Kmimic_2_lensedCls.dat,2469,2,2469.0,822.283,822.471,0.18799999999998818,0.00022863174843695927,0.1822283,1.0316729070072441
kmouflage-kmimic,5_Kmimic_2_lensedCls.dat,2470,2,2470.0,823.22,823.408,0.18799999999998818,0.0002283715167269845,0.182322,1.031142703568347
kmouflage-kmimic,5_Kmimic_2_lensedCls.dat,2471,2,2471.0,824.16,824.349,0.18900000000007822,0.00022932440302863305,0.18241600000000002,1.0360933251473456
kmouflage-kmimic,5_Kmimic_2_lensedCls.dat,2472,2,2472.0,825.102,825.291,0.18900000000007822,0.0002290625886255011,0.1825102,1.035558560563071
kmouflage-kmimic,5_Kmimic_2_lensedCls.dat,2473,2,2473.0,826.047,826.235,0.18799999999998818,0.00022758995553520342,0.1826047,1.0295463369781181
kmouflage-kmimic,5_Kmimic_2_lensedCls.dat,2474,2,2474.0,826.993,827.182,0.18899999999996453,0.00022853881471785676,0.1826993,1.0344867221711551
kmouflage-kmimic,5_Kmimic_2_lensedCls.dat,2475,2,2475.0,827.942,828.131,0.18899999999996453,0.00022827685997324032,0.18279420000000002,1.033949654857564
kmouflage-kmimic,5_Kmimic_2_lensedCls.dat,2476,2,2476.0,828.893,829.083,0.18999999999994088,0.00022922138321826928,0.18288930000000003,1.0388798032467774
kmouflage-kmimic,5_Kmimic_2_lensedCls.dat,2477,2,2477.0,829.847,830.037,0.19000000000005457,0.0002289578681372043,0.1829847,1.0383381780009726
kmouflage-kmimic,5_Kmimic_2_lensedCls.dat,2478,2,2478.0,830.804,830.994,0.19000000000005457,0.0002286941324308195,0.1830804,1.0377954166587715
kmouflage-kmimic,5_Kmimic_2_lensedCls.dat,2479,2,2479.0,831.763,831.954,0.19099999999991724,0.0002296327198972751,0.18317630000000001,1.0427113114519575
kmouflage-kmimic,5_Kmimic_2_lensedCls.dat,2480,2,2480.0,832.725,832.916,0.19100000000003092,0.00022936743822994497,0.1832725,1.042163990778927
kmouflage-kmimic,5_Kmimic_2_lensedCls.dat,2481,2,2481.0,833.69,833.881,0.19099999999991724,0.00022910194436771128,0.183369,1.041615540248991
kmouflage-kmimic,5_Kmimic_2_lensedCls.dat,2482,2,2482.0,834.657,834.849,0.19200000000000728,0.00023003461302068665,0.1834657,1.0465171418963177
kmouflage-kmimic,5_Kmimic_2_lensedCls.dat,2483,2,2483.0,835.628,835.819,0.19099999999991724,0.00022857060797378407,0.18356280000000003,1.0405158343625027
kmouflage-kmimic,5_Kmimic_2_lensedCls.dat,2484,2,2484.0,836.6,836.792,0.19200000000000728,0.000229500358594319,0.18366000000000002,1.0454099967331332
kmouflage-kmimic,5_Kmimic_2_lensedCls.dat,2485,2,2485.0,837.576,837.769,0.19299999999998363,0.00023042685081710033,0.18375760000000002,1.0502966952114285
kmouflage-kmimic,5_Kmimic_2_lensedCls.dat,2486,2,2486.0,838.556,838.748,0.19200000000000728,0.00022896503036172572,0.1838556,1.0442978076273297
kmouflage-kmimic,5_Kmimic_2_lensedCls.dat,2487,2,2487.0,839.538,839.731,0.19299999999998363,0.00022988834335072817,0.1839538,1.0491764780068888
kmouflage-kmimic,5_Kmimic_2_lensedCls.dat,2488,2,2488.0,840.523,840.716,0.19299999999998363,0.00022961893963637357,0.1840523,1.0486149860663716
kmouflage-kmimic,5_Kmimic_2_lensedCls.dat,2489,2,2489.0,841.51,841.704,0.19399999999995998,0.000230537961521503,0.184151,1.053483282740577
kmouflage-kmimic,5_Kmimic_2_lensedCls.dat,2490,2,2490.0,842.501,842.695,0.19400000000007367,0.00023026678900093137,0.18425010000000003,1.0529166605612352
kmouflage-kmimic,5_Kmimic_2_lensedCls.dat,2491,2,2491.0,843.496,843.69,0.19400000000007367,0.00022999516298841214,0.1843496,1.0523483641953857
kmouflage-kmimic,5_Kmimic_2_lensedCls.dat,2492,2,2492.0,844.492,844.687,0.19500000000005002,0.00023090804886257067,0.1844492,1.0572016576924703
kmouflage-kmimic,5_Kmimic_2_lensedCls.dat,2493,2,2493.0,845.492,845.687,0.19500000000005002,0.00023063494391437178,0.18454920000000002,1.0566288014255818
kmouflage-kmimic,5_Kmimic_2_lensedCls.dat,2494,2,2494.0,846.495,846.69,0.19500000000005002,0.0002303616678185341,0.18464950000000002,1.056054849864473
kmouflage-kmimic,5_Kmimic_2_lensedCls.dat,2495,2,2495.0,847.502,847.697,0.19500000000005002,0.00023008795259486117,0.1847502,1.0554792362879717
kmouflage-kmimic,5_Kmimic_2_lensedCls.dat,2496,2,2496.0,848.511,848.706,0.19500000000005002,0.00022981434536505717,0.1848511,1.0549031085021947
kmouflage-kmimic,5_Kmimic_2_lensedCls.dat,2497,2,2497.0,849.523,849.719,0.19600000000002638,0.0002307177086435875,0.18495230000000001,1.0597326986473072
kmouflage-kmimic,5_Kmimic_2_lensedCls.dat,2498,2,2498.0,850.539,850.735,0.19600000000002638,0.00023044210788691216,0.1850539,1.0591508744210545
kmouflage-kmimic,5_Kmimic_2_lensedCls.dat,2499,2,2499.0,851.557,851.754,0.19700000000000273,0.0002313409437066488,0.1851557,1.063969405208712
kmouflage-kmimic,5_Kmimic_2_lensedCls.dat,2500,2,2500.0,852.579,852.776,0.19700000000000273,0.00023106363164000372,0.1852579,1.0633824522463158
kmouflage-kmimic,5_Kmimic_2_lensedCls.dat,2501,2,2501.0,853.604,853.801,0.19700000000000273,0.00023078617251090988,0.1853604,1.062794426425508
kmouflage-kmimic,5_Kmimic_2_lensedCls.dat,2502,2,2502.0,854.632,854.829,0.19700000000000273,0.0002305085697703839,0.1854632,1.0622053323786214
kmouflage-kmimic,5_Kmimic_2_lensedCls.dat,2503,2,2503.0,855.662,855.86,0.19799999999997908,0.00023139978168947443,0.18556620000000001,1.067004659253566
kmouflage-kmimic,5_Kmimic_2_lensedCls.dat,2504,2,2504.0,856.696,856.894,0.19799999999997908,0.00023112049081585426,0.18566960000000002,1.0664104409121313
kmouflage-kmimic,5_Kmimic_2_lensedCls.dat,2505,2,2505.0,857.733,857.932,0.19900000000006912,0.00023200692989551426,0.1857733,1.0711980677528423
kmouflage-kmimic,5_Kmimic_2_lensedCls.dat,2506,2,2506.0,858.773,858.972,0.19899999999995543,0.00023172596250692026,0.18587730000000002,1.0705987229207408
kmouflage-kmimic,5_Kmimic_2_lensedCls.dat,2507,2,2507.0,859.816,860.015,0.19899999999995543,0.00023144486727387652,0.18598160000000002,1.0699983224144507
kmouflage-kmimic,5_Kmimic_2_lensedCls.dat,2508,2,2508.0,860.863,861.062,0.19899999999995543,0.00023116337907420277,0.1860863,1.069396296234357
kmouflage-kmimic,5_Kmimic_2_lensedCls.dat,2509,2,2509.0,861.912,862.111,0.19899999999995543,0.0002308820390016097,0.1861912,1.0687937990622298
kmouflage-kmimic,5_Kmimic_2_lensedCls.dat,2510,2,2510.0,862.964,863.163,0.19899999999995543,0.00023060058125246873,0.18629640000000003,1.0681902602517033
kmouflage-kmimic,5_Kmimic_2_lensedCls.dat,2511,2,2511.0,864.019,864.219,0.20000000000004547,0.00023147639114422887,0.1864019,1.072950436664248
kmouflage-kmimic,5_Kmimic_2_lensedCls.dat,2512,2,2512.0,865.077,865.277,0.20000000000004547,0.00023119329262024708,0.1865077,1.0723417853528057
kmouflage-kmimic,5_Kmimic_2_lensedCls.dat,2513,2,2513.0,866.138,866.338,0.1999999999999318,0.0002309100859215642,0.1866138,1.0717321012697443
kmouflage-kmimic,5_Kmimic_2_lensedCls.dat,2514,2,2514.0,867.201,867.402,0.20100000000002183,0.00023178017553026557,0.1867201,1.07647757258068
kmouflage-kmimic,5_Kmimic_2_lensedCls.dat,2515,2,2515.0,868.268,868.47,0.20199999999999818,0.00023264706288841485,0.18682680000000002,1.0812153288500266
kmouflage-kmimic,5_Kmimic_2_lensedCls.dat,2516,2,2516.0,869.338,869.54,0.20199999999999818,0.00023236071585505083,0.1869338,1.0805964464425277
kmouflage-kmimic,5_Kmimic_2_lensedCls.dat,2517,2,2517.0,870.411,870.613,0.20200000000011187,0.00023207427295853555,0.18704110000000002,1.0799765399161567
kmouflage-kmimic,5_Kmimic_2_lensedCls.dat,2518,2,2518.0,871.486,871.689,0.20299999999997453,0.00023293546884284376,0.1871486,1.0846995382277749
kmouflage-kmimic,5_Kmimic_2_lensedCls.dat,2519,2,2519.0,872.565,872.767,0.20199999999999818,0.00023150137812082556,0.18725650000000002,1.0787342495453998
kmouflage-kmimic,5_Kmimic_2_lensedCls.dat,2520,2,2520.0,873.646,873.849,0.20300000000008822,0.00023235955982181368,0.1873646,1.0834490613493062
kmouflage-kmimic,5_Kmimic_2_lensedCls.dat,2521,2,2521.0,874.731,874.934,0.20299999999997453,0.00023207134536214509,0.1874731,1.0828220155316925
kmouflage-kmimic,5_Kmimic_2_lensedCls.dat,2522,2,2522.0,875.818,876.021,0.20299999999997453,0.0002317833157116827,0.18758180000000002,1.0821945412613299
kmouflage-kmimic,5_Kmimic_2_lensedCls.dat,2523,2,2523.0,876.908,877.112,0.2039999999999509,0.00023263557864673475,0.1876908,1.0868939766890593
kmouflage-kmimic,5_Kmimic_2_lensedCls.dat,2524,2,2524.0,878.001,878.205,0.20400000000006457,0.0002323459768269792,0.18780010000000003,1.0862614024170623
kmouflage-kmimic,5_Kmimic_2_lensedCls.dat,2525,2,2525.0,879.097,879.302,0.20500000000004093,0.00023319383412756604,0.1879097,1.0909495358677115
kmouflage-kmimic,5_Kmimic_2_lensedCls.dat,2526,2,2526.0,880.196,880.401,0.20499999999992724,0.00023290267167758912,0.1880196,1.0903118611034552
kmouflage-kmimic,5_Kmimic_2_lensedCls.dat,2527,2,2527.0,881.298,881.503,0.20500000000004093,0.00023261144357531838,0.1881298,1.0896731937207231
kmouflage-kmimic,5_Kmimic_2_lensedCls.dat,2528,2,2528.0,882.403,882.609,0.20600000000001728,0.00023345342207587382,0.18824030000000003,1.0943458972388869
kmouflage-kmimic,5_Kmimic_2_lensedCls.dat,2529,2,2529.0,883.511,883.717,0.20600000000001728,0.00023316065108416,0.1883511,1.0937021339403767
kmouflage-kmimic,5_Kmimic_2_lensedCls.dat,2530,2,2530.0,884.622,884.828,0.20600000000001728,0.00023286782377107657,0.18846220000000002,1.093057387635384
kmouflage-kmimic,5_Kmimic_2_lensedCls.dat,2531,2,2531.0,885.736,885.942,0.20600000000001728,0.00023257494332398963,0.1885736,1.0924116631385161
kmouflage-kmimic,5_Kmimic_2_lensedCls.dat,2532,2,2532.0,886.853,887.06,0.20699999999999363,0.0002334095955022914,0.1886853,1.0970647951906887
kmouflage-kmimic,5_Kmimic_2_lensedCls.dat,2533,2,2533.0,887.973,888.18,0.20699999999999363,0.00023311519607014362,0.1887973,1.096413984733858
kmouflage-kmimic,5_Kmimic_2_lensedCls.dat,2534,2,2534.0,889.096,889.303,0.20699999999999363,0.00023282075276459869,0.1889096,1.0957622058381025
kmouflage-kmimic,5_Kmimic_2_lensedCls.dat,2535,2,2535.0,890.222,890.43,0.20799999999997,0.00023364958403630779,0.1890222,1.1003998472135548
kmouflage-kmimic,5_Kmimic_2_lensedCls.dat,2536,2,2536.0,891.351,891.559,0.20799999999997,0.00023335363958751378,0.1891351,1.0997429879486673
kmouflage-kmimic,5_Kmimic_2_lensedCls.dat,2537,2,2537.0,892.484,892.692,0.20799999999997,0.00023305739934830201,0.1892484,1.0990845893543617
kmouflage-kmimic,5_Kmimic_2_lensedCls.dat,2538,2,2538.0,893.619,893.827,0.20799999999997,0.00023276138936165186,0.18936190000000003,1.0984258184987052
kmouflage-kmimic,5_Kmimic_2_lensedCls.dat,2539,2,2539.0,894.757,894.966,0.20900000000006003,0.00023358297280720916,0.18947570000000002,1.1030438203952275
kmouflage-kmimic,5_Kmimic_2_lensedCls.dat,2540,2,2540.0,895.899,896.108,0.20899999999994634,0.0002332852252318022,0.1895899,1.1023793989022956
kmouflage-kmimic,5_Kmimic_2_lensedCls.dat,2541,2,2541.0,897.044,897.253,0.20900000000006003,0.0002329874565796773,0.1897044,1.1017140350991332
kmouflage-kmimic,5_Kmimic_2_lensedCls.dat,2542,2,2542.0,898.191,898.401,0.2099999999999227,0.0002338032779218704,0.18981910000000002,1.106316487644935
kmouflage-kmimic,5_Kmimic_2_lensedCls.dat,2543,2,2543.0,899.342,899.552,0.21000000000003638,0.00023350405073935875,0.1899342,1.1056460605832776
kmouflage-kmimic,5_Kmimic_2_lensedCls.dat,2544,2,2544.0,900.496,900.706,0.21000000000003638,0.00023320481157055266,0.1900496,1.104974701341315
kmouflage-kmimic,5_Kmimic_2_lensedCls.dat,2545,2,2545.0,901.654,901.864,0.21000000000003638,0.00023290530513926227,0.1901654,1.1043018340877802
kmouflage-kmimic,5_Kmimic_2_lensedCls.dat,2546,2,2546.0,902.814,903.025,0.21100000000001273,0.0002337136996103436,0.1902814,1.1088840002228948
kmouflage-kmimic,5_Kmimic_2_lensedCls.dat,2547,2,2547.0,903.977,904.188,0.21100000000001273,0.00023341301825158465,0.1903977,1.1082066642612423
kmouflage-kmimic,5_Kmimic_2_lensedCls.dat,2548,2,2548.0,905.144,905.355,0.21100000000001273,0.00023311207940395422,0.19051440000000003,1.1075278299173852
kmouflage-kmimic,5_Kmimic_2_lensedCls.dat,2549,2,2549.0,906.313,906.525,0.21199999999998909,0.00023391477337298381,0.1906313,1.1120943937327663
kmouflage-kmimic,5_Kmimic_2_lensedCls.dat,2550,2,2550.0,907.486,907.698,0.21199999999998909,0.00023361241936513521,0.1907486,1.1114105162501275
kmouflage-kmimic,5_Kmimic_2_lensedCls.dat,2551,2,2551.0,908.662,908.874,0.21199999999998909,0.00023331007569370028,0.1908662,1.110725733524265
kmouflage-kmimic,5_Kmimic_2_lensedCls.dat,2552,2,2552.0,909.84,910.053,0.21299999999996544,0.00023410709575306146,0.19098400000000001,1.1152766723912235
kmouflage-kmimic,5_Kmimic_2_lensedCls.dat,2553,2,2553.0,911.022,911.235,0.21299999999996544,0.0002338033549134548,0.1911022,1.1145868545729218
kmouflage-kmimic,5_Kmimic_2_lensedCls.dat,2554,2,2554.0,912.207,912.42,0.21299999999996544,0.000233499633306876,0.19122070000000002,1.1138961419969984
kmouflage-kmimic,5_Kmimic_2_lensedCls.dat,2555,2,2555.0,913.395,913.608,0.21299999999996544,0.00023319593385114375,0.1913395,1.1132045395747634
kmouflage-kmimic,5_Kmimic_2_lensedCls.dat,2556,2,2556.0,914.585,914.799,0.2139999999999418,0.00023398590617596153,0.19145850000000003,1.1177356972917982
kmouflage-kmimic,5_Kmimic_2_lensedCls.dat,2557,2,2557.0,915.779,915.993,0.21400000000005548,0.00023368083347625953,0.19157790000000002,1.1170390739226992
kmouflage-kmimic,5_Kmimic_2_lensedCls.dat,2558,2,2558.0,916.976,917.19,0.21400000000005548,0.00023337579173288666,0.19169760000000002,1.116341571308433
kmouflage-kmimic,5_Kmimic_2_lensedCls.dat,2559,2,2559.0,918.175,918.39,0.21500000000003183,0.00023416015465464846,0.1918175,1.1208570646579787
kmouflage-kmimic,5_Kmimic_2_lensedCls.dat,2560,2,2560.0,919.378,919.593,0.21499999999991815,0.00023385375764910422,0.19193780000000002,1.1201545500673558
kmouflage-kmimic,5_Kmimic_2_lensedCls.dat,2561,2,2561.0,920.584,920.799,0.21500000000003183,0.000233547400345902,0.19205840000000002,1.119451166936889
kmouflage-kmimic,5_Kmimic_2_lensedCls.dat,2562,2,2562.0,921.792,922.008,0.21600000000000819,0.00023432618204541607,0.1921792,1.1239509790862288
kmouflage-kmimic,5_Kmimic_2_lensedCls.dat,2563,2,2563.0,923.003,923.219,0.21600000000000819,0.00023401874100085067,0.1923003,1.1232431774677845
kmouflage-kmimic,5_Kmimic_2_lensedCls.dat,2564,2,2564.0,924.217,924.433,0.21600000000000819,0.00023371134701050532,0.19242170000000003,1.1225345166371992
kmouflage-kmimic,5_Kmimic_2_lensedCls.dat,2565,2,2565.0,925.433,925.65,0.21699999999998454,0.00023448483034426538,0.19254330000000003,1.1270192211309586
kmouflage-kmimic,5_Kmimic_2_lensedCls.dat,2566,2,2566.0,926.653,926.869,0.21600000000000819,0.00023309696294082917,0.1926653,1.1211152189834297
kmouflage-kmimic,5_Kmimic_2_lensedCls.dat,2567,2,2567.0,927.874,928.092,0.2179999999999609,0.0002349456930574204,0.1927874,1.1307792936673293
kmouflage-kmimic,5_Kmimic_2_lensedCls.dat,2568,2,2568.0,929.099,929.316,0.21699999999998454,0.00023355960990161924,0.19290990000000002,1.1248774687042216
kmouflage-kmimic,5_Kmimic_2_lensedCls.dat,2569,2,2569.0,930.326,930.544,0.2179999999999609,0.00023432646190685942,0.1930326,1.1293429192787172
kmouflage-kmimic,5_Kmimic_2_lensedCls.dat,2570,2,2570.0,931.555,931.773,0.21800000000007458,0.00023401731513445216,0.1931555,1.128624346705502
kmouflage-kmimic,5_Kmimic_2_lensedCls.dat,2571,2,2571.0,932.787,933.005,0.2179999999999609,0.0002337082313539542,0.19327870000000003,1.1279049372743135
kmouflage-kmimic,5_Kmimic_2_lensedCls.dat,2572,2,2572.0,934.021,934.24,0.21900000000005093,0.00023447010292065268,0.19340210000000002,1.1323558534268807
kmouflage-kmimic,5_Kmimic_2_lensedCls.dat,2573,2,2573.0,935.258,935.477,0.21899999999993724,0.00023415998580064243,0.19352580000000003,1.131632061461248
kmouflage-kmimic,5_Kmimic_2_lensedCls.dat,2574,2,2574.0,936.496,936.716,0.22000000000002728,0.0002349182484495687,0.1936496,1.1360725764474973
kmouflage-kmimic,5_Kmimic_2_lensedCls.dat,2575,2,2575.0,937.737,937.957,0.22000000000002728,0.00023460735792661192,0.1937737,1.1353449926384607
kmouflage-kmimic,5_Kmimic_2_lensedCls.dat,2576,2,2576.0,938.98,939.2,0.22000000000002728,0.00023429679013400423,0.19389800000000001,1.1346171698523309
kmouflage-kmimic,5_Kmimic_2_lensedCls.dat,2577,2,2577.0,940.226,940.446,0.22000000000002728,0.0002339862969116226,0.1940226,1.1338885263883036
kmouflage-kmimic,5_Kmimic_2_lensedCls.dat,2578,2,2578.0,941.473,941.693,0.22000000000002728,0.00023367637733639446,0.19414730000000002,1.133160234523103
kmouflage-kmimic,5_Kmimic_2_lensedCls.dat,2579,2,2579.0,942.722,942.943,0.22100000000000364,0.00023442754067477331,0.1942722,1.1375791286658803
kmouflage-kmimic,5_Kmimic_2_lensedCls.dat,2580,2,2580.0,943.973,944.194,0.22100000000000364,0.00023411686563069457,0.1943973,1.1368470652627565
kmouflage-kmimic,5_Kmimic_2_lensedCls.dat,2581,2,2581.0,945.226,945.447,0.22100000000000364,0.00023380651822950665,0.1945226,1.1361147753526
kmouflage-kmimic,5_Kmimic_2_lensedCls.dat,2582,2,2582.0,946.48,946.702,0.22199999999998,0.00023455329219844052,0.19464800000000002,1.1405203238665693
kmouflage-kmimic,5_Kmimic_2_lensedCls.dat,2583,2,2583.0,947.737,947.959,0.22199999999998,0.00023424220010401619,0.1947737,1.1397842727225493
kmouflage-kmimic,5_Kmimic_2_lensedCls.dat,2584,2,2584.0,948.995,949.217,0.22199999999998,0.00023393168562529834,0.1948995,1.1390485865791342
kmouflage-kmimic,5_Kmimic_2_lensedCls.dat,2585,2,2585.0,950.255,950.477,0.22199999999998,0.00023362150159691872,0.19502550000000002,1.1383126821876113
kmouflage-kmimic,5_Kmimic_2_lensedCls.dat,2586,2,2586.0,951.516,951.739,0.22300000000007003,0.00023436284833893497,0.1951516,1.142701366527715
kmouflage-kmimic,5_Kmimic_2_lensedCls.dat,2587,2,2587.0,952.779,953.002,0.22299999999995634,0.00023405217789220412,0.1952779,1.1419623009053064
kmouflage-kmimic,5_Kmimic_2_lensedCls.dat,2588,2,2588.0,954.044,954.267,0.22300000000007003,0.00023374183999906717,0.1954044,1.1412230226139741
kmouflage-kmimic,5_Kmimic_2_lensedCls.dat,2589,2,2589.0,955.31,955.534,0.22400000000004638,0.00023447886026530277,0.195531,1.1455983961624825
kmouflage-kmimic,5_Kmimic_2_lensedCls.dat,2590,2,2590.0,956.577,956.802,0.22500000000002274,0.00023521368379129202,0.1956577,1.1499675198063901
kmouflage-kmimic,5_Kmimic_2_lensedCls.dat,2591,2,2591.0,957.846,958.071,0.22500000000002274,0.00023490206150051548,0.19578460000000003,1.1492221553688222
kmouflage-kmimic,5_Kmimic_2_lensedCls.dat,2592,2,2592.0,959.117,959.342,0.22500000000002274,0.00023459077463961408,0.19591170000000002,1.1484765840938684
kmouflage-kmimic,5_Kmimic_2_lensedCls.dat,2593,2,2593.0,960.389,960.614,0.22500000000002274,0.0002342800677642317,0.19603890000000002,1.1477313941264857
kmouflage-kmimic,5_Kmimic_2_lensedCls.dat,2594,2,2594.0,961.662,961.888,0.2259999999999991,0.00023500980594013185,0.1961662,1.1520843040238282
kmouflage-kmimic,5_Kmimic_2_lensedCls.dat,2595,2,2595.0,962.937,963.163,0.2259999999999991,0.00023469863552859542,0.19629370000000002,1.1513359827645975
kmouflage-kmimic,5_Kmimic_2_lensedCls.dat,2596,2,2596.0,964.213,964.439,0.2259999999999991,0.00023438804496516755,0.19642130000000002,1.1505880472229797
kmouflage-kmimic,5_Kmimic_2_lensedCls.dat,2597,2,2597.0,965.491,965.717,0.2259999999999991,0.0002340777904713758,0.1965491,1.1498399127749712
kmouflage-kmimic,5_Kmimic_2_lensedCls.dat,2598,2,2598.0,966.77,966.997,0.22699999999997544,0.00023480248663071407,0.196677,1.1541766449558182
kmouflage-kmimic,5_Kmimic_2_lensedCls.dat,2599,2,2599.0,968.05,968.277,0.22700000000008913,0.00023449202004037926,0.196805,1.153425980031448
kmouflage-kmimic,5_Kmimic_2_lensedCls.dat,2600,2,2600.0,969.332,969.559,0.22699999999997544,0.00023418189020890206,0.1969332,1.1526751202944727
kmouflage-kmimic,5_Kmimic_2_lensedCls.dat,2601,2,2601.0,970.615,970.843,0.2279999999999518,0.0002349026132915232,0.1970615,1.1569992109059952
kmouflage-kmimic,5_Kmimic_2_lensedCls.dat,2602,2,2602.0,971.9,972.128,0.22800000000006548,0.00023459203621778525,0.19719,1.1562452457024468
kmouflage-kmimic,5_Kmimic_2_lensedCls.dat,2603,2,2603.0,973.186,973.414,0.2279999999999518,0.00023428203858250301,0.1973186,1.1554916769121197
kmouflage-kmimic,5_Kmimic_2_lensedCls.dat,2604,2,2604.0,974.473,974.702,0.22900000000004184,0.00023499881474401224,0.1974473,1.1598031474729806
kmouflage-kmimic,5_Kmimic_2_lensedCls.dat,2605,2,2605.0,975.762,975.991,0.22900000000004184,0.00023468837687883095,0.1975762,1.1590464843439738
kmouflage-kmimic,5_Kmimic_2_lensedCls.dat,2606,2,2606.0,977.052,977.282,0.2300000000000182,0.00023540200521570827,0.19770520000000003,1.1633482579113659
kmouflage-kmimic,5_Kmimic_2_lensedCls.dat,2607,2,2607.0,978.344,978.574,0.2299999999999045,0.00023509113358890582,0.19783440000000002,1.1625885083681324
kmouflage-kmimic,5_Kmimic_2_lensedCls.dat,2608,2,2608.0,979.637,979.867,0.2300000000000182,0.0002347808422916021,0.19796370000000002,1.1618291636295854
kmouflage-kmimic,5_Kmimic_2_lensedCls.dat,2609,2,2609.0,980.932,981.162,0.2300000000000182,0.00023447089094862658,0.19809320000000002,1.1610696379280974
kmouflage-kmimic,5_Kmimic_2_lensedCls.dat,2610,2,2610.0,982.228,982.458,0.2300000000000182,0.00023416151850692325,0.1982228,1.160310519274363
kmouflage-kmimic,5_Kmimic_2_lensedCls.dat,2611,2,2611.0,983.526,983.756,0.2300000000000182,0.00023385248585194312,0.1983526,1.159551223427463
kmouflage-kmimic,5_Kmimic_2_lensedCls.dat,2612,2,2612.0,984.825,985.056,0.23099999999999454,0.00023455943949432086,0.1984825,1.1638305644074138
kmouflage-kmimic,5_Kmimic_2_lensedCls.dat,2613,2,2613.0,986.125,986.357,0.2319999999999709,0.0002352642920521951,0.19861250000000003,1.168103719554262
kmouflage-kmimic,5_Kmimic_2_lensedCls.dat,2614,2,2614.0,987.427,987.659,0.2319999999999709,0.00023495407761786025,0.1987427,1.1673384733123324
kmouflage-kmimic,5_Kmimic_2_lensedCls.dat,2615,2,2615.0,988.731,988.963,0.2319999999999709,0.00023464420555234023,0.19887310000000002,1.1665730558832283
kmouflage-kmimic,5_Kmimic_2_lensedCls.dat,2616,2,2616.0,990.036,990.268,0.23200000000008458,0.00023433491307395346,0.1990036,1.1658080557340902
kmouflage-kmimic,5_Kmimic_2_lensedCls.dat,2617,2,2617.0,991.343,991.575,0.23200000000008458,0.00023402596275969527,0.1991343,1.1650428881417445
kmouflage-kmimic,5_Kmimic_2_lensedCls.dat,2618,2,2618.0,992.651,992.883,0.23200000000008458,0.0002337175905732071,0.1992651,1.1642781400259483
kmouflage-kmimic,5_Kmimic_2_lensedCls.dat,2619,2,2619.0,993.96,994.193,0.23299999999994725,0.000234415871866018,0.19939600000000002,1.168528957451239
kmouflage-kmimic,5_Kmimic_2_lensedCls.dat,2620,2,2620.0,995.271,995.504,0.23300000000006094,0.0002341070924402107,0.1995271,1.1677611712898195
kmouflage-kmimic,5_Kmimic_2_lensedCls.dat,2621,2,2621.0,996.583,996.817,0.2340000000000373,0.00023480231952585715,0.1996583,1.17200236604257
kmouflage-kmimic,5_Kmimic_2_lensedCls.dat,2622,2,2622.0,997.897,998.131,0.2339999999999236,0.00023449313907139072,0.19978970000000001,1.171231549974416
kmouflage-kmimic,5_Kmimic_2_lensedCls.dat,2623,2,2623.0,999.212,999.446,0.2340000000000373,0.00023418453741552071,0.19992120000000002,1.1704611616978953
kmouflage-kmimic,5_Kmimic_2_lensedCls.dat,2624,2,2624.0,1000.53,1000.76,0.2300000000000182,0.0002298781645727946,0.200053,1.1496953307374456
kmouflage-kmimic,5_Kmimic_2_lensedCls.dat,2625,2,2625.0,1001.85,1002.08,0.2300000000000182,0.00022957528572143353,0.200185,1.148937233059511
kmouflage-kmimic,5_Kmimic_2_lensedCls.dat,2626,2,2626.0,1003.16,1003.4,0.2400000000000091,0.00023924398899478558,0.200316,1.1981069909543376
kmouflage-kmimic,5_Kmimic_2_lensedCls.dat,2627,2,2627.0,1004.48,1004.72,0.2400000000000091,0.0002389295954125608,0.20044800000000002,1.1973180076628804
kmouflage-kmimic,5_Kmimic_2_lensedCls.dat,2628,2,2628.0,1005.81,1006.04,0.2300000000000182,0.00022867141905530687,0.200581,1.1466689267678303
kmouflage-kmimic,5_Kmimic_2_lensedCls.dat,2629,2,2629.0,1007.13,1007.36,0.2300000000000182,0.0002283717097097874,0.20071300000000003,1.1459148136892885
kmouflage-kmimic,5_Kmimic_2_lensedCls.dat,2630,2,2630.0,1008.45,1008.69,0.2400000000000091,0.00023798899300908234,0.200845,1.1949513306281416
kmouflage-kmimic,5_Kmimic_2_lensedCls.dat,2631,2,2631.0,1009.78,1010.01,0.2300000000000182,0.00022777238606430924,0.200978,1.1444038650997532
kmouflage-kmimic,5_Kmimic_2_lensedCls.dat,2632,2,2632.0,1011.1,1011.34,0.2400000000000091,0.00023736524577194055,0.20111,1.1933767589876638
kmouflage-kmimic,5_Kmimic_2_lensedCls.dat,2633,2,2633.0,1012.43,1012.66,0.2300000000000182,0.00022717619983605604,0.201243,1.142896895792739
kmouflage-kmimic,5_Kmimic_2_lensedCls.dat,2634,2,2634.0,1013.75,1013.99,0.2400000000000091,0.00023674475955611255,0.20137500000000003,1.1918063314711809
kmouflage-kmimic,5_Kmimic_2_lensedCls.dat,2635,2,2635.0,1015.08,1015.32,0.2400000000000091,0.00023643456673366542,0.20150800000000002,1.1910197113762684
kmouflage-kmimic,5_Kmimic_2_lensedCls.dat,2636,2,2636.0,1016.41,1016.65,0.2400000000000091,0.00023612518570262895,0.20164100000000001,1.1902341289718315
kmouflage-kmimic,5_Kmimic_2_lensedCls.dat,2637,2,2637.0,1017.74,1017.98,0.2400000000000091,0.00023581661328041454,0.201774,1.1894495822058793
kmouflage-kmimic,5_Kmimic_2_lensedCls.dat,2638,2,2638.0,1019.07,1019.31,0.2399999999998954,0.00023550884630093653,0.201907,1.1886660690312638
kmouflage-kmimic,5_Kmimic_2_lensedCls.dat,2639,2,2639.0,1020.4,1020.64,0.2400000000000091,0.00023520188161506184,0.20204,1.187883587408479
kmouflage-kmimic,5_Kmimic_2_lensedCls.dat,2640,2,2640.0,1021.73,1021.97,0.2400000000000091,0.00023489571608938673,0.202173,1.1871021353000109
kmouflage-kmimic,5_Kmimic_2_lensedCls.dat,2641,2,2641.0,1023.06,1023.3,0.2400000000000091,0.000234590346607246,0.20230599999999999,1.1863217106759518
kmouflage-kmimic,5_Kmimic_2_lensedCls.dat,2642,2,2642.0,1024.39,1024.63,0.2400000000000091,0.00023428577006804935,0.20243900000000004,1.1855423115111665
kmouflage-kmimic,5_Kmimic_2_lensedCls.dat,2643,2,2643.0,1025.72,1025.96,0.2400000000000091,0.00023398198338728804,0.20257200000000003,1.1847639357858395
kmouflage-kmimic,5_Kmimic_2_lensedCls.dat,2644,2,2644.0,1027.05,1027.29,0.2400000000000091,0.00023367898349643067,0.20270500000000002,1.1839865814854547
kmouflage-kmimic,5_Kmimic_2_lensedCls.dat,2645,2,2645.0,1028.38,1028.62,0.23999999999978172,0.00023337676734259873,0.20283800000000002,1.1832102465996592
kmouflage-kmimic,5_Kmimic_2_lensedCls.dat,2646,2,2646.0,1029.71,1029.96,0.25,0.00024278680405162619,0.202971,1.2317030511747984
kmouflage-kmimic,5_Kmimic_2_lensedCls.dat,2647,2,2647.0,1031.05,1031.29,0.2400000000000091,0.0002327724164686573,0.203105,1.1816548090889396
kmouflage-kmimic,5_Kmimic_2_lensedCls.dat,2648,2,2648.0,1032.38,1032.62,0.23999999999978172,0.00023247253918109775,0.20323800000000003,1.1808815280596232
kmouflage-kmimic,5_Kmimic_2_lensedCls.dat,2649,2,2649.0,1033.71,1033.95,0.2400000000000091,0.00023217343355487428,0.20337100000000002,1.1801092584488893
kmouflage-kmimic,5_Kmimic_2_lensedCls.dat,2650,2,2650.0,1035.04,1035.28,0.2400000000000091,0.00023187509661463238,0.20350400000000002,1.179337998270349
kmouflage-kmimic,5_Kmimic_2_lensedCls.dat,2651,2,2651.0,1036.37,1036.61,0.2400000000000091,0.00023157752540116863,0.203637,1.1785677455472683
kmouflage-kmimic,5_Kmimic_2_lensedCls.dat,2652,2,2652.0,1037.7,1037.94,0.2400000000000091,0.00023128071697023136,0.20377,1.1777984983069592
kmouflage-kmimic,5_Kmimic_2_lensedCls.dat,2653,2,2653.0,1039.03,1039.27,0.2400000000000091,0.0002309846683926442,0.203903,1.17703025458188
kmouflage-kmimic,5_Kmimic_2_lensedCls.dat,2654,2,2654.0,1040.36,1040.6,0.2400000000000091,0.00023068937675420922,0.204036,1.1762630124096194
kmouflage-kmimic,5_Kmimic_2_lensedCls.dat,2655,2,2655.0,1041.69,1041.93,0.2400000000000091,0.00023039483915561165,0.20416900000000002,1.175496769832879
kmouflage-kmimic,5_Kmimic_2_lensedCls.dat,2656,2,2656.0,1043.02,1043.26,0.2400000000000091,0.00023010105271232487,0.204302,1.174731524899458
kmouflage-kmimic,5_Kmimic_2_lensedCls.dat,2657,2,2657.0,1044.34,1044.59,0.25,0.00023938564069172876,0.204434,1.2228885606112485
kmouflage-kmimic,5_Kmimic_2_lensedCls.dat,2658,2,2658.0,1045.67,1045.92,0.25,0.000239081163273308,0.204567,1.2220934950407447
kmouflage-kmimic,5_Kmimic_2_lensedCls.dat,2659,2,2659.0,1047.0,1047.24,0.2400000000000091,0.0002292263610315273,0.2047,1.1724474841231514
kmouflage-kmimic,5_Kmimic_2_lensedCls.dat,2660,2,2660.0,1048.32,1048.57,0.25,0.000238476800976801,0.20483200000000001,1.220512419934385
kmouflage-kmimic,5_Kmimic_2_lensedCls.dat,2661,2,2661.0,1049.65,1049.9,0.25,0.0002381746296384509,0.204965,1.2197204400751347
kmouflage-kmimic,5_Kmimic_2_lensedCls.dat,2662,2,2662.0,1050.97,1051.22,0.25,0.0002378754864553698,0.20509700000000003,1.2189354305523725
kmouflage-kmimic,5_Kmimic_2_lensedCls.dat,2663,2,2663.0,1052.3,1052.55,0.25,0.00023757483607336313,0.20523000000000002,1.2181454952979582
kmouflage-kmimic,5_Kmimic_2_lensedCls.dat,2664,2,2664.0,1053.62,1053.87,0.25,0.00023727719671228718,0.205362,1.2173625110779989
kmouflage-kmimic,5_Kmimic_2_lensedCls.dat,2665,2,2665.0,1054.95,1055.19,0.2400000000000091,0.00022749893359875738,0.205495,1.1679116280201907
kmouflage-kmimic,5_Kmimic_2_lensedCls.dat,2666,2,2666.0,1056.27,1056.52,0.25,0.00023668190898160508,0.205627,1.2157936457760896
kmouflage-kmimic,5_Kmimic_2_lensedCls.dat,2667,2,2667.0,1057.59,1057.84,0.25,0.00023638650138522492,0.205759,1.2150136810540486
kmouflage-kmimic,5_Kmimic_2_lensedCls.dat,2668,2,2668.0,1058.91,1059.16,0.25,0.00023609183027830502,0.20589100000000002,1.2142347164276242
kmouflage-kmimic,5_Kmimic_2_lensedCls.dat,2669,2,2669.0,1060.23,1060.48,0.25,0.00023579789291002895,0.206023,1.2134567499745172
kmouflage-kmimic,5_Kmimic_2_lensedCls.dat,2670,2,2670.0,1061.56,1061.8,0.2400000000000091,0.0002260823693432393,0.206156,1.1641669415394609
kmouflage-kmimic,5_Kmimic_2_lensedCls.dat,2671,2,2671.0,1062.88,1063.13,0.25,0.00023520999548396808,0.20628800000000003,1.2118979291088186
kmouflage-kmimic,5_Kmimic_2_lensedCls.dat,2672,2,2672.0,1064.2,1064.45,0.25,0.00023491824844953956,0.20642000000000002,1.211122953202209
kmouflage-kmimic,5_Kmimic_2_lensedCls.dat,2673,2,2673.0,1065.52,1065.77,0.25,0.00023462722426608604,0.206552,1.2103489678144002
kmouflage-kmimic,5_Kmimic_2_lensedCls.dat,2674,2,2674.0,1066.84,1067.09,0.25,0.0002343369202504593,0.206684,1.2095759710475895
kmouflage-kmimic,5_Kmimic_2_lensedCls.dat,2675,2,2675.0,1068.16,1068.41,0.25,0.00023404733373277409,0.206816,1.2088039610088195
kmouflage-kmimic,5_Kmimic_2_lensedCls.dat,2676,2,2676.0,1069.48,1069.73,0.25,0.00023375846205632645,0.20694800000000002,1.2080329358099617
kmouflage-kmimic,5_Kmimic_2_lensedCls.dat,2677,2,2677.0,1070.8,1071.05,0.25,0.00023347030257751214,0.20708,1.2072628935677034
kmouflage-kmimic,5_Kmimic_2_lensedCls.dat,2678,2,2678.0,1072.11,1072.37,0.2599999999999909,0.0002425124287619656,0.207211,1.2547596411386988
kmouflage-kmimic,5_Kmimic_2_lensedCls.dat,2679,2,2679.0,1073.43,1073.69,0.2599999999999909,0.0002422142105214042,0.207343,1.2539608281928538
kmouflage-kmimic,5_Kmimic_2_lensedCls.dat,2680,2,2680.0,1074.75,1075.01,0.2599999999999909,0.00024191672481971706,0.20747500000000002,1.2531630316905211
kmouflage-kmimic,5_Kmimic_2_lensedCls.dat,2681,2,2681.0,1076.07,1076.33,0.2599999999999909,0.00024161996896111864,0.20760699999999999,1.2523662496928858
kmouflage-kmimic,5_Kmimic_2_lensedCls.dat,2682,2,2682.0,1077.39,1077.65,0.2599999999999909,0.00024132394026303463,0.207739,1.2515704802660592
kmouflage-kmimic,5_Kmimic_2_lensedCls.dat,2683,2,2683.0,1078.71,1078.97,0.2599999999999909,0.00024102863605602145,0.20787100000000003,1.2507757214810669
kmouflage-kmimic,5_Kmimic_2_lensedCls.dat,2684,2,2684.0,1080.03,1080.29,0.2599999999999909,0.00024073405368368555,0.208003,1.24998197141383
kmouflage-kmimic,5_Kmimic_2_lensedCls.dat,2685,2,2685.0,1081.35,1081.61,0.2599999999999909,0.00024044019050260408,0.20813500000000001,1.2491892281451504
kmouflage-kmimic,5_Kmimic_2_lensedCls.dat,2686,2,2686.0,1082.67,1082.93,0.2599999999999909,0.00024014704388224565,0.20826700000000004,1.248397489760696
kmouflage-kmimic,5_Kmimic_2_lensedCls.dat,2687,2,2687.0,1083.99,1084.25,0.2599999999999909,0.00023985461120489202,0.208399,1.247606754350985
kmouflage-kmimic,5_Kmimic_2_lensedCls.dat,2688,2,2688.0,1085.31,1085.57,0.2599999999999909,0.00023956288986556,0.20853100000000002,1.2468170200113695
kmouflage-kmimic,5_Kmimic_2_lensedCls.dat,2689,2,2689.0,1086.63,1086.89,0.2599999999999909,0.0002392718772719241,0.20866300000000002,1.2460282848420223
kmouflage-kmimic,5_Kmimic_2_lensedCls.dat,2690,2,2690.0,1087.95,1088.21,0.2599999999999909,0.00023898157084424,0.208795,1.2452405469479197
kmouflage-kmimic,5_Kmimic_2_lensedCls.dat,2691,2,2691.0,1089.27,1089.53,0.2599999999999909,0.00023869196801526793,0.20892700000000003,1.2444538044388274
kmouflage-kmimic,5_Kmimic_2_lensedCls.dat,2692,2,2692.0,1090.59,1090.85,0.2599999999999909,0.00023840306623019734,0.209059,1.2436680554292852
kmouflage-kmimic,5_Kmimic_2_lensedCls.dat,2693,2,2693.0,1091.92,1092.17,0.25,0.0002289545021613305,0.20919200000000002,1.1950743814295002
kmouflage-kmimic,5_Kmimic_2_lensedCls.dat,2694,2,2694.0,1093.24,1093.49,0.25,0.00022867805788299002,0.209324,1.1943207658940207
kmouflage-kmimic,5_Kmimic_2_lensedCls.dat,2695,2,2695.0,1094.56,1094.82,0.2599999999999909,0.0002375383715830936,0.209456,1.241310824230344
kmouflage-kmimic,5_Kmimic_2_lensedCls.dat,2696,2,2696.0,1095.88,1096.14,0.2599999999999909,0.00023725225389640368,0.20958800000000002,1.2405290379219749
kmouflage-kmimic,5_Kmimic_2_lensedCls.dat,2697,2,2697.0,1097.2,1097.46,0.2599999999999909,0.00023696682464454148,0.20972000000000002,1.2397482357428518
kmouflage-kmimic,5_Kmimic_2_lensedCls.dat,2698,2,2698.0,1098.52,1098.78,0.2599999999999909,0.00023668208134580246,0.209852,1.2389684158358791
kmouflage-kmimic,5_Kmimic_2_lensedCls.dat,2699,2,2699.0,1099.84,1100.1,0.2599999999999909,0.00023639802153039617,0.209984,1.2381895763486308
kmouflage-kmimic,5_Kmimic_2_lensedCls.dat,2700,2,2700.0,1101.16,1101.42,0.2599999999999909,0.0002361146427403746,0.21011600000000002,1.2374117154333362
kmouflage-kmimic,5_Kmimic_2_lensedCls.dat,2701,2,2701.0,1102.49,1102.74,0.25,0.000226759426389355,0.21024900000000002,1.1890662975804878
kmouflage-kmimic,5_Kmimic_2_lensedCls.dat,2702,2,2702.0,1103.81,1104.07,0.2599999999999909,0.00023554778449188802,0.21038099999999998,1.2358530475660394
kmouflage-kmimic,5_Kmimic_2_lensedCls.dat,2703,2,2703.0,1105.13,1105.39,0.2599999999999909,0.0002352664392424338,0.210513,1.235078118690964
kmouflage-kmimic,5_Kmimic_2_lensedCls.dat,2704,2,2704.0,1106.45,1106.71,0.2599999999999909,0.00023498576528536392,0.21064500000000003,1.2343041610291765
kmouflage-kmimic,5_Kmimic_2_lensedCls.dat,2705,2,2705.0,1107.76,1108.03,0.2699999999999818,0.00024373510507689556,0.21077600000000002,1.2809807568223222
kmouflage-kmimic,5_Kmimic_2_lensedCls.dat,2706,2,2706.0,1109.08,1109.35,0.2699999999999818,0.00024344501749195896,0.21090799999999998,1.2801790354087177
kmouflage-kmimic,5_Kmimic_2_lensedCls.dat,2707,2,2707.0,1110.4,1110.66,0.2599999999999909,0.00023414985590777278,0.21104,1.2319939347990472
kmouflage-kmimic,5_Kmimic_2_lensedCls.dat,2708,2,2708.0,1111.72,1111.98,0.2599999999999909,0.00023387183823264033,0.21117200000000003,1.2312238364934314
kmouflage-kmimic,5_Kmimic_2_lensedCls.dat,2709,2,2709.0,1113.04,1113.3,0.2599999999999909,0.00023359447998274178,0.211304,1.2304547003369124
kmouflage-kmimic,5_Kmimic_2_lensedCls.dat,2710,2,2710.0,1114.35,1114.62,0.2699999999999818,0.00024229371382418615,0.21143499999999998,1.276988199683032
kmouflage-kmimic,5_Kmimic_2_lensedCls.dat,2711,2,2711.0,1115.67,1115.93,0.2599999999999909,0.00023304382120160162,0.211567,1.2289251159206818
kmouflage-kmimic,5_Kmimic_2_lensedCls.dat,2712,2,2712.0,1116.98,1117.25,0.2699999999999818,0.0002417232179627046,0.211698,1.275401751551653
kmouflage-kmimic,5_Kmimic_2_lensedCls.dat,2713,2,2713.0,1118.3,1118.56,0.2599999999999909,0.00023249575248143693,0.21183000000000002,1.2273993296510923
kmouflage-kmimic,5_Kmimic_2_lensedCls.dat,2714,2,2714.0,1119.61,1119.87,0.2599999999999909,0.00023222372075989937,0.211961,1.2266407499492402
kmouflage-kmimic,5_Kmimic_2_lensedCls.dat,2715,2,2715.0,1120.92,1121.19,0.2699999999999818,0.00024087356814043981,0.212092,1.2730324576126484
kmouflage-kmimic,5_Kmimic_2_lensedCls.dat,2716,2,2716.0,1122.23,1122.5,0.2699999999999818,0.00024059239193390108,0.212223,1.2722466462163942
kmouflage-kmimic,5_Kmimic_2_lensedCls.dat,2717,2,2717.0,1123.54,1123.81,0.2699999999999818,0.0002403118714064313,0.212354,1.2714618043454884
kmouflage-kmimic,5_Kmimic_2_lensedCls.dat,2718,2,2718.0,1124.85,1125.12,0.2699999999999818,0.00024003200426721947,0.212485,1.2706779302067526
kmouflage-kmimic,5_Kmimic_2_lensedCls.dat,2719,2,2719.0,1126.16,1126.42,0.2599999999999909,0.00023087305533848733,0.21261600000000003,1.2228618730480814
kmouflage-kmimic,5_Kmimic_2_lensedCls.dat,2720,2,2720.0,1127.47,1127.73,0.2599999999999909,0.00023060480544936086,0.21274700000000002,1.2221088899020474
kmouflage-kmimic,5_Kmimic_2_lensedCls.dat,2721,2,2721.0,1128.77,1129.04,0.2699999999999818,0.00023919841951857492,0.212877,1.268338054369339
kmouflage-kmimic,5_Kmimic_2_lensedCls.dat,2722,2,2722.0,1130.08,1130.34,0.2599999999999909,0.00023007220727735286,0.213008,1.22061143243442
kmouflage-kmimic,5_Kmimic_2_lensedCls.dat,2723,2,2723.0,1131.38,1131.65,0.2699999999999818,0.00023864660856651328,0.21313800000000002,1.2667848999239075
kmouflage-kmimic,5_Kmimic_2_lensedCls.dat,2724,2,2724.0,1132.68,1132.95,0.2699999999999818,0.00023837270897339213,0.213268,1.2660127163943105
kmouflage-kmimic,5_Kmimic_2_lensedCls.dat,2725,2,2725.0,1133.98,1134.25,0.2699999999999818,0.00023809943737983192,0.21339800000000003,1.2652414736782058
kmouflage-kmimic,5_Kmimic_2_lensedCls.dat,2726,2,2726.0,1135.28,1135.55,0.2699999999999818,0.00023782679162848093,0.213528,1.2644711700572375
kmouflage-kmimic,5_Kmimic_2_lensedCls.dat,2727,2,2727.0,1136.58,1136.85,0.2699999999999818,0.00023755476957185753,0.21365800000000001,1.2637018038172303
kmouflage-kmimic,5_Kmimic_2_lensedCls.dat,2728,2,2728.0,1137.88,1138.14,0.2599999999999909,0.00022849509614369782,0.21378800000000003,1.2161580631279159
kmouflage-kmimic,5_Kmimic_2_lensedCls.dat,2729,2,2729.0,1139.17,1139.44,0.2699999999999818,0.00023701466857447247,0.21391700000000002,1.2621717769040413
kmouflage-kmimic,5_Kmimic_2_lensedCls.dat,2730,2,2730.0,1140.47,1140.74,0.2699999999999818,0.00023674450007451472,0.21404700000000002,1.2614052053987292
kmouflage-kmimic,5_Kmimic_2_lensedCls.dat,2731,2,2731.0,1141.76,1142.03,0.2699999999999818,0.0002364770179372038,0.214176,1.260645450470556
kmouflage-kmimic,5_Kmimic_2_lensedCls.dat,2732,2,2732.0,1143.06,1143.33,0.2699999999999818,0.0002362080730670147,0.214306,1.2598807312906863
kmouflage-kmimic,5_Kmimic_2_lensedCls.dat,2733,2,2733.0,1144.35,1144.62,0.2699999999999818,0.0002359418010223986,0.214435,1.2591228111081765
kmouflage-kmimic,5_Kmimic_2_lensedCls.dat,2734,2,2734.0,1145.64,1145.91,0.2699999999999818,0.00023567612862677786,0.21456400000000003,1.2583658022780233
kmouflage-kmimic,5_Kmimic_2_lensedCls.dat,2735,2,2735.0,1146.93,1147.2,0.2699999999999818,0.0002354110538568019,0.21469300000000002,1.2576097031574471
kmouflage-kmimic,5_Kmimic_2_lensedCls.dat,2736,2,2736.0,1148.22,1148.5,0.2799999999999727,0.00024385570709443548,0.214822,1.3034046792226712
kmouflage-kmimic,5_Kmimic_2_lensedCls.dat,2737,2,2737.0,1149.51,1149.79,0.2799999999999727,0.00024358204800303845,0.214951,1.302622458141496
kmouflage-kmimic,5_Kmimic_2_lensedCls.dat,2738,2,2738.0,1150.8,1151.08,0.2799999999999727,0.00024330900243306632,0.21508,1.3018411753764771
kmouflage-kmimic,5_Kmimic_2_lensedCls.dat,2739,2,2739.0,1152.09,1152.37,0.2799999999999727,0.0002430365683236316,0.21520899999999998,1.301060829240286
kmouflage-kmimic,5_Kmimic_2_lensedCls.dat,2740,2,2740.0,1153.38,1153.66,0.2799999999999727,0.0002427647436230667,0.21533800000000003,1.3002814180496367
kmouflage-kmimic,5_Kmimic_2_lensedCls.dat,2741,2,2741.0,1154.67,1154.95,0.2799999999999727,0.00024249352628887274,0.21546700000000002,1.2995029401252753
kmouflage-kmimic,5_Kmimic_2_lensedCls.dat,2742,2,2742.0,1155.96,1156.24,0.2799999999999727,0.000242222914287668,0.215596,1.298725393791966
kmouflage-kmimic,5_Kmimic_2_lensedCls.dat,2743,2,2743.0,1157.25,1157.53,0.2799999999999727,0.00024195290559513738,0.215725,1.2979487773784806
kmouflage-kmimic,5_Kmimic_2_lensedCls.dat,2744,2,2744.0,1158.54,1158.81,0.2699999999999818,0.00023305194468898943,0.215854,1.2508454788884238
kmouflage-kmimic,5_Kmimic_2_lensedCls.dat,2745,2,2745.0,1159.83,1160.1,0.2699999999999818,0.00023279273686659409,0.215983,1.250098387372996
kmouflage-kmimic,5_Kmimic_2_lensedCls.dat,2746,2,2746.0,1161.12,1161.4,0.2800000000002001,0.00024114647926157514,0.216112,1.29562449100559
kmouflage-kmimic,5_Kmimic_2_lensedCls.dat,2747,2,2747.0,1162.41,1162.69,0.2799999999999727,0.00024087886373996497,0.21624100000000002,1.294851577637787
kmouflage-kmimic,5_Kmimic_2_lensedCls.dat,2748,2,2748.0,1163.7,1163.98,0.2799999999999727,0.00024061184153989233,0.21637,1.2940795858944063
kmouflage-kmimic,5_Kmimic_2_lensedCls.dat,2749,2,2749.0,1164.99,1165.27,0.2799999999999727,0.0002403454106901971,0.216499,1.29330851412696
kmouflage-kmimic,5_Kmimic_2_lensedCls.dat,2750,2,2750.0,1166.29,1166.56,0.2699999999999818,0.0002315033139270523,0.21662900000000002,1.2463705228754312
kmouflage-kmimic,5_Kmimic_2_lensedCls.dat,2751,2,2751.0,1167.58,1167.86,0.2799999999999727,0.00023981226125830584,0.216758,1.2917631644505518
kmouflage-kmimic,5_Kmimic_2_lensedCls.dat,2752,2,2752.0,1168.87,1169.15,0.2800000000002001,0.00023954759725221806,0.216887,1.2909948498536108
kmouflage-kmimic,5_Kmimic_2_lensedCls.dat,2753,2,2753.0,1170.17,1170.44,0.2699999999999818,0.00023073570506847876,0.21701700000000002,1.2441421639778534
kmouflage-kmimic,5_Kmimic_2_lensedCls.dat,2754,2,2754.0,1171.46,1171.74,0.2799999999999727,0.00023901797756643224,0.217146,1.2894550210456224
kmouflage-kmimic,5_Kmimic_2_lensedCls.dat,2755,2,2755.0,1172.76,1173.04,0.2799999999999727,0.00023875302704728395,0.21727600000000002,1.2886835177376823
kmouflage-kmimic,5_Kmimic_2_lensedCls.dat,2756,2,2756.0,1174.06,1174.33,0.2699999999999818,0.0002299712110113468,0.217406,1.2419160464751746
kmouflage-kmimic,5_Kmimic_2_lensedCls.dat,2757,2,2757.0,1175.35,1175.63,0.2800000000002001,0.0002382269111330243,0.217535,1.287149194383433
kmouflage-kmimic,5_Kmimic_2_lensedCls.dat,2758,2,2758.0,1176.65,1176.93,0.2799999999999727,0.00023796371053412034,0.21766500000000003,1.2863804470170799
kmouflage-kmimic,5_Kmimic_2_lensedCls.dat,2759,2,2759.0,1177.95,1178.23,0.2799999999999727,0.00023770109087819746,0.21779500000000002,1.2856126173694193
kmouflage-kmimic,5_Kmimic_2_lensedCls.dat,2760,2,2760.0,1179.25,1179.53,0.2799999999999727,0.0002374390502437759,0.217925,1.2848457037970527
kmouflage-kmimic,5_Kmimic_2_lensedCls.dat,2761,2,2761.0,1180.55,1180.83,0.2799999999999727,0.00023717758671803205,0.218055,1.2840797046615429
kmouflage-kmimic,5_Kmimic_2_lensedCls.dat,2762,2,2762.0,1181.86,1182.14,0.2800000000002001,0.0002369146937879276,0.218186,1.283308736583466
kmouflage-kmimic,5_Kmimic_2_lensedCls.dat,2763,2,2763.0,1183.16,1183.44,0.2799999999999727,0.00023665438317723106,0.218316,1.2825445684236276
kmouflage-kmimic,5_Kmimic_2_lensedCls.dat,2764,2,2764.0,1184.46,1184.74,0.2799999999999727,0.0002363946439727578,0.21844600000000003,1.281781309797262
kmouflage-kmimic,5_Kmimic_2_lensedCls.dat,2765,2,2765.0,1185.76,1186.05,0.2899999999999636,0.0002445688840911851,0.218576,1.3267696361904493
kmouflage-kmimic,5_Kmimic_2_lensedCls.dat,2766,2,2766.0,1187.07,1187.35,0.2799999999999727,0.00023587488522157306,0.21870699999999998,1.280251660897789
kmouflage-kmimic,5_Kmimic_2_lensedCls.dat,2767,2,2767.0,1188.37,1188.65,0.2800000000002001,0.00023561685333709208,0.218837,1.2794911281008243
kmouflage-kmimic,5_Kmimic_2_lensedCls.dat,2768,2,2768.0,1189.68,1189.96,0.2799999999999727,0.00023535740703380128,0.21896800000000002,1.2787256585435893
kmouflage-kmimic,5_Kmimic_2_lensedCls.dat,2769,2,2769.0,1190.98,1191.26,0.2799999999999727,0.00023510050546606383,0.21909800000000001,1.2779669371695437
kmouflage-kmimic,5_Kmimic_2_lensedCls.dat,2770,2,2770.0,1192.29,1192.57,0.2799999999999727,0.00023484219443253967,0.219229,1.2772032897106345
kmouflage-kmimic,5_Kmimic_2_lensedCls.dat,2771,2,2771.0,1193.59,1193.87,0.2799999999999727,0.00023458641577088677,0.219359,1.2764463732966176
kmouflage-kmimic,5_Kmimic_2_lensedCls.dat,2772,2,2772.0,1194.9,1195.18,0.2799999999999727,0.00023432923257174048,0.21949000000000002,1.2756845414368432
kmouflage-kmimic,5_Kmimic_2_lensedCls.dat,2773,2,2773.0,1196.2,1196.48,0.2799999999999727,0.00023407456946996548,0.21962,1.2749294235496436
kmouflage-kmimic,5_Kmimic_2_lensedCls.dat,2774,2,2774.0,1197.51,1197.79,0.2799999999999727,0.00023381850673478527,0.21975100000000003,1.274169400821715
kmouflage-kmimic,5_Kmimic_2_lensedCls.dat,2775,2,2775.0,1198.81,1199.09,0.2799999999999727,0.00023356495191062198,0.219881,1.2734160750586578
kmouflage-kmimic,5_Kmimic_2_lensedCls.dat,2776,2,2776.0,1200.11,1200.4,0.290000000000191,0.00024164451591953323,0.220011,1.318115912387067
kmouflage-kmimic,5_Kmimic_2_lensedCls.dat,2777,2,2777.0,1201.42,1201.7,0.2799999999999727,0.0002330575485675057,0.220142,1.27190631501473
kmouflage-kmimic,5_Kmimic_2_lensedCls.dat,2778,2,2778.0,1202.72,1203.0,0.2799999999999727,0.0002328056405480683,0.22027200000000002,1.2711556620903823
kmouflage-kmimic,5_Kmimic_2_lensedCls.dat,2779,2,2779.0,1204.02,1204.31,0.2899999999999636,0.0002408597863822558,0.22040200000000001,1.31577753377902
kmouflage-kmimic,5_Kmimic_2_lensedCls.dat,2780,2,2780.0,1205.32,1205.61,0.2899999999999636,0.0002406000066372114,0.220532,1.3150019044853518
kmouflage-kmimic,5_Kmimic_2_lensedCls.dat,2781,2,2781.0,1206.62,1206.91,0.290000000000191,0.0002403407866604159,0.220662,1.314227189095499
kmouflage-kmimic,5_Kmimic_2_lensedCls.dat,2782,2,2782.0,1207.92,1208.21,0.2899999999999636,0.00024008212464398602,0.22079200000000002,1.3134533859920812
kmouflage-kmimic,5_Kmimic_2_lensedCls.dat,2783,2,2783.0,1209.22,1209.51,0.2899999999999636,0.00023982401878894132,0.220922,1.3126804935677008
kmouflage-kmimic,5_Kmimic_2_lensedCls.dat,2784,2,2784.0,1210.52,1210.8,0.2799999999999727,0.00023130555463765385,0.22105200000000003,1.2666702857245022
kmouflage-kmimic,5_Kmimic_2_lensedCls.dat,2785,2,2785.0,1211.81,1212.1,0.2899999999999636,0.00023931144321301493,0.22118100000000002,1.3111433622235347
kmouflage-kmimic,5_Kmimic_2_lensedCls.dat,2786,2,2786.0,1213.1,1213.39,0.290000000000191,0.00023905696150374332,0.22131,1.3103791062319416
kmouflage-kmimic,5_Kmimic_2_lensedCls.dat,2787,2,2787.0,1214.4,1214.69,0.2899999999999636,0.00023880105401841536,0.22144000000000003,1.309609826589431
kmouflage-kmimic,5_Kmimic_2_lensedCls.dat,2788,2,2788.0,1215.69,1215.98,0.2899999999999636,0.0002385476560636047,0.22156900000000002,1.308847356805165
kmouflage-kmimic,5_Kmimic_2_lensedCls.dat,2789,2,2789.0,1216.98,1217.27,0.2899999999999636,0.000238294795312958,0.221698,1.308085774341508
kmouflage-kmimic,5_Kmimic_2_lensedCls.dat,2790,2,2790.0,1218.27,1218.56,0.2899999999999636,0.00023804247005997325,0.221827,1.3073250776504377
kmouflage-kmimic,5_Kmimic_2_lensedCls.dat,2791,2,2791.0,1219.56,1219.84,0.2799999999999727,0.00022959100003277634,0.221956,1.2615112905259274
kmouflage-kmimic,5_Kmimic_2_lensedCls.dat,2792,2,2792.0,1220.84,1221.13,0.290000000000191,0.00023754136496198603,0.222084,1.305812215198713
kmouflage-kmimic,5_Kmimic_2_lensedCls.dat,2793,2,2793.0,1222.12,1222.41,0.290000000000191,0.00023729257356085412,0.22221200000000002,1.3050600327623665
kmouflage-kmimic,5_Kmimic_2_lensedCls.dat,2794,2,2794.0,1223.41,1223.7,0.2899999999999636,0.00023704236519234237,0.222341,1.3043028501264435
kmouflage-kmimic,5_Kmimic_2_lensedCls.dat,2795,2,2795.0,1224.69,1224.98,0.2899999999999636,0.00023679461741335652,0.22246900000000003,1.3035524050540237
kmouflage-kmimic,5_Kmimic_2_lensedCls.dat,2796,2,2796.0,1225.97,1226.26,0.2899999999999636,0.00023654738696702498,0.22259700000000002,1.3028028230387814
kmouflage-kmimic,5_Kmimic_2_lensedCls.dat,2797,2,2797.0,1227.25,1227.54,0.2899999999999636,0.00023630067223464138,0.222725,1.3020541025927201
kmouflage-kmimic,5_Kmimic_2_lensedCls.dat,2798,2,2798.0,1228.52,1228.81,0.2899999999999636,0.00023605639305828447,0.222852,1.3013120815606933
kmouflage-kmimic,5_Kmimic_2_lensedCls.dat,2799,2,2799.0,1229.8,1230.09,0.2899999999999636,0.0002358107009269504,0.22298,1.3005650731005634
kmouflage-kmimic,5_Kmimic_2_lensedCls.dat,2800,2,2800.0,1231.07,1231.36,0.2899999999999636,0.00023556743320848013,0.223107,1.2998247477666036
kmouflage-kmimic,5_Kmimic_2_lensedCls.dat,2801,2,2801.0,1232.34,1232.64,0.3000000000001819,0.00024343931058002006,0.223234,1.3438813084036567
kmouflage-kmimic,5_Kmimic_2_lensedCls.dat,2802,2,2802.0,1233.62,1233.91,0.290000000000191,0.0002350804948040653,0.223362,1.298340809986439
kmouflage-kmimic,5_Kmimic_2_lensedCls.dat,2803,2,2803.0,1234.89,1235.18,0.2899999999999636,0.00023483873057516345,0.22348900000000002,1.297603014018424
kmouflage-kmimic,5_Kmimic_2_lensedCls.dat,2804,2,2804.0,1236.16,1236.45,0.2899999999999636,0.00023459746311154186,0.22361600000000004,1.296866056096002
kmouflage-kmimic,5_Kmimic_2_lensedCls.dat,2805,2,2805.0,1237.42,1237.72,0.2999999999999545,0.0002424399153076195,0.22374200000000002,1.340830063197587
kmouflage-kmimic,5_Kmimic_2_lensedCls.dat,2806,2,2806.0,1238.69,1238.98,0.2899999999999636,0.00023411830240008686,0.223869,1.2954004350757078
kmouflage-kmimic,5_Kmimic_2_lensedCls.dat,2807,2,2807.0,1239.96,1240.25,0.2899999999999636,0.00023387851221004196,0.22399600000000003,1.2946659761779835
kmouflage-kmimic,5_Kmimic_2_lensedCls.dat,2808,2,2808.0,1241.22,1241.52,0.2999999999999545,0.00024169768453614551,0.22412200000000002,1.3385566789514394
kmouflage-kmimic,5_Kmimic_2_lensedCls.dat,2809,2,2809.0,1242.49,1242.78,0.2899999999999636,0.00023340228090363996,0.22424900000000003,1.2932053208708336
kmouflage-kmimic,5_Kmimic_2_lensedCls.dat,2810,2,2810.0,1243.75,1244.05,0.2999999999999545,0.0002412060301507172,0.224375,1.337047353760243
kmouflage-kmimic,5_Kmimic_2_lensedCls.dat,2811,2,2811.0,1245.02,1245.31,0.2899999999999636,0.00023292798509257973,0.224502,1.2917479577017739
kmouflage-kmimic,5_Kmimic_2_lensedCls.dat,2812,2,2812.0,1246.28,1246.57,0.2899999999999636,0.00023269249285871844,0.224628,1.2910233808784464
kmouflage-kmimic,5_Kmimic_2_lensedCls.dat,2813,2,2813.0,1247.54,1247.84,0.2999999999999545,0.00024047325135863744,0.224754,1.3347927066924483
kmouflage-kmimic,5_Kmimic_2_lensedCls.dat,2814,2,2814.0,1248.8,1249.1,0.2999999999999545,0.00024023062139650426,0.22488000000000002,1.3340448239058809
kmouflage-kmimic,5_Kmimic_2_lensedCls.dat,2815,2,2815.0,1250.07,1250.36,0.2899999999999636,0.00023198700872748216,0.225007,1.2888487913707734
kmouflage-kmimic,5_Kmimic_2_lensedCls.dat,2816,2,2816.0,1251.33,1251.63,0.3000000000001819,0.00023974491141440062,0.225133,1.3325456507938946
kmouflage-kmimic,5_Kmimic_2_lensedCls.dat,2817,2,2817.0,1252.59,1252.89,0.3000000000001819,0.0002395037482338051,0.22525900000000001,1.3318002832303344
kmouflage-kmimic,5_Kmimic_2_lensedCls.dat,2818,2,2818.0,1253.85,1254.15,0.3000000000001819,0.00023926306974532993,0.225385,1.3310557490524297
kmouflage-kmimic,5_Kmimic_2_lensedCls.dat,2819,2,2819.0,1255.11,1255.41,0.3000000000001819,0.00023902287448923355,0.225511,1.3303120468632657
kmouflage-kmimic,5_Kmimic_2_lensedCls.dat,2820,2,2820.0,1256.38,1256.67,0.2899999999999636,0.0002308218850984285,0.22563800000000003,1.285244506687542
kmouflage-kmimic,5_Kmimic_2_lensedCls.dat,2821,2,2821.0,1257.64,1257.94,0.2999999999999545,0.0002385420311058447,0.22576400000000002,1.3288212469656566
kmouflage-kmimic,5_Kmimic_2_lensedCls.dat,2822,2,2822.0,1258.9,1259.2,0.2999999999999545,0.00023830328064179402,0.22589,1.328080038956813
kmouflage-kmimic,5_Kmimic_2_lensedCls.dat,2823,2,2823.0,1260.16,1260.46,0.2999999999999545,0.00023806500761804414,0.22601600000000002,1.3273396573691885
kmouflage-kmimic,5_Kmimic_2_lensedCls.dat,2824,2,2824.0,1261.42,1261.72,0.2999999999999545,0.0002378272106038865,0.226142,1.3266001008214066
kmouflage-kmimic,5_Kmimic_2_lensedCls.dat,2825,2,2825.0,1262.68,1262.98,0.2999999999999545,0.00023758988817432328,0.22626800000000002,1.3258613679351676
kmouflage-kmimic,5_Kmimic_2_lensedCls.dat,2826,2,2826.0,1263.95,1264.25,0.2999999999999545,0.00023735116104272677,0.226395,1.3251176041871706
kmouflage-kmimic,5_Kmimic_2_lensedCls.dat,2827,2,2827.0,1265.21,1265.51,0.2999999999999545,0.00023711478726848073,0.22652100000000003,1.3243805210110962
kmouflage-kmimic,5_Kmimic_2_lensedCls.dat,2828,2,2828.0,1266.47,1266.77,0.2999999999999545,0.00023687888382666349,0.22664700000000002,1.3236442573691887
kmouflage-kmimic,5_Kmimic_2_lensedCls.dat,2829,2,2829.0,1267.73,1268.03,0.2999999999999545,0.00023664344931488134,0.226773,1.3229088118953956
kmouflage-kmimic,5_Kmimic_2_lensedCls.dat,2830,2,2830.0,1268.99,1269.29,0.2999999999999545,0.0002364084823363104,0.22689900000000002,1.3221741832266978
kmouflage-kmimic,5_Kmimic_2_lensedCls.dat,2831,2,2831.0,1270.26,1270.56,0.2999999999999545,0.00023617212224265468,0.227026,1.3214345493465705
kmouflage-kmimic,5_Kmimic_2_lensedCls.dat,2832,2,2832.0,1271.52,1271.82,0.2999999999999545,0.00023593808984518884,0.22715200000000002,1.320701556666701
kmouflage-kmimic,5_Kmimic_2_lensedCls.dat,2833,2,2833.0,1272.78,1273.08,0.2999999999999545,0.00023570452081267347,0.227278,1.3199693767102603
kmouflage-kmimic,5_Kmimic_2_lensedCls.dat,2834,2,2834.0,1274.04,1274.34,0.2999999999999545,0.0002354714137703326,0.227404,1.3192380081263062
kmouflage-kmimic,5_Kmimic_2_lensedCls.dat,2835,2,2835.0,1275.3,1275.6,0.2999999999999545,0.00023523876734882345,0.22753,1.31850744956689
kmouflage-kmimic,5_Kmimic_2_lensedCls.dat,2836,2,2836.0,1276.56,1276.86,0.2999999999999545,0.00023500658018420955,0.227656,1.3177776996870476
kmouflage-kmimic,5_Kmimic_2_lensedCls.dat,2837,2,2837.0,1277.81,1278.12,0.30999999999994543,0.0002426025778479942,0.227781,1.360956357202512
kmouflage-kmimic,5_Kmimic_2_lensedCls.dat,2838,2,2838.0,1279.07,1279.37,0.2999999999999545,0.00023454541190079866,0.227907,1.3163263962930254
kmouflage-kmimic,5_Kmimic_2_lensedCls.dat,2839,2,2839.0,1280.33,1280.63,0.3000000000001819,0.0002343145907697093,0.228033,1.3155990580318722
kmouflage-kmimic,5_Kmimic_2_lensedCls.dat,2840,2,2840.0,1281.58,1281.88,0.3000000000001819,0.0002340860500321337,0.228158,1.3148782861007806
kmouflage-kmimic,5_Kmimic_2_lensedCls.dat,2841,2,2841.0,1282.83,1283.13,0.3000000000001819,0.0002338579546784702,0.228283,1.3141583035100375
kmouflage-kmimic,5_Kmimic_2_lensedCls.dat,2842,2,2842.0,1284.08,1284.38,0.3000000000001819,0.00023363030340802903,0.228408,1.3134391089637047
kmouflage-kmimic,5_Kmimic_2_lensedCls.dat,2843,2,2843.0,1285.33,1285.63,0.3000000000001819,0.00023340309492518024,0.22853300000000001,1.3127207011686797
kmouflage-kmimic,5_Kmimic_2_lensedCls.dat,2844,2,2844.0,1286.58,1286.88,0.3000000000001819,0.00023317632793932902,0.228658,1.3120030788346873
kmouflage-kmimic,5_Kmimic_2_lensedCls.dat,2845,2,2845.0,1287.82,1288.12,0.2999999999999545,0.00023295181003552868,0.228782,1.3112919722703469
kmouflage-kmimic,5_Kmimic_2_lensedCls.dat,2846,2,2846.0,1289.06,1289.37,0.30999999999994543,0.00024048531488056834,0.228906,1.3542676906675466
kmouflage-kmimic,5_Kmimic_2_lensedCls.dat,2847,2,2847.0,1290.3,1290.6,0.2999999999999545,0.00023250406882116914,0.22903,1.3098720691610466
kmouflage-kmimic,5_Kmimic_2_lensedCls.dat,2848,2,2848.0,1291.54,1291.84,0.2999999999999545,0.00023228084302457107,0.229154,1.3091632701150953
kmouflage-kmimic,5_Kmimic_2_lensedCls.dat,2849,2,2849.0,1292.77,1293.07,0.2999999999999545,0.00023205984049750112,0.229277,1.3084609446213729
kmouflage-kmimic,5_Kmimic_2_lensedCls.dat,2850,2,2850.0,1294.0,1294.3,0.2999999999999545,0.0002318392581143389,0.22940000000000002,1.307759372275303
kmouflage-kmimic,5_Kmimic_2_lensedCls.dat,2851,2,2851.0,1295.22,1295.53,0.30999999999994543,0.00023934157903672383,0.229522,1.3506330547831817
kmouflage-kmimic,5_Kmimic_2_lensedCls.dat,2852,2,2852.0,1296.44,1296.75,0.30999999999994543,0.0002391163493875115,0.22964400000000001,1.3499155214155187
kmouflage-kmimic,5_Kmimic_2_lensedCls.dat,2853,2,2853.0,1297.66,1297.97,0.30999999999994543,0.00023889154323932725,0.22976600000000003,1.3491987500324043
kmouflage-kmimic,5_Kmimic_2_lensedCls.dat,2854,2,2854.0,1298.88,1299.18,0.2999999999999545,0.0002309682187730618,0.229888,1.3049832962136105
kmouflage-kmimic,5_Kmimic_2_lensedCls.dat,2855,2,2855.0,1300.09,1300.39,0.3000000000001819,0.0002307532555439869,0.230009,1.3042967883873322
kmouflage-kmimic,5_Kmimic_2_lensedCls.dat,2856,2,2856.0,1301.29,1301.6,0.30999999999994543,0.00023822514581680135,0.230129,1.3470705560791791
kmouflage-kmimic,5_Kmimic_2_lensedCls.dat,2857,2,2857.0,1302.5,1302.81,0.30999999999994543,0.0002380038387715512,0.23025,1.3463626492940084
kmouflage-kmimic,5_Kmimic_2_lensedCls.dat,2858,2,2858.0,1303.7,1304.01,0.30999999999994543,0.00023778476643395368,0.23037000000000002,1.34566132742955
kmouflage-kmimic,5_Kmimic_2_lensedCls.dat,2859,2,2859.0,1304.9,1305.21,0.30999999999994543,0.00023756609701888683,0.23049000000000003,1.344960735823443
kmouflage-kmimic,5_Kmimic_2_lensedCls.dat,2860,2,2860.0,1306.09,1306.4,0.3100000000001728,0.00023734964665541642,0.230609,1.344266702514528
kmouflage-kmimic,5_Kmimic_2_lensedCls.dat,2861,2,2861.0,1307.29,1307.59,0.2999999999999545,0.0002294823642802703,0.23072900000000002,1.3002266728497696
kmouflage-kmimic,5_Kmimic_2_lensedCls.dat,2862,2,2862.0,1308.47,1308.78,0.30999999999994543,0.00023691792704452178,0.23084700000000002,1.3428807825093911
kmouflage-kmimic,5_Kmimic_2_lensedCls.dat,2863,2,2863.0,1309.66,1309.97,0.30999999999994543,0.00023670265565104334,0.23096600000000003,1.342188893603151
kmouflage-kmimic,5_Kmimic_2_lensedCls.dat,2864,2,2864.0,1310.84,1311.15,0.3100000000001728,0.0002364895792012548,0.231084,1.3415035225293521
kmouflage-kmimic,5_Kmimic_2_lensedCls.dat,2865,2,2865.0,1312.02,1312.33,0.30999999999994543,0.00023627688602303733,0.23120200000000002,1.3408188510477652
kmouflage-kmimic,5_Kmimic_2_lensedCls.dat,2866,2,2866.0,1313.2,1313.51,0.30999999999994543,0.00023606457508372329,0.23132000000000003,1.3401348780907203
kmouflage-kmimic,5_Kmimic_2_lensedCls.dat,2867,2,2867.0,1314.38,1314.69,0.30999999999994543,0.00023585264535366134,0.23143800000000003,1.3394516025887944
kmouflage-kmimic,5_Kmimic_2_lensedCls.dat,2868,2,2868.0,1315.55,1315.86,0.30999999999994543,0.00023564288700539352,0.231555,1.3387748051216575
kmouflage-kmimic,5_Kmimic_2_lensedCls.dat,2869,2,2869.0,1316.72,1317.03,0.30999999999994543,0.00023543350142774883,0.23167200000000002,1.3380986912529154
kmouflage-kmimic,5_Kmimic_2_lensedCls.dat,2870,2,2870.0,1317.89,1318.2,0.30999999999994543,0.00023522448762790932,0.23178900000000002,1.3374232599473892
kmouflage-kmimic,5_Kmimic_2_lensedCls.dat,2871,2,2871.0,1319.06,1319.37,0.30999999999994543,0.00023501584461657957,0.231906,1.3367485101719896
kmouflage-kmimic,5_Kmimic_2_lensedCls.dat,2872,2,2872.0,1320.22,1320.53,0.30999999999994543,0.00023480934995678403,0.232022,1.3360801992912112
kmouflage-kmimic,5_Kmimic_2_lensedCls.dat,2873,2,2873.0,1321.39,1321.7,0.30999999999994543,0.00023460144242044015,0.232139,1.3354068036820415
kmouflage-kmimic,5_Kmimic_2_lensedCls.dat,2874,2,2874.0,1322.55,1322.86,0.30999999999994543,0.00023439567502169705,0.23225500000000002,1.3347398333725664
kmouflage-kmimic,5_Kmimic_2_lensedCls.dat,2875,2,2875.0,1323.71,1324.02,0.30999999999994543,0.0002341902682611338,0.23237100000000002,1.3340735289685262
kmouflage-kmimic,5_Kmimic_2_lensedCls.dat,2876,2,2876.0,1324.87,1325.18,0.3100000000001728,0.0002339852211916436,0.232487,1.3334078894741332
kmouflage-kmimic,5_Kmimic_2_lensedCls.dat,2877,2,2877.0,1326.03,1326.34,0.30999999999994543,0.00023378053286874764,0.232603,1.3327429138916755
kmouflage-kmimic,5_Kmimic_2_lensedCls.dat,2878,2,2878.0,1327.18,1327.49,0.30999999999994543,0.0002335779622959549,0.232718,1.332084325234599
kmouflage-kmimic,5_Kmimic_2_lensedCls.dat,2879,2,2879.0,1328.34,1328.65,0.3100000000001728,0.00023337398557611217,0.232834,1.3314206688034085
kmouflage-kmimic,5_Kmimic_2_lensedCls.dat,2880,2,2880.0,1329.49,1329.81,0.31999999999993634,0.00024069379987810087,0.23294900000000002,1.3736912371374692
kmouflage-kmimic,5_Kmimic_2_lensedCls.dat,2881,2,2881.0,1330.65,1330.96,0.30999999999994543,0.0002329688498102021,0.23306500000000002,1.330101044772683
kmouflage-kmimic,5_Kmimic_2_lensedCls.dat,2882,2,2882.0,1331.8,1332.11,0.30999999999994543,0.0002327676828352196,0.23318,1.3294450638988997
kmouflage-kmimic,5_Kmimic_2_lensedCls.dat,2883,2,2883.0,1332.96,1333.27,0.30999999999994543,0.00023256511823306432,0.233296,1.3287840340166372
kmouflage-kmimic,5_Kmimic_2_lensedCls.dat,2884,2,2884.0,1334.11,1334.42,0.3100000000001728,0.00023236464759290675,0.233411,1.3281293512309738
kmouflage-kmimic,5_Kmimic_2_lensedCls.dat,2885,2,2885.0,1335.26,1335.57,0.30999999999994543,0.00023216452226528574,0.233526,1.3274753132411183
kmouflage-kmimic,5_Kmimic_2_lensedCls.dat,2886,2,2886.0,1336.41,1336.72,0.30999999999994543,0.00023196474135927253,0.23364100000000002,1.3268219190978698
kmouflage-kmimic,5_Kmimic_2_lensedCls.dat,2887,2,2887.0,1337.56,1337.88,0.3200000000001637,0.00023924160411507799,0.23375600000000002,1.3689488184267513
kmouflage-kmimic,5_Kmimic_2_lensedCls.dat,2888,2,2888.0,1338.72,1339.03,0.30999999999994543,0.0002315644795027679,0.23387200000000002,1.3255113908460414
kmouflage-kmimic,5_Kmimic_2_lensedCls.dat,2889,2,2889.0,1339.87,1340.18,0.3100000000001728,0.00023136572951120096,0.233987,1.324859928116403
kmouflage-kmimic,5_Kmimic_2_lensedCls.dat,2890,2,2890.0,1341.02,1341.33,0.30999999999994543,0.0002311673203978654,0.234102,1.3242091054324414
kmouflage-kmimic,5_Kmimic_2_lensedCls.dat,2891,2,2891.0,1342.17,1342.49,0.31999999999993634,0.00023841987229630845,0.234217,1.3662543709463288
kmouflage-kmimic,5_Kmimic_2_lensedCls.dat,2892,2,2892.0,1343.32,1343.64,0.3200000000001637,0.00023821576392829983,0.234332,1.3655838724551648
kmouflage-kmimic,5_Kmimic_2_lensedCls.dat,2893,2,2893.0,1344.48,1344.79,0.30999999999994543,0.00023057241461378782,0.23444800000000002,1.3222548283625597
kmouflage-kmimic,5_Kmimic_2_lensedCls.dat,2894,2,2894.0,1345.63,1345.94,0.30999999999994543,0.00023037536321272964,0.23456300000000002,1.3216065619895099
kmouflage-kmimic,5_Kmimic_2_lensedCls.dat,2895,2,2895.0,1346.78,1347.1,0.31999999999993634,0.00023760376601964414,0.234678,1.363570509378537
kmouflage-kmimic,5_Kmimic_2_lensedCls.dat,2896,2,2896.0,1347.94,1348.25,0.30999999999994543,0.00022998056293302774,0.23479400000000003,1.3203063110639344
kmouflage-kmimic,5_Kmimic_2_lensedCls.dat,2897,2,2897.0,1349.09,1349.41,0.3200000000001637,0.0002371969253349767,0.234909,1.3622296293465286
kmouflage-kmimic,5_Kmimic_2_lensedCls.dat,2898,2,2898.0,1350.25,1350.56,0.30999999999994543,0.00022958711349746006,0.235025,1.3190086161044374
kmouflage-kmimic,5_Kmimic_2_lensedCls.dat,2899,2,2899.0,1351.4,1351.72,0.31999999999993634,0.00023679147550683462,0.23514000000000002,1.3608913838561552
kmouflage-kmimic,5_Kmimic_2_lensedCls.dat,2900,2,2900.0,1352.56,1352.87,0.30999999999994543,0.000229195007984818,0.235256,1.3177134695818404
kmouflage-kmimic,5_Kmimic_2_lensedCls.dat,2901,2,2901.0,1353.71,1354.03,0.31999999999993634,0.00023638740941555898,0.23537100000000002,1.3595557651534653
kmouflage-kmimic,5_Kmimic_2_lensedCls.dat,2902,2,2902.0,1354.87,1355.18,0.3100000000001728,0.00022880423952126243,0.235487,1.3164208639974724
kmouflage-kmimic,5_Kmimic_2_lensedCls.dat,2903,2,2903.0,1356.02,1356.34,0.31999999999993634,0.00023598471998933373,0.235602,1.3582227655110581
kmouflage-kmimic,5_Kmimic_2_lensedCls.dat,2904,2,2904.0,1357.18,1357.5,0.31999999999993634,0.0002357830206751767,0.235718,1.357554365809723
kmouflage-kmimic,5_Kmimic_2_lensedCls.dat,2905,2,2905.0,1358.33,1358.65,0.3200000000001637,0.0002355834002047836,0.23583300000000001,1.356892377233736
kmouflage-kmimic,5_Kmimic_2_lensedCls.dat,2906,2,2906.0,1359.48,1359.8,0.31999999999993634,0.00023538411745662778,0.23594800000000002,1.3562310339563646
kmouflage-kmimic,5_Kmimic_2_lensedCls.dat,2907,2,2907.0,1360.63,1360.95,0.31999999999993634,0.00023518517157488538,0.23606300000000002,1.3555703350374109
kmouflage-kmimic,5_Kmimic_2_lensedCls.dat,2908,2,2908.0,1361.77,1362.09,0.31999999999993634,0.000234988287302508,0.236177,1.3549160163772778
kmouflage-kmimic,5_Kmimic_2_lensedCls.dat,2909,2,2909.0,1362.91,1363.23,0.31999999999993634,0.00023479173239607628,0.23629100000000003,1.3542623290770122
kmouflage-kmimic,5_Kmimic_2_lensedCls.dat,2910,2,2910.0,1364.04,1364.36,0.31999999999993634,0.00023459722588775722,0.236404,1.3536149980539092
kmouflage-kmimic,5_Kmimic_2_lensedCls.dat,2911,2,2911.0,1365.17,1365.49,0.31999999999993634,0.00023440304137941525,0.23651700000000003,1.3529682855775116
kmouflage-kmimic,5_Kmimic_2_lensedCls.dat,2912,2,2912.0,1366.3,1366.61,0.30999999999994543,0.0002268901412573706,0.23663,1.3100621223004074
kmouflage-kmimic,5_Kmimic_2_lensedCls.dat,2913,2,2913.0,1367.41,1367.73,0.31999999999993634,0.00023401905792698336,0.236741,1.3516881317555316
kmouflage-kmimic,5_Kmimic_2_lensedCls.dat,2914,2,2914.0,1368.52,1368.84,0.31999999999993634,0.00023382924619292107,0.236852,1.3510546670491967
kmouflage-kmimic,5_Kmimic_2_lensedCls.dat,2915,2,2915.0,1369.63,1369.94,0.30999999999994543,0.00022633850017884057,0.23696300000000003,1.3082211146885605
kmouflage-kmimic,5_Kmimic_2_lensedCls.dat,2916,2,2916.0,1370.72,1371.04,0.31999999999993634,0.00023345395120807775,0.237072,1.3498009043663373
kmouflage-kmimic,5_Kmimic_2_lensedCls.dat,2917,2,2917.0,1371.81,1372.13,0.3200000000001637,0.00023326845554425446,0.237181,1.3491805836056163
kmouflage-kmimic,5_Kmimic_2_lensedCls.dat,2918,2,2918.0,1372.89,1373.21,0.31999999999993634,0.00023308495218111888,0.23728900000000003,1.348566515935995
kmouflage-kmimic,5_Kmimic_2_lensedCls.dat,2919,2,2919.0,1373.96,1374.28,0.31999999999993634,0.00023290343241428885,0.23739600000000002,1.3479586850660343
kmouflage-kmimic,5_Kmimic_2_lensedCls.dat,2920,2,2920.0,1375.02,1375.34,0.31999999999993634,0.00023272388765249694,0.23750200000000002,1.3473570748875223
kmouflage-kmimic,5_Kmimic_2_lensedCls.dat,2921,2,2921.0,1376.07,1376.39,0.3200000000001637,0.0002325463094175178,0.237607,1.3467616694801234
kmouflage-kmimic,5_Kmimic_2_lensedCls.dat,2922,2,2922.0,1377.12,1377.44,0.3200000000001637,0.00023236900197525542,0.237712,1.3461667900659777
kmouflage-kmimic,5_Kmimic_2_lensedCls.dat,2923,2,2923.0,1378.15,1378.47,0.31999999999993634,0.0002321953343249547,0.23781500000000003,1.3455837520759257
kmouflage-kmimic,5_Kmimic_2_lensedCls.dat,2924,2,2924.0,1379.18,1379.5,0.31999999999993634,0.00023202192607196763,0.23791800000000002,1.345001218907087
kmouflage-kmimic,5_Kmimic_2_lensedCls.dat,2925,2,2925.0,1380.19,1380.51,0.31999999999993634,0.0002318521363000285,0.238019,1.3444304866415553
kmouflage-kmimic,5_Kmimic_2_lensedCls.dat,2926,2,2926.0,1381.2,1381.52,0.31999999999993634,0.00023168259484501616,0.23812000000000003,1.3438602385349248
kmouflage-kmimic,5_Kmimic_2_lensedCls.dat,2927,2,2927.0,1382.19,1382.51,0.31999999999993634,0.0002315166511115956,0.23821900000000001,1.3433017517491732
kmouflage-kmimic,5_Kmimic_2_lensedCls.dat,2928,2,2928.0,1383.18,1383.5,0.31999999999993634,0.00023135094492396962,0.23831800000000003,1.342743728966911
kmouflage-kmimic,5_Kmimic_2_lensedCls.dat,2929,2,2929.0,1384.15,1384.47,0.31999999999993634,0.00023118881624096833,0.23841500000000002,1.3421974288527831
kmouflage-kmimic,5_Kmimic_2_lensedCls.dat,2930,2,2930.0,1385.12,1385.44,0.3200000000001637,0.00023102691463567325,0.238512,1.3416515730871559
kmouflage-kmimic,5_Kmimic_2_lensedCls.dat,2931,2,2931.0,1386.07,1386.4,0.3300000000001546,0.00023808321369061782,0.238607,1.383027321076727
kmouflage-kmimic,5_Kmimic_2_lensedCls.dat,2932,2,2932.0,1387.02,1387.34,0.31999999999993634,0.00023071044397336474,0.238702,1.3405836566092297
kmouflage-kmimic,5_Kmimic_2_lensedCls.dat,2933,2,2933.0,1387.96,1388.28,0.31999999999993634,0.00023055419464533295,0.238796,1.3400559473355347
kmouflage-kmimic,5_Kmimic_2_lensedCls.dat,2934,2,2934.0,1388.88,1389.2,0.31999999999993634,0.00023040147456939139,0.23888800000000002,1.3395398680550563
kmouflage-kmimic,5_Kmimic_2_lensedCls.dat,2935,2,2935.0,1389.8,1390.12,0.31999999999993634,0.0002302489566843692,0.23898,1.3390241861240955
kmouflage-kmimic,5_Kmimic_2_lensedCls.dat,2936,2,2936.0,1390.71,1391.03,0.31999999999993634,0.00023009829511539884,0.239071,1.3385144998763394
kmouflage-kmimic,5_Kmimic_2_lensedCls.dat,2937,2,2937.0,1391.6,1391.92,0.3200000000001637,0.0002299511353838486,0.23916,1.3380163907014706
kmouflage-kmimic,5_Kmimic_2_lensedCls.dat,2938,2,2938.0,1392.49,1392.81,0.31999999999993634,0.0002298041637641465,0.23924900000000002,1.3375186521153122
kmouflage-kmimic,5_Kmimic_2_lensedCls.dat,2939,2,2939.0,1393.37,1393.69,0.3200000000001637,0.00022965902811181792,0.239337,1.3370268700625634
kmouflage-kmimic,5_Kmimic_2_lensedCls.dat,2940,2,2940.0,1394.23,1394.56,0.32999999999992724,0.00023668978575982962,0.23942300000000002,1.3783136958434536
kmouflage-kmimic,5_Kmimic_2_lensedCls.dat,2941,2,2941.0,1395.09,1395.41,0.3200000000001637,0.0002293758825596655,0.239509,1.3360667031308373
kmouflage-kmimic,5_Kmimic_2_lensedCls.dat,2942,2,2942.0,1395.94,1396.26,0.31999999999993634,0.0002292362135907964,0.23959400000000003,1.3355927110025139
kmouflage-kmimic,5_Kmimic_2_lensedCls.dat,2943,2,2943.0,1396.78,1397.1,0.31999999999993634,0.0002290983547873941,0.239678,1.3351246255389995
kmouflage-kmimic,5_Kmimic_2_lensedCls.dat,2944,2,2944.0,1397.6,1397.92,0.3200000000001637,0.00022896393817985384,0.23976,1.334668001335351
kmouflage-kmimic,5_Kmimic_2_lensedCls.dat,2945,2,2945.0,1398.42,1398.74,0.31999999999993634,0.00022882967920934792,0.23984200000000003,1.3342116893618978
kmouflage-kmimic,5_Kmimic_2_lensedCls.dat,2946,2,2946.0,1399.22,1399.54,0.31999999999993634,0.00022869884650014746,0.23992200000000002,1.3337668075455202
kmouflage-kmimic,5_Kmimic_2_lensedCls.dat,2947,2,2947.0,1400.01,1400.33,0.31999999999993634,0.0002285697959299836,0.24000100000000002,1.3333277778006605
kmouflage-kmimic,5_Kmimic_2_lensedCls.dat,2948,2,2948.0,1400.79,1401.11,0.31999999999993634,0.0002284425217198412,0.24007900000000001,1.3328945888642334
kmouflage-kmimic,5_Kmimic_2_lensedCls.dat,2949,2,2949.0,1401.56,1401.88,0.3200000000001637,0.00022831701817985938,0.240156,1.3324672296347528
kmouflage-kmimic,5_Kmimic_2_lensedCls.dat,2950,2,2950.0,1402.31,1402.64,0.3300000000001546,0.00023532599781799646,0.240231,1.3736778350843755
kmouflage-kmimic,5_Kmimic_2_lensedCls.dat,2951,2,2951.0,1403.06,1403.38,0.3200000000001637,0.00022807292631830693,0.24030600000000002,1.331635498073971
kmouflage-kmimic,5_Kmimic_2_lensedCls.dat,2952,2,2952.0,1403.78,1404.1,0.31999999999993634,0.00022795594751309775,0.240378,1.3312366356319476
kmouflage-kmimic,5_Kmimic_2_lensedCls.dat,2953,2,2953.0,1404.5,1404.82,0.31999999999993634,0.0002278390886436001,0.24045000000000002,1.3308380120604546
kmouflage-kmimic,5_Kmimic_2_lensedCls.dat,2954,2,2954.0,1405.21,1405.53,0.31999999999993634,0.0002277239700827181,0.240521,1.3304451586345323
kmouflage-kmimic,5_Kmimic_2_lensedCls.dat,2955,2,2955.0,1405.91,1406.23,0.31999999999993634,0.00022761058673737033,0.24059100000000003,1.3300580653471505
kmouflage-kmimic,5_Kmimic_2_lensedCls.dat,2956,2,2956.0,1406.59,1406.92,0.3300000000001546,0.0002346099431960661,0.240659,1.371234817730293
kmouflage-kmimic,5_Kmimic_2_lensedCls.dat,2957,2,2957.0,1407.28,1407.6,0.31999999999993634,0.00022738900574152717,0.240728,1.329301119935929
kmouflage-kmimic,5_Kmimic_2_lensedCls.dat,2958,2,2958.0,1407.95,1408.27,0.31999999999993634,0.00022728079832375888,0.240795,1.3289312485721727
kmouflage-kmimic,5_Kmimic_2_lensedCls.dat,2959,2,2959.0,1408.62,1408.94,0.3200000000001637,0.0002271726938423164,0.240862,1.3285615829818058
kmouflage-kmimic,5_Kmimic_2_lensedCls.dat,2960,2,2960.0,1409.29,1409.61,0.31999999999993634,0.00022706469214990268,0.240929,1.3281921229903264
kmouflage-kmimic,5_Kmimic_2_lensedCls.dat,2961,2,2961.0,1409.94,1410.26,0.31999999999993634,0.00022696001248275553,0.240994,1.3278338879803493
kmouflage-kmimic,5_Kmimic_2_lensedCls.dat,2962,2,2962.0,1410.6,1410.92,0.3200000000001637,0.0002268538210691647,0.24106,1.3274703393352847
kmouflage-kmimic,5_Kmimic_2_lensedCls.dat,2963,2,2963.0,1411.25,1411.57,0.31999999999993634,0.00022674933569526046,0.241125,1.3271124935196945
kmouflage-kmimic,5_Kmimic_2_lensedCls.dat,2964,2,2964.0,1411.9,1412.21,0.30999999999994543,0.00021956229194698308,0.24119000000000002,1.2852937518136962
kmouflage-kmimic,5_Kmimic_2_lensedCls.dat,2965,2,2965.0,1412.54,1412.86,0.31999999999993634,0.0002265422572103702,0.241254,1.326402878293982
kmouflage-kmimic,5_Kmimic_2_lensedCls.dat,2966,2,2966.0,1413.17,1413.49,0.31999999999993634,0.00022644126325915235,0.24131700000000003,1.3260565977528989
kmouflage-kmimic,5_Kmimic_2_lensedCls.dat,2967,2,2967.0,1413.81,1414.13,0.3200000000001637,0.0002263387583905643,0.241381,1.3257050057799233
kmouflage-kmimic,5_Kmimic_2_lensedCls.dat,2968,2,2968.0,1414.43,1414.75,0.31999999999993634,0.000226239545258469,0.24144300000000002,1.3253645788030148
kmouflage-kmimic,5_Kmimic_2_lensedCls.dat,2969,2,2969.0,1415.06,1415.38,0.3200000000001637,0.00022613882096883788,0.241506,1.3250188401123106
kmouflage-kmimic,5_Kmimic_2_lensedCls.dat,2970,2,2970.0,1415.68,1416.0,0.31999999999993634,0.00022603978300176334,0.241568,1.324678765399127
kmouflage-kmimic,5_Kmimic_2_lensedCls.dat,2971,2,2971.0,1416.29,1416.61,0.31999999999993634,0.00022594242704526357,0.241629,1.3243443460840227
kmouflage-kmimic,5_Kmimic_2_lensedCls.dat,2972,2,2972.0,1416.9,1417.21,0.30999999999994543,0.00021878749382450802,0.24169000000000002,1.2826347800899722
kmouflage-kmimic,5_Kmimic_2_lensedCls.dat,2973,2,2973.0,1417.5,1417.81,0.30999999999994543,0.00021869488536151353,0.24175000000000002,1.282316442605772
kmouflage-kmimic,5_Kmimic_2_lensedCls.dat,2974,2,2974.0,1418.09,1418.41,0.3200000000001637,0.00022565563539702257,0.241809,1.3233585185008157
kmouflage-kmimic,5_Kmimic_2_lensedCls.dat,2975,2,2975.0,1418.67,1418.99,0.31999999999993634,0.00022556337978524697,0.24186700000000003,1.323041175521821
kmouflage-kmimic,5_Kmimic_2_lensedCls.dat,2976,2,2976.0,1419.25,1419.57,0.31999999999993634,0.00022547119957719663,0.241925,1.3227239847057408
kmouflage-kmimic,5_Kmimic_2_lensedCls.dat,2977,2,2977.0,1419.82,1420.13,0.3100000000001728,0.00021833753574408926,0.241982,1.281087023002425
kmouflage-kmimic,5_Kmimic_2_lensedCls.dat,2978,2,2978.0,1420.37,1420.69,0.3200000000001637,0.00022529340946384656,0.242037,1.3221119085105324
kmouflage-kmimic,5_Kmimic_2_lensedCls.dat,2979,2,2979.0,1420.92,1421.24,0.31999999999993634,0.00022520620443088724,0.24209200000000003,1.3218115427190336
kmouflage-kmimic,5_Kmimic_2_lensedCls.dat,2980,2,2980.0,1421.46,1421.78,0.31999999999993634,0.00022512065059863544,0.24214600000000003,1.3215167708735074
kmouflage-kmimic,5_Kmimic_2_lensedCls.dat,2981,2,2981.0,1421.99,1422.3,0.30999999999994543,0.00021800434602208555,0.24219900000000003,1.2799392235308378
kmouflage-kmimic,5_Kmimic_2_lensedCls.dat,2982,2,2982.0,1422.5,1422.82,0.31999999999993634,0.00022495606326884804,0.24225000000000002,1.3209494324042779
kmouflage-kmimic,5_Kmimic_2_lensedCls.dat,2983,2,2983.0,1423.01,1423.32,0.30999999999994543,0.00021784808258546703,0.24230100000000002,1.279400415185845
kmouflage-kmimic,5_Kmimic_2_lensedCls.dat,2984,2,2984.0,1423.5,1423.81,0.30999999999994543,0.00021777309448538492,0.24235,1.279141737156779
kmouflage-kmimic,5_Kmimic_2_lensedCls.dat,2985,2,2985.0,1423.97,1424.29,0.31999999999993634,0.00022472383547401725,0.242397,1.3201483516707564
kmouflage-kmimic,5_Kmimic_2_lensedCls.dat,2986,2,2986.0,1424.44,1424.76,0.31999999999993634,0.00022464968689445418,0.24244400000000002,1.3198924287667928
kmouflage-kmimic,5_Kmimic_2_lensedCls.dat,2987,2,2987.0,1424.89,1425.21,0.31999999999993634,0.00022457873941141864,0.242489,1.3196474891641943
kmouflage-kmimic,5_Kmimic_2_lensedCls.dat,2988,2,2988.0,1425.34,1425.65,0.3100000000001728,0.00021749196682908838,0.242534,1.2781713079410426
kmouflage-kmimic,5_Kmimic_2_lensedCls.dat,2989,2,2989.0,1425.77,1426.08,0.30999999999994543,0.0002174263731176455,0.24257700000000001,1.2779447350735866
kmouflage-kmimic,5_Kmimic_2_lensedCls.dat,2990,2,2990.0,1426.18,1426.5,0.31999999999993634,0.00022437560476232756,0.24261800000000003,1.3189458325430772
kmouflage-kmimic,5_Kmimic_2_lensedCls.dat,2991,2,2991.0,1426.59,1426.91,0.3200000000001637,0.00022431111952289287,0.242659,1.3187229816333361
kmouflage-kmimic,5_Kmimic_2_lensedCls.dat,2992,2,2992.0,1426.99,1427.3,0.30999999999994543,0.00021724048521709713,0.24269900000000003,1.2773023374630526
kmouflage-kmimic,5_Kmimic_2_lensedCls.dat,2993,2,2993.0,1427.38,1427.69,0.30999999999994543,0.00021718112906159916,0.24273800000000004,1.277097117056025
kmouflage-kmimic,5_Kmimic_2_lensedCls.dat,2994,2,2994.0,1427.76,1428.07,0.30999999999994543,0.00021712332604915773,0.24277600000000002,1.2768972221304635
kmouflage-kmimic,5_Kmimic_2_lensedCls.dat,2995,2,2995.0,1428.13,1428.44,0.30999999999994543,0.00021706707372574303,0.24281300000000003,1.2767026477163306
kmouflage-kmimic,5_Kmimic_2_lensedCls.dat,2996,2,2996.0,1428.5,1428.81,0.30999999999994543,0.00021701085054248894,0.24285,1.2765081325919103
kmouflage-kmimic,5_Kmimic_2_lensedCls.dat,2997,2,2997.0,1428.86,1429.18,0.3200000000001637,0.00022395476113836466,0.242886,1.3174905099518446
kmouflage-kmimic,5_Kmimic_2_lensedCls.dat,2998,2,2998.0,1429.23,1429.54,0.30999999999994543,0.00021690000909576864,0.24292300000000003,1.276124533288101
kmouflage-kmimic,5_Kmimic_2_lensedCls.dat,2999,2,2999.0,1429.6,1429.91,0.3100000000001728,0.00021684387241198435,0.24296,1.275930194271373
kmouflage-kmimic,5_Kmimic_2_lensedCls.dat,3000,2,3000.0,1429.97,1430.28,0.30999999999994543,0.0002167877647782439,0.24299700000000002,1.275735914434933
kmouflage-kmimic,5_Kmimic_2_lensedCls.dat,3001,2,3001.0,1430.34,1430.66,0.3200000000001637,0.00022372303088787543,0.243034,1.3166882000056113
kmouflage-kmimic,5_Kmimic_2_lensedCls.dat,3002,2,3002.0,1430.72,1431.03,0.30999999999994543,0.0002166741221202929,0.243072,1.2753422854131509
kmouflage-kmimic,5_Kmimic_2_lensedCls.dat,3003,2,3003.0,1431.1,1431.41,0.3100000000001728,0.0002166165886382313,0.24311,1.2751429394108544
kmouflage-kmimic,5_Kmimic_2_lensedCls.dat,3004,2,3004.0,1431.46,1431.78,0.31999999999993634,0.0002235479859723194,0.24314600000000003,1.316081695771003
kmouflage-kmimic,5_Kmimic_2_lensedCls.dat,3005,2,3005.0,1431.82,1432.13,0.3100000000001728,0.0002165076615776933,0.243182,1.2747654020452697
kmouflage-kmimic,5_Kmimic_2_lensedCls.dat,3006,2,3006.0,1432.16,1432.47,0.30999999999994543,0.000216456261870144,0.24321600000000002,1.2745871982104195
kmouflage-kmimic,5_Kmimic_2_lensedCls.dat,3007,2,3007.0,1432.48,1432.8,0.31999999999993634,0.0002233888082206637,0.24324800000000002,1.3155298296386253
kmouflage-kmimic,5_Kmimic_2_lensedCls.dat,3008,2,3008.0,1432.78,1433.09,0.30999999999994543,0.00021636259579275636,0.24327800000000002,1.2742623665105164
kmouflage-kmimic,5_Kmimic_2_lensedCls.dat,3009,2,3009.0,1433.05,1433.37,0.31999999999993634,0.0002232999546421523,0.24330500000000002,1.3152216353956405
kmouflage-kmimic,5_Kmimic_2_lensedCls.dat,3010,2,3010.0,1433.3,1433.61,0.30999999999994543,0.0002162840996301859,0.24333000000000002,1.2739900546580587
kmouflage-kmimic,5_Kmimic_2_lensedCls.dat,3011,2,3011.0,1433.51,1433.82,0.30999999999994543,0.00021625241539992426,0.243351,1.2738801155530302
kmouflage-kmimic,5_Kmimic_2_lensedCls.dat,3012,2,3012.0,1433.69,1434.0,0.30999999999994543,0.0002162252648759114,0.24336900000000003,1.273785897135401
kmouflage-kmimic,5_Kmimic_2_lensedCls.dat,3013,2,3013.0,1433.83,1434.14,0.3100000000001728,0.00021620415251471432,0.24338300000000002,1.2737126257798317
kmouflage-kmimic,5_Kmimic_2_lensedCls.dat,3014,2,3014.0,1433.93,1434.24,0.30999999999994543,0.0002161890747804603,0.24339300000000003,1.2736602942563895
kmouflage-kmimic,5_Kmimic_2_lensedCls.dat,3015,2,3015.0,1433.99,1434.3,0.30999999999994543,0.00021618002914939813,0.243399,1.2736288974069139
kmouflage-kmimic,5_Kmimic_2_lensedCls.dat,3016,2,3016.0,1434.01,1434.32,0.30999999999994543,0.00021617701410725547,0.243401,1.2736184321344013
kmouflage-kmimic,5_Kmimic_2_lensedCls.dat,3017,2,3017.0,1433.98,1434.29,0.30999999999994543,0.000216181536702008,0.243398,1.273634130107665
kmouflage-kmimic,5_Kmimic_2_lensedCls.dat,3018,2,3018.0,1433.91,1434.22,0.30999999999994543,0.00021619209015903747,0.24339100000000002,1.2736707602168749
kmouflage-kmimic,5_Kmimic_2_lensedCls.dat,3019,2,3019.0,1433.79,1434.1,0.30999999999994543,0.00021621018419708984,0.243379,1.2737335595920167
kmouflage-kmimic,5_Kmimic_2_lensedCls.dat,3020,2,3020.0,1433.63,1433.94,0.30999999999994543,0.0002162343142930501,0.24336300000000002,1.2738173017260035
kmouflage-kmimic,5_Kmimic_2_lensedCls.dat,3021,2,3021.0,1433.41,1433.72,0.30999999999994543,0.00021626750197078674,0.24334100000000003,1.2739324651412849
kmouflage-kmimic,5_Kmimic_2_lensedCls.dat,3022,2,3022.0,1433.15,1433.46,0.30999999999994543,0.0002163067369081711,0.24331500000000003,1.2740685942089283
kmouflage-kmimic,5_Kmimic_2_lensedCls.dat,3023,2,3023.0,1432.84,1433.14,0.3000000000001819,0.00020937438932482476,0.243284,1.2331267161020942
kmouflage-kmimic,5_Kmimic_2_lensedCls.dat,3024,2,3024.0,1432.47,1432.77,0.2999999999999545,0.0002094284697061401,0.24324700000000002,1.2333142854791816
kmouflage-kmimic,5_Kmimic_2_lensedCls.dat,3025,2,3025.0,1432.05,1432.35,0.2999999999999545,0.0002094898921126738,0.243205,1.2335272712319012
kmouflage-kmimic,5_Kmimic_2_lensedCls.dat,3026,2,3026.0,1431.58,1431.88,0.3000000000001819,0.0002095586694422819,0.243158,1.2337656996692763
kmouflage-kmimic,5_Kmimic_2_lensedCls.dat,3027,2,3027.0,1431.05,1431.36,0.30999999999994543,0.00021662415708741513,0.24310500000000002,1.2751691655866617
kmouflage-kmimic,5_Kmimic_2_lensedCls.dat,3028,2,3028.0,1430.47,1430.78,0.30999999999994543,0.00021671198976556336,0.243047,1.2754734680944237
kmouflage-kmimic,5_Kmimic_2_lensedCls.dat,3029,2,3029.0,1429.84,1430.14,0.3000000000001819,0.00020981368544745,0.242984,1.2346491950094733
kmouflage-kmimic,5_Kmimic_2_lensedCls.dat,3030,2,3030.0,1429.15,1429.45,0.2999999999999545,0.0002099149844312735,0.24291500000000002,1.2349998970831546
kmouflage-kmimic,5_Kmimic_2_lensedCls.dat,3031,2,3031.0,1428.4,1428.7,0.2999999999999545,0.00021002520302433107,0.24284000000000003,1.2353813210342386
kmouflage-kmimic,5_Kmimic_2_lensedCls.dat,3032,2,3032.0,1427.59,1427.89,0.3000000000001819,0.0002101443691817552,0.242759,1.235793523618823
kmouflage-kmimic,5_Kmimic_2_lensedCls.dat,3033,2,3033.0,1426.72,1427.02,0.2999999999999545,0.00021027251317704563,0.24267200000000003,1.2362365662291261
kmouflage-kmimic,5_Kmimic_2_lensedCls.dat,3034,2,3034.0,1425.79,1426.09,0.2999999999999545,0.00021040966762282982,0.24257900000000002,1.2367105149248472
kmouflage-kmimic,5_Kmimic_2_lensedCls.dat,3035,2,3035.0,1424.8,1425.09,0.2899999999999636,0.0002035373385738094,0.24248,1.1959749257669234
kmouflage-kmimic,5_Kmimic_2_lensedCls.dat,3036,2,3036.0,1423.74,1424.04,0.2999999999999545,0.00021071263011501716,0.242374,1.2377565250396267
kmouflage-kmimic,5_Kmimic_2_lensedCls.dat,3037,2,3037.0,1422.62,1422.91,0.290000000000191,0.00020384923591696379,0.242262,1.197051126467176
kmouflage-kmimic,5_Kmimic_2_lensedCls.dat,3038,2,3038.0,1421.43,1421.72,0.2899999999999636,0.0002040198954573659,0.24214300000000002,1.1976394114220257
kmouflage-kmimic,5_Kmimic_2_lensedCls.dat,3039,2,3039.0,1420.16,1420.45,0.2899999999999636,0.00020420234339790138,0.242016,1.1982678831150155
kmouflage-kmimic,5_Kmimic_2_lensedCls.dat,3040,2,3040.0,1418.83,1419.11,0.2799999999999727,0.00019734570033053483,0.24188300000000001,1.1575844519870049
kmouflage-kmimic,5_Kmimic_2_lensedCls.dat,3041,2,3041.0,1417.41,1417.69,0.2799999999999727,0.00019754340663602818,0.241741,1.1582644234944535
kmouflage-kmimic,5_Kmimic_2_lensedCls.dat,3042,2,3042.0,1415.91,1416.2,0.2899999999999636,0.00020481527780717956,0.24159100000000003,1.2003758418151487
kmouflage-kmimic,5_Kmimic_2_lensedCls.dat,3043,2,3043.0,1414.33,1414.62,0.2899999999999636,0.0002050440844781371,0.241433,1.2011613988144272
kmouflage-kmimic,5_Kmimic_2_lensedCls.dat,3044,2,3044.0,1412.67,1412.95,0.2799999999999727,0.00019820623358602696,0.241267,1.160539982674683
kmouflage-kmimic,5_Kmimic_2_lensedCls.dat,3045,2,3045.0,1410.91,1411.19,0.2799999999999727,0.00019845348037789278,0.24109100000000003,1.1613871940469478
kmouflage-kmimic,5_Kmimic_2_lensedCls.dat,3046,2,3046.0,1409.05,1409.33,0.2799999999999727,0.00019871544657746194,0.240905,1.1622838878394914
kmouflage-kmimic,5_Kmimic_2_lensedCls.dat,3047,2,3047.0,1407.09,1407.37,0.2799999999999727,0.0001989922464092366,0.240709,1.1632302905166516
kmouflage-kmimic,5_Kmimic_2_lensedCls.dat,3048,2,3048.0,1405.03,1405.3,0.2699999999999818,0.0001921667153014397,0.24050300000000002,1.1226471187468838
kmouflage-kmimic,5_Kmimic_2_lensedCls.dat,3049,2,3049.0,1402.85,1403.12,0.2699999999999818,0.0001924653384182071,0.240285,1.1236656470440594
kmouflage-kmimic,5_Kmimic_2_lensedCls.dat,3050,2,3050.0,1400.56,1400.83,0.2699999999999818,0.00019278003084479195,0.24005600000000002,1.1247375612356358
kmouflage-kmimic,5_Kmimic_2_lensedCls.dat,3051,2,3051.0,1398.14,1398.41,0.2699999999999818,0.00019311370821232623,0.23981400000000003,1.125872551227125
kmouflage-kmimic,5_Kmimic_2_lensedCls.dat,3052,2,3052.0,1395.61,1395.87,0.2599999999999909,0.00018629846447072672,0.239561,1.0853185618693815
kmouflage-kmimic,5_Kmimic_2_lensedCls.dat,3053,2,3053.0,1392.96,1393.22,0.2599999999999909,0.00018665288306914118,0.239296,1.086520460016009
kmouflage-kmimic,5_Kmimic_2_lensedCls.dat,3054,2,3054.0,1390.21,1390.47,0.2599999999999909,0.00018702210457412254,0.239021,1.0877705306227943
kmouflage-kmimic,5_Kmimic_2_lensedCls.dat,3055,2,3055.0,1387.36,1387.61,0.25,0.00018019836235728292,0.238736,1.0471818242745123
kmouflage-kmimic,5_Kmimic_2_lensedCls.dat,3056,2,3056.0,1384.41,1384.67,0.2599999999999909,0.00018780563561372057,0.23844100000000001,1.0904164971627819
kmouflage-kmimic,5_Kmimic_2_lensedCls.dat,3057,2,3057.0,1381.38,1381.63,0.25,0.00018097844184800706,0.23813800000000002,1.0498114538628862
kmouflage-kmimic,5_Kmimic_2_lensedCls.dat,3058,2,3058.0,1378.26,1378.51,0.25,0.00018138812705875525,0.237826,1.0511886841640528
kmouflage-kmimic,5_Kmimic_2_lensedCls.dat,3059,2,3059.0,1375.06,1375.31,0.25,0.00018181024828007507,0.237506,1.0526049868213856
kmouflage-kmimic,5_Kmimic_2_lensedCls.dat,3060,2,3060.0,1371.79,1372.03,0.2400000000000091,0.00017495389235962436,0.237179,1.0118939703768424
kmouflage-kmimic,5_Kmimic_2_lensedCls.dat,3061,2,3061.0,1368.44,1368.68,0.2400000000000091,0.00017538218701587872,0.23684400000000003,1.0133252267315578
kmouflage-kmimic,5_Kmimic_2_lensedCls.dat,3062,2,3062.0,1365.03,1365.27,0.2400000000000091,0.00017582031164150905,0.23650300000000002,1.014786281780819
kmouflage-kmimic,5_Kmimic_2_lensedtotCls.dat,2438,2,2438.0,794.033,794.213,0.17999999999994998,0.00022669083022991483,0.17940330000000002,1.0033260257751666
kmouflage-kmimic,5_Kmimic_2_lensedtotCls.dat,2440,2,2440.0,795.823,796.003,0.18000000000006366,0.00022618094727101839,0.17958230000000003,1.0023259530592026
kmouflage-kmimic,5_Kmimic_2_lensedtotCls.dat,2441,2,2441.0,796.719,796.899,0.17999999999994998,0.00022592658139187086,0.1796719,1.0018261063635994
kmouflage-kmimic,5_Kmimic_2_lensedtotCls.dat,2442,2,2442.0,797.616,797.796,0.18000000000006366,0.0002256725040621849,0.17976160000000002,1.0013262009242443
kmouflage-kmimic,5_Kmimic_2_lensedtotCls.dat,2443,2,2443.0,798.513,798.693,0.17999999999994998,0.00022541899756165518,0.17985130000000002,1.0008267941346543
kmouflage-kmimic,5_Kmimic_2_lensedtotCls.dat,2444,2,2444.0,799.411,799.592,0.18100000000004002,0.00022641669929490593,0.17994110000000002,1.0058847033837184
kmouflage-kmimic,5_Kmimic_2_lensedtotCls.dat,2445,2,2445.0,800.311,800.492,0.18099999999992633,0.00022616207949150558,0.1800311,1.0053818479136456
kmouflage-kmimic,5_Kmimic_2_lensedtotCls.dat,2446,2,2446.0,801.21,801.392,0.18200000000001637,0.00022715642590583786,0.18012100000000003,1.0104318763498779
kmouflage-kmimic,5_Kmimic_2_lensedtotCls.dat,2447,2,2447.0,802.112,802.293,0.18100000000004002,0.00022565427272006904,0.18021120000000002,1.0043770864410204
kmouflage-kmimic,5_Kmimic_2_lensedtotCls.dat,2448,2,2448.0,803.014,803.196,0.18200000000001637,0.0002266461107776656,0.1803014,1.0094208919066427
kmouflage-kmimic,5_Kmimic_2_lensedtotCls.dat,2449,2,2449.0,803.917,804.099,0.18200000000001637,0.0002263915304689618,0.18039170000000002,1.00891559866677
kmouflage-kmimic,5_Kmimic_2_lensedtotCls.dat,2450,2,2450.0,804.822,805.004,0.18200000000001637,0.0002261369594767742,0.1804822,1.0084096935876024
kmouflage-kmimic,5_Kmimic_2_lensedtotCls.dat,2451,2,2451.0,805.727,805.91,0.18299999999999272,0.0002271240755243311,0.1805727,1.0134422313007045
kmouflage-kmimic,5_Kmimic_2_lensedtotCls.dat,2452,2,2452.0,806.634,806.817,0.18299999999999272,0.0002268686913767492,0.18066340000000003,1.0129334441840057
kmouflage-kmimic,5_Kmimic_2_lensedtotCls.dat,2453,2,2453.0,807.542,807.725,0.18299999999999272,0.0002266136002833199,0.18075420000000003,1.0124246075609458
kmouflage-kmimic,5_Kmimic_2_lensedtotCls.dat,2454,2,2454.0,808.451,808.635,0.18399999999996908,0.00022759573554856024,0.1808451,1.0174453164612647
kmouflage-kmimic,5_Kmimic_2_lensedtotCls.dat,2455,2,2455.0,809.362,809.546,0.18400000000008276,0.00022733955881309325,0.1809362,1.0169330404865515
kmouflage-kmimic,5_Kmimic_2_lensedtotCls.dat,2456,2,2456.0,810.274,810.459,0.18499999999994543,0.00022831782829011598,0.1810274,1.0219447442759793
kmouflage-kmimic,5_Kmimic_2_lensedtotCls.dat,2457,2,2457.0,811.189,811.373,0.18400000000008276,0.00022682753341093478,0.1811189,1.015907230002406
kmouflage-kmimic,5_Kmimic_2_lensedtotCls.dat,2458,2,2458.0,812.104,812.288,0.18399999999996908,0.00022657196615208036,0.1812104,1.0153942599319303
kmouflage-kmimic,5_Kmimic_2_lensedtotCls.dat,2459,2,2459.0,813.02,813.205,0.18500000000005912,0.00022754667781857657,0.18130200000000002,1.0203969068187835
kmouflage-kmimic,5_Kmimic_2_lensedtotCls.dat,2460,2,2460.0,813.939,814.124,0.18500000000005912,0.0002272897600435157,0.1813939,1.0198799408362635
kmouflage-kmimic,5_Kmimic_2_lensedtotCls.dat,2461,2,2461.0,814.859,815.044,0.18499999999994543,0.00022703314315721546,0.18148590000000003,1.0193629367347292
kmouflage-kmimic,5_Kmimic_2_lensedtotCls.dat,2462,2,2462.0,815.78,815.966,0.18600000000003547,0.0002280026477727273,0.18157800000000002,1.0243531705384763
kmouflage-kmimic,5_Kmimic_2_lensedtotCls.dat,2463,2,2463.0,816.704,816.89,0.18600000000003547,0.0002277446908549921,0.1816704,1.023832170788612
kmouflage-kmimic,5_Kmimic_2_lensedtotCls.dat,2464,2,2464.0,817.629,817.815,0.18600000000003547,0.00022748703874255372,0.1817629,1.0233111377516284
kmouflage-kmimic,5_Kmimic_2_lensedtotCls.dat,2465,2,2465.0,818.556,818.743,0.18700000000001182,0.00022845107726290176,0.1818556,1.0282883782518208
kmouflage-kmimic,5_Kmimic_2_lensedtotCls.dat,2466,2,2466.0,819.485,819.672,0.18700000000001182,0.00022819209625558957,0.1819485,1.027763350618509
kmouflage-kmimic,5_Kmimic_2_lensedtotCls.dat,2467,2,2467.0,820.416,820.603,0.18699999999989814,0.00022793314611111695,0.18204160000000003,1.027237730276476
kmouflage-kmimic,5_Kmimic_2_lensedtotCls.dat,2468,2,2468.0,821.35,821.537,0.18700000000001182,0.0002276739514214547,0.182135,1.026710956158958
kmouflage-kmimic,5_Kmimic_2_lensedtotCls.dat,2469,2,2469.0,822.285,822.473,0.18799999999998818,0.00022863119234813742,0.18222850000000002,1.0316717747223303
kmouflage-kmimic,5_Kmimic_2_lensedtotCls.dat,2470,2,2470.0,823.222,823.41,0.18799999999998818,0.00022837096190333613,0.1823222,1.0311415724469548
kmouflage-kmimic,5_Kmimic_2_lensedtotCls.dat,2471,2,2471.0,824.162,824.35,0.18799999999998818,0.00022811049283998555,0.18241620000000003,1.0306102199255776
kmouflage-kmimic,5_Kmimic_2_lensedtotCls.dat,2472,2,2472.0,825.104,825.292,0.18799999999998818,0.00022785006496149355,0.18251040000000002,1.0300782859496673
kmouflage-kmimic,5_Kmimic_2_lensedtotCls.dat,2473,2,2473.0,826.048,826.237,0.18899999999996453,0.00022880026342290583,0.1826048,1.0350220804708556
kmouflage-kmimic,5_Kmimic_2_lensedtotCls.dat,2474,2,2474.0,826.994,827.183,0.18899999999996453,0.00022853853836903837,0.1826994,1.0344861559477727
kmouflage-kmimic,5_Kmimic_2_lensedtotCls.dat,2475,2,2475.0,827.944,828.133,0.18900000000007822,0.00022827630854270123,0.18279440000000002,1.0339485235875836
kmouflage-kmimic,5_Kmimic_2_lensedtotCls.dat,2476,2,2476.0,828.895,829.084,0.18899999999996453,0.00022801440471949348,0.1828895,1.0334108847143468
kmouflage-kmimic,5_Kmimic_2_lensedtotCls.dat,2477,2,2477.0,829.849,830.039,0.18999999999994088,0.00022895731633097211,0.1829849,1.0383370431108845
kmouflage-kmimic,5_Kmimic_2_lensedtotCls.dat,2478,2,2478.0,830.805,830.996,0.19100000000003092,0.00022989750904247198,0.1830805,1.043256927963551
kmouflage-kmimic,5_Kmimic_2_lensedtotCls.dat,2479,2,2479.0,831.765,831.955,0.19000000000005457,0.00022842990508142874,0.18317650000000002,1.0372509574102275
kmouflage-kmimic,5_Kmimic_2_lensedtotCls.dat,2480,2,2480.0,832.726,832.917,0.19100000000003092,0.0002293671627882772,0.1832726,1.0421634221374658
kmouflage-kmimic,5_Kmimic_2_lensedtotCls.dat,2481,2,2481.0,833.691,833.882,0.19099999999991724,0.00022910166956332408,0.1833691,1.04161497220588
kmouflage-kmimic,5_Kmimic_2_lensedtotCls.dat,2482,2,2482.0,834.659,834.85,0.19100000000003092,0.00022883596774255226,0.18346590000000002,1.041065396894087
kmouflage-kmimic,5_Kmimic_2_lensedtotCls.dat,2483,2,2483.0,835.629,835.821,0.19200000000000728,0.00022976703776437542,0.18356290000000003,1.045962991432404
kmouflage-kmimic,5_Kmimic_2_lensedtotCls.dat,2484,2,2484.0,836.602,836.794,0.19200000000000728,0.00022949980994547858,0.1836602,1.0454088583155592
kmouflage-kmimic,5_Kmimic_2_lensedtotCls.dat,2485,2,2485.0,837.578,837.77,0.19200000000000728,0.0002292323819393624,0.18375780000000003,1.0448536062143063
kmouflage-kmimic,5_Kmimic_2_lensedtotCls.dat,2486,2,2486.0,838.557,838.75,0.19299999999998363,0.00023015728209290916,0.1838557,1.049736287751664
kmouflage-kmimic,5_Kmimic_2_lensedtotCls.dat,2487,2,2487.0,839.539,839.732,0.19299999999998363,0.00022988806952385014,0.1839539,1.0491759076593843
kmouflage-kmimic,5_Kmimic_2_lensedtotCls.dat,2488,2,2488.0,840.524,840.718,0.19399999999995998,0.00023080840047394244,0.1840524,1.0540476516468136
kmouflage-kmimic,5_Kmimic_2_lensedtotCls.dat,2489,2,2489.0,841.512,841.705,0.19300000000009732,0.0002293490764244566,0.18415120000000001,1.0480518182889782
kmouflage-kmimic,5_Kmimic_2_lensedtotCls.dat,2490,2,2490.0,842.503,842.696,0.19299999999998363,0.000229079302981691,0.18425030000000003,1.0474881180653903
kmouflage-kmimic,5_Kmimic_2_lensedtotCls.dat,2491,2,2491.0,843.497,843.691,0.19400000000007367,0.00022999489031979211,0.1843497,1.0523477933518397
kmouflage-kmimic,5_Kmimic_2_lensedtotCls.dat,2492,2,2492.0,844.494,844.688,0.19399999999995998,0.00022972336097113773,0.1844494,1.0517789702756417
kmouflage-kmimic,5_Kmimic_2_lensedtotCls.dat,2493,2,2493.0,845.494,845.688,0.19399999999995998,0.00022945165784731764,0.18454940000000003,1.0512090529687983
kmouflage-kmimic,5_Kmimic_2_lensedtotCls.dat,2494,2,2494.0,846.497,846.692,0.19500000000005002,0.00023036112354804568,0.1846497,1.056053706017665
kmouflage-kmimic,5_Kmimic_2_lensedtotCls.dat,2495,2,2495.0,847.503,847.698,0.19499999999993634,0.0002300876811054785,0.18475030000000003,1.055478664986938
kmouflage-kmimic,5_Kmimic_2_lensedtotCls.dat,2496,2,2496.0,848.512,848.708,0.19600000000002638,0.00023099260823656754,0.1848512,1.0603122944293917
kmouflage-kmimic,5_Kmimic_2_lensedtotCls.dat,2497,2,2497.0,849.525,849.721,0.19600000000002638,0.00023071716547485522,0.18495250000000002,1.0597315526961049
kmouflage-kmimic,5_Kmimic_2_lensedtotCls.dat,2498,2,2498.0,850.54,850.736,0.19600000000002638,0.00023044183695067414,0.185054,1.0591503020741317
kmouflage-kmimic,5_Kmimic_2_lensedtotCls.dat,2499,2,2499.0,851.559,851.755,0.19600000000002638,0.00023016608361842972,0.1851559,1.0585674018490707
kmouflage-kmimic,5_Kmimic_2_lensedtotCls.dat,2500,2,2500.0,852.581,852.777,0.19600000000002638,0.0002298901805224681,0.1852581,1.0579834296045698
kmouflage-kmimic,5_Kmimic_2_lensedtotCls.dat,2501,2,2501.0,853.605,853.802,0.19700000000000273,0.00023078590214443767,0.1853605,1.0627938530593235
kmouflage-kmimic,5_Kmimic_2_lensedtotCls.dat,2502,2,2502.0,854.633,854.83,0.19700000000000273,0.00023050830005394446,0.1854633,1.0622047596478803
kmouflage-kmimic,5_Kmimic_2_lensedtotCls.dat,2503,2,2503.0,855.664,855.861,0.19700000000000273,0.0002302305577890419,0.18556640000000002,1.0616146026435966
kmouflage-kmimic,5_Kmimic_2_lensedtotCls.dat,2504,2,2504.0,856.698,856.896,0.19799999999997908,0.0002311199512546768,0.1856698,1.0664092921949562
kmouflage-kmimic,5_Kmimic_2_lensedtotCls.dat,2505,2,2505.0,857.735,857.933,0.19799999999997908,0.00023084052766877774,0.1857735,1.0658140154541906
kmouflage-kmimic,5_Kmimic_2_lensedtotCls.dat,2506,2,2506.0,858.775,858.973,0.19799999999997908,0.00023056097347964145,0.1858775,1.065217683689414
kmouflage-kmimic,5_Kmimic_2_lensedtotCls.dat,2507,2,2507.0,859.818,860.017,0.19900000000006912,0.00023144432891619986,0.1859818,1.0699971717666412
kmouflage-kmimic,5_Kmimic_2_lensedtotCls.dat,2508,2,2508.0,860.864,861.063,0.19899999999995543,0.00023116311054934975,0.1860864,1.0693957215570586
kmouflage-kmimic,5_Kmimic_2_lensedtotCls.dat,2509,2,2509.0,861.913,862.112,0.19899999999995543,0.00023088177112998113,0.1861913,1.0687932250322945
kmouflage-kmimic,5_Kmimic_2_lensedtotCls.dat,2510,2,2510.0,862.965,863.165,0.1999999999999318,0.00023175910958142193,0.18629650000000003,1.073557474240964
kmouflage-kmimic,5_Kmimic_2_lensedtotCls.dat,2511,2,2511.0,864.02,864.22,0.20000000000004547,0.00023147612323794065,0.186402,1.0729498610532369
kmouflage-kmimic,5_Kmimic_2_lensedtotCls.dat,2512,2,2512.0,865.078,865.278,0.20000000000004547,0.00023119302536886324,0.1865078,1.0723412103946617
kmouflage-kmimic,5_Kmimic_2_lensedtotCls.dat,2513,2,2513.0,866.139,866.34,0.20100000000002183,0.00023206436842126014,0.1866139,1.0770901846005139
kmouflage-kmimic,5_Kmimic_2_lensedtotCls.dat,2514,2,2514.0,867.203,867.404,0.20100000000002183,0.0002317796409837395,0.1867203,1.0764764195431447
kmouflage-kmimic,5_Kmimic_2_lensedtotCls.dat,2515,2,2515.0,868.27,868.471,0.20100000000002183,0.0002314948115217868,0.18682700000000002,1.0758616259963591
kmouflage-kmimic,5_Kmimic_2_lensedtotCls.dat,2516,2,2516.0,869.339,869.541,0.20199999999999818,0.00023236044857069356,0.18693390000000001,1.080595868379134
kmouflage-kmimic,5_Kmimic_2_lensedtotCls.dat,2517,2,2517.0,870.412,870.614,0.20199999999999818,0.00023207400633263117,0.18704120000000002,1.0799759625152008
kmouflage-kmimic,5_Kmimic_2_lensedtotCls.dat,2518,2,2518.0,871.488,871.69,0.20199999999999818,0.00023178747154292218,0.1871488,1.0793550372751424
kmouflage-kmimic,5_Kmimic_2_lensedtotCls.dat,2519,2,2519.0,872.566,872.769,0.20299999999997453,0.0002326471579226953,0.1872566,1.084073939182782
kmouflage-kmimic,5_Kmimic_2_lensedtotCls.dat,2520,2,2520.0,873.648,873.85,0.20199999999999818,0.00023121440213907452,0.1873648,1.0781107230386828
kmouflage-kmimic,5_Kmimic_2_lensedtotCls.dat,2521,2,2521.0,874.732,874.935,0.20299999999997453,0.00023207108005649107,0.1874732,1.082821437944061
kmouflage-kmimic,5_Kmimic_2_lensedtotCls.dat,2522,2,2522.0,875.819,876.023,0.20400000000006457,0.00023292483949316535,0.18758190000000002,1.087524969093844
kmouflage-kmimic,5_Kmimic_2_lensedtotCls.dat,2523,2,2523.0,876.909,877.113,0.20400000000006457,0.0002326353133564196,0.1876909,1.0868933976024655
kmouflage-kmimic,5_Kmimic_2_lensedtotCls.dat,2524,2,2524.0,878.003,878.207,0.2039999999999509,0.0002323454475667519,0.18780030000000003,1.0862602455904002
kmouflage-kmimic,5_Kmimic_2_lensedtotCls.dat,2525,2,2525.0,879.099,879.303,0.2039999999999509,0.0002320557752880516,0.18790990000000002,1.0856266753372275
kmouflage-kmimic,5_Kmimic_2_lensedtotCls.dat,2526,2,2526.0,880.198,880.402,0.20400000000006457,0.0002317660344605016,0.18801980000000001,1.0849921125331723
kmouflage-kmimic,5_Kmimic_2_lensedtotCls.dat,2527,2,2527.0,881.3,881.505,0.20500000000004093,0.0002326109156927731,0.18813000000000002,1.0896720352949605
kmouflage-kmimic,5_Kmimic_2_lensedtotCls.dat,2528,2,2528.0,882.405,882.61,0.20500000000004093,0.00023231962647541767,0.1882405,1.089032381448418
kmouflage-kmimic,5_Kmimic_2_lensedtotCls.dat,2529,2,2529.0,883.513,883.718,0.20499999999992724,0.00023202827802185958,0.1883513,1.0883917445747773
kmouflage-kmimic,5_Kmimic_2_lensedtotCls.dat,2530,2,2530.0,884.624,884.829,0.20499999999992724,0.0002317368735190626,0.18846240000000003,1.0877501294684098
kmouflage-kmimic,5_Kmimic_2_lensedtotCls.dat,2531,2,2531.0,885.737,885.944,0.20699999999999363,0.00023370368405067603,0.1885737,1.0977140502625427
kmouflage-kmimic,5_Kmimic_2_lensedtotCls.dat,2532,2,2532.0,886.854,887.061,0.20699999999999363,0.00023340933231399264,0.1886854,1.0970642137653133
kmouflage-kmimic,5_Kmimic_2_lensedtotCls.dat,2533,2,2533.0,887.974,888.181,0.20699999999999363,0.00023311493354534436,0.1887974,1.0964134039981146
kmouflage-kmimic,5_Kmimic_2_lensedtotCls.dat,2534,2,2534.0,889.098,889.305,0.20699999999999363,0.00023282022904111093,0.18890980000000002,1.0957610457477251
kmouflage-kmimic,5_Kmimic_2_lensedtotCls.dat,2535,2,2535.0,890.224,890.431,0.20699999999999363,0.00023252574632900665,0.18902240000000003,1.09510830462418
kmouflage-kmimic,5_Kmimic_2_lensedtotCls.dat,2536,2,2536.0,891.353,891.56,0.20699999999999363,0.0002322312260125827,0.1891353,1.094454604719445
kmouflage-kmimic,5_Kmimic_2_lensedtotCls.dat,2537,2,2537.0,892.485,892.693,0.20799999999997,0.00023305713821517447,0.18924850000000001,1.0990840085917193
kmouflage-kmimic,5_Kmimic_2_lensedtotCls.dat,2538,2,2538.0,893.62,893.829,0.20899999999994634,0.0002338801727803164,0.18936200000000003,1.1037061290013113
kmouflage-kmimic,5_Kmimic_2_lensedtotCls.dat,2539,2,2539.0,894.759,894.967,0.20799999999997,0.00023246483131208513,0.18947590000000003,1.097764940026515
kmouflage-kmimic,5_Kmimic_2_lensedtotCls.dat,2540,2,2540.0,895.9,896.109,0.20900000000006003,0.00023328496483989287,0.18959,1.1023788174484943
kmouflage-kmimic,5_Kmimic_2_lensedtotCls.dat,2541,2,2541.0,897.045,897.254,0.20900000000006003,0.00023298719685195285,0.1897045,1.1017134543464178
kmouflage-kmimic,5_Kmimic_2_lensedtotCls.dat,2542,2,2542.0,898.193,898.402,0.20900000000006003,0.0002326894108505188,0.18981930000000002,1.1010471537934234
kmouflage-kmimic,5_Kmimic_2_lensedtotCls.dat,2543,2,2543.0,899.344,899.553,0.20899999999994634,0.00023239160988447837,0.1899344,1.1003799206460037
kmouflage-kmimic,5_Kmimic_2_lensedtotCls.dat,2544,2,2544.0,900.498,900.708,0.2099999999999227,0.00023320429362410876,0.19004980000000002,1.104973538514235
kmouflage-kmimic,5_Kmimic_2_lensedtotCls.dat,2545,2,2545.0,901.655,901.865,0.21000000000003638,0.00023290504683059083,0.1901655,1.104301253382114
kmouflage-kmimic,5_Kmimic_2_lensedtotCls.dat,2546,2,2546.0,902.815,903.026,0.21099999999989905,0.00023371344073802388,0.19028150000000002,1.1088834174625437
kmouflage-kmimic,5_Kmimic_2_lensedtotCls.dat,2547,2,2547.0,903.979,904.19,0.21100000000001273,0.00023341250183910546,0.1903979,1.1082055001657725
kmouflage-kmimic,5_Kmimic_2_lensedtotCls.dat,2548,2,2548.0,905.145,905.356,0.21100000000001273,0.00023311182186280954,0.1905145,1.1075272485821956
kmouflage-kmimic,5_Kmimic_2_lensedtotCls.dat,2549,2,2549.0,906.315,906.526,0.21099999999989905,0.00023281088804653904,0.1906315,1.10684750421572
kmouflage-kmimic,5_Kmimic_2_lensedtotCls.dat,2550,2,2550.0,907.487,907.699,0.21199999999998909,0.00023361216193729396,0.1907487,1.1114099335931993
kmouflage-kmimic,5_Kmimic_2_lensedtotCls.dat,2551,2,2551.0,908.663,908.875,0.21199999999998909,0.00023330981893175917,0.19086630000000002,1.11072515158511
kmouflage-kmimic,5_Kmimic_2_lensedtotCls.dat,2552,2,2552.0,909.842,910.054,0.21199999999998909,0.0002330074892124007,0.1909842,1.1100394692335234
kmouflage-kmimic,5_Kmimic_2_lensedtotCls.dat,2553,2,2553.0,911.023,911.236,0.21299999999996544,0.0002338030982751977,0.1911023,1.11458627133198
kmouflage-kmimic,5_Kmimic_2_lensedtotCls.dat,2554,2,2554.0,912.208,912.421,0.21300000000007913,0.00023349937733508052,0.19122080000000002,1.1138955594792987
kmouflage-kmimic,5_Kmimic_2_lensedtotCls.dat,2555,2,2555.0,913.396,913.609,0.21300000000007913,0.00023319567854477043,0.1913396,1.1132039577801935
kmouflage-kmimic,5_Kmimic_2_lensedtotCls.dat,2556,2,2556.0,914.587,914.8,0.21299999999996544,0.00023289200480650332,0.1914587,1.1125114711421598
kmouflage-kmimic,5_Kmimic_2_lensedtotCls.dat,2557,2,2557.0,915.78,915.994,0.21400000000005548,0.00023368057830489364,0.19157800000000003,1.1170384908499695
kmouflage-kmimic,5_Kmimic_2_lensedtotCls.dat,2558,2,2558.0,916.977,917.191,0.21400000000005548,0.0002333755372272756,0.19169770000000003,1.1163409889636415
kmouflage-kmimic,5_Kmimic_2_lensedtotCls.dat,2559,2,2559.0,918.177,918.391,0.2139999999999418,0.00023307052997400478,0.1918177,1.115642612751283
kmouflage-kmimic,5_Kmimic_2_lensedtotCls.dat,2560,2,2560.0,919.379,919.594,0.21500000000003183,0.00023385350328866748,0.1919379,1.120153966465361
kmouflage-kmimic,5_Kmimic_2_lensedtotCls.dat,2561,2,2561.0,920.585,920.8,0.21499999999991815,0.00023354714665122517,0.19205850000000002,1.1194505840664075
kmouflage-kmimic,5_Kmimic_2_lensedtotCls.dat,2562,2,2562.0,921.793,922.009,0.21600000000000819,0.00023432592783847152,0.1921793,1.1239503942412539
kmouflage-kmimic,5_Kmimic_2_lensedtotCls.dat,2563,2,2563.0,923.004,923.22,0.21600000000000819,0.00023401848746051825,0.1923004,1.1232425933591828
kmouflage-kmimic,5_Kmimic_2_lensedtotCls.dat,2564,2,2564.0,924.218,924.434,0.21600000000000819,0.000233711094135808,0.1924218,1.1225339332654
kmouflage-kmimic,5_Kmimic_2_lensedtotCls.dat,2565,2,2565.0,925.435,925.651,0.21600000000000819,0.00023340375066861334,0.1925435,1.1218244188975903
kmouflage-kmimic,5_Kmimic_2_lensedtotCls.dat,2566,2,2566.0,926.654,926.871,0.21699999999998454,0.0002341758628355185,0.19266540000000001,1.126304982627833
kmouflage-kmimic,5_Kmimic_2_lensedtotCls.dat,2567,2,2567.0,927.876,928.093,0.21699999999998454,0.0002338674564273508,0.1927876,1.125591064985427
kmouflage-kmimic,5_Kmimic_2_lensedtotCls.dat,2568,2,2568.0,929.1,929.318,0.2179999999999609,0.00023463566892687642,0.19291000000000003,1.130060650043859
kmouflage-kmimic,5_Kmimic_2_lensedtotCls.dat,2569,2,2569.0,930.327,930.545,0.2179999999999609,0.0002343262100314845,0.1930327,1.1293423342260709
kmouflage-kmimic,5_Kmimic_2_lensedtotCls.dat,2570,2,2570.0,931.556,931.774,0.2179999999999609,0.00023401706392311454,0.1931556,1.1286237623965387
kmouflage-kmimic,5_Kmimic_2_lensedtotCls.dat,2571,2,2571.0,932.788,933.007,0.21899999999993724,0.00023478003576368612,0.19327880000000003,1.13307822689264
kmouflage-kmimic,5_Kmimic_2_lensedtotCls.dat,2572,2,2572.0,934.022,934.241,0.21899999999993724,0.00023446985188778984,0.19340220000000002,1.1323552679335458
kmouflage-kmimic,5_Kmimic_2_lensedtotCls.dat,2573,2,2573.0,935.259,935.478,0.21899999999993724,0.00023415973543150853,0.19352590000000003,1.1316314767167455
kmouflage-kmimic,5_Kmimic_2_lensedtotCls.dat,2574,2,2574.0,936.498,936.717,0.21899999999993724,0.00023384993881453802,0.1936498,1.1309074421968792
kmouflage-kmimic,5_Kmimic_2_lensedtotCls.dat,2575,2,2575.0,937.739,937.958,0.21899999999993724,0.00023354046275129566,0.1937739,1.1301831670825495
kmouflage-kmimic,5_Kmimic_2_lensedtotCls.dat,2576,2,2576.0,938.982,939.202,0.22000000000002728,0.00023429629108974112,0.19389820000000002,1.1346159995297906
kmouflage-kmimic,5_Kmimic_2_lensedtotCls.dat,2577,2,2577.0,940.227,940.447,0.22000000000002728,0.00023398604805012756,0.1940227,1.1338879419780639
kmouflage-kmimic,5_Kmimic_2_lensedtotCls.dat,2578,2,2578.0,941.474,941.694,0.2199999999999136,0.00023367612913358584,0.19414740000000003,1.133159650862765
kmouflage-kmimic,5_Kmimic_2_lensedtotCls.dat,2579,2,2579.0,942.723,942.944,0.22100000000000364,0.00023442729200412384,0.1942723,1.1375785431067817
kmouflage-kmimic,5_Kmimic_2_lensedtotCls.dat,2580,2,2580.0,943.974,944.195,0.22100000000000364,0.00023411661761870944,0.1943974,1.136846480457062
kmouflage-kmimic,5_Kmimic_2_lensedtotCls.dat,2581,2,2581.0,945.227,945.448,0.22100000000000364,0.00023380627087461915,0.1945227,1.1361141913000572
kmouflage-kmimic,5_Kmimic_2_lensedtotCls.dat,2582,2,2582.0,946.481,946.703,0.22199999999998,0.00023455304438227496,0.1946481,1.1405197379269565
kmouflage-kmimic,5_Kmimic_2_lensedtotCls.dat,2583,2,2583.0,947.738,947.96,0.22199999999998,0.00023424195294478007,0.1947738,1.139783687538981
kmouflage-kmimic,5_Kmimic_2_lensedtotCls.dat,2584,2,2584.0,948.996,949.218,0.22199999999998,0.0002339314391209025,0.1948996,1.1390480021507483
kmouflage-kmimic,5_Kmimic_2_lensedtotCls.dat,2585,2,2585.0,950.256,950.478,0.22199999999998,0.00023362125574579901,0.19502560000000002,1.1383120985141437
kmouflage-kmimic,5_Kmimic_2_lensedtotCls.dat,2586,2,2586.0,951.517,951.74,0.22299999999995634,0.00023436260203438966,0.1951517,1.1427007809819558
kmouflage-kmimic,5_Kmimic_2_lensedtotCls.dat,2587,2,2587.0,952.78,953.003,0.22300000000007003,0.0002340519322404648,0.195278,1.1419617161178937
kmouflage-kmimic,5_Kmimic_2_lensedtotCls.dat,2588,2,2588.0,954.045,954.268,0.22300000000007003,0.00023374159499821293,0.1954045,1.1412224385828884
kmouflage-kmimic,5_Kmimic_2_lensedtotCls.dat,2589,2,2589.0,955.311,955.535,0.2239999999999327,0.0002344786148175125,0.1955311,1.1455978102712698
kmouflage-kmimic,5_Kmimic_2_lensedtotCls.dat,2590,2,2590.0,956.578,956.803,0.22500000000002274,0.00023521343790053998,0.1956578,1.1499669320621142
kmouflage-kmimic,5_Kmimic_2_lensedtotCls.dat,2591,2,2591.0,957.847,958.072,0.22500000000002274,0.00023490181626086706,0.1957847,1.1492215683862055
kmouflage-kmimic,5_Kmimic_2_lensedtotCls.dat,2592,2,2592.0,959.118,959.343,0.22499999999990905,0.00023459053004938813,0.19591180000000002,1.1484759978720476
kmouflage-kmimic,5_Kmimic_2_lensedtotCls.dat,2593,2,2593.0,960.39,960.615,0.22500000000002274,0.00023427982382159617,0.19603900000000002,1.1477308086657385
kmouflage-kmimic,5_Kmimic_2_lensedtotCls.dat,2594,2,2594.0,961.663,961.889,0.2259999999999991,0.0002350095615615856,0.19616630000000002,1.1520837167240197
kmouflage-kmimic,5_Kmimic_2_lensedtotCls.dat,2595,2,2595.0,962.938,963.164,0.2259999999999991,0.00023469839179677103,0.19629380000000002,1.1513353962274868
kmouflage-kmimic,5_Kmimic_2_lensedtotCls.dat,2596,2,2596.0,964.214,964.441,0.22699999999997544,0.00023542491604558265,0.19642140000000002,1.155678556409716
kmouflage-kmimic,5_Kmimic_2_lensedtotCls.dat,2597,2,2597.0,965.492,965.718,0.2259999999999991,0.00023407754802732606,0.1965492,1.149839327761187
kmouflage-kmimic,5_Kmimic_2_lensedtotCls.dat,2598,2,2598.0,966.771,966.998,0.22700000000008913,0.0002348022437579211,0.1966771,1.154176058118048
kmouflage-kmimic,5_Kmimic_2_lensedtotCls.dat,2599,2,2599.0,968.051,968.278,0.22699999999997544,0.00023449177780920162,0.1968051,1.1534253939556212
kmouflage-kmimic,5_Kmimic_2_lensedtotCls.dat,2600,2,2600.0,969.333,969.56,0.22699999999997544,0.0002341816486181482,0.1969333,1.152674534982024
kmouflage-kmimic,5_Kmimic_2_lensedtotCls.dat,2601,2,2601.0,970.616,970.844,0.22800000000006548,0.00023490237127768912,0.1970616,1.1569986237809167
kmouflage-kmimic,5_Kmimic_2_lensedtotCls.dat,2602,2,2602.0,971.901,972.129,0.22800000000006548,0.00023459179484336932,0.1971901,1.1562446593417492
kmouflage-kmimic,5_Kmimic_2_lensedtotCls.dat,2603,2,2603.0,973.187,973.415,0.2279999999999518,0.00023428179784558547,0.1973187,1.15549109131548
kmouflage-kmimic,5_Kmimic_2_lensedtotCls.dat,2604,2,2604.0,974.474,974.703,0.22899999999992815,0.0002349985735893704,0.1974474,1.1598025600738635
kmouflage-kmimic,5_Kmimic_2_lensedtotCls.dat,2605,2,2605.0,975.763,975.992,0.22899999999992815,0.00023468813636090744,0.1975763,1.159045897711052
kmouflage-kmimic,5_Kmimic_2_lensedtotCls.dat,2606,2,2606.0,977.053,977.283,0.2300000000000182,0.00023540176428506763,0.19770530000000003,1.1633476694859377
kmouflage-kmimic,5_Kmimic_2_lensedtotCls.dat,2607,2,2607.0,978.345,978.575,0.2300000000000182,0.0002350908932943064,0.19783450000000002,1.1625879207115957
kmouflage-kmimic,5_Kmimic_2_lensedtotCls.dat,2608,2,2608.0,979.638,979.868,0.2300000000000182,0.00023478060263078625,0.19796380000000002,1.1618285767398795
kmouflage-kmimic,5_Kmimic_2_lensedtotCls.dat,2609,2,2609.0,980.933,981.163,0.2300000000000182,0.00023447065192018027,0.19809330000000003,1.1610690518054783
kmouflage-kmimic,5_Kmimic_2_lensedtotCls.dat,2610,2,2610.0,982.229,982.46,0.23099999999999454,0.0002351793726310204,0.19822290000000004,1.1653547597174418
kmouflage-kmimic,5_Kmimic_2_lensedtotCls.dat,2611,2,2611.0,983.527,983.757,0.2299999999999045,0.00023385224808256864,0.19835270000000002,1.1595506388362975
kmouflage-kmimic,5_Kmimic_2_lensedtotCls.dat,2612,2,2612.0,984.826,985.057,0.23099999999999454,0.00023455920132083692,0.1984826,1.1638299780433878
kmouflage-kmimic,5_Kmimic_2_lensedtotCls.dat,2613,2,2613.0,986.126,986.358,0.2319999999999709,0.00023526405347792362,0.19861260000000003,1.1681031314225325
kmouflage-kmimic,5_Kmimic_2_lensedtotCls.dat,2614,2,2614.0,987.428,987.66,0.2319999999999709,0.00023495383967233146,0.1987428,1.167337885950942
kmouflage-kmimic,5_Kmimic_2_lensedtotCls.dat,2615,2,2615.0,988.732,988.964,0.23200000000008458,0.00023464396823414695,0.19887320000000003,1.1665724692924162
kmouflage-kmimic,5_Kmimic_2_lensedtotCls.dat,2616,2,2616.0,990.037,990.269,0.2319999999999709,0.00023433467638075232,0.1990037,1.165807469911217
kmouflage-kmimic,5_Kmimic_2_lensedtotCls.dat,2617,2,2617.0,991.344,991.576,0.2319999999999709,0.00023402572669020127,0.19913440000000002,1.1650423030876176
kmouflage-kmimic,5_Kmimic_2_lensedtotCls.dat,2618,2,2618.0,992.652,992.884,0.2319999999999709,0.00023371735512543257,0.19926520000000003,1.1642775557396416
kmouflage-kmimic,5_Kmimic_2_lensedtotCls.dat,2619,2,2619.0,993.961,994.194,0.23299999999994725,0.0002344156360259077,0.19939610000000002,1.1685283714172305
kmouflage-kmimic,5_Kmimic_2_lensedtotCls.dat,2620,2,2620.0,995.272,995.505,0.23299999999994725,0.0002341068572208876,0.19952720000000002,1.1677605860250995
kmouflage-kmimic,5_Kmimic_2_lensedtotCls.dat,2621,2,2621.0,996.584,996.818,0.2340000000000373,0.0002348020839187036,0.1996584,1.1720017790387847
kmouflage-kmimic,5_Kmimic_2_lensedtotCls.dat,2622,2,2622.0,997.898,998.132,0.2339999999999236,0.00023449290408430882,0.19978980000000002,1.1712309637425113
kmouflage-kmimic,5_Kmimic_2_lensedtotCls.dat,2623,2,2623.0,999.213,999.447,0.2340000000000373,0.0002341843030465349,0.19992130000000002,1.1704605762369356
kmouflage-kmimic,5_Kmimic_2_lensedtotCls.dat,2624,2,2624.0,1000.53,1000.76,0.2300000000000182,0.0002298781645727946,0.200053,1.1496953307374456
kmouflage-kmimic,5_Kmimic_2_lensedtotCls.dat,2625,2,2625.0,1001.85,1002.08,0.2300000000000182,0.00022957528572143353,0.200185,1.148937233059511
kmouflage-kmimic,5_Kmimic_2_lensedtotCls.dat,2626,2,2626.0,1003.17,1003.4,0.2300000000000182,0.00022927320394351724,0.20031700000000002,1.1481801344869291
kmouflage-kmimic,5_Kmimic_2_lensedtotCls.dat,2627,2,2627.0,1004.49,1004.72,0.2300000000000182,0.0002289719160967438,0.20044900000000002,1.147424033045903
kmouflage-kmimic,5_Kmimic_2_lensedtotCls.dat,2628,2,2628.0,1005.81,1006.04,0.2300000000000182,0.00022867141905530687,0.200581,1.1466689267678303
kmouflage-kmimic,5_Kmimic_2_lensedtotCls.dat,2629,2,2629.0,1007.13,1007.37,0.2400000000000091,0.00023830091447976835,0.20071300000000003,1.1957371968931214
kmouflage-kmimic,5_Kmimic_2_lensedtotCls.dat,2630,2,2630.0,1008.45,1008.69,0.2400000000000091,0.00023798899300908234,0.200845,1.1949513306281416
kmouflage-kmimic,5_Kmimic_2_lensedtotCls.dat,2631,2,2631.0,1009.78,1010.01,0.2300000000000182,0.00022777238606430924,0.200978,1.1444038650997532
kmouflage-kmimic,5_Kmimic_2_lensedtotCls.dat,2632,2,2632.0,1011.1,1011.34,0.2400000000000091,0.00023736524577194055,0.20111,1.1933767589876638
kmouflage-kmimic,5_Kmimic_2_lensedtotCls.dat,2633,2,2633.0,1012.43,1012.67,0.2400000000000091,0.0002370534259158748,0.201243,1.192588065174983
kmouflage-kmimic,5_Kmimic_2_lensedtotCls.dat,2634,2,2634.0,1013.75,1013.99,0.2400000000000091,0.00023674475955611255,0.20137500000000003,1.1918063314711809
kmouflage-kmimic,5_Kmimic_2_lensedtotCls.dat,2635,2,2635.0,1015.08,1015.32,0.2400000000000091,0.00023643456673366542,0.20150800000000002,1.1910197113762684
kmouflage-kmimic,5_Kmimic_2_lensedtotCls.dat,2636,2,2636.0,1016.41,1016.65,0.2400000000000091,0.00023612518570262895,0.20164100000000001,1.1902341289718315
kmouflage-kmimic,5_Kmimic_2_lensedtotCls.dat,2637,2,2637.0,1017.74,1017.98,0.2400000000000091,0.00023581661328041454,0.201774,1.1894495822058793
kmouflage-kmimic,5_Kmimic_2_lensedtotCls.dat,2638,2,2638.0,1019.07,1019.31,0.2399999999998954,0.00023550884630093653,0.201907,1.1886660690312638
kmouflage-kmimic,5_Kmimic_2_lensedtotCls.dat,2639,2,2639.0,1020.4,1020.64,0.2400000000000091,0.00023520188161506184,0.20204,1.187883587408479
kmouflage-kmimic,5_Kmimic_2_lensedtotCls.dat,2640,2,2640.0,1021.73,1021.97,0.2400000000000091,0.00023489571608938673,0.202173,1.1871021353000109
kmouflage-kmimic,5_Kmimic_2_lensedtotCls.dat,2641,2,2641.0,1023.06,1023.3,0.2400000000000091,0.000234590346607246,0.20230599999999999,1.1863217106759518
kmouflage-kmimic,5_Kmimic_2_lensedtotCls.dat,2642,2,2642.0,1024.39,1024.63,0.2400000000000091,0.00023428577006804935,0.20243900000000004,1.1855423115111665
kmouflage-kmimic,5_Kmimic_2_lensedtotCls.dat,2643,2,2643.0,1025.72,1025.96,0.2400000000000091,0.00023398198338728804,0.20257200000000003,1.1847639357858395
kmouflage-kmimic,5_Kmimic_2_lensedtotCls.dat,2644,2,2644.0,1027.05,1027.29,0.2400000000000091,0.00023367898349643067,0.20270500000000002,1.1839865814854547
kmouflage-kmimic,5_Kmimic_2_lensedtotCls.dat,2645,2,2645.0,1028.38,1028.63,0.25,0.00024310079931542814,0.20283800000000002,1.2325106735424327
kmouflage-kmimic,5_Kmimic_2_lensedtotCls.dat,2646,2,2646.0,1029.72,1029.96,0.2400000000000091,0.0002330730684069544,0.202972,1.1824291035217127
kmouflage-kmimic,5_Kmimic_2_lensedtotCls.dat,2647,2,2647.0,1031.05,1031.29,0.2400000000000091,0.0002327724164686573,0.203105,1.1816548090889396
kmouflage-kmimic,5_Kmimic_2_lensedtotCls.dat,2648,2,2648.0,1032.38,1032.62,0.23999999999978172,0.00023247253918109775,0.20323800000000003,1.1808815280596232
kmouflage-kmimic,5_Kmimic_2_lensedtotCls.dat,2649,2,2649.0,1033.71,1033.95,0.2400000000000091,0.00023217343355487428,0.20337100000000002,1.1801092584488893
kmouflage-kmimic,5_Kmimic_2_lensedtotCls.dat,2650,2,2650.0,1035.04,1035.28,0.2400000000000091,0.00023187509661463238,0.20350400000000002,1.179337998270349
kmouflage-kmimic,5_Kmimic_2_lensedtotCls.dat,2651,2,2651.0,1036.37,1036.61,0.2400000000000091,0.00023157752540116863,0.203637,1.1785677455472683
kmouflage-kmimic,5_Kmimic_2_lensedtotCls.dat,2652,2,2652.0,1037.7,1037.94,0.2400000000000091,0.00023128071697023136,0.20377,1.1777984983069592
kmouflage-kmimic,5_Kmimic_2_lensedtotCls.dat,2653,2,2653.0,1039.03,1039.27,0.2400000000000091,0.0002309846683926442,0.203903,1.17703025458188
kmouflage-kmimic,5_Kmimic_2_lensedtotCls.dat,2654,2,2654.0,1040.36,1040.6,0.2400000000000091,0.00023068937675420922,0.204036,1.1762630124096194
kmouflage-kmimic,5_Kmimic_2_lensedtotCls.dat,2655,2,2655.0,1041.69,1041.93,0.2400000000000091,0.00023039483915561165,0.20416900000000002,1.175496769832879
kmouflage-kmimic,5_Kmimic_2_lensedtotCls.dat,2656,2,2656.0,1043.02,1043.26,0.2400000000000091,0.00023010105271232487,0.204302,1.174731524899458
kmouflage-kmimic,5_Kmimic_2_lensedtotCls.dat,2657,2,2657.0,1044.34,1044.59,0.25,0.00023938564069172876,0.204434,1.2228885606112485
kmouflage-kmimic,5_Kmimic_2_lensedtotCls.dat,2658,2,2658.0,1045.67,1045.92,0.25,0.000239081163273308,0.204567,1.2220934950407447
kmouflage-kmimic,5_Kmimic_2_lensedtotCls.dat,2659,2,2659.0,1047.0,1047.24,0.2400000000000091,0.0002292263610315273,0.2047,1.1724474841231514
kmouflage-kmimic,5_Kmimic_2_lensedtotCls.dat,2660,2,2660.0,1048.32,1048.57,0.25,0.000238476800976801,0.20483200000000001,1.220512419934385
kmouflage-kmimic,5_Kmimic_2_lensedtotCls.dat,2661,2,2661.0,1049.65,1049.9,0.25,0.0002381746296384509,0.204965,1.2197204400751347
kmouflage-kmimic,5_Kmimic_2_lensedtotCls.dat,2662,2,2662.0,1050.97,1051.22,0.25,0.0002378754864553698,0.20509700000000003,1.2189354305523725
kmouflage-kmimic,5_Kmimic_2_lensedtotCls.dat,2663,2,2663.0,1052.3,1052.55,0.25,0.00023757483607336313,0.20523000000000002,1.2181454952979582
kmouflage-kmimic,5_Kmimic_2_lensedtotCls.dat,2664,2,2664.0,1053.62,1053.87,0.25,0.00023727719671228718,0.205362,1.2173625110779989
kmouflage-kmimic,5_Kmimic_2_lensedtotCls.dat,2665,2,2665.0,1054.95,1055.19,0.2400000000000091,0.00022749893359875738,0.205495,1.1679116280201907
kmouflage-kmimic,5_Kmimic_2_lensedtotCls.dat,2666,2,2666.0,1056.27,1056.52,0.25,0.00023668190898160508,0.205627,1.2157936457760896
kmouflage-kmimic,5_Kmimic_2_lensedtotCls.dat,2667,2,2667.0,1057.59,1057.84,0.25,0.00023638650138522492,0.205759,1.2150136810540486
kmouflage-kmimic,5_Kmimic_2_lensedtotCls.dat,2668,2,2668.0,1058.91,1059.16,0.25,0.00023609183027830502,0.20589100000000002,1.2142347164276242
kmouflage-kmimic,5_Kmimic_2_lensedtotCls.dat,2669,2,2669.0,1060.23,1060.48,0.25,0.00023579789291002895,0.206023,1.2134567499745172
kmouflage-kmimic,5_Kmimic_2_lensedtotCls.dat,2670,2,2670.0,1061.56,1061.81,0.25,0.00023550246806586535,0.206156,1.2126738974368925
kmouflage-kmimic,5_Kmimic_2_lensedtotCls.dat,2671,2,2671.0,1062.88,1063.13,0.25,0.00023520999548396808,0.20628800000000003,1.2118979291088186
kmouflage-kmimic,5_Kmimic_2_lensedtotCls.dat,2672,2,2672.0,1064.2,1064.45,0.25,0.00023491824844953956,0.20642000000000002,1.211122953202209
kmouflage-kmimic,5_Kmimic_2_lensedtotCls.dat,2673,2,2673.0,1065.52,1065.77,0.25,0.00023462722426608604,0.206552,1.2103489678144002
kmouflage-kmimic,5_Kmimic_2_lensedtotCls.dat,2674,2,2674.0,1066.84,1067.09,0.25,0.0002343369202504593,0.206684,1.2095759710475895
kmouflage-kmimic,5_Kmimic_2_lensedtotCls.dat,2675,2,2675.0,1068.16,1068.41,0.25,0.00023404733373277409,0.206816,1.2088039610088195
kmouflage-kmimic,5_Kmimic_2_lensedtotCls.dat,2676,2,2676.0,1069.48,1069.73,0.25,0.00023375846205632645,0.20694800000000002,1.2080329358099617
kmouflage-kmimic,5_Kmimic_2_lensedtotCls.dat,2677,2,2677.0,1070.8,1071.05,0.25,0.00023347030257751214,0.20708,1.2072628935677034
kmouflage-kmimic,5_Kmimic_2_lensedtotCls.dat,2678,2,2678.0,1072.12,1072.37,0.25,0.0002331828526657464,0.207212,1.2064938324035288
kmouflage-kmimic,5_Kmimic_2_lensedtotCls.dat,2679,2,2679.0,1073.43,1073.69,0.2599999999999909,0.0002422142105214042,0.207343,1.2539608281928538
kmouflage-kmimic,5_Kmimic_2_lensedtotCls.dat,2680,2,2680.0,1074.75,1075.01,0.2599999999999909,0.00024191672481971706,0.20747500000000002,1.2531630316905211
kmouflage-kmimic,5_Kmimic_2_lensedtotCls.dat,2681,2,2681.0,1076.07,1076.33,0.2599999999999909,0.00024161996896111864,0.20760699999999999,1.2523662496928858
kmouflage-kmimic,5_Kmimic_2_lensedtotCls.dat,2682,2,2682.0,1077.39,1077.65,0.2599999999999909,0.00024132394026303463,0.207739,1.2515704802660592
kmouflage-kmimic,5_Kmimic_2_lensedtotCls.dat,2683,2,2683.0,1078.71,1078.97,0.2599999999999909,0.00024102863605602145,0.20787100000000003,1.2507757214810669
kmouflage-kmimic,5_Kmimic_2_lensedtotCls.dat,2684,2,2684.0,1080.03,1080.29,0.2599999999999909,0.00024073405368368555,0.208003,1.24998197141383
kmouflage-kmimic,5_Kmimic_2_lensedtotCls.dat,2685,2,2685.0,1081.35,1081.61,0.2599999999999909,0.00024044019050260408,0.20813500000000001,1.2491892281451504
kmouflage-kmimic,5_Kmimic_2_lensedtotCls.dat,2686,2,2686.0,1082.67,1082.93,0.2599999999999909,0.00024014704388224565,0.20826700000000004,1.248397489760696
kmouflage-kmimic,5_Kmimic_2_lensedtotCls.dat,2687,2,2687.0,1083.99,1084.25,0.2599999999999909,0.00023985461120489202,0.208399,1.247606754350985
kmouflage-kmimic,5_Kmimic_2_lensedtotCls.dat,2688,2,2688.0,1085.31,1085.57,0.2599999999999909,0.00023956288986556,0.20853100000000002,1.2468170200113695
kmouflage-kmimic,5_Kmimic_2_lensedtotCls.dat,2689,2,2689.0,1086.63,1086.89,0.2599999999999909,0.0002392718772719241,0.20866300000000002,1.2460282848420223
kmouflage-kmimic,5_Kmimic_2_lensedtotCls.dat,2690,2,2690.0,1087.95,1088.21,0.2599999999999909,0.00023898157084424,0.208795,1.2452405469479197
kmouflage-kmimic,5_Kmimic_2_lensedtotCls.dat,2691,2,2691.0,1089.27,1089.53,0.2599999999999909,0.00023869196801526793,0.20892700000000003,1.2444538044388274
kmouflage-kmimic,5_Kmimic_2_lensedtotCls.dat,2692,2,2692.0,1090.6,1090.85,0.25,0.00022923161562442694,0.20906,1.1958289486271885
kmouflage-kmimic,5_Kmimic_2_lensedtotCls.dat,2693,2,2693.0,1091.92,1092.17,0.25,0.0002289545021613305,0.20919200000000002,1.1950743814295002
kmouflage-kmimic,5_Kmimic_2_lensedtotCls.dat,2694,2,2694.0,1093.24,1093.49,0.25,0.00022867805788299002,0.209324,1.1943207658940207
kmouflage-kmimic,5_Kmimic_2_lensedtotCls.dat,2695,2,2695.0,1094.56,1094.82,0.2599999999999909,0.0002375383715830936,0.209456,1.241310824230344
kmouflage-kmimic,5_Kmimic_2_lensedtotCls.dat,2696,2,2696.0,1095.88,1096.14,0.2599999999999909,0.00023725225389640368,0.20958800000000002,1.2405290379219749
kmouflage-kmimic,5_Kmimic_2_lensedtotCls.dat,2697,2,2697.0,1097.2,1097.46,0.2599999999999909,0.00023696682464454148,0.20972000000000002,1.2397482357428518
kmouflage-kmimic,5_Kmimic_2_lensedtotCls.dat,2698,2,2698.0,1098.52,1098.78,0.2599999999999909,0.00023668208134580246,0.209852,1.2389684158358791
kmouflage-kmimic,5_Kmimic_2_lensedtotCls.dat,2699,2,2699.0,1099.84,1100.1,0.2599999999999909,0.00023639802153039617,0.209984,1.2381895763486308
kmouflage-kmimic,5_Kmimic_2_lensedtotCls.dat,2700,2,2700.0,1101.17,1101.42,0.25,0.00022703124858105468,0.210117,1.1898132944978275
kmouflage-kmimic,5_Kmimic_2_lensedtotCls.dat,2701,2,2701.0,1102.49,1102.75,0.2599999999999909,0.00023582980344492095,0.21024900000000002,1.236628949483664
kmouflage-kmimic,5_Kmimic_2_lensedtotCls.dat,2702,2,2702.0,1103.81,1104.07,0.2599999999999909,0.00023554778449188802,0.21038099999999998,1.2358530475660394
kmouflage-kmimic,5_Kmimic_2_lensedtotCls.dat,2703,2,2703.0,1105.13,1105.39,0.2599999999999909,0.0002352664392424338,0.210513,1.235078118690964
kmouflage-kmimic,5_Kmimic_2_lensedtotCls.dat,2704,2,2704.0,1106.45,1106.71,0.2599999999999909,0.00023498576528536392,0.21064500000000003,1.2343041610291765
kmouflage-kmimic,5_Kmimic_2_lensedtotCls.dat,2705,2,2705.0,1107.77,1108.03,0.2599999999999909,0.0002347057602209763,0.210777,1.2335311727559977
kmouflage-kmimic,5_Kmimic_2_lensedtotCls.dat,2706,2,2706.0,1109.08,1109.35,0.2699999999999818,0.00024344501749195896,0.21090799999999998,1.2801790354087177
kmouflage-kmimic,5_Kmimic_2_lensedtotCls.dat,2707,2,2707.0,1110.4,1110.66,0.2599999999999909,0.00023414985590777278,0.21104,1.2319939347990472
kmouflage-kmimic,5_Kmimic_2_lensedtotCls.dat,2708,2,2708.0,1111.72,1111.98,0.2599999999999909,0.00023387183823264033,0.21117200000000003,1.2312238364934314
kmouflage-kmimic,5_Kmimic_2_lensedtotCls.dat,2709,2,2709.0,1113.04,1113.3,0.2599999999999909,0.00023359447998274178,0.211304,1.2304547003369124
kmouflage-kmimic,5_Kmimic_2_lensedtotCls.dat,2710,2,2710.0,1114.35,1114.62,0.2699999999999818,0.00024229371382418615,0.21143499999999998,1.276988199683032
kmouflage-kmimic,5_Kmimic_2_lensedtotCls.dat,2711,2,2711.0,1115.67,1115.93,0.2599999999999909,0.00023304382120160162,0.211567,1.2289251159206818
kmouflage-kmimic,5_Kmimic_2_lensedtotCls.dat,2712,2,2712.0,1116.98,1117.25,0.2699999999999818,0.0002417232179627046,0.211698,1.275401751551653
kmouflage-kmimic,5_Kmimic_2_lensedtotCls.dat,2713,2,2713.0,1118.3,1118.56,0.2599999999999909,0.00023249575248143693,0.21183000000000002,1.2273993296510923
kmouflage-kmimic,5_Kmimic_2_lensedtotCls.dat,2714,2,2714.0,1119.61,1119.87,0.2599999999999909,0.00023222372075989937,0.211961,1.2266407499492402
kmouflage-kmimic,5_Kmimic_2_lensedtotCls.dat,2715,2,2715.0,1120.92,1121.19,0.2699999999999818,0.00024087356814043981,0.212092,1.2730324576126484
kmouflage-kmimic,5_Kmimic_2_lensedtotCls.dat,2716,2,2716.0,1122.23,1122.5,0.2699999999999818,0.00024059239193390108,0.212223,1.2722466462163942
kmouflage-kmimic,5_Kmimic_2_lensedtotCls.dat,2717,2,2717.0,1123.54,1123.81,0.2699999999999818,0.0002403118714064313,0.212354,1.2714618043454884
kmouflage-kmimic,5_Kmimic_2_lensedtotCls.dat,2718,2,2718.0,1124.85,1125.12,0.2699999999999818,0.00024003200426721947,0.212485,1.2706779302067526
kmouflage-kmimic,5_Kmimic_2_lensedtotCls.dat,2719,2,2719.0,1126.16,1126.43,0.2699999999999818,0.0002397527882361137,0.21261600000000003,1.269895022011428
kmouflage-kmimic,5_Kmimic_2_lensedtotCls.dat,2720,2,2720.0,1127.47,1127.73,0.2599999999999909,0.00023060480544936086,0.21274700000000002,1.2221088899020474
kmouflage-kmimic,5_Kmimic_2_lensedtotCls.dat,2721,2,2721.0,1128.77,1129.04,0.2699999999999818,0.00023919841951857492,0.212877,1.268338054369339
kmouflage-kmimic,5_Kmimic_2_lensedtotCls.dat,2722,2,2722.0,1130.08,1130.34,0.2599999999999909,0.00023007220727735286,0.213008,1.22061143243442
kmouflage-kmimic,5_Kmimic_2_lensedtotCls.dat,2723,2,2723.0,1131.38,1131.65,0.2699999999999818,0.00023864660856651328,0.21313800000000002,1.2667848999239075
kmouflage-kmimic,5_Kmimic_2_lensedtotCls.dat,2724,2,2724.0,1132.68,1132.95,0.2699999999999818,0.00023837270897339213,0.213268,1.2660127163943105
kmouflage-kmimic,5_Kmimic_2_lensedtotCls.dat,2725,2,2725.0,1133.98,1134.25,0.2699999999999818,0.00023809943737983192,0.21339800000000003,1.2652414736782058
kmouflage-kmimic,5_Kmimic_2_lensedtotCls.dat,2726,2,2726.0,1135.28,1135.55,0.2699999999999818,0.00023782679162848093,0.213528,1.2644711700572375
kmouflage-kmimic,5_Kmimic_2_lensedtotCls.dat,2727,2,2727.0,1136.58,1136.85,0.2699999999999818,0.00023755476957185753,0.21365800000000001,1.2637018038172303
kmouflage-kmimic,5_Kmimic_2_lensedtotCls.dat,2728,2,2728.0,1137.88,1138.15,0.2699999999999818,0.0002372833690722939,0.21378800000000003,1.2629333732481793
kmouflage-kmimic,5_Kmimic_2_lensedtotCls.dat,2729,2,2729.0,1139.17,1139.44,0.2699999999999818,0.00023701466857447247,0.21391700000000002,1.2621717769040413
kmouflage-kmimic,5_Kmimic_2_lensedtotCls.dat,2730,2,2730.0,1140.47,1140.74,0.2699999999999818,0.00023674450007451472,0.21404700000000002,1.2614052053987292
kmouflage-kmimic,5_Kmimic_2_lensedtotCls.dat,2731,2,2731.0,1141.76,1142.03,0.2699999999999818,0.0002364770179372038,0.214176,1.260645450470556
kmouflage-kmimic,5_Kmimic_2_lensedtotCls.dat,2732,2,2732.0,1143.06,1143.33,0.2699999999999818,0.0002362080730670147,0.214306,1.2598807312906863
kmouflage-kmimic,5_Kmimic_2_lensedtotCls.dat,2733,2,2733.0,1144.35,1144.62,0.2699999999999818,0.0002359418010223986,0.214435,1.2591228111081765
kmouflage-kmimic,5_Kmimic_2_lensedtotCls.dat,2734,2,2734.0,1145.64,1145.91,0.2699999999999818,0.00023567612862677786,0.21456400000000003,1.2583658022780233
kmouflage-kmimic,5_Kmimic_2_lensedtotCls.dat,2735,2,2735.0,1146.93,1147.2,0.2699999999999818,0.0002354110538568019,0.21469300000000002,1.2576097031574471
kmouflage-kmimic,5_Kmimic_2_lensedtotCls.dat,2736,2,2736.0,1148.22,1148.5,0.2799999999999727,0.00024385570709443548,0.214822,1.3034046792226712
kmouflage-kmimic,5_Kmimic_2_lensedtotCls.dat,2737,2,2737.0,1149.52,1149.79,0.2699999999999818,0.0002348806458347674,0.214952,1.256094383862359
kmouflage-kmimic,5_Kmimic_2_lensedtotCls.dat,2738,2,2738.0,1150.81,1151.08,0.2699999999999818,0.000234617356470644,0.21508100000000002,1.2553410110608645
kmouflage-kmimic,5_Kmimic_2_lensedtotCls.dat,2739,2,2739.0,1152.09,1152.37,0.2799999999999727,0.0002430365683236316,0.21520899999999998,1.301060829240286
kmouflage-kmimic,5_Kmimic_2_lensedtotCls.dat,2740,2,2740.0,1153.38,1153.66,0.2799999999999727,0.0002427647436230667,0.21533800000000003,1.3002814180496367
kmouflage-kmimic,5_Kmimic_2_lensedtotCls.dat,2741,2,2741.0,1154.67,1154.95,0.2799999999999727,0.00024249352628887274,0.21546700000000002,1.2995029401252753
kmouflage-kmimic,5_Kmimic_2_lensedtotCls.dat,2742,2,2742.0,1155.96,1156.24,0.2799999999999727,0.000242222914287668,0.215596,1.298725393791966
kmouflage-kmimic,5_Kmimic_2_lensedtotCls.dat,2743,2,2743.0,1157.25,1157.53,0.2799999999999727,0.00024195290559513738,0.215725,1.2979487773784806
kmouflage-kmimic,5_Kmimic_2_lensedtotCls.dat,2744,2,2744.0,1158.54,1158.82,0.2799999999999727,0.00024168349819598178,0.215854,1.2971730892175857
kmouflage-kmimic,5_Kmimic_2_lensedtotCls.dat,2745,2,2745.0,1159.83,1160.11,0.2799999999999727,0.0002414146900838681,0.215983,1.296398327646031
kmouflage-kmimic,5_Kmimic_2_lensedtotCls.dat,2746,2,2746.0,1161.12,1161.4,0.2800000000002001,0.00024114647926157514,0.216112,1.29562449100559
kmouflage-kmimic,5_Kmimic_2_lensedtotCls.dat,2747,2,2747.0,1162.41,1162.69,0.2799999999999727,0.00024087886373996497,0.21624100000000002,1.294851577637787
kmouflage-kmimic,5_Kmimic_2_lensedtotCls.dat,2748,2,2748.0,1163.7,1163.98,0.2799999999999727,0.00024061184153989233,0.21637,1.2940795858944063
kmouflage-kmimic,5_Kmimic_2_lensedtotCls.dat,2749,2,2749.0,1164.99,1165.27,0.2799999999999727,0.0002403454106901971,0.216499,1.29330851412696
kmouflage-kmimic,5_Kmimic_2_lensedtotCls.dat,2750,2,2750.0,1166.29,1166.56,0.2699999999999818,0.0002315033139270523,0.21662900000000002,1.2463705228754312
kmouflage-kmimic,5_Kmimic_2_lensedtotCls.dat,2751,2,2751.0,1167.58,1167.86,0.2799999999999727,0.00023981226125830584,0.216758,1.2917631644505518
kmouflage-kmimic,5_Kmimic_2_lensedtotCls.dat,2752,2,2752.0,1168.87,1169.15,0.2800000000002001,0.00023954759725221806,0.216887,1.2909948498536108
kmouflage-kmimic,5_Kmimic_2_lensedtotCls.dat,2753,2,2753.0,1170.17,1170.44,0.2699999999999818,0.00023073570506847876,0.21701700000000002,1.2441421639778534
kmouflage-kmimic,5_Kmimic_2_lensedtotCls.dat,2754,2,2754.0,1171.46,1171.74,0.2799999999999727,0.00023901797756643224,0.217146,1.2894550210456224
kmouflage-kmimic,5_Kmimic_2_lensedtotCls.dat,2755,2,2755.0,1172.76,1173.04,0.2799999999999727,0.00023875302704728395,0.21727600000000002,1.2886835177376823
kmouflage-kmimic,5_Kmimic_2_lensedtotCls.dat,2756,2,2756.0,1174.06,1174.33,0.2699999999999818,0.0002299712110113468,0.217406,1.2419160464751746
kmouflage-kmimic,5_Kmimic_2_lensedtotCls.dat,2757,2,2757.0,1175.36,1175.63,0.2700000000002092,0.00022971685270913524,0.217536,1.2411738746699819
kmouflage-kmimic,5_Kmimic_2_lensedtotCls.dat,2758,2,2758.0,1176.65,1176.93,0.2799999999999727,0.00023796371053412034,0.21766500000000003,1.2863804470170799
kmouflage-kmimic,5_Kmimic_2_lensedtotCls.dat,2759,2,2759.0,1177.95,1178.23,0.2799999999999727,0.00023770109087819746,0.21779500000000002,1.2856126173694193
kmouflage-kmimic,5_Kmimic_2_lensedtotCls.dat,2760,2,2760.0,1179.25,1179.53,0.2799999999999727,0.0002374390502437759,0.217925,1.2848457037970527
kmouflage-kmimic,5_Kmimic_2_lensedtotCls.dat,2761,2,2761.0,1180.55,1180.83,0.2799999999999727,0.00023717758671803205,0.218055,1.2840797046615429
kmouflage-kmimic,5_Kmimic_2_lensedtotCls.dat,2762,2,2762.0,1181.86,1182.14,0.2800000000002001,0.0002369146937879276,0.218186,1.283308736583466
kmouflage-kmimic,5_Kmimic_2_lensedtotCls.dat,2763,2,2763.0,1183.16,1183.44,0.2799999999999727,0.00023665438317723106,0.218316,1.2825445684236276
kmouflage-kmimic,5_Kmimic_2_lensedtotCls.dat,2764,2,2764.0,1184.46,1184.74,0.2799999999999727,0.0002363946439727578,0.21844600000000003,1.281781309797262
kmouflage-kmimic,5_Kmimic_2_lensedtotCls.dat,2765,2,2765.0,1185.77,1186.05,0.2799999999999727,0.00023613348288451614,0.21857700000000002,1.2810130983588057
kmouflage-kmimic,5_Kmimic_2_lensedtotCls.dat,2766,2,2766.0,1187.07,1187.35,0.2799999999999727,0.00023587488522157306,0.21870699999999998,1.280251660897789
kmouflage-kmimic,5_Kmimic_2_lensedtotCls.dat,2767,2,2767.0,1188.37,1188.65,0.2800000000002001,0.00023561685333709208,0.218837,1.2794911281008243
kmouflage-kmimic,5_Kmimic_2_lensedtotCls.dat,2768,2,2768.0,1189.68,1189.96,0.2799999999999727,0.00023535740703380128,0.21896800000000002,1.2787256585435893
kmouflage-kmimic,5_Kmimic_2_lensedtotCls.dat,2769,2,2769.0,1190.98,1191.26,0.2799999999999727,0.00023510050546606383,0.21909800000000001,1.2779669371695437
kmouflage-kmimic,5_Kmimic_2_lensedtotCls.dat,2770,2,2770.0,1192.29,1192.57,0.2799999999999727,0.00023484219443253967,0.219229,1.2772032897106345
kmouflage-kmimic,5_Kmimic_2_lensedtotCls.dat,2771,2,2771.0,1193.59,1193.88,0.290000000000191,0.00024296450204860213,0.219359,1.3220337437724963
kmouflage-kmimic,5_Kmimic_2_lensedtotCls.dat,2772,2,2772.0,1194.9,1195.18,0.2799999999999727,0.00023432923257174048,0.21949000000000002,1.2756845414368432
kmouflage-kmimic,5_Kmimic_2_lensedtotCls.dat,2773,2,2773.0,1196.2,1196.49,0.2899999999999636,0.00024243437552245745,0.21962,1.320462617247808
kmouflage-kmimic,5_Kmimic_2_lensedtotCls.dat,2774,2,2774.0,1197.51,1197.79,0.2799999999999727,0.00023381850673478527,0.21975100000000003,1.274169400821715
kmouflage-kmimic,5_Kmimic_2_lensedtotCls.dat,2775,2,2775.0,1198.81,1199.09,0.2799999999999727,0.00023356495191062198,0.219881,1.2734160750586578
kmouflage-kmimic,5_Kmimic_2_lensedtotCls.dat,2776,2,2776.0,1200.11,1200.4,0.290000000000191,0.00024164451591953323,0.220011,1.318115912387067
kmouflage-kmimic,5_Kmimic_2_lensedtotCls.dat,2777,2,2777.0,1201.42,1201.7,0.2799999999999727,0.0002330575485675057,0.220142,1.27190631501473
kmouflage-kmimic,5_Kmimic_2_lensedtotCls.dat,2778,2,2778.0,1202.72,1203.0,0.2799999999999727,0.0002328056405480683,0.22027200000000002,1.2711556620903823
kmouflage-kmimic,5_Kmimic_2_lensedtotCls.dat,2779,2,2779.0,1204.02,1204.31,0.2899999999999636,0.0002408597863822558,0.22040200000000001,1.31577753377902
kmouflage-kmimic,5_Kmimic_2_lensedtotCls.dat,2780,2,2780.0,1205.32,1205.61,0.2899999999999636,0.0002406000066372114,0.220532,1.3150019044853518
kmouflage-kmimic,5_Kmimic_2_lensedtotCls.dat,2781,2,2781.0,1206.62,1206.91,0.290000000000191,0.0002403407866604159,0.220662,1.314227189095499
kmouflage-kmimic,5_Kmimic_2_lensedtotCls.dat,2782,2,2782.0,1207.92,1208.21,0.2899999999999636,0.00024008212464398602,0.22079200000000002,1.3134533859920812
kmouflage-kmimic,5_Kmimic_2_lensedtotCls.dat,2783,2,2783.0,1209.22,1209.51,0.2899999999999636,0.00023982401878894132,0.220922,1.3126804935677008
kmouflage-kmimic,5_Kmimic_2_lensedtotCls.dat,2784,2,2784.0,1210.52,1210.8,0.2799999999999727,0.00023130555463765385,0.22105200000000003,1.2666702857245022
kmouflage-kmimic,5_Kmimic_2_lensedtotCls.dat,2785,2,2785.0,1211.81,1212.1,0.2899999999999636,0.00023931144321301493,0.22118100000000002,1.3111433622235347
kmouflage-kmimic,5_Kmimic_2_lensedtotCls.dat,2786,2,2786.0,1213.11,1213.39,0.2800000000002001,0.00023081171534337374,0.221311,1.2651879029971402
kmouflage-kmimic,5_Kmimic_2_lensedtotCls.dat,2787,2,2787.0,1214.4,1214.69,0.2899999999999636,0.00023880105401841536,0.22144000000000003,1.309609826589431
kmouflage-kmimic,5_Kmimic_2_lensedtotCls.dat,2788,2,2788.0,1215.69,1215.98,0.2899999999999636,0.0002385476560636047,0.22156900000000002,1.308847356805165
kmouflage-kmimic,5_Kmimic_2_lensedtotCls.dat,2789,2,2789.0,1216.98,1217.27,0.2899999999999636,0.000238294795312958,0.221698,1.308085774341508
kmouflage-kmimic,5_Kmimic_2_lensedtotCls.dat,2790,2,2790.0,1218.27,1218.56,0.2899999999999636,0.00023804247005997325,0.221827,1.3073250776504377
kmouflage-kmimic,5_Kmimic_2_lensedtotCls.dat,2791,2,2791.0,1219.56,1219.84,0.2799999999999727,0.00022959100003277634,0.221956,1.2615112905259274
kmouflage-kmimic,5_Kmimic_2_lensedtotCls.dat,2792,2,2792.0,1220.84,1221.13,0.290000000000191,0.00023754136496198603,0.222084,1.305812215198713
kmouflage-kmimic,5_Kmimic_2_lensedtotCls.dat,2793,2,2793.0,1222.13,1222.41,0.2799999999999727,0.00022910819634570193,0.22221300000000002,1.2600522921700021
kmouflage-kmimic,5_Kmimic_2_lensedtotCls.dat,2794,2,2794.0,1223.41,1223.7,0.2899999999999636,0.00023704236519234237,0.222341,1.3043028501264435
kmouflage-kmimic,5_Kmimic_2_lensedtotCls.dat,2795,2,2795.0,1224.69,1224.98,0.2899999999999636,0.00023679461741335652,0.22246900000000003,1.3035524050540237
kmouflage-kmimic,5_Kmimic_2_lensedtotCls.dat,2796,2,2796.0,1225.97,1226.26,0.2899999999999636,0.00023654738696702498,0.22259700000000002,1.3028028230387814
kmouflage-kmimic,5_Kmimic_2_lensedtotCls.dat,2797,2,2797.0,1227.25,1227.54,0.2899999999999636,0.00023630067223464138,0.222725,1.3020541025927201
kmouflage-kmimic,5_Kmimic_2_lensedtotCls.dat,2798,2,2798.0,1228.52,1228.81,0.2899999999999636,0.00023605639305828447,0.222852,1.3013120815606933
kmouflage-kmimic,5_Kmimic_2_lensedtotCls.dat,2799,2,2799.0,1229.8,1230.09,0.2899999999999636,0.0002358107009269504,0.22298,1.3005650731005634
kmouflage-kmimic,5_Kmimic_2_lensedtotCls.dat,2800,2,2800.0,1231.07,1231.36,0.2899999999999636,0.00023556743320848013,0.223107,1.2998247477666036
kmouflage-kmimic,5_Kmimic_2_lensedtotCls.dat,2801,2,2801.0,1232.35,1232.64,0.290000000000191,0.00023532275733370472,0.22323500000000002,1.2990794454283199
kmouflage-kmimic,5_Kmimic_2_lensedtotCls.dat,2802,2,2802.0,1233.62,1233.91,0.290000000000191,0.0002350804948040653,0.223362,1.298340809986439
kmouflage-kmimic,5_Kmimic_2_lensedtotCls.dat,2803,2,2803.0,1234.89,1235.18,0.2899999999999636,0.00023483873057516345,0.22348900000000002,1.297603014018424
kmouflage-kmimic,5_Kmimic_2_lensedtotCls.dat,2804,2,2804.0,1236.16,1236.45,0.2899999999999636,0.00023459746311154186,0.22361600000000004,1.296866056096002
kmouflage-kmimic,5_Kmimic_2_lensedtotCls.dat,2805,2,2805.0,1237.42,1237.72,0.2999999999999545,0.0002424399153076195,0.22374200000000002,1.340830063197587
kmouflage-kmimic,5_Kmimic_2_lensedtotCls.dat,2806,2,2806.0,1238.69,1238.99,0.2999999999999545,0.00024219134731042835,0.223869,1.3400694155955246
kmouflage-kmimic,5_Kmimic_2_lensedtotCls.dat,2807,2,2807.0,1239.96,1240.25,0.2899999999999636,0.00023387851221004196,0.22399600000000003,1.2946659761779835
kmouflage-kmimic,5_Kmimic_2_lensedtotCls.dat,2808,2,2808.0,1241.22,1241.52,0.2999999999999545,0.00024169768453614551,0.22412200000000002,1.3385566789514394
kmouflage-kmimic,5_Kmimic_2_lensedtotCls.dat,2809,2,2809.0,1242.49,1242.78,0.2899999999999636,0.00023340228090363996,0.22424900000000003,1.2932053208708336
kmouflage-kmimic,5_Kmimic_2_lensedtotCls.dat,2810,2,2810.0,1243.75,1244.05,0.2999999999999545,0.0002412060301507172,0.224375,1.337047353760243
kmouflage-kmimic,5_Kmimic_2_lensedtotCls.dat,2811,2,2811.0,1245.02,1245.31,0.2899999999999636,0.00023292798509257973,0.224502,1.2917479577017739
kmouflage-kmimic,5_Kmimic_2_lensedtotCls.dat,2812,2,2812.0,1246.28,1246.58,0.2999999999999545,0.0002407163719228059,0.224628,1.3355414284949094
kmouflage-kmimic,5_Kmimic_2_lensedtotCls.dat,2813,2,2813.0,1247.54,1247.84,0.2999999999999545,0.00024047325135863744,0.224754,1.3347927066924483
kmouflage-kmimic,5_Kmimic_2_lensedtotCls.dat,2814,2,2814.0,1248.81,1249.1,0.2899999999999636,0.00023222107446285956,0.224881,1.2895709286243107
kmouflage-kmimic,5_Kmimic_2_lensedtotCls.dat,2815,2,2815.0,1250.07,1250.36,0.2899999999999636,0.00023198700872748216,0.225007,1.2888487913707734
kmouflage-kmimic,5_Kmimic_2_lensedtotCls.dat,2816,2,2816.0,1251.33,1251.63,0.3000000000001819,0.00023974491141440062,0.225133,1.3325456507938946
kmouflage-kmimic,5_Kmimic_2_lensedtotCls.dat,2817,2,2817.0,1252.59,1252.89,0.3000000000001819,0.0002395037482338051,0.22525900000000001,1.3318002832303344
kmouflage-kmimic,5_Kmimic_2_lensedtotCls.dat,2818,2,2818.0,1253.85,1254.15,0.3000000000001819,0.00023926306974532993,0.225385,1.3310557490524297
kmouflage-kmimic,5_Kmimic_2_lensedtotCls.dat,2819,2,2819.0,1255.11,1255.41,0.3000000000001819,0.00023902287448923355,0.225511,1.3303120468632657
kmouflage-kmimic,5_Kmimic_2_lensedtotCls.dat,2820,2,2820.0,1256.38,1256.67,0.2899999999999636,0.0002308218850984285,0.22563800000000003,1.285244506687542
kmouflage-kmimic,5_Kmimic_2_lensedtotCls.dat,2821,2,2821.0,1257.64,1257.94,0.2999999999999545,0.0002385420311058447,0.22576400000000002,1.3288212469656566
kmouflage-kmimic,5_Kmimic_2_lensedtotCls.dat,2822,2,2822.0,1258.9,1259.2,0.2999999999999545,0.00023830328064179402,0.22589,1.328080038956813
kmouflage-kmimic,5_Kmimic_2_lensedtotCls.dat,2823,2,2823.0,1260.16,1260.46,0.2999999999999545,0.00023806500761804414,0.22601600000000002,1.3273396573691885
kmouflage-kmimic,5_Kmimic_2_lensedtotCls.dat,2824,2,2824.0,1261.42,1261.72,0.2999999999999545,0.0002378272106038865,0.226142,1.3266001008214066
kmouflage-kmimic,5_Kmimic_2_lensedtotCls.dat,2825,2,2825.0,1262.69,1262.98,0.2899999999999636,0.00022966840633881918,0.22626900000000003,1.281660324657658
kmouflage-kmimic,5_Kmimic_2_lensedtotCls.dat,2826,2,2826.0,1263.95,1264.25,0.2999999999999545,0.00023735116104272677,0.226395,1.3251176041871706
kmouflage-kmimic,5_Kmimic_2_lensedtotCls.dat,2827,2,2827.0,1265.21,1265.51,0.2999999999999545,0.00023711478726848073,0.22652100000000003,1.3243805210110962
kmouflage-kmimic,5_Kmimic_2_lensedtotCls.dat,2828,2,2828.0,1266.47,1266.77,0.2999999999999545,0.00023687888382666349,0.22664700000000002,1.3236442573691887
kmouflage-kmimic,5_Kmimic_2_lensedtotCls.dat,2829,2,2829.0,1267.73,1268.03,0.2999999999999545,0.00023664344931488134,0.226773,1.3229088118953956
kmouflage-kmimic,5_Kmimic_2_lensedtotCls.dat,2830,2,2830.0,1268.99,1269.29,0.2999999999999545,0.0002364084823363104,0.22689900000000002,1.3221741832266978
kmouflage-kmimic,5_Kmimic_2_lensedtotCls.dat,2831,2,2831.0,1270.26,1270.56,0.2999999999999545,0.00023617212224265468,0.227026,1.3214345493465705
kmouflage-kmimic,5_Kmimic_2_lensedtotCls.dat,2832,2,2832.0,1271.52,1271.82,0.2999999999999545,0.00023593808984518884,0.22715200000000002,1.320701556666701
kmouflage-kmimic,5_Kmimic_2_lensedtotCls.dat,2833,2,2833.0,1272.78,1273.08,0.2999999999999545,0.00023570452081267347,0.227278,1.3199693767102603
kmouflage-kmimic,5_Kmimic_2_lensedtotCls.dat,2834,2,2834.0,1274.04,1274.34,0.2999999999999545,0.0002354714137703326,0.227404,1.3192380081263062
kmouflage-kmimic,5_Kmimic_2_lensedtotCls.dat,2835,2,2835.0,1275.3,1275.6,0.2999999999999545,0.00023523876734882345,0.22753,1.31850744956689
kmouflage-kmimic,5_Kmimic_2_lensedtotCls.dat,2836,2,2836.0,1276.56,1276.86,0.2999999999999545,0.00023500658018420955,0.227656,1.3177776996870476
kmouflage-kmimic,5_Kmimic_2_lensedtotCls.dat,2837,2,2837.0,1277.81,1278.12,0.30999999999994543,0.0002426025778479942,0.227781,1.360956357202512
kmouflage-kmimic,5_Kmimic_2_lensedtotCls.dat,2838,2,2838.0,1279.07,1279.37,0.2999999999999545,0.00023454541190079866,0.227907,1.3163263962930254
kmouflage-kmimic,5_Kmimic_2_lensedtotCls.dat,2839,2,2839.0,1280.33,1280.63,0.3000000000001819,0.0002343145907697093,0.228033,1.3155990580318722
kmouflage-kmimic,5_Kmimic_2_lensedtotCls.dat,2840,2,2840.0,1281.58,1281.88,0.3000000000001819,0.0002340860500321337,0.228158,1.3148782861007806
kmouflage-kmimic,5_Kmimic_2_lensedtotCls.dat,2841,2,2841.0,1282.83,1283.13,0.3000000000001819,0.0002338579546784702,0.228283,1.3141583035100375
kmouflage-kmimic,5_Kmimic_2_lensedtotCls.dat,2842,2,2842.0,1284.08,1284.39,0.3100000000001728,0.00024141798018828485,0.228408,1.357220412595762
kmouflage-kmimic,5_Kmimic_2_lensedtotCls.dat,2843,2,2843.0,1285.33,1285.63,0.3000000000001819,0.00023340309492518024,0.22853300000000001,1.3127207011686797
kmouflage-kmimic,5_Kmimic_2_lensedtotCls.dat,2844,2,2844.0,1286.58,1286.88,0.3000000000001819,0.00023317632793932902,0.228658,1.3120030788346873
kmouflage-kmimic,5_Kmimic_2_lensedtotCls.dat,2845,2,2845.0,1287.82,1288.12,0.2999999999999545,0.00023295181003552868,0.228782,1.3112919722703469
kmouflage-kmimic,5_Kmimic_2_lensedtotCls.dat,2846,2,2846.0,1289.06,1289.37,0.30999999999994543,0.00024048531488056834,0.228906,1.3542676906675466
kmouflage-kmimic,5_Kmimic_2_lensedtotCls.dat,2847,2,2847.0,1290.3,1290.6,0.2999999999999545,0.00023250406882116914,0.22903,1.3098720691610466
kmouflage-kmimic,5_Kmimic_2_lensedtotCls.dat,2848,2,2848.0,1291.54,1291.84,0.2999999999999545,0.00023228084302457107,0.229154,1.3091632701150953
kmouflage-kmimic,5_Kmimic_2_lensedtotCls.dat,2849,2,2849.0,1292.77,1293.07,0.2999999999999545,0.00023205984049750112,0.229277,1.3084609446213729
kmouflage-kmimic,5_Kmimic_2_lensedtotCls.dat,2850,2,2850.0,1294.0,1294.3,0.2999999999999545,0.0002318392581143389,0.22940000000000002,1.307759372275303
kmouflage-kmimic,5_Kmimic_2_lensedtotCls.dat,2851,2,2851.0,1295.22,1295.53,0.30999999999994543,0.00023934157903672383,0.229522,1.3506330547831817
kmouflage-kmimic,5_Kmimic_2_lensedtotCls.dat,2852,2,2852.0,1296.44,1296.75,0.30999999999994543,0.0002391163493875115,0.22964400000000001,1.3499155214155187
kmouflage-kmimic,5_Kmimic_2_lensedtotCls.dat,2853,2,2853.0,1297.66,1297.97,0.30999999999994543,0.00023889154323932725,0.22976600000000003,1.3491987500324043
kmouflage-kmimic,5_Kmimic_2_lensedtotCls.dat,2854,2,2854.0,1298.88,1299.18,0.2999999999999545,0.0002309682187730618,0.229888,1.3049832962136105
kmouflage-kmimic,5_Kmimic_2_lensedtotCls.dat,2855,2,2855.0,1300.09,1300.39,0.3000000000001819,0.0002307532555439869,0.230009,1.3042967883873322
kmouflage-kmimic,5_Kmimic_2_lensedtotCls.dat,2856,2,2856.0,1301.3,1301.6,0.2999999999999545,0.00023053869207711867,0.23013,1.3036110024766634
kmouflage-kmimic,5_Kmimic_2_lensedtotCls.dat,2857,2,2857.0,1302.5,1302.81,0.30999999999994543,0.0002380038387715512,0.23025,1.3463626492940084
kmouflage-kmimic,5_Kmimic_2_lensedtotCls.dat,2858,2,2858.0,1303.7,1304.01,0.30999999999994543,0.00023778476643395368,0.23037000000000002,1.34566132742955
kmouflage-kmimic,5_Kmimic_2_lensedtotCls.dat,2859,2,2859.0,1304.9,1305.21,0.30999999999994543,0.00023756609701888683,0.23049000000000003,1.344960735823443
kmouflage-kmimic,5_Kmimic_2_lensedtotCls.dat,2860,2,2860.0,1306.09,1306.4,0.3100000000001728,0.00023734964665541642,0.230609,1.344266702514528
kmouflage-kmimic,5_Kmimic_2_lensedtotCls.dat,2861,2,2861.0,1307.29,1307.59,0.2999999999999545,0.0002294823642802703,0.23072900000000002,1.3002266728497696
kmouflage-kmimic,5_Kmimic_2_lensedtotCls.dat,2862,2,2862.0,1308.47,1308.78,0.30999999999994543,0.00023691792704452178,0.23084700000000002,1.3428807825093911
kmouflage-kmimic,5_Kmimic_2_lensedtotCls.dat,2863,2,2863.0,1309.66,1309.97,0.30999999999994543,0.00023670265565104334,0.23096600000000003,1.342188893603151
kmouflage-kmimic,5_Kmimic_2_lensedtotCls.dat,2864,2,2864.0,1310.84,1311.15,0.3100000000001728,0.0002364895792012548,0.231084,1.3415035225293521
kmouflage-kmimic,5_Kmimic_2_lensedtotCls.dat,2865,2,2865.0,1312.02,1312.33,0.30999999999994543,0.00023627688602303733,0.23120200000000002,1.3408188510477652
kmouflage-kmimic,5_Kmimic_2_lensedtotCls.dat,2866,2,2866.0,1313.2,1313.51,0.30999999999994543,0.00023606457508372329,0.23132000000000003,1.3401348780907203
kmouflage-kmimic,5_Kmimic_2_lensedtotCls.dat,2867,2,2867.0,1314.38,1314.69,0.30999999999994543,0.00023585264535366134,0.23143800000000003,1.3394516025887944
kmouflage-kmimic,5_Kmimic_2_lensedtotCls.dat,2868,2,2868.0,1315.55,1315.86,0.30999999999994543,0.00023564288700539352,0.231555,1.3387748051216575
kmouflage-kmimic,5_Kmimic_2_lensedtotCls.dat,2869,2,2869.0,1316.72,1317.03,0.30999999999994543,0.00023543350142774883,0.23167200000000002,1.3380986912529154
kmouflage-kmimic,5_Kmimic_2_lensedtotCls.dat,2870,2,2870.0,1317.89,1318.2,0.30999999999994543,0.00023522448762790932,0.23178900000000002,1.3374232599473892
kmouflage-kmimic,5_Kmimic_2_lensedtotCls.dat,2871,2,2871.0,1319.06,1319.37,0.30999999999994543,0.00023501584461657957,0.231906,1.3367485101719896
kmouflage-kmimic,5_Kmimic_2_lensedtotCls.dat,2872,2,2872.0,1320.22,1320.53,0.30999999999994543,0.00023480934995678403,0.232022,1.3360801992912112
kmouflage-kmimic,5_Kmimic_2_lensedtotCls.dat,2873,2,2873.0,1321.39,1321.7,0.30999999999994543,0.00023460144242044015,0.232139,1.3354068036820415
kmouflage-kmimic,5_Kmimic_2_lensedtotCls.dat,2874,2,2874.0,1322.55,1322.86,0.30999999999994543,0.00023439567502169705,0.23225500000000002,1.3347398333725664
kmouflage-kmimic,5_Kmimic_2_lensedtotCls.dat,2875,2,2875.0,1323.71,1324.02,0.30999999999994543,0.0002341902682611338,0.23237100000000002,1.3340735289685262
kmouflage-kmimic,5_Kmimic_2_lensedtotCls.dat,2876,2,2876.0,1324.87,1325.18,0.3100000000001728,0.0002339852211916436,0.232487,1.3334078894741332
kmouflage-kmimic,5_Kmimic_2_lensedtotCls.dat,2877,2,2877.0,1326.03,1326.34,0.30999999999994543,0.00023378053286874764,0.232603,1.3327429138916755
kmouflage-kmimic,5_Kmimic_2_lensedtotCls.dat,2878,2,2878.0,1327.18,1327.49,0.30999999999994543,0.0002335779622959549,0.232718,1.332084325234599
kmouflage-kmimic,5_Kmimic_2_lensedtotCls.dat,2879,2,2879.0,1328.34,1328.65,0.3100000000001728,0.00023337398557611217,0.232834,1.3314206688034085
kmouflage-kmimic,5_Kmimic_2_lensedtotCls.dat,2880,2,2880.0,1329.49,1329.81,0.31999999999993634,0.00024069379987810087,0.23294900000000002,1.3736912371374692
kmouflage-kmimic,5_Kmimic_2_lensedtotCls.dat,2881,2,2881.0,1330.65,1330.96,0.30999999999994543,0.0002329688498102021,0.23306500000000002,1.330101044772683
kmouflage-kmimic,5_Kmimic_2_lensedtotCls.dat,2882,2,2882.0,1331.8,1332.11,0.30999999999994543,0.0002327676828352196,0.23318,1.3294450638988997
kmouflage-kmimic,5_Kmimic_2_lensedtotCls.dat,2883,2,2883.0,1332.96,1333.27,0.30999999999994543,0.00023256511823306432,0.233296,1.3287840340166372
kmouflage-kmimic,5_Kmimic_2_lensedtotCls.dat,2884,2,2884.0,1334.11,1334.42,0.3100000000001728,0.00023236464759290675,0.233411,1.3281293512309738
kmouflage-kmimic,5_Kmimic_2_lensedtotCls.dat,2885,2,2885.0,1335.26,1335.57,0.30999999999994543,0.00023216452226528574,0.233526,1.3274753132411183
kmouflage-kmimic,5_Kmimic_2_lensedtotCls.dat,2886,2,2886.0,1336.41,1336.73,0.31999999999993634,0.00023944747495150166,0.23364100000000002,1.3696226261655118
kmouflage-kmimic,5_Kmimic_2_lensedtotCls.dat,2887,2,2887.0,1337.56,1337.88,0.3200000000001637,0.00023924160411507799,0.23375600000000002,1.3689488184267513
kmouflage-kmimic,5_Kmimic_2_lensedtotCls.dat,2888,2,2888.0,1338.72,1339.03,0.30999999999994543,0.0002315644795027679,0.23387200000000002,1.3255113908460414
kmouflage-kmimic,5_Kmimic_2_lensedtotCls.dat,2889,2,2889.0,1339.87,1340.18,0.3100000000001728,0.00023136572951120096,0.233987,1.324859928116403
kmouflage-kmimic,5_Kmimic_2_lensedtotCls.dat,2890,2,2890.0,1341.02,1341.33,0.30999999999994543,0.0002311673203978654,0.234102,1.3242091054324414
kmouflage-kmimic,5_Kmimic_2_lensedtotCls.dat,2891,2,2891.0,1342.17,1342.49,0.31999999999993634,0.00023841987229630845,0.234217,1.3662543709463288
kmouflage-kmimic,5_Kmimic_2_lensedtotCls.dat,2892,2,2892.0,1343.33,1343.64,0.3100000000001728,0.00023076980339914452,0.234333,1.322903731016002
kmouflage-kmimic,5_Kmimic_2_lensedtotCls.dat,2893,2,2893.0,1344.48,1344.79,0.30999999999994543,0.00023057241461378782,0.23444800000000002,1.3222548283625597
kmouflage-kmimic,5_Kmimic_2_lensedtotCls.dat,2894,2,2894.0,1345.63,1345.94,0.30999999999994543,0.00023037536321272964,0.23456300000000002,1.3216065619895099
kmouflage-kmimic,5_Kmimic_2_lensedtotCls.dat,2895,2,2895.0,1346.78,1347.1,0.31999999999993634,0.00023760376601964414,0.234678,1.363570509378537
kmouflage-kmimic,5_Kmimic_2_lensedtotCls.dat,2896,2,2896.0,1347.94,1348.25,0.30999999999994543,0.00022998056293302774,0.23479400000000003,1.3203063110639344
kmouflage-kmimic,5_Kmimic_2_lensedtotCls.dat,2897,2,2897.0,1349.09,1349.41,0.3200000000001637,0.0002371969253349767,0.234909,1.3622296293465286
kmouflage-kmimic,5_Kmimic_2_lensedtotCls.dat,2898,2,2898.0,1350.25,1350.56,0.30999999999994543,0.00022958711349746006,0.235025,1.3190086161044374
kmouflage-kmimic,5_Kmimic_2_lensedtotCls.dat,2899,2,2899.0,1351.4,1351.72,0.31999999999993634,0.00023679147550683462,0.23514000000000002,1.3608913838561552
kmouflage-kmimic,5_Kmimic_2_lensedtotCls.dat,2900,2,2900.0,1352.56,1352.87,0.30999999999994543,0.000229195007984818,0.235256,1.3177134695818404
kmouflage-kmimic,5_Kmimic_2_lensedtotCls.dat,2901,2,2901.0,1353.71,1354.03,0.31999999999993634,0.00023638740941555898,0.23537100000000002,1.3595557651534653
kmouflage-kmimic,5_Kmimic_2_lensedtotCls.dat,2902,2,2902.0,1354.87,1355.19,0.3200000000001637,0.00023618502144129232,0.235487,1.3588860531586189
kmouflage-kmimic,5_Kmimic_2_lensedtotCls.dat,2903,2,2903.0,1356.03,1356.34,0.30999999999994543,0.00022860851161105982,0.235603,1.3157727193624251
kmouflage-kmimic,5_Kmimic_2_lensedtotCls.dat,2904,2,2904.0,1357.18,1357.5,0.31999999999993634,0.0002357830206751767,0.235718,1.357554365809723
kmouflage-kmimic,5_Kmimic_2_lensedtotCls.dat,2905,2,2905.0,1358.33,1358.65,0.3200000000001637,0.0002355834002047836,0.23583300000000001,1.356892377233736
kmouflage-kmimic,5_Kmimic_2_lensedtotCls.dat,2906,2,2906.0,1359.48,1359.8,0.31999999999993634,0.00023538411745662778,0.23594800000000002,1.3562310339563646
kmouflage-kmimic,5_Kmimic_2_lensedtotCls.dat,2907,2,2907.0,1360.63,1360.95,0.31999999999993634,0.00023518517157488538,0.23606300000000002,1.3555703350374109
kmouflage-kmimic,5_Kmimic_2_lensedtotCls.dat,2908,2,2908.0,1361.77,1362.09,0.31999999999993634,0.000234988287302508,0.236177,1.3549160163772778
kmouflage-kmimic,5_Kmimic_2_lensedtotCls.dat,2909,2,2909.0,1362.91,1363.23,0.31999999999993634,0.00023479173239607628,0.23629100000000003,1.3542623290770122
kmouflage-kmimic,5_Kmimic_2_lensedtotCls.dat,2910,2,2910.0,1364.04,1364.36,0.31999999999993634,0.00023459722588775722,0.236404,1.3536149980539092
kmouflage-kmimic,5_Kmimic_2_lensedtotCls.dat,2911,2,2911.0,1365.17,1365.49,0.31999999999993634,0.00023440304137941525,0.23651700000000003,1.3529682855775116
kmouflage-kmimic,5_Kmimic_2_lensedtotCls.dat,2912,2,2912.0,1366.3,1366.61,0.30999999999994543,0.0002268901412573706,0.23663,1.3100621223004074
kmouflage-kmimic,5_Kmimic_2_lensedtotCls.dat,2913,2,2913.0,1367.41,1367.73,0.31999999999993634,0.00023401905792698336,0.236741,1.3516881317555316
kmouflage-kmimic,5_Kmimic_2_lensedtotCls.dat,2914,2,2914.0,1368.52,1368.84,0.31999999999993634,0.00023382924619292107,0.236852,1.3510546670491967
kmouflage-kmimic,5_Kmimic_2_lensedtotCls.dat,2915,2,2915.0,1369.63,1369.94,0.30999999999994543,0.00022633850017884057,0.23696300000000003,1.3082211146885605
kmouflage-kmimic,5_Kmimic_2_lensedtotCls.dat,2916,2,2916.0,1370.72,1371.04,0.31999999999993634,0.00023345395120807775,0.237072,1.3498009043663373
kmouflage-kmimic,5_Kmimic_2_lensedtotCls.dat,2917,2,2917.0,1371.81,1372.13,0.3200000000001637,0.00023326845554425446,0.237181,1.3491805836056163
kmouflage-kmimic,5_Kmimic_2_lensedtotCls.dat,2918,2,2918.0,1372.89,1373.21,0.31999999999993634,0.00023308495218111888,0.23728900000000003,1.348566515935995
kmouflage-kmimic,5_Kmimic_2_lensedtotCls.dat,2919,2,2919.0,1373.96,1374.28,0.31999999999993634,0.00023290343241428885,0.23739600000000002,1.3479586850660343
kmouflage-kmimic,5_Kmimic_2_lensedtotCls.dat,2920,2,2920.0,1375.02,1375.34,0.31999999999993634,0.00023272388765249694,0.23750200000000002,1.3473570748875223
kmouflage-kmimic,5_Kmimic_2_lensedtotCls.dat,2921,2,2921.0,1376.07,1376.39,0.3200000000001637,0.0002325463094175178,0.237607,1.3467616694801234
kmouflage-kmimic,5_Kmimic_2_lensedtotCls.dat,2922,2,2922.0,1377.12,1377.44,0.3200000000001637,0.00023236900197525542,0.237712,1.3461667900659777
kmouflage-kmimic,5_Kmimic_2_lensedtotCls.dat,2923,2,2923.0,1378.15,1378.47,0.31999999999993634,0.0002321953343249547,0.23781500000000003,1.3455837520759257
kmouflage-kmimic,5_Kmimic_2_lensedtotCls.dat,2924,2,2924.0,1379.18,1379.5,0.31999999999993634,0.00023202192607196763,0.23791800000000002,1.345001218907087
kmouflage-kmimic,5_Kmimic_2_lensedtotCls.dat,2925,2,2925.0,1380.19,1380.51,0.31999999999993634,0.0002318521363000285,0.238019,1.3444304866415553
kmouflage-kmimic,5_Kmimic_2_lensedtotCls.dat,2926,2,2926.0,1381.2,1381.52,0.31999999999993634,0.00023168259484501616,0.23812000000000003,1.3438602385349248
kmouflage-kmimic,5_Kmimic_2_lensedtotCls.dat,2927,2,2927.0,1382.19,1382.51,0.31999999999993634,0.0002315166511115956,0.23821900000000001,1.3433017517491732
kmouflage-kmimic,5_Kmimic_2_lensedtotCls.dat,2928,2,2928.0,1383.18,1383.5,0.31999999999993634,0.00023135094492396962,0.23831800000000003,1.342743728966911
kmouflage-kmimic,5_Kmimic_2_lensedtotCls.dat,2929,2,2929.0,1384.15,1384.47,0.31999999999993634,0.00023118881624096833,0.23841500000000002,1.3421974288527831
kmouflage-kmimic,5_Kmimic_2_lensedtotCls.dat,2930,2,2930.0,1385.12,1385.44,0.3200000000001637,0.00023102691463567325,0.238512,1.3416515730871559
kmouflage-kmimic,5_Kmimic_2_lensedtotCls.dat,2931,2,2931.0,1386.08,1386.4,0.3200000000001637,0.00023086690522925352,0.23860800000000001,1.341111781667688
kmouflage-kmimic,5_Kmimic_2_lensedtotCls.dat,2932,2,2932.0,1387.02,1387.34,0.31999999999993634,0.00023071044397336474,0.238702,1.3405836566092297
kmouflage-kmimic,5_Kmimic_2_lensedtotCls.dat,2933,2,2933.0,1387.96,1388.28,0.31999999999993634,0.00023055419464533295,0.238796,1.3400559473355347
kmouflage-kmimic,5_Kmimic_2_lensedtotCls.dat,2934,2,2934.0,1388.88,1389.2,0.31999999999993634,0.00023040147456939139,0.23888800000000002,1.3395398680550563
kmouflage-kmimic,5_Kmimic_2_lensedtotCls.dat,2935,2,2935.0,1389.8,1390.12,0.31999999999993634,0.0002302489566843692,0.23898,1.3390241861240955
kmouflage-kmimic,5_Kmimic_2_lensedtotCls.dat,2936,2,2936.0,1390.71,1391.03,0.31999999999993634,0.00023009829511539884,0.239071,1.3385144998763394
kmouflage-kmimic,5_Kmimic_2_lensedtotCls.dat,2937,2,2937.0,1391.6,1391.92,0.3200000000001637,0.0002299511353838486,0.23916,1.3380163907014706
kmouflage-kmimic,5_Kmimic_2_lensedtotCls.dat,2938,2,2938.0,1392.49,1392.81,0.31999999999993634,0.0002298041637641465,0.23924900000000002,1.3375186521153122
kmouflage-kmimic,5_Kmimic_2_lensedtotCls.dat,2939,2,2939.0,1393.37,1393.69,0.3200000000001637,0.00022965902811181792,0.239337,1.3370268700625634
kmouflage-kmimic,5_Kmimic_2_lensedtotCls.dat,2940,2,2940.0,1394.24,1394.56,0.31999999999993634,0.00022951572182689948,0.23942400000000003,1.3365410318094104
kmouflage-kmimic,5_Kmimic_2_lensedtotCls.dat,2941,2,2941.0,1395.09,1395.41,0.3200000000001637,0.0002293758825596655,0.239509,1.3360667031308373
kmouflage-kmimic,5_Kmimic_2_lensedtotCls.dat,2942,2,2942.0,1395.94,1396.26,0.31999999999993634,0.0002292362135907964,0.23959400000000003,1.3355927110025139
kmouflage-kmimic,5_Kmimic_2_lensedtotCls.dat,2943,2,2943.0,1396.78,1397.1,0.31999999999993634,0.0002290983547873941,0.239678,1.3351246255389995
kmouflage-kmimic,5_Kmimic_2_lensedtotCls.dat,2944,2,2944.0,1397.6,1397.92,0.3200000000001637,0.00022896393817985384,0.23976,1.334668001335351
kmouflage-kmimic,5_Kmimic_2_lensedtotCls.dat,2945,2,2945.0,1398.42,1398.74,0.31999999999993634,0.00022882967920934792,0.23984200000000003,1.3342116893618978
kmouflage-kmimic,5_Kmimic_2_lensedtotCls.dat,2946,2,2946.0,1399.22,1399.54,0.31999999999993634,0.00022869884650014746,0.23992200000000002,1.3337668075455202
kmouflage-kmimic,5_Kmimic_2_lensedtotCls.dat,2947,2,2947.0,1400.01,1400.33,0.31999999999993634,0.0002285697959299836,0.24000100000000002,1.3333277778006605
kmouflage-kmimic,5_Kmimic_2_lensedtotCls.dat,2948,2,2948.0,1400.79,1401.11,0.31999999999993634,0.0002284425217198412,0.24007900000000001,1.3328945888642334
kmouflage-kmimic,5_Kmimic_2_lensedtotCls.dat,2949,2,2949.0,1401.56,1401.88,0.3200000000001637,0.00022831701817985938,0.240156,1.3324672296347528
kmouflage-kmimic,5_Kmimic_2_lensedtotCls.dat,2950,2,2950.0,1402.32,1402.64,0.3200000000001637,0.00022819327970802935,0.240232,1.3320456891678198
kmouflage-kmimic,5_Kmimic_2_lensedtotCls.dat,2951,2,2951.0,1403.06,1403.38,0.3200000000001637,0.00022807292631830693,0.24030600000000002,1.331635498073971
kmouflage-kmimic,5_Kmimic_2_lensedtotCls.dat,2952,2,2952.0,1403.78,1404.11,0.32999999999992724,0.00023507957087287698,0.240378,1.3728377804954166
kmouflage-kmimic,5_Kmimic_2_lensedtotCls.dat,2953,2,2953.0,1404.5,1404.82,0.31999999999993634,0.0002278390886436001,0.24045000000000002,1.3308380120604546
kmouflage-kmimic,5_Kmimic_2_lensedtotCls.dat,2954,2,2954.0,1405.21,1405.53,0.31999999999993634,0.0002277239700827181,0.240521,1.3304451586345323
kmouflage-kmimic,5_Kmimic_2_lensedtotCls.dat,2955,2,2955.0,1405.91,1406.23,0.31999999999993634,0.00022761058673737033,0.24059100000000003,1.3300580653471505
kmouflage-kmimic,5_Kmimic_2_lensedtotCls.dat,2956,2,2956.0,1406.6,1406.92,0.3200000000001637,0.00022749893359886515,0.24066,1.3296767223475596
kmouflage-kmimic,5_Kmimic_2_lensedtotCls.dat,2957,2,2957.0,1407.28,1407.6,0.31999999999993634,0.00022738900574152717,0.240728,1.329301119935929
kmouflage-kmimic,5_Kmimic_2_lensedtotCls.dat,2958,2,2958.0,1407.95,1408.27,0.31999999999993634,0.00022728079832375888,0.240795,1.3289312485721727
kmouflage-kmimic,5_Kmimic_2_lensedtotCls.dat,2959,2,2959.0,1408.62,1408.94,0.3200000000001637,0.0002271726938423164,0.240862,1.3285615829818058
kmouflage-kmimic,5_Kmimic_2_lensedtotCls.dat,2960,2,2960.0,1409.29,1409.61,0.31999999999993634,0.00022706469214990268,0.240929,1.3281921229903264
kmouflage-kmimic,5_Kmimic_2_lensedtotCls.dat,2961,2,2961.0,1409.95,1410.27,0.31999999999993634,0.00022695840278019527,0.24099500000000001,1.3278283781818556
kmouflage-kmimic,5_Kmimic_2_lensedtotCls.dat,2962,2,2962.0,1410.6,1410.92,0.3200000000001637,0.0002268538210691647,0.24106,1.3274703393352847
kmouflage-kmimic,5_Kmimic_2_lensedtotCls.dat,2963,2,2963.0,1411.25,1411.57,0.31999999999993634,0.00022674933569526046,0.241125,1.3271124935196945
kmouflage-kmimic,5_Kmimic_2_lensedtotCls.dat,2964,2,2964.0,1411.9,1412.22,0.31999999999993634,0.00022664494652591282,0.24119000000000002,1.3267548405818497
kmouflage-kmimic,5_Kmimic_2_lensedtotCls.dat,2965,2,2965.0,1412.54,1412.86,0.31999999999993634,0.0002265422572103702,0.241254,1.326402878293982
kmouflage-kmimic,5_Kmimic_2_lensedtotCls.dat,2966,2,2966.0,1413.17,1413.49,0.31999999999993634,0.00022644126325915235,0.24131700000000003,1.3260565977528989
kmouflage-kmimic,5_Kmimic_2_lensedtotCls.dat,2967,2,2967.0,1413.81,1414.13,0.3200000000001637,0.0002263387583905643,0.241381,1.3257050057799233
kmouflage-kmimic,5_Kmimic_2_lensedtotCls.dat,2968,2,2968.0,1414.44,1414.75,0.30999999999994543,0.00021916800995443102,0.24144400000000002,1.2839416179318823
kmouflage-kmimic,5_Kmimic_2_lensedtotCls.dat,2969,2,2969.0,1415.06,1415.38,0.3200000000001637,0.00022613882096883788,0.241506,1.3250188401123106
kmouflage-kmimic,5_Kmimic_2_lensedtotCls.dat,2970,2,2970.0,1415.68,1416.0,0.31999999999993634,0.00022603978300176334,0.241568,1.324678765399127
kmouflage-kmimic,5_Kmimic_2_lensedtotCls.dat,2971,2,2971.0,1416.29,1416.61,0.31999999999993634,0.00022594242704526357,0.241629,1.3243443460840227
kmouflage-kmimic,5_Kmimic_2_lensedtotCls.dat,2972,2,2972.0,1416.9,1417.21,0.30999999999994543,0.00021878749382450802,0.24169000000000002,1.2826347800899722
kmouflage-kmimic,5_Kmimic_2_lensedtotCls.dat,2973,2,2973.0,1417.5,1417.81,0.30999999999994543,0.00021869488536151353,0.24175000000000002,1.282316442605772
kmouflage-kmimic,5_Kmimic_2_lensedtotCls.dat,2974,2,2974.0,1418.09,1418.41,0.3200000000001637,0.00022565563539702257,0.241809,1.3233585185008157
kmouflage-kmimic,5_Kmimic_2_lensedtotCls.dat,2975,2,2975.0,1418.67,1418.99,0.31999999999993634,0.00022556337978524697,0.24186700000000003,1.323041175521821
kmouflage-kmimic,5_Kmimic_2_lensedtotCls.dat,2976,2,2976.0,1419.25,1419.57,0.31999999999993634,0.00022547119957719663,0.241925,1.3227239847057408
kmouflage-kmimic,5_Kmimic_2_lensedtotCls.dat,2977,2,2977.0,1419.82,1420.14,0.3200000000001637,0.0002253806820584044,0.241982,1.3224124108411524
kmouflage-kmimic,5_Kmimic_2_lensedtotCls.dat,2978,2,2978.0,1420.38,1420.69,0.30999999999994543,0.0002182514538362589,0.24203800000000003,1.2807906196545393
kmouflage-kmimic,5_Kmimic_2_lensedtotCls.dat,2979,2,2979.0,1420.92,1421.24,0.31999999999993634,0.00022520620443088724,0.24209200000000003,1.3218115427190336
kmouflage-kmimic,5_Kmimic_2_lensedtotCls.dat,2980,2,2980.0,1421.46,1421.78,0.31999999999993634,0.00022512065059863544,0.24214600000000003,1.3215167708735074
kmouflage-kmimic,5_Kmimic_2_lensedtotCls.dat,2981,2,2981.0,1421.99,1422.31,0.31999999999993634,0.00022503674428085734,0.24219900000000003,1.3212275855801894
kmouflage-kmimic,5_Kmimic_2_lensedtotCls.dat,2982,2,2982.0,1422.5,1422.82,0.31999999999993634,0.00022495606326884804,0.24225000000000002,1.3209494324042779
kmouflage-kmimic,5_Kmimic_2_lensedtotCls.dat,2983,2,2983.0,1423.01,1423.32,0.30999999999994543,0.00021784808258546703,0.24230100000000002,1.279400415185845
kmouflage-kmimic,5_Kmimic_2_lensedtotCls.dat,2984,2,2984.0,1423.5,1423.81,0.30999999999994543,0.00021777309448538492,0.24235,1.279141737156779
kmouflage-kmimic,5_Kmimic_2_lensedtotCls.dat,2985,2,2985.0,1423.97,1424.29,0.31999999999993634,0.00022472383547401725,0.242397,1.3201483516707564
kmouflage-kmimic,5_Kmimic_2_lensedtotCls.dat,2986,2,2986.0,1424.44,1424.76,0.31999999999993634,0.00022464968689445418,0.24244400000000002,1.3198924287667928
kmouflage-kmimic,5_Kmimic_2_lensedtotCls.dat,2987,2,2987.0,1424.89,1425.21,0.31999999999993634,0.00022457873941141864,0.242489,1.3196474891641943
kmouflage-kmimic,5_Kmimic_2_lensedtotCls.dat,2988,2,2988.0,1425.34,1425.65,0.3100000000001728,0.00021749196682908838,0.242534,1.2781713079410426
kmouflage-kmimic,5_Kmimic_2_lensedtotCls.dat,2989,2,2989.0,1425.77,1426.08,0.30999999999994543,0.0002174263731176455,0.24257700000000001,1.2779447350735866
kmouflage-kmimic,5_Kmimic_2_lensedtotCls.dat,2990,2,2990.0,1426.18,1426.5,0.31999999999993634,0.00022437560476232756,0.24261800000000003,1.3189458325430772
kmouflage-kmimic,5_Kmimic_2_lensedtotCls.dat,2991,2,2991.0,1426.59,1426.91,0.3200000000001637,0.00022431111952289287,0.242659,1.3187229816333361
kmouflage-kmimic,5_Kmimic_2_lensedtotCls.dat,2992,2,2992.0,1426.99,1427.3,0.30999999999994543,0.00021724048521709713,0.24269900000000003,1.2773023374630526
kmouflage-kmimic,5_Kmimic_2_lensedtotCls.dat,2993,2,2993.0,1427.38,1427.69,0.30999999999994543,0.00021718112906159916,0.24273800000000004,1.277097117056025
kmouflage-kmimic,5_Kmimic_2_lensedtotCls.dat,2994,2,2994.0,1427.76,1428.07,0.30999999999994543,0.00021712332604915773,0.24277600000000002,1.2768972221304635
kmouflage-kmimic,5_Kmimic_2_lensedtotCls.dat,2995,2,2995.0,1428.13,1428.44,0.30999999999994543,0.00021706707372574303,0.24281300000000003,1.2767026477163306
kmouflage-kmimic,5_Kmimic_2_lensedtotCls.dat,2996,2,2996.0,1428.5,1428.81,0.30999999999994543,0.00021701085054248894,0.24285,1.2765081325919103
kmouflage-kmimic,5_Kmimic_2_lensedtotCls.dat,2997,2,2997.0,1428.86,1429.18,0.3200000000001637,0.00022395476113836466,0.242886,1.3174905099518446
kmouflage-kmimic,5_Kmimic_2_lensedtotCls.dat,2998,2,2998.0,1429.23,1429.54,0.30999999999994543,0.00021690000909576864,0.24292300000000003,1.276124533288101
kmouflage-kmimic,5_Kmimic_2_lensedtotCls.dat,2999,2,2999.0,1429.6,1429.91,0.3100000000001728,0.00021684387241198435,0.24296,1.275930194271373
kmouflage-kmimic,5_Kmimic_2_lensedtotCls.dat,3000,2,3000.0,1429.97,1430.28,0.30999999999994543,0.0002167877647782439,0.24299700000000002,1.275735914434933
kmouflage-kmimic,5_Kmimic_2_lensedtotCls.dat,3001,2,3001.0,1430.34,1430.66,0.3200000000001637,0.00022372303088787543,0.243034,1.3166882000056113
kmouflage-kmimic,5_Kmimic_2_lensedtotCls.dat,3002,2,3002.0,1430.72,1431.03,0.30999999999994543,0.0002166741221202929,0.243072,1.2753422854131509
kmouflage-kmimic,5_Kmimic_2_lensedtotCls.dat,3003,2,3003.0,1431.1,1431.41,0.3100000000001728,0.0002166165886382313,0.24311,1.2751429394108544
kmouflage-kmimic,5_Kmimic_2_lensedtotCls.dat,3004,2,3004.0,1431.46,1431.78,0.31999999999993634,0.0002235479859723194,0.24314600000000003,1.316081695771003
kmouflage-kmimic,5_Kmimic_2_lensedtotCls.dat,3005,2,3005.0,1431.82,1432.13,0.3100000000001728,0.0002165076615776933,0.243182,1.2747654020452697
kmouflage-kmimic,5_Kmimic_2_lensedtotCls.dat,3006,2,3006.0,1432.16,1432.47,0.30999999999994543,0.000216456261870144,0.24321600000000002,1.2745871982104195
kmouflage-kmimic,5_Kmimic_2_lensedtotCls.dat,3007,2,3007.0,1432.48,1432.8,0.31999999999993634,0.0002233888082206637,0.24324800000000002,1.3155298296386253
kmouflage-kmimic,5_Kmimic_2_lensedtotCls.dat,3008,2,3008.0,1432.78,1433.09,0.30999999999994543,0.00021636259579275636,0.24327800000000002,1.2742623665105164
kmouflage-kmimic,5_Kmimic_2_lensedtotCls.dat,3009,2,3009.0,1433.05,1433.37,0.31999999999993634,0.0002232999546421523,0.24330500000000002,1.3152216353956405
kmouflage-kmimic,5_Kmimic_2_lensedtotCls.dat,3010,2,3010.0,1433.3,1433.61,0.30999999999994543,0.0002162840996301859,0.24333000000000002,1.2739900546580587
kmouflage-kmimic,5_Kmimic_2_lensedtotCls.dat,3011,2,3011.0,1433.51,1433.82,0.30999999999994543,0.00021625241539992426,0.243351,1.2738801155530302
kmouflage-kmimic,5_Kmimic_2_lensedtotCls.dat,3012,2,3012.0,1433.69,1434.0,0.30999999999994543,0.0002162252648759114,0.24336900000000003,1.273785897135401
kmouflage-kmimic,5_Kmimic_2_lensedtotCls.dat,3013,2,3013.0,1433.83,1434.14,0.3100000000001728,0.00021620415251471432,0.24338300000000002,1.2737126257798317
kmouflage-kmimic,5_Kmimic_2_lensedtotCls.dat,3014,2,3014.0,1433.93,1434.24,0.30999999999994543,0.0002161890747804603,0.24339300000000003,1.2736602942563895
kmouflage-kmimic,5_Kmimic_2_lensedtotCls.dat,3015,2,3015.0,1433.99,1434.3,0.30999999999994543,0.00021618002914939813,0.243399,1.2736288974069139
kmouflage-kmimic,5_Kmimic_2_lensedtotCls.dat,3016,2,3016.0,1434.01,1434.32,0.30999999999994543,0.00021617701410725547,0.243401,1.2736184321344013
kmouflage-kmimic,5_Kmimic_2_lensedtotCls.dat,3017,2,3017.0,1433.98,1434.29,0.30999999999994543,0.000216181536702008,0.243398,1.273634130107665
kmouflage-kmimic,5_Kmimic_2_lensedtotCls.dat,3018,2,3018.0,1433.91,1434.22,0.30999999999994543,0.00021619209015903747,0.24339100000000002,1.2736707602168749
kmouflage-kmimic,5_Kmimic_2_lensedtotCls.dat,3019,2,3019.0,1433.79,1434.1,0.30999999999994543,0.00021621018419708984,0.243379,1.2737335595920167
kmouflage-kmimic,5_Kmimic_2_lensedtotCls.dat,3020,2,3020.0,1433.63,1433.94,0.30999999999994543,0.0002162343142930501,0.24336300000000002,1.2738173017260035
kmouflage-kmimic,5_Kmimic_2_lensedtotCls.dat,3021,2,3021.0,1433.41,1433.72,0.30999999999994543,0.00021626750197078674,0.24334100000000003,1.2739324651412849
kmouflage-kmimic,5_Kmimic_2_lensedtotCls.dat,3022,2,3022.0,1433.15,1433.46,0.30999999999994543,0.0002163067369081711,0.24331500000000003,1.2740685942089283
kmouflage-kmimic,5_Kmimic_2_lensedtotCls.dat,3023,2,3023.0,1432.84,1433.14,0.3000000000001819,0.00020937438932482476,0.243284,1.2331267161020942
kmouflage-kmimic,5_Kmimic_2_lensedtotCls.dat,3024,2,3024.0,1432.47,1432.77,0.2999999999999545,0.0002094284697061401,0.24324700000000002,1.2333142854791816
kmouflage-kmimic,5_Kmimic_2_lensedtotCls.dat,3025,2,3025.0,1432.05,1432.35,0.2999999999999545,0.0002094898921126738,0.243205,1.2335272712319012
kmouflage-kmimic,5_Kmimic_2_lensedtotCls.dat,3026,2,3026.0,1431.58,1431.88,0.3000000000001819,0.0002095586694422819,0.243158,1.2337656996692763
kmouflage-kmimic,5_Kmimic_2_lensedtotCls.dat,3027,2,3027.0,1431.05,1431.36,0.30999999999994543,0.00021662415708741513,0.24310500000000002,1.2751691655866617
kmouflage-kmimic,5_Kmimic_2_lensedtotCls.dat,3028,2,3028.0,1430.47,1430.78,0.30999999999994543,0.00021671198976556336,0.243047,1.2754734680944237
kmouflage-kmimic,5_Kmimic_2_lensedtotCls.dat,3029,2,3029.0,1429.84,1430.14,0.3000000000001819,0.00020981368544745,0.242984,1.2346491950094733
kmouflage-kmimic,5_Kmimic_2_lensedtotCls.dat,3030,2,3030.0,1429.15,1429.45,0.2999999999999545,0.0002099149844312735,0.24291500000000002,1.2349998970831546
kmouflage-kmimic,5_Kmimic_2_lensedtotCls.dat,3031,2,3031.0,1428.4,1428.7,0.2999999999999545,0.00021002520302433107,0.24284000000000003,1.2353813210342386
kmouflage-kmimic,5_Kmimic_2_lensedtotCls.dat,3032,2,3032.0,1427.59,1427.89,0.3000000000001819,0.0002101443691817552,0.242759,1.235793523618823
kmouflage-kmimic,5_Kmimic_2_lensedtotCls.dat,3033,2,3033.0,1426.72,1427.02,0.2999999999999545,0.00021027251317704563,0.24267200000000003,1.2362365662291261
kmouflage-kmimic,5_Kmimic_2_lensedtotCls.dat,3034,2,3034.0,1425.79,1426.09,0.2999999999999545,0.00021040966762282982,0.24257900000000002,1.2367105149248472
kmouflage-kmimic,5_Kmimic_2_lensedtotCls.dat,3035,2,3035.0,1424.8,1425.09,0.2899999999999636,0.0002035373385738094,0.24248,1.1959749257669234
kmouflage-kmimic,5_Kmimic_2_lensedtotCls.dat,3036,2,3036.0,1423.74,1424.04,0.2999999999999545,0.00021071263011501716,0.242374,1.2377565250396267
kmouflage-kmimic,5_Kmimic_2_lensedtotCls.dat,3037,2,3037.0,1422.62,1422.91,0.290000000000191,0.00020384923591696379,0.242262,1.197051126467176
kmouflage-kmimic,5_Kmimic_2_lensedtotCls.dat,3038,2,3038.0,1421.43,1421.72,0.2899999999999636,0.0002040198954573659,0.24214300000000002,1.1976394114220257
kmouflage-kmimic,5_Kmimic_2_lensedtotCls.dat,3039,2,3039.0,1420.16,1420.45,0.2899999999999636,0.00020420234339790138,0.242016,1.1982678831150155
kmouflage-kmimic,5_Kmimic_2_lensedtotCls.dat,3040,2,3040.0,1418.83,1419.11,0.2799999999999727,0.00019734570033053483,0.24188300000000001,1.1575844519870049
kmouflage-kmimic,5_Kmimic_2_lensedtotCls.dat,3041,2,3041.0,1417.41,1417.7,0.2899999999999636,0.0002045985283015949,0.241741,1.1996310100477934
kmouflage-kmimic,5_Kmimic_2_lensedtotCls.dat,3042,2,3042.0,1415.91,1416.2,0.2899999999999636,0.00020481527780717956,0.24159100000000003,1.2003758418151487
kmouflage-kmimic,5_Kmimic_2_lensedtotCls.dat,3043,2,3043.0,1414.34,1414.62,0.2799999999999727,0.000197972199046886,0.241434,1.1597372366774055
kmouflage-kmimic,5_Kmimic_2_lensedtotCls.dat,3044,2,3044.0,1412.67,1412.95,0.2799999999999727,0.00019820623358602696,0.241267,1.160539982674683
kmouflage-kmimic,5_Kmimic_2_lensedtotCls.dat,3045,2,3045.0,1410.91,1411.19,0.2799999999999727,0.00019845348037789278,0.24109100000000003,1.1613871940469478
kmouflage-kmimic,5_Kmimic_2_lensedtotCls.dat,3046,2,3046.0,1409.05,1409.33,0.2799999999999727,0.00019871544657746194,0.240905,1.1622838878394914
kmouflage-kmimic,5_Kmimic_2_lensedtotCls.dat,3047,2,3047.0,1407.09,1407.37,0.2799999999999727,0.0001989922464092366,0.240709,1.1632302905166516
kmouflage-kmimic,5_Kmimic_2_lensedtotCls.dat,3048,2,3048.0,1405.03,1405.3,0.2699999999999818,0.0001921667153014397,0.24050300000000002,1.1226471187468838
kmouflage-kmimic,5_Kmimic_2_lensedtotCls.dat,3049,2,3049.0,1402.85,1403.12,0.2699999999999818,0.0001924653384182071,0.240285,1.1236656470440594
kmouflage-kmimic,5_Kmimic_2_lensedtotCls.dat,3050,2,3050.0,1400.56,1400.83,0.2699999999999818,0.00019278003084479195,0.24005600000000002,1.1247375612356358
kmouflage-kmimic,5_Kmimic_2_lensedtotCls.dat,3051,2,3051.0,1398.14,1398.41,0.2699999999999818,0.00019311370821232623,0.23981400000000003,1.125872551227125
kmouflage-kmimic,5_Kmimic_2_lensedtotCls.dat,3052,2,3052.0,1395.61,1395.87,0.2599999999999909,0.00018629846447072672,0.239561,1.0853185618693815
kmouflage-kmimic,5_Kmimic_2_lensedtotCls.dat,3053,2,3053.0,1392.96,1393.22,0.2599999999999909,0.00018665288306914118,0.239296,1.086520460016009
kmouflage-kmimic,5_Kmimic_2_lensedtotCls.dat,3054,2,3054.0,1390.21,1390.47,0.2599999999999909,0.00018702210457412254,0.239021,1.0877705306227943
kmouflage-kmimic,5_Kmimic_2_lensedtotCls.dat,3055,2,3055.0,1387.36,1387.61,0.25,0.00018019836235728292,0.238736,1.0471818242745123
kmouflage-kmimic,5_Kmimic_2_lensedtotCls.dat,3056,2,3056.0,1384.41,1384.67,0.2599999999999909,0.00018780563561372057,0.23844100000000001,1.0904164971627819
kmouflage-kmimic,5_Kmimic_2_lensedtotCls.dat,3057,2,3057.0,1381.38,1381.63,0.25,0.00018097844184800706,0.23813800000000002,1.0498114538628862
kmouflage-kmimic,5_Kmimic_2_lensedtotCls.dat,3058,2,3058.0,1378.26,1378.51,0.25,0.00018138812705875525,0.237826,1.0511886841640528
kmouflage-kmimic,5_Kmimic_2_lensedtotCls.dat,3059,2,3059.0,1375.06,1375.31,0.25,0.00018181024828007507,0.237506,1.0526049868213856
kmouflage-kmimic,5_Kmimic_2_lensedtotCls.dat,3060,2,3060.0,1371.79,1372.03,0.2400000000000091,0.00017495389235962436,0.237179,1.0118939703768424
kmouflage-kmimic,5_Kmimic_2_lensedtotCls.dat,3062,2,3062.0,1365.03,1365.27,0.2400000000000091,0.00017582031164150905,0.23650300000000002,1.014786281780819
kmouflage-kmimic,5_Kmimic_2_lenspotentialCls.dat,2429,2,2429.0,779.386,779.564,0.17799999999999727,0.00022838490811997813,0.1779386,1.0003450628475061
kmouflage-kmimic,5_Kmimic_2_lenspotentialCls.dat,2435,2,2435.0,784.579,784.758,0.1790000000000873,0.00022814783469872035,0.1784579,1.0030376912430736
kmouflage-kmimic,5_Kmimic_2_lenspotentialCls.dat,2436,2,2436.0,785.445,785.624,0.17899999999997362,0.0002278962880914305,0.1785445,1.0025511847185078
kmouflage-kmimic,5_Kmimic_2_lenspotentialCls.dat,2437,2,2437.0,786.311,786.49,0.17899999999997362,0.00022764529556368107,0.17863110000000001,1.0020651499093585
kmouflage-kmimic,5_Kmimic_2_lenspotentialCls.dat,2438,2,2438.0,787.177,787.357,0.17999999999994998,0.00022866521760665006,0.1787177,1.007175002811417
kmouflage-kmimic,5_Kmimic_2_lenspotentialCls.dat,2439,2,2439.0,788.043,788.223,0.17999999999994998,0.00022841393172701234,0.17880430000000003,1.0066871993567825
kmouflage-kmimic,5_Kmimic_2_lenspotentialCls.dat,2440,2,2440.0,788.911,789.091,0.18000000000006366,0.00022816261910413681,0.1788911,1.0061987432581256
kmouflage-kmimic,5_Kmimic_2_lenspotentialCls.dat,2441,2,2441.0,789.778,789.959,0.18099999999992633,0.0002291783260611543,0.17897780000000002,1.0112986079833717
kmouflage-kmimic,5_Kmimic_2_lenspotentialCls.dat,2442,2,2442.0,790.647,790.828,0.18099999999992633,0.00022892643619709722,0.17906470000000002,1.0108078253275286
kmouflage-kmimic,5_Kmimic_2_lenspotentialCls.dat,2443,2,2443.0,791.516,791.697,0.18100000000004002,0.0002286750994294999,0.17915160000000002,1.0103175187943618
kmouflage-kmimic,5_Kmimic_2_lenspotentialCls.dat,2444,2,2444.0,792.386,792.567,0.18100000000004002,0.0002284240256643101,0.17923860000000003,1.0098271242915309
kmouflage-kmimic,5_Kmimic_2_lenspotentialCls.dat,2445,2,2445.0,793.257,793.439,0.18200000000001637,0.0002294338404829915,0.1793257,1.0149130883081252
kmouflage-kmimic,5_Kmimic_2_lenspotentialCls.dat,2446,2,2446.0,794.129,794.311,0.18200000000001637,0.0002291819087327328,0.17941290000000001,1.0144198103927664
kmouflage-kmimic,5_Kmimic_2_lenspotentialCls.dat,2447,2,2447.0,795.003,795.185,0.18199999999990268,0.00022892995372332265,0.1795003,1.0139258820174823
kmouflage-kmimic,5_Kmimic_2_lenspotentialCls.dat,2448,2,2448.0,795.878,796.06,0.18199999999990268,0.00022867826475904936,0.17958780000000002,1.0134318700930836
kmouflage-kmimic,5_Kmimic_2_lenspotentialCls.dat,2449,2,2449.0,796.754,796.936,0.18200000000001637,0.00022842684191107465,0.1796754,1.0129377755664735
kmouflage-kmimic,5_Kmimic_2_lenspotentialCls.dat,2450,2,2450.0,797.632,797.815,0.1830000000001064,0.00022942911016622506,0.1797632,1.0180059099977437
kmouflage-kmimic,5_Kmimic_2_lenspotentialCls.dat,2451,2,2451.0,798.51,798.694,0.18399999999996908,0.00023042917433716432,0.179851,1.0230690960849207
kmouflage-kmimic,5_Kmimic_2_lenspotentialCls.dat,2452,2,2452.0,799.392,799.575,0.18299999999999272,0.00022892398222648303,0.17993920000000002,1.0170101901086184
kmouflage-kmimic,5_Kmimic_2_lenspotentialCls.dat,2453,2,2453.0,800.274,800.457,0.18299999999999272,0.00022867167994960815,0.1800274,1.0165119309615798
kmouflage-kmimic,5_Kmimic_2_lenspotentialCls.dat,2454,2,2454.0,801.158,801.342,0.18399999999996908,0.00022966755621234397,0.1801158,1.0215650153954794
kmouflage-kmimic,5_Kmimic_2_lenspotentialCls.dat,2455,2,2455.0,802.044,802.228,0.18399999999996908,0.00022941384761929404,0.18020440000000001,1.021062748745142
kmouflage-kmimic,5_Kmimic_2_lenspotentialCls.dat,2456,2,2456.0,802.932,803.116,0.18399999999996908,0.00022916012813036356,0.18029320000000001,1.0205598436323116
kmouflage-kmimic,5_Kmimic_2_lenspotentialCls.dat,2457,2,2457.0,803.822,804.007,0.18499999999994543,0.000230150456195458,0.1803822,1.0256000869262347
kmouflage-kmimic,5_Kmimic_2_lenspotentialCls.dat,2458,2,2458.0,804.714,804.899,0.18499999999994543,0.00022989534169897058,0.1804714,1.0250931726575259
kmouflage-kmimic,5_Kmimic_2_lenspotentialCls.dat,2459,2,2459.0,805.607,805.793,0.18600000000003547,0.00023088180713429188,0.18056070000000002,1.0301244955299544
kmouflage-kmimic,5_Kmimic_2_lenspotentialCls.dat,2460,2,2460.0,806.504,806.689,0.18499999999994543,0.00022938509914389194,0.18065040000000002,1.024077444610947
kmouflage-kmimic,5_Kmimic_2_lenspotentialCls.dat,2461,2,2461.0,807.402,807.588,0.18599999999992178,0.00023036851531197815,0.18074020000000002,1.0291014395243656
kmouflage-kmimic,5_Kmimic_2_lenspotentialCls.dat,2462,2,2462.0,808.302,808.488,0.18600000000003547,0.00023011201258939785,0.1808302,1.0285892511319208
kmouflage-kmimic,5_Kmimic_2_lenspotentialCls.dat,2463,2,2463.0,809.206,809.392,0.18600000000003547,0.00022985494422932538,0.18092060000000001,1.0280752993303994
kmouflage-kmimic,5_Kmimic_2_lenspotentialCls.dat,2464,2,2464.0,810.111,810.298,0.18700000000001182,0.0002308325649201305,0.1810111,1.03308581628426
kmouflage-kmimic,5_Kmimic_2_lenspotentialCls.dat,2465,2,2465.0,811.019,811.206,0.18700000000001182,0.0002305741295826754,0.1811019,1.0325678526841067
kmouflage-kmimic,5_Kmimic_2_lenspotentialCls.dat,2466,2,2466.0,811.929,812.116,0.18700000000001182,0.00023031570494465875,0.1811929,1.0320492690387528
kmouflage-kmimic,5_Kmimic_2_lenspotentialCls.dat,2467,2,2467.0,812.842,813.03,0.18799999999998818,0.00023128726123894703,0.1812842,1.03704569951484
kmouflage-kmimic,5_Kmimic_2_lenspotentialCls.dat,2468,2,2468.0,813.758,813.946,0.18799999999998818,0.0002310269146355405,0.18137580000000003,1.0365219615846664
kmouflage-kmimic,5_Kmimic_2_lenspotentialCls.dat,2469,2,2469.0,814.677,814.865,0.18799999999998818,0.00023076630370071595,0.1814677,1.0359970396935
kmouflage-kmimic,5_Kmimic_2_lenspotentialCls.dat,2470,2,2470.0,815.598,815.786,0.18799999999998818,0.00023050571482518127,0.1815598,1.0354715085607507
kmouflage-kmimic,5_Kmimic_2_lenspotentialCls.dat,2471,2,2471.0,816.522,816.711,0.18899999999996453,0.0002314695746103161,0.1816522,1.0404498266465505
kmouflage-kmimic,5_Kmimic_2_lenspotentialCls.dat,2472,2,2472.0,817.449,817.639,0.19000000000005457,0.00023243040238602602,0.1817449,1.0454213570782707
kmouflage-kmimic,5_Kmimic_2_lenspotentialCls.dat,2473,2,2473.0,818.38,818.569,0.18899999999996453,0.000230944060216482,0.181838,1.0393867068487583
kmouflage-kmimic,5_Kmimic_2_lenspotentialCls.dat,2474,2,2474.0,819.312,819.502,0.18999999999994088,0.00023190188841362128,0.18193120000000002,1.0443508315228003
kmouflage-kmimic,5_Kmimic_2_lenspotentialCls.dat,2475,2,2475.0,820.249,820.439,0.18999999999994088,0.00023163697852718,0.18202490000000002,1.0438132365403903
kmouflage-kmimic,5_Kmimic_2_lenspotentialCls.dat,2476,2,2476.0,821.188,821.378,0.19000000000005457,0.00023137210967531745,0.18211880000000003,1.0432750490342269
kmouflage-kmimic,5_Kmimic_2_lenspotentialCls.dat,2477,2,2477.0,822.131,822.321,0.19000000000005457,0.00023110672143497152,0.18221310000000002,1.0427351271673362
kmouflage-kmimic,5_Kmimic_2_lenspotentialCls.dat,2478,2,2478.0,823.077,823.268,0.19100000000003092,0.0002320560530789111,0.18230770000000002,1.0476792806888076
kmouflage-kmimic,5_Kmimic_2_lenspotentialCls.dat,2479,2,2479.0,824.027,824.218,0.19099999999991724,0.00023178852149252055,0.18240270000000003,1.0471336224733363
kmouflage-kmimic,5_Kmimic_2_lenspotentialCls.dat,2480,2,2480.0,824.979,825.171,0.19200000000000728,0.00023273319684501942,0.18249790000000002,1.0520669004958811
kmouflage-kmimic,5_Kmimic_2_lenspotentialCls.dat,2481,2,2481.0,825.936,826.127,0.19099999999991724,0.00023125278471929694,0.18259360000000002,1.04603885349715
kmouflage-kmimic,5_Kmimic_2_lenspotentialCls.dat,2482,2,2482.0,826.896,827.088,0.19200000000000728,0.0002321936495036949,0.1826896,1.0509629447982112
kmouflage-kmimic,5_Kmimic_2_lenspotentialCls.dat,2483,2,2483.0,827.859,828.052,0.19299999999998363,0.00023313148736679026,0.1827859,1.0558801307977455
kmouflage-kmimic,5_Kmimic_2_lenspotentialCls.dat,2484,2,2484.0,828.826,829.019,0.19299999999998363,0.00023285949041171926,0.1828826,1.0553218294139717
kmouflage-kmimic,5_Kmimic_2_lenspotentialCls.dat,2485,2,2485.0,829.797,829.99,0.19299999999998363,0.00023258700621957374,0.18297970000000002,1.0547618123758187
kmouflage-kmimic,5_Kmimic_2_lenspotentialCls.dat,2486,2,2486.0,830.772,830.966,0.19399999999995998,0.00023351774012600324,0.1830772,1.0596622626955186
kmouflage-kmimic,5_Kmimic_2_lenspotentialCls.dat,2487,2,2487.0,831.751,831.944,0.19299999999998363,0.0002320405986887706,0.1831751,1.0536366569472795
kmouflage-kmimic,5_Kmimic_2_lenspotentialCls.dat,2488,2,2488.0,832.733,832.927,0.19400000000007367,0.00023296783002483832,0.1832733,1.058528438130779
kmouflage-kmimic,5_Kmimic_2_lenspotentialCls.dat,2489,2,2489.0,833.719,833.914,0.19499999999993634,0.00023389175489575784,0.18337190000000003,1.0634126602818441
kmouflage-kmimic,5_Kmimic_2_lenspotentialCls.dat,2490,2,2490.0,834.71,834.904,0.19399999999995998,0.00023241604868752018,0.183471,1.0573878160579055
kmouflage-kmimic,5_Kmimic_2_lenspotentialCls.dat,2491,2,2491.0,835.705,835.899,0.19399999999995998,0.0002321393314626094,0.18357050000000003,1.056814684276395
kmouflage-kmimic,5_Kmimic_2_lenspotentialCls.dat,2492,2,2492.0,836.703,836.898,0.19500000000005002,0.00023305760825531884,0.1836703,1.0616849866312084
kmouflage-kmimic,5_Kmimic_2_lenspotentialCls.dat,2493,2,2493.0,837.705,837.901,0.1959999999999127,0.00023397257984602296,0.1837705,1.0665476776735803
kmouflage-kmimic,5_Kmimic_2_lenspotentialCls.dat,2494,2,2494.0,838.712,838.908,0.19600000000002638,0.00023369166054620224,0.1838712,1.0659635658005515
kmouflage-kmimic,5_Kmimic_2_lenspotentialCls.dat,2495,2,2495.0,839.723,839.919,0.19600000000002638,0.00023341030315952567,0.1839723,1.0653777769806996
kmouflage-kmimic,5_Kmimic_2_lenspotentialCls.dat,2496,2,2496.0,840.738,840.934,0.1959999999999127,0.00023312851328227422,0.1840738,1.0647903177959746
kmouflage-kmimic,5_Kmimic_2_lenspotentialCls.dat,2497,2,2497.0,841.757,841.954,0.19700000000000273,0.00023403428780515367,0.1841757,1.0696307927701794
kmouflage-kmimic,5_Kmimic_2_lenspotentialCls.dat,2498,2,2498.0,842.781,842.978,0.19700000000000273,0.00023374993029031592,0.1842781,1.0690364183264465
kmouflage-kmimic,5_Kmimic_2_lenspotentialCls.dat,2499,2,2499.0,843.809,844.007,0.19799999999997908,0.00023465025853004542,0.18438090000000001,1.0738639414385063
kmouflage-kmimic,5_Kmimic_2_lenspotentialCls.dat,2500,2,2500.0,844.841,845.039,0.19799999999997908,0.00023436362581832448,0.1844841,1.0732632243102742
kmouflage-kmimic,5_Kmimic_2_lenspotentialCls.dat,2501,2,2501.0,845.878,846.076,0.19799999999997908,0.00023407630887666906,0.18458780000000002,1.0726602733223922
kmouflage-kmimic,5_Kmimic_2_lenspotentialCls.dat,2502,2,2502.0,846.92,847.118,0.19800000000009277,0.00023378831530734045,0.18469200000000002,1.0720550971351912
kmouflage-kmimic,5_Kmimic_2_lenspotentialCls.dat,2503,2,2503.0,847.965,848.164,0.19899999999995543,0.0002346794973848631,0.18479650000000003,1.076860221919546
kmouflage-kmimic,5_Kmimic_2_lenspotentialCls.dat,2504,2,2504.0,849.016,849.215,0.19900000000006912,0.00023438898678007143,0.1849016,1.0762481233265107
kmouflage-kmimic,5_Kmimic_2_lenspotentialCls.dat,2505,2,2505.0,850.07,850.27,0.1999999999999318,0.00023527474207998375,0.18500700000000003,1.081040176857804
kmouflage-kmimic,5_Kmimic_2_lenspotentialCls.dat,2506,2,2506.0,851.129,851.329,0.1999999999999318,0.00023498200625279104,0.18511290000000002,1.0804217318184295
kmouflage-kmimic,5_Kmimic_2_lenspotentialCls.dat,2507,2,2507.0,852.193,852.393,0.20000000000004547,0.00023468862100491965,0.1852193,1.0798010790454637
kmouflage-kmimic,5_Kmimic_2_lenspotentialCls.dat,2508,2,2508.0,853.262,853.462,0.20000000000004547,0.00023439459392313907,0.1853262,1.0791782273636727
kmouflage-kmimic,5_Kmimic_2_lenspotentialCls.dat,2509,2,2509.0,854.335,854.535,0.1999999999999318,0.00023410020659335248,0.18543350000000003,1.0785537672531218
kmouflage-kmimic,5_Kmimic_2_lenspotentialCls.dat,2510,2,2510.0,855.412,855.613,0.20100000000002183,0.0002349744918238484,0.18554120000000002,1.0833173440724853
kmouflage-kmimic,5_Kmimic_2_lenspotentialCls.dat,2511,2,2511.0,856.494,856.696,0.20199999999999818,0.00023584520148418807,0.18564940000000002,1.0880724634714583
kmouflage-kmimic,5_Kmimic_2_lenspotentialCls.dat,2512,2,2512.0,857.581,857.783,0.20199999999999818,0.00023554626326842382,0.1857581,1.0874357565026675
kmouflage-kmimic,5_Kmimic_2_lenspotentialCls.dat,2513,2,2513.0,858.672,858.875,0.20299999999997453,0.00023641157508335492,0.1858672,1.0921776408100758
kmouflage-kmimic,5_Kmimic_2_lenspotentialCls.dat,2514,2,2514.0,859.768,859.971,0.20299999999997453,0.00023611020647427506,0.1859768,1.0915339977888345
kmouflage-kmimic,5_Kmimic_2_lenspotentialCls.dat,2515,2,2515.0,860.869,861.072,0.20299999999997453,0.00023580823563164026,0.1860869,1.090888181811694
kmouflage-kmimic,5_Kmimic_2_lenspotentialCls.dat,2516,2,2516.0,861.975,862.178,0.20299999999997453,0.00023550567011801333,0.18619750000000002,1.0902402019359794
kmouflage-kmimic,5_Kmimic_2_lenspotentialCls.dat,2517,2,2517.0,863.084,863.288,0.20400000000006457,0.0002363616982820497,0.18630839999999999,1.094958681412457
kmouflage-kmimic,5_Kmimic_2_lenspotentialCls.dat,2518,2,2518.0,864.199,864.403,0.20400000000006457,0.00023605674156075692,0.1864199,1.0943037733635979
kmouflage-kmimic,5_Kmimic_2_lenspotentialCls.dat,2519,2,2519.0,865.318,865.522,0.20400000000006457,0.00023575148095851997,0.18653180000000003,1.0936473030339307
kmouflage-kmimic,5_Kmimic_2_lenspotentialCls.dat,2520,2,2520.0,866.442,866.647,0.20500000000004093,0.0002365997954854923,0.1866442,1.0983464795586517
kmouflage-kmimic,5_Kmimic_2_lenspotentialCls.dat,2521,2,2521.0,867.571,867.776,0.20499999999992724,0.00023629190002884748,0.1867571,1.097682497746684
kmouflage-kmimic,5_Kmimic_2_lenspotentialCls.dat,2522,2,2522.0,868.704,868.909,0.20500000000004093,0.00023598371827462627,0.1868704,1.0970169700500503
kmouflage-kmimic,5_Kmimic_2_lenspotentialCls.dat,2523,2,2523.0,869.842,870.047,0.20500000000004093,0.0002356749846524322,0.1869842,1.0963493172152563
kmouflage-kmimic,5_Kmimic_2_lenspotentialCls.dat,2524,2,2524.0,870.984,871.19,0.20600000000001728,0.0002365141035886047,0.1870984,1.1010249152318634
kmouflage-kmimic,5_Kmimic_2_lenspotentialCls.dat,2525,2,2525.0,872.131,872.337,0.20600000000001728,0.00023620304747797897,0.18721310000000002,1.100350349414743
kmouflage-kmimic,5_Kmimic_2_lenspotentialCls.dat,2526,2,2526.0,873.283,873.489,0.20600000000001728,0.00023589145786648462,0.1873283,1.0996736745062934
kmouflage-kmimic,5_Kmimic_2_lenspotentialCls.dat,2527,2,2527.0,874.439,874.646,0.20699999999999363,0.0002367232019614789,0.1874439,1.1043304156603317
kmouflage-kmimic,5_Kmimic_2_lenspotentialCls.dat,2528,2,2528.0,875.6,875.807,0.20699999999999363,0.0002364093193238849,0.18756,1.1036468330134017
kmouflage-kmimic,5_Kmimic_2_lenspotentialCls.dat,2529,2,2529.0,876.766,876.973,0.20699999999999363,0.00023609492156401326,0.18767660000000003,1.1029611576509464
kmouflage-kmimic,5_Kmimic_2_lenspotentialCls.dat,2530,2,2530.0,877.936,878.143,0.20699999999999363,0.00023578028466766782,0.1877936,1.102273985907899
kmouflage-kmimic,5_Kmimic_2_lenspotentialCls.dat,2531,2,2531.0,879.11,879.318,0.20799999999997,0.00023660292796119937,0.187911,1.10690699320407
kmouflage-kmimic,5_Kmimic_2_lenspotentialCls.dat,2532,2,2532.0,880.289,880.498,0.20900000000006003,0.00023742202844754395,0.1880289,1.1115312592907793
kmouflage-kmimic,5_Kmimic_2_lenspotentialCls.dat,2533,2,2533.0,881.473,881.682,0.20900000000006003,0.00023710312170657527,0.18814730000000002,1.1108317791435753
kmouflage-kmimic,5_Kmimic_2_lenspotentialCls.dat,2534,2,2534.0,882.661,882.87,0.20900000000006003,0.0002367839974804144,0.1882661,1.1101308201532831
kmouflage-kmimic,5_Kmimic_2_lenspotentialCls.dat,2535,2,2535.0,883.854,884.063,0.20899999999994634,0.0002364643934404849,0.1883854,1.1094278006679197
kmouflage-kmimic,5_Kmimic_2_lenspotentialCls.dat,2536,2,2536.0,885.051,885.261,0.2099999999999227,0.00023727446214955148,0.1885051,1.114028214620839
kmouflage-kmimic,5_Kmimic_2_lenspotentialCls.dat,2537,2,2537.0,886.252,886.462,0.21000000000003638,0.00023695292083971195,0.1886252,1.1133188990656413
kmouflage-kmimic,5_Kmimic_2_lenspotentialCls.dat,2538,2,2538.0,887.458,887.669,0.21100000000001273,0.00023775773050669748,0.18874580000000002,1.1179056699540477
kmouflage-kmimic,5_Kmimic_2_lenspotentialCls.dat,2539,2,2539.0,888.668,888.879,0.21100000000001273,0.0002374340023495982,0.1888668,1.1171894689803223
kmouflage-kmimic,5_Kmimic_2_lenspotentialCls.dat,2540,2,2540.0,889.883,890.094,0.21100000000001273,0.00023710982230249676,0.1889883,1.1164712312879301
kmouflage-kmimic,5_Kmimic_2_lenspotentialCls.dat,2541,2,2541.0,891.102,891.313,0.21100000000001273,0.00023678546339253278,0.1891102,1.1157515564999283
kmouflage-kmimic,5_Kmimic_2_lenspotentialCls.dat,2542,2,2542.0,892.325,892.537,0.21199999999998909,0.00023758159863277288,0.18923250000000003,1.1203149564688362
kmouflage-kmimic,5_Kmimic_2_lenspotentialCls.dat,2543,2,2543.0,893.552,893.764,0.21199999999998909,0.00023725535838987444,0.1893552,1.1195890052134247
kmouflage-kmimic,5_Kmimic_2_lenspotentialCls.dat,2544,2,2544.0,894.784,894.996,0.21199999999998909,0.000236928688934971,0.1894784,1.1188610416806828
kmouflage-kmimic,5_Kmimic_2_lenspotentialCls.dat,2545,2,2545.0,896.02,896.232,0.21199999999998909,0.00023660186156557788,0.189602,1.1181316652777349
kmouflage-kmimic,5_Kmimic_2_lenspotentialCls.dat,2546,2,2546.0,897.26,897.473,0.21299999999996544,0.00023738938546236926,0.189726,1.1226716422628709
kmouflage-kmimic,5_Kmimic_2_lenspotentialCls.dat,2547,2,2547.0,898.504,898.717,0.21299999999996544,0.00023706071425387692,0.18985040000000003,1.121936008562349
kmouflage-kmimic,5_Kmimic_2_lenspotentialCls.dat,2548,2,2548.0,899.752,899.966,0.21400000000005548,0.00023784331682514235,0.1899752,1.1264628225160729
kmouflage-kmimic,5_Kmimic_2_lenspotentialCls.dat,2549,2,2549.0,901.004,901.218,0.2139999999999418,0.00023751281903292525,0.1901004,1.1257209348320245
kmouflage-kmimic,5_Kmimic_2_lenspotentialCls.dat,2550,2,2550.0,902.26,902.475,0.21500000000003183,0.00023829051492921312,0.190226,1.1302345630987973
kmouflage-kmimic,5_Kmimic_2_lenspotentialCls.dat,2551,2,2551.0,903.52,903.735,0.21500000000003183,0.00023795820789803418,0.19035200000000002,1.1294864251493644
kmouflage-kmimic,5_Kmimic_2_lenspotentialCls.dat,2552,2,2552.0,904.785,905.0,0.21500000000003183,0.00023762551324351292,0.1904785,1.128736314072359
kmouflage-kmimic,5_Kmimic_2_lenspotentialCls.dat,2553,2,2553.0,906.053,906.268,0.21500000000003183,0.00023729296189078545,0.1906053,1.127985423280632
kmouflage-kmimic,5_Kmimic_2_lenspotentialCls.dat,2554,2,2554.0,907.325,907.541,0.21600000000000819,0.00023806243628248772,0.19073250000000003,1.1324761118320588
kmouflage-kmimic,5_Kmimic_2_lenspotentialCls.dat,2555,2,2555.0,908.6,908.817,0.21699999999998454,0.00023882896764250994,0.19086000000000003,1.1369590275593864
kmouflage-kmimic,5_Kmimic_2_lenspotentialCls.dat,2556,2,2556.0,909.88,910.097,0.21699999999998454,0.00023849298808632406,0.190988,1.1361970385573155
kmouflage-kmimic,5_Kmimic_2_lenspotentialCls.dat,2557,2,2557.0,911.164,911.381,0.21699999999998454,0.00023815690698928462,0.19111640000000002,1.1354336938116483
kmouflage-kmimic,5_Kmimic_2_lenspotentialCls.dat,2558,2,2558.0,912.451,912.668,0.21699999999998454,0.00023782098983943744,0.1912451,1.134669594148998
kmouflage-kmimic,5_Kmimic_2_lenspotentialCls.dat,2559,2,2559.0,913.742,913.96,0.21800000000007458,0.00023857938017522953,0.1913742,1.1391295169363194
kmouflage-kmimic,5_Kmimic_2_lenspotentialCls.dat,2560,2,2560.0,915.037,915.255,0.2179999999999609,0.0002382417323014926,0.1915037,1.1383592066365344
kmouflage-kmimic,5_Kmimic_2_lenspotentialCls.dat,2561,2,2561.0,916.336,916.555,0.21899999999993724,0.00023899530303288013,0.19163360000000002,1.142805854505354
kmouflage-kmimic,5_Kmimic_2_lenspotentialCls.dat,2562,2,2562.0,917.639,917.858,0.21899999999993724,0.00023865594204249956,0.19176390000000001,1.1420293392027239
kmouflage-kmimic,5_Kmimic_2_lenspotentialCls.dat,2563,2,2563.0,918.945,919.164,0.21899999999993724,0.00023831676542114842,0.19189450000000002,1.1412520942493778
kmouflage-kmimic,5_Kmimic_2_lenspotentialCls.dat,2564,2,2564.0,920.255,920.474,0.21900000000005093,0.0002379775171012936,0.19202550000000002,1.1404735308594478
kmouflage-kmimic,5_Kmimic_2_lenspotentialCls.dat,2565,2,2565.0,921.569,921.788,0.21900000000005093,0.0002376382018058886,0.19215690000000002,1.1396936565902702
kmouflage-kmimic,5_Kmimic_2_lenspotentialCls.dat,2566,2,2566.0,922.886,923.106,0.22000000000002728,0.0002383826388091566,0.1922886,1.1441135875971185
kmouflage-kmimic,5_Kmimic_2_lenspotentialCls.dat,2567,2,2567.0,924.207,924.427,0.22000000000002728,0.00023804191052440339,0.1924207,1.1433281346550932
kmouflage-kmimic,5_Kmimic_2_lenspotentialCls.dat,2568,2,2568.0,925.531,925.752,0.22100000000000364,0.00023878184523263256,0.1925531,1.1477353519626723
kmouflage-kmimic,5_Kmimic_2_lenspotentialCls.dat,2569,2,2569.0,926.86,927.081,0.22100000000000364,0.0002384394622704655,0.19268600000000002,1.1469437322898581
kmouflage-kmimic,5_Kmimic_2_lenspotentialCls.dat,2570,2,2570.0,928.191,928.412,0.22100000000000364,0.00023809754673338097,0.19281910000000002,1.1461520150234268
kmouflage-kmimic,5_Kmimic_2_lenspotentialCls.dat,2571,2,2571.0,929.526,929.748,0.22200000000009368,0.00023883140439330766,0.1929526,1.1505416356146208
kmouflage-kmimic,5_Kmimic_2_lenspotentialCls.dat,2572,2,2572.0,930.865,931.087,0.22199999999998,0.00023848785806747486,0.1930865,1.149743767689507
kmouflage-kmimic,5_Kmimic_2_lenspotentialCls.dat,2573,2,2573.0,932.207,932.429,0.22199999999998,0.00023814453227660807,0.19322070000000002,1.1489452217075085
kmouflage-kmimic,5_Kmimic_2_lenspotentialCls.dat,2574,2,2574.0,933.552,933.775,0.22299999999995634,0.0002388726069891729,0.1933552,1.1533178316381267
kmouflage-kmimic,5_Kmimic_2_lenspotentialCls.dat,2575,2,2575.0,934.901,935.124,0.22300000000007003,0.00023852792969530467,0.1934901,1.1525137461816912
kmouflage-kmimic,5_Kmimic_2_lenspotentialCls.dat,2576,2,2576.0,936.253,936.476,0.22299999999995634,0.00023818348245608435,0.1936253,1.1517089967063
kmouflage-kmimic,5_Kmimic_2_lenspotentialCls.dat,2577,2,2577.0,937.609,937.832,0.22299999999995634,0.00023783901391726865,0.1937609,1.15090299436035
kmouflage-kmimic,5_Kmimic_2_lenspotentialCls.dat,2578,2,2578.0,938.967,939.191,0.22400000000004638,0.00023856003459125441,0.1938967,1.1552543184079274
kmouflage-kmimic,5_Kmimic_2_lenspotentialCls.dat,2579,2,2579.0,940.329,940.553,0.22400000000004638,0.00023821449726643164,0.1940329,1.1544433959397935
kmouflage-kmimic,5_Kmimic_2_lenspotentialCls.dat,2580,2,2580.0,941.694,941.919,0.22500000000002274,0.00023893111775165048,0.1941694,1.1587819707946914
kmouflage-kmimic,5_Kmimic_2_lenspotentialCls.dat,2581,2,2581.0,943.062,943.287,0.22500000000002274,0.00023858452572579823,0.1943062,1.1579661379823327
kmouflage-kmimic,5_Kmimic_2_lenspotentialCls.dat,2582,2,2582.0,944.434,944.659,0.22500000000002274,0.0002382379287488832,0.1944434,1.1571490726865645
kmouflage-kmimic,5_Kmimic_2_lenspotentialCls.dat,2583,2,2583.0,945.808,946.034,0.2259999999999991,0.00023894913132474995,0.1945808,1.1614712242934508
kmouflage-kmimic,5_Kmimic_2_lenspotentialCls.dat,2584,2,2584.0,947.185,947.411,0.2259999999999991,0.0002386017515057767,0.19471850000000002,1.1606498612098957
kmouflage-kmimic,5_Kmimic_2_lenspotentialCls.dat,2585,2,2585.0,948.566,948.792,0.2259999999999991,0.00023825437555214827,0.19485660000000002,1.1598272781111805
kmouflage-kmimic,5_Kmimic_2_lenspotentialCls.dat,2586,2,2586.0,949.949,950.176,0.22700000000008913,0.00023896019681065946,0.1949949,1.1641330106586845
kmouflage-kmimic,5_Kmimic_2_lenspotentialCls.dat,2587,2,2587.0,951.335,951.562,0.22699999999997544,0.0002386120556901359,0.19513350000000002,1.1633061468173094
kmouflage-kmimic,5_Kmimic_2_lenspotentialCls.dat,2588,2,2588.0,952.724,952.951,0.22699999999997544,0.00023826417724333114,0.1952724,1.1624786708207377
kmouflage-kmimic,5_Kmimic_2_lenspotentialCls.dat,2589,2,2589.0,954.116,954.343,0.22699999999997544,0.0002379165636043997,0.19541160000000002,1.1616505877848369
kmouflage-kmimic,5_Kmimic_2_lenspotentialCls.dat,2590,2,2590.0,955.51,955.738,0.22800000000006548,0.00023861602704321826,0.195551,1.1659362519243854
kmouflage-kmimic,5_Kmimic_2_lenspotentialCls.dat,2591,2,2591.0,956.908,957.136,0.2279999999999518,0.00023826741964739744,0.1956908,1.1651033160473145
kmouflage-kmimic,5_Kmimic_2_lenspotentialCls.dat,2592,2,2592.0,958.307,958.536,0.22899999999992815,0.00023896308802912652,0.19583070000000002,1.1693774265216237
kmouflage-kmimic,5_Kmimic_2_lenspotentialCls.dat,2593,2,2593.0,959.71,959.939,0.22899999999992815,0.00023861374790293748,0.195971,1.1685402431988823
kmouflage-kmimic,5_Kmimic_2_lenspotentialCls.dat,2594,2,2594.0,961.115,961.344,0.22900000000004184,0.0002382649318760417,0.1961115,1.1677030668779844
kmouflage-kmimic,5_Kmimic_2_lenspotentialCls.dat,2595,2,2595.0,962.523,962.752,0.22899999999992815,0.000237916392647166,0.19625230000000002,1.1668653055272633
kmouflage-kmimic,5_Kmimic_2_lenspotentialCls.dat,2596,2,2596.0,963.933,964.163,0.2300000000000182,0.00023860579521607642,0.1963933,1.1711193813639171
kmouflage-kmimic,5_Kmimic_2_lenspotentialCls.dat,2597,2,2597.0,965.345,965.575,0.2300000000000182,0.00023825678902363216,0.1965345,1.1702779919048218
kmouflage-kmimic,5_Kmimic_2_lenspotentialCls.dat,2598,2,2598.0,966.76,966.991,0.23099999999999454,0.00023894244693615225,0.19667600000000002,1.1745205312289986
kmouflage-kmimic,5_Kmimic_2_lenspotentialCls.dat,2599,2,2599.0,968.177,968.408,0.23099999999999454,0.00023859273665868382,0.1968177,1.1736749286268182
kmouflage-kmimic,5_Kmimic_2_lenspotentialCls.dat,2600,2,2600.0,969.597,969.828,0.23099999999999454,0.00023824331139637864,0.19695970000000002,1.172828756339467
kmouflage-kmimic,5_Kmimic_2_lenspotentialCls.dat,2601,2,2601.0,971.018,971.25,0.2319999999999709,0.00023892451015323187,0.1971018,1.1770567290606728
kmouflage-kmimic,5_Kmimic_2_lenspotentialCls.dat,2602,2,2602.0,972.442,972.674,0.2319999999999709,0.0002385746399270814,0.1972442,1.1762069556416406
kmouflage-kmimic,5_Kmimic_2_lenspotentialCls.dat,2603,2,2603.0,973.868,974.101,0.23299999999994725,0.0002392521368398461,0.19738680000000003,1.180423412304912
kmouflage-kmimic,5_Kmimic_2_lenspotentialCls.dat,2604,2,2604.0,975.296,975.529,0.23299999999994725,0.00023890183082874044,0.19752960000000003,1.1795700492480479
kmouflage-kmimic,5_Kmimic_2_lenspotentialCls.dat,2605,2,2605.0,976.727,976.96,0.23300000000006094,0.00023855181642368946,0.1976727,1.1787161302499582
kmouflage-kmimic,5_Kmimic_2_lenspotentialCls.dat,2606,2,2606.0,978.159,978.392,0.23300000000006094,0.00023820258260677553,0.1978159,1.1778628512675722
kmouflage-kmimic,5_Kmimic_2_lenspotentialCls.dat,2607,2,2607.0,979.593,979.827,0.2340000000000373,0.00023887471633631243,0.1979593,1.1820611610570317
kmouflage-kmimic,5_Kmimic_2_lenspotentialCls.dat,2608,2,2608.0,981.029,981.263,0.2340000000000373,0.0002385250588922828,0.19810290000000003,1.1812043135160428
kmouflage-kmimic,5_Kmimic_2_lenspotentialCls.dat,2609,2,2609.0,982.467,982.701,0.2340000000000373,0.00023817593873385804,0.1982467,1.1803475165036155
kmouflage-kmimic,5_Kmimic_2_lenspotentialCls.dat,2610,2,2610.0,983.907,984.142,0.23500000000001364,0.00023884371185489445,0.19839070000000003,1.184531331357839
kmouflage-kmimic,5_Kmimic_2_lenspotentialCls.dat,2611,2,2611.0,985.349,985.584,0.23499999999989996,0.00023849417820477815,0.19853490000000001,1.1836709817765034
kmouflage-kmimic,5_Kmimic_2_lenspotentialCls.dat,2612,2,2612.0,986.792,987.027,0.23500000000001364,0.00023814542477038083,0.1986792,1.182811285731036
kmouflage-kmimic,5_Kmimic_2_lenspotentialCls.dat,2613,2,2613.0,988.237,988.473,0.23599999999999,0.00023880911157949966,0.1988237,1.1869812301048115
kmouflage-kmimic,5_Kmimic_2_lenspotentialCls.dat,2614,2,2614.0,989.684,989.92,0.23599999999999,0.0002384599528738365,0.1989684,1.1861179966265498
kmouflage-kmimic,5_Kmimic_2_lenspotentialCls.dat,2615,2,2615.0,991.132,991.369,0.23700000000008004,0.00023912052077834238,0.1991132,1.1902776912835515
kmouflage-kmimic,5_Kmimic_2_lenspotentialCls.dat,2616,2,2616.0,992.582,992.819,0.23699999999996635,0.00023877120479715163,0.1992582,1.1894115273547907
kmouflage-kmimic,5_Kmimic_2_lenspotentialCls.dat,2617,2,2617.0,994.034,994.271,0.23699999999996635,0.0002384224282066472,0.1994034,1.188545431020566
kmouflage-kmimic,5_Kmimic_2_lenspotentialCls.dat,2618,2,2618.0,995.487,995.724,0.23700000000008004,0.0002380744299022288,0.19954870000000002,1.18767999992022
kmouflage-kmimic,5_Kmimic_2_lenspotentialCls.dat,2619,2,2619.0,996.941,997.179,0.2379999999999427,0.0002387302759139635,0.1996941,1.1918228931147323
kmouflage-kmimic,5_Kmimic_2_lenspotentialCls.dat,2620,2,2620.0,998.397,998.635,0.2379999999999427,0.00023838212654880042,0.1998397,1.190954550071596
kmouflage-kmimic,5_Kmimic_2_lenspotentialCls.dat,2621,2,2621.0,999.855,1000.09,0.23500000000001364,0.00023503407994160516,0.1999855,1.1750851936766098
kmouflage-kmimic,5_Kmimic_2_lenspotentialCls.dat,2622,2,2622.0,1001.31,1001.55,0.2400000000000091,0.00023968601132517313,0.200131,1.1992145144930526
kmouflage-kmimic,5_Kmimic_2_lenspotentialCls.dat,2623,2,2623.0,1002.77,1003.01,0.2400000000000091,0.00023933703640915575,0.200277,1.1983402986863647
kmouflage-kmimic,5_Kmimic_2_lenspotentialCls.dat,2624,2,2624.0,1004.23,1004.47,0.2400000000000091,0.00023898907620765073,0.20042300000000002,1.1974673565409613
kmouflage-kmimic,5_Kmimic_2_lenspotentialCls.dat,2625,2,2625.0,1005.7,1005.94,0.2400000000000091,0.00023863975340559718,0.20057000000000003,1.19658971930004
kmouflage-kmimic,5_Kmimic_2_lenspotentialCls.dat,2626,2,2626.0,1007.16,1007.4,0.2400000000000091,0.0002382938162754767,0.200716,1.1957193248171998
kmouflage-kmimic,5_Kmimic_2_lenspotentialCls.dat,2627,2,2627.0,1008.63,1008.87,0.2400000000000091,0.00023794652151929756,0.200863,1.1948442470739213
kmouflage-kmimic,5_Kmimic_2_lenspotentialCls.dat,2628,2,2628.0,1010.09,1010.33,0.2400000000000091,0.00023760258986823857,0.201009,1.1939763891169506
kmouflage-kmimic,5_Kmimic_2_lenspotentialCls.dat,2629,2,2629.0,1011.56,1011.8,0.2400000000000091,0.00023725730554787565,0.201156,1.1931038596910313
kmouflage-kmimic,5_Kmimic_2_lenspotentialCls.dat,2630,2,2630.0,1013.03,1013.27,0.2400000000000091,0.00023691302330632765,0.201303,1.1922326045811988
kmouflage-kmimic,5_Kmimic_2_lenspotentialCls.dat,2631,2,2631.0,1014.49,1014.74,0.25,0.000246429240307938,0.20144900000000002,1.2410088905876921
kmouflage-kmimic,5_Kmimic_2_lenspotentialCls.dat,2632,2,2632.0,1015.96,1016.21,0.25,0.0002460726800267727,0.201596,1.2401039703168715
kmouflage-kmimic,5_Kmimic_2_lenspotentialCls.dat,2633,2,2633.0,1017.44,1017.68,0.2399999999998954,0.00023588614562027776,0.20174400000000003,1.1896264572918915
kmouflage-kmimic,5_Kmimic_2_lenspotentialCls.dat,2634,2,2634.0,1018.91,1019.15,0.2400000000000091,0.00023554582838524414,0.201891,1.1887602716317671
kmouflage-kmimic,5_Kmimic_2_lenspotentialCls.dat,2635,2,2635.0,1020.38,1020.62,0.2400000000000091,0.0002352064916991798,0.202038,1.1878953464200255
kmouflage-kmimic,5_Kmimic_2_lenspotentialCls.dat,2636,2,2636.0,1021.85,1022.1,0.25,0.00024465430346919803,0.202185,1.2364913321957614
kmouflage-kmimic,5_Kmimic_2_lenspotentialCls.dat,2637,2,2637.0,1023.33,1023.57,0.2400000000000091,0.00023452845123274904,0.202333,1.1861634038936262
kmouflage-kmimic,5_Kmimic_2_lenspotentialCls.dat,2638,2,2638.0,1024.8,1025.05,0.25,0.00024395003903200624,0.20248,1.2346898459107072
kmouflage-kmimic,5_Kmimic_2_lenspotentialCls.dat,2639,2,2639.0,1026.28,1026.52,0.2400000000000091,0.00023385430876564787,0.202628,1.1844365043331084
kmouflage-kmimic,5_Kmimic_2_lenspotentialCls.dat,2640,2,2640.0,1027.75,1028.0,0.25,0.00024324981756263683,0.202775,1.2328936012822094
kmouflage-kmimic,5_Kmimic_2_lenspotentialCls.dat,2641,2,2641.0,1029.23,1029.47,0.2400000000000091,0.00023318403078030088,0.20292300000000002,1.1827146257447854
kmouflage-kmimic,5_Kmimic_2_lenspotentialCls.dat,2642,2,2642.0,1030.71,1030.95,0.2400000000000091,0.00023284920103618776,0.203071,1.1818526525205917
kmouflage-kmimic,5_Kmimic_2_lenspotentialCls.dat,2643,2,2643.0,1032.19,1032.43,0.2400000000000091,0.00023251533147967824,0.203219,1.1809919348092899
kmouflage-kmimic,5_Kmimic_2_lenspotentialCls.dat,2644,2,2644.0,1033.66,1033.91,0.25,0.00024185902521138477,0.20336600000000002,1.2293107009037891
kmouflage-kmimic,5_Kmimic_2_lenspotentialCls.dat,2645,2,2645.0,1035.14,1035.39,0.25,0.00024151322526421543,0.20351400000000003,1.2284167182601686
kmouflage-kmimic,5_Kmimic_2_lenspotentialCls.dat,2646,2,2646.0,1036.62,1036.87,0.25,0.00024116841272597484,0.203662,1.2275240349206036
kmouflage-kmimic,5_Kmimic_2_lenspotentialCls.dat,2647,2,2647.0,1038.1,1038.35,0.25,0.00024082458337347078,0.20381,1.2266326480545606
kmouflage-kmimic,5_Kmimic_2_lenspotentialCls.dat,2648,2,2648.0,1039.58,1039.83,0.25,0.00024048173300756075,0.203958,1.2257425548397218
kmouflage-kmimic,5_Kmimic_2_lenspotentialCls.dat,2649,2,2649.0,1041.06,1041.31,0.25,0.00024013985745298063,0.204106,1.224853752461956
kmouflage-kmimic,5_Kmimic_2_lenspotentialCls.dat,2650,2,2650.0,1042.54,1042.79,0.25,0.00023979895255817524,0.204254,1.2239662381152878
kmouflage-kmimic,5_Kmimic_2_lenspotentialCls.dat,2651,2,2651.0,1044.03,1044.28,0.25,0.00023945672059232014,0.204403,1.2230740253323091
kmouflage-kmimic,5_Kmimic_2_lenspotentialCls.dat,2652,2,2652.0,1045.51,1045.76,0.25,0.00023911775114537402,0.204551,1.2221890873180772
kmouflage-kmimic,5_Kmimic_2_lenspotentialCls.dat,2653,2,2653.0,1046.99,1047.24,0.25,0.00023877974001661908,0.20469900000000002,1.2213054289468925
kmouflage-kmimic,5_Kmimic_2_lenspotentialCls.dat,2654,2,2654.0,1048.47,1048.72,0.25,0.0002384426831478249,0.204847,1.2204230474451663
kmouflage-kmimic,5_Kmimic_2_lenspotentialCls.dat,2655,2,2655.0,1049.96,1050.21,0.25,0.00023810430873557088,0.204996,1.2195359909461647
kmouflage-kmimic,5_Kmimic_2_lenspotentialCls.dat,2656,2,2656.0,1051.44,1051.69,0.25,0.00023776915468310127,0.20514400000000002,1.2186561634754123
kmouflage-kmimic,5_Kmimic_2_lenspotentialCls.dat,2657,2,2657.0,1052.92,1053.17,0.25,0.00023743494282566576,0.20529200000000003,1.2177776045827404
kmouflage-kmimic,5_Kmimic_2_lenspotentialCls.dat,2658,2,2658.0,1054.4,1054.65,0.25,0.00023710166919575112,0.20544,1.2169003115264796
kmouflage-kmimic,5_Kmimic_2_lenspotentialCls.dat,2659,2,2659.0,1055.89,1056.14,0.25,0.00023676708748070346,0.20558900000000002,1.216018366741411
kmouflage-kmimic,5_Kmimic_2_lenspotentialCls.dat,2660,2,2660.0,1057.37,1057.62,0.25,0.00023643568476503025,0.205737,1.2151436056713183
kmouflage-kmimic,5_Kmimic_2_lenspotentialCls.dat,2661,2,2661.0,1058.85,1059.1,0.25,0.00023610520848089912,0.20588499999999998,1.2142701022415427
kmouflage-kmimic,5_Kmimic_2_lenspotentialCls.dat,2662,2,2662.0,1060.33,1060.59,0.2599999999999909,0.00024520668093894443,0.20603300000000002,1.261933767891507
kmouflage-kmimic,5_Kmimic_2_lenspotentialCls.dat,2663,2,2663.0,1061.82,1062.07,0.25,0.00023544480232054398,0.206182,1.2125209766128955
kmouflage-kmimic,5_Kmimic_2_lenspotentialCls.dat,2664,2,2664.0,1063.3,1063.55,0.25,0.00023511708830997838,0.20633,1.2116512383075655
kmouflage-kmimic,5_Kmimic_2_lenspotentialCls.dat,2665,2,2665.0,1064.78,1065.03,0.25,0.00023479028531715472,0.206478,1.2107827468301708
kmouflage-kmimic,5_Kmimic_2_lenspotentialCls.dat,2666,2,2666.0,1066.26,1066.52,0.2599999999999909,0.00024384296513044746,0.206626,1.2583121194815314
kmouflage-kmimic,5_Kmimic_2_lenspotentialCls.dat,2667,2,2667.0,1067.74,1068.0,0.2599999999999909,0.00024350497312078867,0.206774,1.2574114733960309
kmouflage-kmimic,5_Kmimic_2_lenspotentialCls.dat,2668,2,2668.0,1069.23,1069.48,0.25,0.00023381311785116392,0.20692300000000002,1.2081788877988429
kmouflage-kmimic,5_Kmimic_2_lenspotentialCls.dat,2669,2,2669.0,1070.71,1070.96,0.25,0.00023348992724453867,0.207071,1.2073153652611905
kmouflage-kmimic,5_Kmimic_2_lenspotentialCls.dat,2670,2,2670.0,1072.19,1072.44,0.25,0.00023316762887174846,0.20721900000000001,1.2064530762140537
kmouflage-kmimic,5_Kmimic_2_lenspotentialCls.dat,2671,2,2671.0,1073.67,1073.92,0.25,0.00023284621904309517,0.20736700000000002,1.205592018016367
kmouflage-kmimic,5_Kmimic_2_lenspotentialCls.dat,2672,2,2672.0,1075.15,1075.4,0.25,0.00023252569408919684,0.207515,1.2047321880345998
kmouflage-kmimic,5_Kmimic_2_lenspotentialCls.dat,2673,2,2673.0,1076.63,1076.88,0.25,0.0002322060503608482,0.20766300000000004,1.2038735836427286
kmouflage-kmimic,5_Kmimic_2_lenspotentialCls.dat,2674,2,2674.0,1078.11,1078.36,0.25,0.00023188728422888206,0.207811,1.2030162022222115
kmouflage-kmimic,5_Kmimic_2_lenspotentialCls.dat,2675,2,2675.0,1079.58,1079.84,0.2599999999999909,0.00024083439856239548,0.207958,1.2502524548225646
kmouflage-kmimic,5_Kmimic_2_lenspotentialCls.dat,2676,2,2676.0,1081.06,1081.32,0.2599999999999909,0.00024050468984144352,0.208106,1.2493633052386326
kmouflage-kmimic,5_Kmimic_2_lenspotentialCls.dat,2677,2,2677.0,1082.54,1082.8,0.2599999999999909,0.00024017588264636032,0.208254,1.248475419439679
kmouflage-kmimic,5_Kmimic_2_lenspotentialCls.dat,2678,2,2678.0,1084.02,1084.28,0.2599999999999909,0.00023984797328461735,0.208402,1.2475887947332123
kmouflage-kmimic,5_Kmimic_2_lenspotentialCls.dat,2679,2,2679.0,1085.49,1085.75,0.2599999999999909,0.00023952316465374247,0.208549,1.2467094064224278
kmouflage-kmimic,5_Kmimic_2_lenspotentialCls.dat,2680,2,2680.0,1086.97,1087.23,0.2599999999999909,0.00023919703395677058,0.20869700000000002,1.2458252873783087
kmouflage-kmimic,5_Kmimic_2_lenspotentialCls.dat,2681,2,2681.0,1088.45,1088.71,0.2599999999999909,0.00023887179016031135,0.208845,1.244942421412966
kmouflage-kmimic,5_Kmimic_2_lenspotentialCls.dat,2682,2,2682.0,1089.92,1090.18,0.2599999999999909,0.00023854961832060233,0.208992,1.2440667585361684
kmouflage-kmimic,5_Kmimic_2_lenspotentialCls.dat,2683,2,2683.0,1091.4,1091.66,0.2599999999999909,0.0002382261315741166,0.20914000000000002,1.2431863823275837
kmouflage-kmimic,5_Kmimic_2_lenspotentialCls.dat,2684,2,2684.0,1092.87,1093.13,0.2600000000002183,0.00023790569784166307,0.209287,1.2423131871555246
kmouflage-kmimic,5_Kmimic_2_lenspotentialCls.dat,2685,2,2685.0,1094.34,1094.6,0.2599999999999909,0.00023758612497029344,0.209434,1.2414412177582956
kmouflage-kmimic,5_Kmimic_2_lenspotentialCls.dat,2686,2,2686.0,1095.81,1096.08,0.2699999999999818,0.0002463930790921618,0.20958100000000002,1.288284720465986
kmouflage-kmimic,5_Kmimic_2_lenspotentialCls.dat,2687,2,2687.0,1097.29,1097.55,0.2599999999999909,0.00023694738856636888,0.209729,1.2396950350213414
kmouflage-kmimic,5_Kmimic_2_lenspotentialCls.dat,2688,2,2688.0,1098.76,1099.02,0.2599999999999909,0.00023663038334121274,0.209876,1.2388267357868021
kmouflage-kmimic,5_Kmimic_2_lenspotentialCls.dat,2689,2,2689.0,1100.23,1100.49,0.2599999999999909,0.00023631422520744834,0.21002300000000002,1.2379596520380667
kmouflage-kmimic,5_Kmimic_2_lenspotentialCls.dat,2690,2,2690.0,1101.7,1101.96,0.2599999999999909,0.0002359989107742497,0.21017000000000002,1.2370937812246794
kmouflage-kmimic,5_Kmimic_2_lenspotentialCls.dat,2691,2,2691.0,1103.17,1103.43,0.2599999999999909,0.00023568443666886418,0.21031700000000003,1.2362291208033154
kmouflage-kmimic,5_Kmimic_2_lenspotentialCls.dat,2692,2,2692.0,1104.64,1104.9,0.2599999999999909,0.00023537079953649232,0.21046400000000004,1.235365668237755
kmouflage-kmimic,5_Kmimic_2_lenspotentialCls.dat,2693,2,2693.0,1106.1,1106.37,0.2699999999999818,0.0002441008950365987,0.21061000000000002,1.2819904088124106
kmouflage-kmimic,5_Kmimic_2_lenspotentialCls.dat,2694,2,2694.0,1107.57,1107.84,0.2699999999999818,0.00024377691703457284,0.210757,1.2810962387962526
kmouflage-kmimic,5_Kmimic_2_lenspotentialCls.dat,2695,2,2695.0,1109.04,1109.3,0.2599999999999909,0.00023443699055037773,0.210904,1.2327883776504518
kmouflage-kmimic,5_Kmimic_2_lenspotentialCls.dat,2696,2,2696.0,1110.5,1110.77,0.2699999999999818,0.000243133723547935,0.21105000000000002,1.2793176972280587
kmouflage-kmimic,5_Kmimic_2_lenspotentialCls.dat,2697,2,2697.0,1111.97,1112.23,0.2599999999999909,0.00023381925771377905,0.21119700000000002,1.2310780929652925
kmouflage-kmimic,5_Kmimic_2_lenspotentialCls.dat,2698,2,2698.0,1113.43,1113.7,0.2699999999999818,0.0002424939151989634,0.211343,1.2775440871000308
kmouflage-kmimic,5_Kmimic_2_lenspotentialCls.dat,2699,2,2699.0,1114.9,1115.16,0.2599999999999909,0.00023320477172839797,0.21149,1.2293725471653076
kmouflage-kmimic,5_Kmimic_2_lenspotentialCls.dat,2700,2,2700.0,1116.36,1116.63,0.2700000000002092,0.0002418574653339507,0.211636,1.2757753879312084
kmouflage-kmimic,5_Kmimic_2_lenspotentialCls.dat,2701,2,2701.0,1117.82,1118.09,0.2699999999999818,0.00024154157198831818,0.211782,1.2748958835027613
kmouflage-kmimic,5_Kmimic_2_lenspotentialCls.dat,2702,2,2702.0,1119.28,1119.55,0.2699999999999818,0.00024122650275175276,0.211928,1.2740175908798357
kmouflage-kmimic,5_Kmimic_2_lenspotentialCls.dat,2703,2,2703.0,1120.74,1121.01,0.2699999999999818,0.00024091225440332442,0.212074,1.2731405075585964
kmouflage-kmimic,5_Kmimic_2_lenspotentialCls.dat,2704,2,2704.0,1122.2,1122.47,0.2699999999999818,0.00024059882373906772,0.21222000000000002,1.2722646310431711
kmouflage-kmimic,5_Kmimic_2_lenspotentialCls.dat,2705,2,2705.0,1123.66,1123.93,0.2699999999999818,0.00024028620757166917,0.212366,1.2713899588445505
kmouflage-kmimic,5_Kmimic_2_lenspotentialCls.dat,2706,2,2706.0,1125.12,1125.39,0.2700000000002092,0.00023997440273056136,0.212512,1.270516488481635
kmouflage-kmimic,5_Kmimic_2_lenspotentialCls.dat,2707,2,2707.0,1126.58,1126.85,0.2699999999999818,0.0002396634060608051,0.212658,1.2696442174758618
kmouflage-kmimic,5_Kmimic_2_lenspotentialCls.dat,2708,2,2708.0,1128.04,1128.31,0.2699999999999818,0.00023935321442500427,0.212804,1.2687731433618814
kmouflage-kmimic,5_Kmimic_2_lenspotentialCls.dat,2709,2,2709.0,1129.5,1129.77,0.2699999999999818,0.00023904382470117913,0.21295000000000003,1.267903263676834
kmouflage-kmimic,5_Kmimic_2_lenspotentialCls.dat,2710,2,2710.0,1130.95,1131.23,0.2799999999999727,0.0002475794685883308,0.21309500000000003,1.313967948567412
kmouflage-kmimic,5_Kmimic_2_lenspotentialCls.dat,2711,2,2711.0,1132.41,1132.68,0.2699999999999818,0.0002384295440697113,0.213241,1.2661730155081894
kmouflage-kmimic,5_Kmimic_2_lenspotentialCls.dat,2712,2,2712.0,1133.87,1134.14,0.2700000000002092,0.00023812253609338744,0.213387,1.2653066962851964
kmouflage-kmimic,5_Kmimic_2_lenspotentialCls.dat,2713,2,2713.0,1135.32,1135.6,0.2799999999999727,0.00024662650177921004,0.213532,1.3112788715507404
kmouflage-kmimic,5_Kmimic_2_lenspotentialCls.dat,2714,2,2714.0,1136.78,1137.05,0.2699999999999818,0.0002375129752458539,0.213678,1.2635835228707766
kmouflage-kmimic,5_Kmimic_2_lenspotentialCls.dat,2715,2,2715.0,1138.23,1138.51,0.2799999999999727,0.0002459959762086509,0.213823,1.3094943013612788
kmouflage-kmimic,5_Kmimic_2_lenspotentialCls.dat,2716,2,2716.0,1139.69,1139.96,0.2699999999999818,0.00023690652721352454,0.21396900000000002,1.2618650365238973
kmouflage-kmimic,5_Kmimic_2_lenspotentialCls.dat,2717,2,2717.0,1141.14,1141.42,0.2799999999999727,0.00024536866642127405,0.21411400000000003,1.307714581951543
kmouflage-kmimic,5_Kmimic_2_lenspotentialCls.dat,2718,2,2718.0,1142.6,1142.87,0.2699999999999818,0.000236303168212832,0.21426,1.2601512181460925
kmouflage-kmimic,5_Kmimic_2_lenspotentialCls.dat,2719,2,2719.0,1144.05,1144.33,0.2799999999999727,0.00024474454787812836,0.214405,1.3059396935704517
kmouflage-kmimic,5_Kmimic_2_lenspotentialCls.dat,2720,2,2720.0,1145.51,1145.78,0.2699999999999818,0.00023570287470208188,0.214551,1.2584420487435706
kmouflage-kmimic,5_Kmimic_2_lenspotentialCls.dat,2721,2,2721.0,1146.96,1147.24,0.2799999999999727,0.00024412359628929754,0.214696,1.3041696165740058
kmouflage-kmimic,5_Kmimic_2_lenspotentialCls.dat,2722,2,2722.0,1148.41,1148.69,0.2799999999999727,0.00024381536210932742,0.214841,1.3032894093770402
kmouflage-kmimic,5_Kmimic_2_lenspotentialCls.dat,2723,2,2723.0,1149.87,1150.15,0.2800000000002001,0.00024350578761094742,0.21498699999999998,1.3024043314256215
kmouflage-kmimic,5_Kmimic_2_lenspotentialCls.dat,2724,2,2724.0,1151.32,1151.6,0.2799999999999727,0.00024319911058608617,0.215132,1.3015265046574789
kmouflage-kmimic,5_Kmimic_2_lenspotentialCls.dat,2725,2,2725.0,1152.78,1153.05,0.2699999999999818,0.000234216415968339,0.21527800000000002,1.2541922537369437
kmouflage-kmimic,5_Kmimic_2_lenspotentialCls.dat,2726,2,2726.0,1154.23,1154.51,0.2799999999999727,0.00024258596640182,0.21542300000000003,1.299768362709519
kmouflage-kmimic,5_Kmimic_2_lenspotentialCls.dat,2727,2,2727.0,1155.69,1155.96,0.2699999999999818,0.00023362666458996944,0.215569,1.2524991997920936
kmouflage-kmimic,5_Kmimic_2_lenspotentialCls.dat,2728,2,2728.0,1157.14,1157.42,0.2799999999999727,0.00024197590611332482,0.21571400000000002,1.2980149642581043
kmouflage-kmimic,5_Kmimic_2_lenspotentialCls.dat,2729,2,2729.0,1158.59,1158.87,0.2799999999999727,0.00024167306812588812,0.21585900000000002,1.2971430424488795
kmouflage-kmimic,5_Kmimic_2_lenspotentialCls.dat,2730,2,2730.0,1160.05,1160.33,0.2799999999999727,0.00024136890651262682,0.216005,1.2962662901320465
kmouflage-kmimic,5_Kmimic_2_lenspotentialCls.dat,2731,2,2731.0,1161.51,1161.79,0.2799999999999727,0.00024106550955219734,0.216151,1.2953907222264653
kmouflage-kmimic,5_Kmimic_2_lenspotentialCls.dat,2732,2,2732.0,1162.96,1163.24,0.2799999999999727,0.00024076494462403926,0.21629600000000002,1.2945223212633274
kmouflage-kmimic,5_Kmimic_2_lenspotentialCls.dat,2733,2,2733.0,1164.42,1164.7,0.2799999999999727,0.0002404630631558825,0.21644200000000002,1.2936491069199725
kmouflage-kmimic,5_Kmimic_2_lenspotentialCls.dat,2734,2,2734.0,1165.88,1166.16,0.2799999999999727,0.00024016193776372585,0.216588,1.292777069828304
kmouflage-kmimic,5_Kmimic_2_lenspotentialCls.dat,2735,2,2735.0,1167.33,1167.61,0.2799999999999727,0.00023986362039866424,0.216733,1.291912168428309
kmouflage-kmimic,5_Kmimic_2_lenspotentialCls.dat,2736,2,2736.0,1168.79,1169.07,0.2799999999999727,0.00023956399353174883,0.216879,1.291042470686294
kmouflage-kmimic,5_Kmimic_2_lenspotentialCls.dat,2737,2,2737.0,1170.25,1170.53,0.2799999999999727,0.00023926511429179468,0.21702500000000002,1.2901739430939878
kmouflage-kmimic,5_Kmimic_2_lenspotentialCls.dat,2738,2,2738.0,1171.71,1171.99,0.2799999999999727,0.00023896697988407773,0.217171,1.289306583291382
kmouflage-kmimic,5_Kmimic_2_lenspotentialCls.dat,2739,2,2739.0,1173.17,1173.45,0.2799999999999727,0.000238669587527786,0.21731700000000004,1.2884403889248088
kmouflage-kmimic,5_Kmimic_2_lenspotentialCls.dat,2740,2,2740.0,1174.63,1174.91,0.2799999999999727,0.00023837293445593308,0.21746300000000002,1.2875753576469224
kmouflage-kmimic,5_Kmimic_2_lenspotentialCls.dat,2741,2,2741.0,1176.09,1176.38,0.290000000000191,0.00024657976855529,0.217609,1.3326654688004218
kmouflage-kmimic,5_Kmimic_2_lenspotentialCls.dat,2742,2,2742.0,1177.56,1177.84,0.2799999999999727,0.00023777981589046226,0.217756,1.2858428700011606
kmouflage-kmimic,5_Kmimic_2_lenspotentialCls.dat,2743,2,2743.0,1179.02,1179.3,0.2799999999999727,0.00023748536920490976,0.217902,1.2849813218785173
kmouflage-kmimic,5_Kmimic_2_lenspotentialCls.dat,2744,2,2744.0,1180.48,1180.77,0.2899999999999636,0.00024566278124149804,0.21804800000000002,1.3299823891985416
kmouflage-kmimic,5_Kmimic_2_lenspotentialCls.dat,2745,2,2745.0,1181.95,1182.24,0.2899999999999636,0.00024535724861454684,0.21819500000000003,1.3290863676984512
kmouflage-kmimic,5_Kmimic_2_lenspotentialCls.dat,2746,2,2746.0,1183.42,1183.7,0.2799999999999727,0.00023660238968411273,0.21834200000000004,1.282391843987747
kmouflage-kmimic,5_Kmimic_2_lenspotentialCls.dat,2747,2,2747.0,1184.88,1185.17,0.2899999999999636,0.00024475052325970863,0.21848800000000002,1.3273040166964025
kmouflage-kmimic,5_Kmimic_2_lenspotentialCls.dat,2748,2,2748.0,1186.35,1186.64,0.290000000000191,0.0002444472541831593,0.218635,1.3264115992416172
kmouflage-kmimic,5_Kmimic_2_lenspotentialCls.dat,2749,2,2749.0,1187.82,1188.11,0.2899999999999636,0.0002441447357343399,0.218782,1.3255203810183818
kmouflage-kmimic,5_Kmimic_2_lenspotentialCls.dat,2750,2,2750.0,1189.3,1189.58,0.2799999999999727,0.0002354326074161042,0.21893,1.278947608824614
kmouflage-kmimic,5_Kmimic_2_lenspotentialCls.dat,2751,2,2751.0,1190.77,1191.06,0.2899999999999636,0.00024353989435404286,0.21907700000000002,1.3237354902612488
kmouflage-kmimic,5_Kmimic_2_lenspotentialCls.dat,2752,2,2752.0,1192.24,1192.53,0.2899999999999636,0.0002432396161846303,0.21922400000000003,1.3228478633724574
kmouflage-kmimic,5_Kmimic_2_lenspotentialCls.dat,2753,2,2753.0,1193.72,1194.01,0.2899999999999636,0.00024293804242197804,0.219372,1.3219553999597196
kmouflage-kmimic,5_Kmimic_2_lenspotentialCls.dat,2754,2,2754.0,1195.2,1195.48,0.2799999999999727,0.00023427041499328373,0.21952000000000002,1.2755102040815083
kmouflage-kmimic,5_Kmimic_2_lenspotentialCls.dat,2755,2,2755.0,1196.67,1196.96,0.2899999999999636,0.00024233915782961353,0.219667,1.3201800907735965
kmouflage-kmimic,5_Kmimic_2_lenspotentialCls.dat,2756,2,2756.0,1198.15,1198.44,0.2899999999999636,0.00024203981137584075,0.21981500000000004,1.3192912221639268
kmouflage-kmimic,5_Kmimic_2_lenspotentialCls.dat,2757,2,2757.0,1199.63,1199.93,0.2999999999999545,0.00025007710710798706,0.21996300000000002,1.3638657410562436
kmouflage-kmimic,5_Kmimic_2_lenspotentialCls.dat,2758,2,2758.0,1201.12,1201.41,0.290000000000191,0.00024144132143348793,0.220112,1.3175110852665506
kmouflage-kmimic,5_Kmimic_2_lenspotentialCls.dat,2759,2,2759.0,1202.6,1202.89,0.290000000000191,0.00024114418759370616,0.22026,1.316625805866662
kmouflage-kmimic,5_Kmimic_2_lenspotentialCls.dat,2760,2,2760.0,1204.09,1204.38,0.290000000000191,0.0002408457839531854,0.22040900000000002,1.3157357458188683
kmouflage-kmimic,5_Kmimic_2_lenspotentialCls.dat,2761,2,2761.0,1205.57,1205.86,0.2899999999999636,0.0002405501132244197,0.220557,1.3148528498300376
kmouflage-kmimic,5_Kmimic_2_lenspotentialCls.dat,2762,2,2762.0,1207.06,1207.35,0.2899999999999636,0.00024025317714112277,0.220706,1.3139651844533615
kmouflage-kmimic,5_Kmimic_2_lenspotentialCls.dat,2763,2,2763.0,1208.55,1208.84,0.2899999999999636,0.00023995697323235583,0.22085500000000002,1.3130787168049787
kmouflage-kmimic,5_Kmimic_2_lenspotentialCls.dat,2764,2,2764.0,1210.04,1210.33,0.2899999999999636,0.00023966149879339825,0.221004,1.312193444462379
kmouflage-kmimic,5_Kmimic_2_lenspotentialCls.dat,2765,2,2765.0,1211.53,1211.82,0.2899999999999636,0.00023936675113283502,0.221153,1.31130936500958
kmouflage-kmimic,5_Kmimic_2_lenspotentialCls.dat,2766,2,2766.0,1213.02,1213.32,0.2999999999999545,0.0002473166147301401,0.221302,1.355613595900419
kmouflage-kmimic,5_Kmimic_2_lenspotentialCls.dat,2767,2,2767.0,1214.52,1214.81,0.2899999999999636,0.00023877745940780194,0.221452,1.3095388616944692
kmouflage-kmimic,5_Kmimic_2_lenspotentialCls.dat,2768,2,2768.0,1216.01,1216.31,0.2999999999999545,0.0002467084974629769,0.221601,1.3537845045823553
kmouflage-kmimic,5_Kmimic_2_lenspotentialCls.dat,2769,2,2769.0,1217.51,1217.81,0.2999999999999545,0.00024640454698520304,0.221751,1.3528687582015617
kmouflage-kmimic,5_Kmimic_2_lenspotentialCls.dat,2770,2,2770.0,1219.01,1219.3,0.2899999999999636,0.0002378979663825265,0.22190100000000001,1.3068891082057477
kmouflage-kmimic,5_Kmimic_2_lenspotentialCls.dat,2771,2,2771.0,1220.51,1220.8,0.2899999999999636,0.0002376055911053278,0.222051,1.3060062778369097
kmouflage-kmimic,5_Kmimic_2_lenspotentialCls.dat,2772,2,2772.0,1222.01,1222.31,0.2999999999999545,0.0002454971726908573,0.222201,1.3501289373133087
kmouflage-kmimic,5_Kmimic_2_lenspotentialCls.dat,2773,2,2773.0,1223.51,1223.81,0.2999999999999545,0.00024519619782425523,0.22235100000000002,1.3492181280945645
kmouflage-kmimic,5_Kmimic_2_lenspotentialCls.dat,2774,2,2774.0,1225.01,1225.31,0.2999999999999545,0.0002448959600329422,0.222501,1.3483085469276745
kmouflage-kmimic,5_Kmimic_2_lenspotentialCls.dat,2775,2,2775.0,1226.52,1226.82,0.2999999999999545,0.0002445944623813346,0.22265200000000002,1.3473941397335505
kmouflage-kmimic,5_Kmimic_2_lenspotentialCls.dat,2776,2,2776.0,1228.02,1228.32,0.2999999999999545,0.00024429569550980806,0.222802,1.3464870153766777
kmouflage-kmimic,5_Kmimic_2_lenspotentialCls.dat,2777,2,2777.0,1229.53,1229.83,0.2999999999999545,0.00024399567314335927,0.222953,1.3455750763611816
kmouflage-kmimic,5_Kmimic_2_lenspotentialCls.dat,2778,2,2778.0,1231.04,1231.34,0.2999999999999545,0.0002436963867948682,0.22310400000000002,1.3446643717726015
kmouflage-kmimic,5_Kmimic_2_lenspotentialCls.dat,2779,2,2779.0,1232.55,1232.85,0.2999999999999545,0.00024339783375924265,0.223255,1.3437548991061992
kmouflage-kmimic,5_Kmimic_2_lenspotentialCls.dat,2780,2,2780.0,1234.06,1234.36,0.2999999999999545,0.00024310001134463037,0.223406,1.3428466558640078
kmouflage-kmimic,5_Kmimic_2_lenspotentialCls.dat,2781,2,2781.0,1235.57,1235.87,0.2999999999999545,0.0002428029168723379,0.223557,1.3419396395548093
kmouflage-kmimic,5_Kmimic_2_lenspotentialCls.dat,2782,2,2782.0,1237.09,1237.39,0.3000000000001819,0.00024250458737859164,0.223709,1.3410278531493232
kmouflage-kmimic,5_Kmimic_2_lenspotentialCls.dat,2783,2,2783.0,1238.6,1238.9,0.3000000000001819,0.00024220894558387042,0.22386,1.340123291343616
kmouflage-kmimic,5_Kmimic_2_lenspotentialCls.dat,2784,2,2784.0,1240.12,1240.42,0.3000000000001819,0.0002419120730253378,0.224012,1.3392139706809543
kmouflage-kmimic,5_Kmimic_2_lenspotentialCls.dat,2785,2,2785.0,1241.63,1241.94,0.30999999999994543,0.0002496718023887514,0.22416300000000003,1.3829222485421118
kmouflage-kmimic,5_Kmimic_2_lenspotentialCls.dat,2786,2,2786.0,1243.15,1243.45,0.2999999999999545,0.0002413224470095761,0.22431500000000001,1.3374049885204045
kmouflage-kmimic,5_Kmimic_2_lenspotentialCls.dat,2787,2,2787.0,1244.67,1244.98,0.30999999999994543,0.000249062000369532,0.22446700000000003,1.3810493301908315
kmouflage-kmimic,5_Kmimic_2_lenspotentialCls.dat,2788,2,2788.0,1246.19,1246.5,0.30999999999994543,0.0002487582150393964,0.224619,1.3801147721250002
kmouflage-kmimic,5_Kmimic_2_lenspotentialCls.dat,2789,2,2789.0,1247.71,1248.02,0.30999999999994543,0.0002484551698711603,0.224771,1.3791814780374045
kmouflage-kmimic,5_Kmimic_2_lenspotentialCls.dat,2790,2,2790.0,1249.24,1249.54,0.2999999999999545,0.0002401460087732978,0.224924,1.3337838558800061
kmouflage-kmimic,5_Kmimic_2_lenspotentialCls.dat,2791,2,2791.0,1250.76,1251.07,0.30999999999994543,0.00024784930762092284,0.225076,1.3773125522043463
kmouflage-kmimic,5_Kmimic_2_lenspotentialCls.dat,2792,2,2792.0,1252.29,1252.59,0.2999999999999545,0.0002395611240207576,0.225229,1.3319776760539475
kmouflage-kmimic,5_Kmimic_2_lenspotentialCls.dat,2793,2,2793.0,1253.82,1254.12,0.2999999999999545,0.00023926879456377673,0.225382,1.3310734663813193
kmouflage-kmimic,5_Kmimic_2_lenspotentialCls.dat,2794,2,2794.0,1255.34,1255.65,0.3100000000001728,0.0002469450507433626,0.225534,1.3745155941018772
kmouflage-kmimic,5_Kmimic_2_lenspotentialCls.dat,2795,2,2795.0,1256.87,1257.18,0.3100000000001728,0.0002466444421461033,0.225687,1.3735837686715353
kmouflage-kmimic,5_Kmimic_2_lenspotentialCls.dat,2796,2,2796.0,1258.4,1258.71,0.30999999999994543,0.0002463445645263393,0.22584,1.372653205809181
kmouflage-kmimic,5_Kmimic_2_lenspotentialCls.dat,2797,2,2797.0,1259.94,1260.24,0.2999999999999545,0.00023810657650360692,0.22599400000000003,1.327468870854777
kmouflage-kmimic,5_Kmimic_2_lenspotentialCls.dat,2798,2,2798.0,1261.47,1261.78,0.30999999999994543,0.0002457450434809749,0.22614700000000001,1.3707897960173931
kmouflage-kmimic,5_Kmimic_2_lenspotentialCls.dat,2799,2,2799.0,1263.0,1263.31,0.30999999999994543,0.0002454473475850716,0.2263,1.369863013698389
kmouflage-kmimic,5_Kmimic_2_lenspotentialCls.dat,2800,2,2800.0,1264.54,1264.85,0.30999999999994543,0.00024514843342238716,0.22645400000000002,1.3689314386142237
kmouflage-kmimic,5_Kmimic_2_lenspotentialCls.dat,2801,2,2801.0,1266.08,1266.39,0.3100000000001728,0.0002448502464300619,0.226608,1.3680011297049213
kmouflage-kmimic,5_Kmimic_2_lenspotentialCls.dat,2802,2,2802.0,1267.61,1267.92,0.3100000000001728,0.00024455471320056866,0.226761,1.3670781130801717
kmouflage-kmimic,5_Kmimic_2_lenspotentialCls.dat,2803,2,2803.0,1269.15,1269.46,0.30999999999994543,0.0002442579679312496,0.22691500000000003,1.366150320604391
kmouflage-kmimic,5_Kmimic_2_lenspotentialCls.dat,2804,2,2804.0,1270.69,1271.0,0.30999999999994543,0.00024396194193701485,0.22706900000000002,1.3652237866020698
kmouflage-kmimic,5_Kmimic_2_lenspotentialCls.dat,2805,2,2805.0,1272.23,1272.54,0.30999999999994543,0.00024366663260569663,0.227223,1.3642985085134225
kmouflage-kmimic,5_Kmimic_2_lenspotentialCls.dat,2806,2,2806.0,1273.78,1274.09,0.30999999999994543,0.00024337012670943604,0.227378,1.3633684877162497
kmouflage-kmimic,5_Kmimic_2_lenspotentialCls.dat,2807,2,2807.0,1275.32,1275.63,0.3100000000001728,0.00024307624753016718,0.227532,1.3624457219211925
kmouflage-kmimic,5_Kmimic_2_lenspotentialCls.dat,2808,2,2808.0,1276.86,1277.17,0.3100000000001728,0.00024278307723648077,0.227686,1.3615242043875022
kmouflage-kmimic,5_Kmimic_2_lenspotentialCls.dat,2809,2,2809.0,1278.41,1278.72,0.30999999999994543,0.0002424887164524256,0.22784100000000002,1.3605979608584293
kmouflage-kmimic,5_Kmimic_2_lenspotentialCls.dat,2810,2,2810.0,1279.95,1280.27,0.31999999999993634,0.00025000976600643486,0.227995,1.4035395513056705
kmouflage-kmimic,5_Kmimic_2_lenspotentialCls.dat,2811,2,2811.0,1281.5,1281.81,0.30999999999994543,0.00024190401872801047,0.22815000000000002,1.3587552049088119
kmouflage-kmimic,5_Kmimic_2_lenspotentialCls.dat,2812,2,2812.0,1283.05,1283.36,0.30999999999994543,0.00024161178441989436,0.228305,1.3578327237684038
kmouflage-kmimic,5_Kmimic_2_lenspotentialCls.dat,2813,2,2813.0,1284.59,1284.91,0.3200000000001637,0.0002491067188754106,0.228459,1.400688963884827
kmouflage-kmimic,5_Kmimic_2_lenspotentialCls.dat,2814,2,2814.0,1286.14,1286.46,0.31999999999993634,0.00024880650629008995,0.228614,1.3997392985553654
kmouflage-kmimic,5_Kmimic_2_lenspotentialCls.dat,2815,2,2815.0,1287.69,1288.01,0.31999999999993634,0.00024850701644024286,0.22876900000000003,1.3987909200981614
kmouflage-kmimic,5_Kmimic_2_lenspotentialCls.dat,2816,2,2816.0,1289.24,1289.56,0.31999999999993634,0.0002482082467189479,0.22892400000000002,1.3978438258982733
kmouflage-kmimic,5_Kmimic_2_lenspotentialCls.dat,2817,2,2817.0,1290.79,1291.11,0.31999999999993634,0.00024791019453198146,0.229079,1.3968980133488287
kmouflage-kmimic,5_Kmimic_2_lenspotentialCls.dat,2818,2,2818.0,1292.34,1292.66,0.3200000000001637,0.0002476128572977419,0.229234,1.3959534798509983
kmouflage-kmimic,5_Kmimic_2_lenspotentialCls.dat,2819,2,2819.0,1293.89,1294.21,0.31999999999993634,0.00024731623244629477,0.229389,1.3950102228090113
kmouflage-kmimic,5_Kmimic_2_lenspotentialCls.dat,2820,2,2820.0,1295.45,1295.76,0.30999999999994543,0.00023929908525990615,0.22954500000000003,1.350497723757631
kmouflage-kmimic,5_Kmimic_2_lenspotentialCls.dat,2821,2,2821.0,1297.0,1297.32,0.31999999999993634,0.00024672320740164714,0.22970000000000002,1.3931214627772586
kmouflage-kmimic,5_Kmimic_2_lenspotentialCls.dat,2822,2,2822.0,1298.55,1298.87,0.31999999999993634,0.000246428708944543,0.229855,1.3921820277998578
kmouflage-kmimic,5_Kmimic_2_lenspotentialCls.dat,2823,2,2823.0,1300.11,1300.42,0.3100000000001728,0.0002384413626540622,0.230011,1.347761628792418
kmouflage-kmimic,5_Kmimic_2_lenspotentialCls.dat,2824,2,2824.0,1301.66,1301.98,0.31999999999993634,0.00024583992747717246,0.230166,1.3903009132536357
kmouflage-kmimic,5_Kmimic_2_lenspotentialCls.dat,2825,2,2825.0,1303.21,1303.53,0.31999999999993634,0.00024554753263091625,0.23032100000000003,1.3893652771563874
kmouflage-kmimic,5_Kmimic_2_lenspotentialCls.dat,2826,2,2826.0,1304.77,1305.09,0.31999999999993634,0.0002452539528038937,0.23047700000000002,1.388424875366897
kmouflage-kmimic,5_Kmimic_2_lenspotentialCls.dat,2827,2,2827.0,1306.32,1306.64,0.3200000000001637,0.00024496294935403553,0.230632,1.3874917617683744
kmouflage-kmimic,5_Kmimic_2_lenspotentialCls.dat,2828,2,2828.0,1307.88,1308.2,0.31999999999993634,0.0002446707649019301,0.23078800000000002,1.3865538936163766
kmouflage-kmimic,5_Kmimic_2_lenspotentialCls.dat,2829,2,2829.0,1309.43,1309.75,0.31999999999993634,0.0002443811429400093,0.230943,1.3856232923272682
kmouflage-kmimic,5_Kmimic_2_lenspotentialCls.dat,2830,2,2830.0,1310.99,1311.31,0.31999999999993634,0.0002440903439385017,0.231099,1.3846879475892857
kmouflage-kmimic,5_Kmimic_2_lenspotentialCls.dat,2831,2,2831.0,1312.54,1312.86,0.31999999999993634,0.00024380209365043072,0.23125400000000002,1.3837598484780211
kmouflage-kmimic,5_Kmimic_2_lenspotentialCls.dat,2832,2,2832.0,1314.1,1314.42,0.3200000000001637,0.0002435126702687495,0.23141,1.3828270169835517
kmouflage-kmimic,5_Kmimic_2_lenspotentialCls.dat,2833,2,2833.0,1315.65,1315.97,0.31999999999993634,0.00024322578193283648,0.23156500000000002,1.3819014099710074
kmouflage-kmimic,5_Kmimic_2_lenspotentialCls.dat,2834,2,2834.0,1317.21,1317.53,0.31999999999993634,0.00024293772443265412,0.231721,1.3809710816021694
kmouflage-kmimic,5_Kmimic_2_lenspotentialCls.dat,2835,2,2835.0,1318.76,1319.08,0.31999999999993634,0.00024265218841937604,0.231876,1.3800479566662196
kmouflage-kmimic,5_Kmimic_2_lenspotentialCls.dat,2836,2,2836.0,1320.31,1320.64,0.3300000000001546,0.0002499413016641203,0.23203100000000002,1.422223754585183
kmouflage-kmimic,5_Kmimic_2_lenspotentialCls.dat,2837,2,2837.0,1321.87,1322.19,0.3200000000001637,0.0002420812939246399,0.232187,1.378199468532535
kmouflage-kmimic,5_Kmimic_2_lenspotentialCls.dat,2838,2,2838.0,1323.42,1323.75,0.32999999999992724,0.00024935394659286335,0.23234200000000002,1.420320045449928
kmouflage-kmimic,5_Kmimic_2_lenspotentialCls.dat,2839,2,2839.0,1324.98,1325.3,0.31999999999993634,0.00024151307944266052,0.232498,1.3763559256420972
kmouflage-kmimic,5_Kmimic_2_lenspotentialCls.dat,2840,2,2840.0,1326.53,1326.85,0.31999999999993634,0.00024123088056805073,0.232653,1.375438958448575
kmouflage-kmimic,5_Kmimic_2_lenspotentialCls.dat,2841,2,2841.0,1328.08,1328.41,0.3300000000001546,0.000248479007288834,0.23280800000000001,1.4174770626445594
kmouflage-kmimic,5_Kmimic_2_lenspotentialCls.dat,2842,2,2842.0,1329.63,1329.96,0.32999999999992724,0.00024818934590820546,0.23296300000000003,1.4165339560356245
kmouflage-kmimic,5_Kmimic_2_lenspotentialCls.dat,2843,2,2843.0,1331.18,1331.51,0.32999999999992724,0.0002479003590798594,0.23311800000000002,1.4155921035695536
kmouflage-kmimic,5_Kmimic_2_lenspotentialCls.dat,2844,2,2844.0,1332.73,1333.06,0.32999999999992724,0.00024761204445005906,0.233273,1.414651502745398
kmouflage-kmimic,5_Kmimic_2_lenspotentialCls.dat,2845,2,2845.0,1334.28,1334.61,0.32999999999992724,0.00024732439967617534,0.233428,1.4137121510698256
kmouflage-kmimic,5_Kmimic_2_lenspotentialCls.dat,2846,2,2846.0,1335.83,1336.16,0.3300000000001546,0.00024703742242662214,0.233583,1.4127740460570957
kmouflage-kmimic,5_Kmimic_2_lenspotentialCls.dat,2847,2,2847.0,1337.38,1337.71,0.32999999999992724,0.0002467511103799423,0.23373800000000003,1.4118371852241707
kmouflage-kmimic,5_Kmimic_2_lenspotentialCls.dat,2848,2,2848.0,1338.93,1339.26,0.32999999999992724,0.0002464654612264474,0.23389300000000002,1.4109015661004272
kmouflage-kmimic,5_Kmimic_2_lenspotentialCls.dat,2849,2,2849.0,1340.48,1340.8,0.31999999999993634,0.00023872045834323253,0.234048,1.3672409078476908
kmouflage-kmimic,5_Kmimic_2_lenspotentialCls.dat,2850,2,2850.0,1342.02,1342.35,0.32999999999992724,0.00024589797469480877,0.23420200000000002,1.4090400594355608
kmouflage-kmimic,5_Kmimic_2_lenspotentialCls.dat,2851,2,2851.0,1343.57,1343.9,0.3300000000001546,0.00024561429624072776,0.234357,1.4081081427060194
kmouflage-kmimic,5_Kmimic_2_lenspotentialCls.dat,2852,2,2852.0,1345.11,1345.44,0.3300000000001546,0.0002453330954346891,0.234511,1.4071834583458969
kmouflage-kmimic,5_Kmimic_2_lenspotentialCls.dat,2853,2,2853.0,1346.66,1346.98,0.31999999999993634,0.0002376249387372732,0.234666,1.36364023761404
kmouflage-kmimic,5_Kmimic_2_lenspotentialCls.dat,2854,2,2854.0,1348.2,1348.53,0.32999999999992724,0.0002447708055184151,0.23482000000000003,1.4053317434627681
kmouflage-kmimic,5_Kmimic_2_lenspotentialCls.dat,2855,2,2855.0,1349.74,1350.07,0.32999999999992724,0.00024449153170234806,0.23497400000000002,1.404410700758072
kmouflage-kmimic,5_Kmimic_2_lenspotentialCls.dat,2856,2,2856.0,1351.28,1351.61,0.32999999999992724,0.00024421289444077264,0.235128,1.403490864550063
kmouflage-kmimic,5_Kmimic_2_lenspotentialCls.dat,2857,2,2857.0,1352.83,1353.16,0.3300000000001546,0.000243933088414771,0.235283,1.402566271256974
kmouflage-kmimic,5_Kmimic_2_lenspotentialCls.dat,2858,2,2858.0,1354.37,1354.7,0.3300000000001546,0.00024365572184864893,0.235437,1.4016488487372614
kmouflage-kmimic,5_Kmimic_2_lenspotentialCls.dat,2859,2,2859.0,1355.91,1356.24,0.32999999999992724,0.00024337898533083113,0.23559100000000002,1.400732625609328
kmouflage-kmimic,5_Kmimic_2_lenspotentialCls.dat,2860,2,2860.0,1357.46,1357.79,0.32999999999992724,0.0002431010858514632,0.235746,1.3998116617033893
kmouflage-kmimic,5_Kmimic_2_lenspotentialCls.dat,2861,2,2861.0,1359.0,1359.34,0.33999999999991815,0.0002501839587931701,0.2359,1.4412886816444177
kmouflage-kmimic,5_Kmimic_2_lenspotentialCls.dat,2862,2,2862.0,1360.55,1360.88,0.3300000000001546,0.0002425489691669947,0.23605500000000001,1.3979792844894392
kmouflage-kmimic,5_Kmimic_2_lenspotentialCls.dat,2863,2,2863.0,1362.1,1362.43,0.3300000000001546,0.00024227296086935956,0.23621,1.397061936413169
kmouflage-kmimic,5_Kmimic_2_lenspotentialCls.dat,2864,2,2864.0,1363.65,1363.98,0.32999999999992724,0.0002419975800241464,0.23636500000000002,1.3961457914662798
kmouflage-kmimic,5_Kmimic_2_lenspotentialCls.dat,2865,2,2865.0,1365.2,1365.53,0.32999999999992724,0.00024172282449452624,0.23652,1.395230847285334
kmouflage-kmimic,5_Kmimic_2_lenspotentialCls.dat,2866,2,2866.0,1366.75,1367.08,0.32999999999992724,0.00024144869215286428,0.23667500000000002,1.3943171015102027
kmouflage-kmimic,5_Kmimic_2_lenspotentialCls.dat,2867,2,2867.0,1368.3,1368.64,0.3400000000001455,0.00024848351969607944,0.23683,1.4356289321460352
kmouflage-kmimic,5_Kmimic_2_lenspotentialCls.dat,2868,2,2868.0,1369.86,1370.2,0.3400000000001455,0.00024820054604130756,0.236986,1.4346839053789908
kmouflage-kmimic,5_Kmimic_2_lenspotentialCls.dat,2869,2,2869.0,1371.42,1371.75,0.32999999999992724,0.0002406265039155964,0.23714200000000002,1.3915712948356984
kmouflage-kmimic,5_Kmimic_2_lenspotentialCls.dat,2870,2,2870.0,1372.98,1373.32,0.33999999999991815,0.0002476365278444829,0.237298,1.432797579414568
kmouflage-kmimic,5_Kmimic_2_lenspotentialCls.dat,2871,2,2871.0,1374.55,1374.88,0.3300000000001546,0.00024007857116885862,0.237455,1.3897370028011817
kmouflage-kmimic,5_Kmimic_2_lenspotentialCls.dat,2872,2,2872.0,1376.11,1376.45,0.3400000000001455,0.0002470732717589041,0.237611,1.4309101851351391
kmouflage-kmimic,5_Kmimic_2_lenspotentialCls.dat,2873,2,2873.0,1377.68,1378.02,0.33999999999991815,0.00024679170779855854,0.237768,1.4299653443689568
kmouflage-kmimic,5_Kmimic_2_lenspotentialCls.dat,2874,2,2874.0,1379.26,1379.59,0.32999999999992724,0.0002392587329436997,0.237926,1.3869858695557746
kmouflage-kmimic,5_Kmimic_2_lenspotentialCls.dat,2875,2,2875.0,1380.83,1381.17,0.3400000000001455,0.00024622871751058824,0.23808300000000002,1.4280734029735238
kmouflage-kmimic,5_Kmimic_2_lenspotentialCls.dat,2876,2,2876.0,1382.41,1382.75,0.33999999999991815,0.0002459472949413836,0.238241,1.427126313270672
kmouflage-kmimic,5_Kmimic_2_lenspotentialCls.dat,2877,2,2877.0,1384.0,1384.34,0.33999999999991815,0.0002456647398843339,0.2384,1.426174496643952
kmouflage-kmimic,5_Kmimic_2_lenspotentialCls.dat,2878,2,2878.0,1385.59,1385.93,0.3400000000001455,0.0002453828333057727,0.238559,1.425223948793152
kmouflage-kmimic,5_Kmimic_2_lenspotentialCls.dat,2879,2,2879.0,1387.18,1387.52,0.33999999999991815,0.0002451015729753299,0.238718,1.4242746671801796
kmouflage-kmimic,5_Kmimic_2_lenspotentialCls.dat,2880,2,2880.0,1388.78,1389.12,0.33999999999991815,0.00024481919382473693,0.238878,1.4233206908962657
kmouflage-kmimic,5_Kmimic_2_lenspotentialCls.dat,2881,2,2881.0,1390.38,1390.72,0.33999999999991815,0.00024453746457797014,0.23903800000000003,1.4223679916997218
kmouflage-kmimic,5_Kmimic_2_lenspotentialCls.dat,2882,2,2882.0,1391.99,1392.32,0.32999999999992724,0.00023707066861107282,0.23919900000000002,1.3796044297841012
kmouflage-kmimic,5_Kmimic_2_lenspotentialCls.dat,2883,2,2883.0,1393.6,1393.94,0.3400000000001455,0.00024397244546508722,0.23936,1.4204545454551534
kmouflage-kmimic,5_Kmimic_2_lenspotentialCls.dat,2884,2,2884.0,1395.21,1395.55,0.33999999999991815,0.0002436909139125423,0.239521,1.4194997515872017
kmouflage-kmimic,5_Kmimic_2_lenspotentialCls.dat,2885,2,2885.0,1396.83,1397.17,0.3400000000001455,0.00024340828876824347,0.239683,1.4185403220092603
kmouflage-kmimic,5_Kmimic_2_lenspotentialCls.dat,2886,2,2886.0,1398.46,1398.8,0.33999999999991815,0.00024312457989496885,0.239846,1.4175762781114472
kmouflage-kmimic,5_Kmimic_2_lenspotentialCls.dat,2887,2,2887.0,1400.09,1400.43,0.3400000000001455,0.00024284153161592865,0.240009,1.4166135436593859
kmouflage-kmimic,5_Kmimic_2_lenspotentialCls.dat,2888,2,2888.0,1401.73,1402.07,0.33999999999991815,0.00024255741119895996,0.24017300000000003,1.41564622168153
kmouflage-kmimic,5_Kmimic_2_lenspotentialCls.dat,2889,2,2889.0,1403.37,1403.72,0.3500000000001364,0.00024939965939141953,0.240337,1.456288461619045
kmouflage-kmimic,5_Kmimic_2_lenspotentialCls.dat,2890,2,2890.0,1405.02,1405.37,0.34999999999990905,0.0002491067742807284,0.24050200000000002,1.4552893531027145
kmouflage-kmimic,5_Kmimic_2_lenspotentialCls.dat,2891,2,2891.0,1406.68,1407.02,0.33999999999991815,0.00024170387010543842,0.24066800000000002,1.412734555486887
kmouflage-kmimic,5_Kmimic_2_lenspotentialCls.dat,2892,2,2892.0,1408.34,1408.69,0.3500000000001364,0.00024851953363544063,0.240834,1.4532831743031982
kmouflage-kmimic,5_Kmimic_2_lenspotentialCls.dat,2893,2,2893.0,1410.01,1410.36,0.34999999999990905,0.0002482251898922058,0.24100100000000002,1.452276131633931
kmouflage-kmimic,5_Kmimic_2_lenspotentialCls.dat,2894,2,2894.0,1411.69,1412.03,0.33999999999991815,0.00024084607810490838,0.24116900000000002,1.409799766968052
kmouflage-kmimic,5_Kmimic_2_lenspotentialCls.dat,2895,2,2895.0,1413.37,1413.72,0.3500000000001364,0.0002476350849389307,0.241337,1.4502542088454586
kmouflage-kmimic,5_Kmimic_2_lenspotentialCls.dat,2896,2,2896.0,1415.06,1415.41,0.3500000000001364,0.0002473393354346363,0.241506,1.4492393563726633
kmouflage-kmimic,5_Kmimic_2_lenspotentialCls.dat,2897,2,2897.0,1416.76,1417.11,0.34999999999990905,0.0002470425477850229,0.241676,1.4482199308160886
kmouflage-kmimic,5_Kmimic_2_lenspotentialCls.dat,2898,2,2898.0,1418.46,1418.81,0.34999999999990905,0.00024674647152539306,0.241846,1.4472019384232488
kmouflage-kmimic,5_Kmimic_2_lenspotentialCls.dat,2899,2,2899.0,1420.18,1420.52,0.33999999999991815,0.00023940627244428038,0.242018,1.404854184399169
kmouflage-kmimic,5_Kmimic_2_lenspotentialCls.dat,2900,2,2900.0,1421.9,1422.24,0.33999999999991815,0.00023911667487159304,0.24219000000000002,1.4038564763199064
kmouflage-kmimic,5_Kmimic_2_lenspotentialCls.dat,2901,2,2901.0,1423.63,1423.97,0.33999999999991815,0.00023882609947803722,0.24236300000000002,1.4028543960914748
kmouflage-kmimic,5_Kmimic_2_lenspotentialCls.dat,2902,2,2902.0,1425.36,1425.71,0.3500000000001364,0.0002455520008981145,0.242536,1.443084737936374
kmouflage-kmimic,5_Kmimic_2_lenspotentialCls.dat,2903,2,2903.0,1427.1,1427.45,0.3500000000001364,0.00024525261018858976,0.24271,1.4420501833469426
kmouflage-kmimic,5_Kmimic_2_lenspotentialCls.dat,2904,2,2904.0,1428.85,1429.2,0.3500000000001364,0.0002449522343144042,0.242885,1.4410111781301291
kmouflage-kmimic,5_Kmimic_2_lenspotentialCls.dat,2905,2,2905.0,1430.61,1430.96,0.3500000000001364,0.0002446508831897837,0.243061,1.4399677447230794
kmouflage-kmimic,5_Kmimic_2_lenspotentialCls.dat,2906,2,2906.0,1432.37,1432.72,0.3500000000001364,0.0002443502726251851,0.243237,1.4389258213188636
kmouflage-kmimic,5_Kmimic_2_lenspotentialCls.dat,2907,2,2907.0,1434.13,1434.48,0.34999999999990905,0.00024405039989394895,0.24341300000000002,1.4378854046411202
kmouflage-kmimic,5_Kmimic_2_lenspotentialCls.dat,2908,2,2908.0,1435.9,1436.25,0.34999999999990905,0.00024374956473285675,0.24359000000000003,1.4368405927990024
kmouflage-kmimic,5_Kmimic_2_lenspotentialCls.dat,2909,2,2909.0,1437.67,1438.02,0.34999999999990905,0.0002434494703234463,0.243767,1.4357972982393394
kmouflage-kmimic,5_Kmimic_2_lenspotentialCls.dat,2910,2,2910.0,1439.45,1439.8,0.34999999999990905,0.00024314842474549935,0.24394500000000002,1.4347496361881122
kmouflage-kmimic,5_Kmimic_2_lenspotentialCls.dat,2911,2,2911.0,1441.22,1441.58,0.35999999999989996,0.0002497883737388462,0.244122,1.474672499815256
kmouflage-kmimic,5_Kmimic_2_lenspotentialCls.dat,2912,2,2912.0,1443.0,1443.36,0.35999999999989996,0.00024948024948018017,0.24430000000000002,1.4735980352022102
kmouflage-kmimic,5_Kmimic_2_lenspotentialCls.dat,2913,2,2913.0,1444.78,1445.14,0.36000000000012733,0.0002491728844530844,0.244478,1.472525135186509
kmouflage-kmimic,5_Kmimic_2_lenspotentialCls.dat,2914,2,2914.0,1446.56,1446.92,0.36000000000012733,0.00024886627585452893,0.244656,1.471453796351315
kmouflage-kmimic,5_Kmimic_2_lenspotentialCls.dat,2915,2,2915.0,1448.34,1448.7,0.36000000000012733,0.000248560420895734,0.244834,1.4703840152925138
kmouflage-kmimic,5_Kmimic_2_lenspotentialCls.dat,2916,2,2916.0,1450.12,1450.48,0.36000000000012733,0.000248255316801456,0.245012,1.4693157886149548
kmouflage-kmimic,5_Kmimic_2_lenspotentialCls.dat,2917,2,2917.0,1451.9,1452.26,0.35999999999989996,0.0002479509608099042,0.24519000000000002,1.4682491129324196
kmouflage-kmimic,5_Kmimic_2_lenspotentialCls.dat,2918,2,2918.0,1453.68,1454.04,0.35999999999989996,0.0002476473501732843,0.24536800000000003,1.467183984871295
kmouflage-kmimic,5_Kmimic_2_lenspotentialCls.dat,2919,2,2919.0,1455.46,1455.81,0.34999999999990905,0.00024047380209686907,0.24554600000000001,1.4253948343687497
kmouflage-kmimic,5_Kmimic_2_lenspotentialCls.dat,2920,2,2920.0,1457.23,1457.59,0.35999999999989996,0.0002470440493263932,0.24572300000000002,1.465064320392881
kmouflage-kmimic,5_Kmimic_2_lenspotentialCls.dat,2921,2,2921.0,1459.0,1459.36,0.35999999999989996,0.0002467443454420151,0.2459,1.4640097600646602
kmouflage-kmimic,5_Kmimic_2_lenspotentialCls.dat,2922,2,2922.0,1460.77,1461.12,0.34999999999990905,0.00023959966319126835,0.24607700000000002,1.4223190302218778
kmouflage-kmimic,5_Kmimic_2_lenspotentialCls.dat,2923,2,2923.0,1462.53,1462.89,0.36000000000012733,0.000246148796947842,0.246253,1.4619111239259108
kmouflage-kmimic,5_Kmimic_2_lenspotentialCls.dat,2924,2,2924.0,1464.28,1464.64,0.36000000000012733,0.00024585461796932783,0.246428,1.4608729527493927
kmouflage-kmimic,5_Kmimic_2_lenspotentialCls.dat,2925,2,2925.0,1466.03,1466.39,0.36000000000012733,0.00024556114131370254,0.24660300000000002,1.45983625503391
kmouflage-kmimic,5_Kmimic_2_lenspotentialCls.dat,2926,2,2926.0,1467.78,1468.14,0.36000000000012733,0.00024526836446887634,0.246778,1.4588010276447954
kmouflage-kmimic,5_Kmimic_2_lenspotentialCls.dat,2927,2,2927.0,1469.52,1469.88,0.36000000000012733,0.00024497795198440803,0.246952,1.4577731704951866
kmouflage-kmimic,5_Kmimic_2_lenspotentialCls.dat,2928,2,2928.0,1471.25,1471.61,0.35999999999989996,0.0002446898895496346,0.247125,1.4567526555382901
kmouflage-kmimic,5_Kmimic_2_lenspotentialCls.dat,2929,2,2929.0,1472.97,1473.33,0.35999999999989996,0.0002444041630175088,0.24729700000000002,1.4557394549869183
kmouflage-kmimic,5_Kmimic_2_lenspotentialCls.dat,2930,2,2930.0,1474.69,1475.05,0.35999999999989996,0.00024411910299785035,0.24746900000000002,1.4547276628583778
kmouflage-kmimic,5_Kmimic_2_lenspotentialCls.dat,2931,2,2931.0,1476.39,1476.76,0.36999999999989086,0.0002506112883451465,0.24763900000000003,1.4941103784132985
kmouflage-kmimic,5_Kmimic_2_lenspotentialCls.dat,2932,2,2932.0,1478.09,1478.45,0.36000000000012733,0.0002435575641538251,0.247809,1.4527317409784444
kmouflage-kmimic,5_Kmimic_2_lenspotentialCls.dat,2933,2,2933.0,1479.77,1480.14,0.37000000000011823,0.0002500388573900797,0.247977,1.4920738616892624
kmouflage-kmimic,5_Kmimic_2_lenspotentialCls.dat,2934,2,2934.0,1481.45,1481.82,0.36999999999989086,0.00024975530730020644,0.248145,1.4910636925986454
kmouflage-kmimic,5_Kmimic_2_lenspotentialCls.dat,2935,2,2935.0,1483.11,1483.48,0.37000000000011823,0.00024947576376675923,0.248311,1.4900668919223
kmouflage-kmimic,5_Kmimic_2_lenspotentialCls.dat,2936,2,2936.0,1484.77,1485.13,0.36000000000012733,0.0002424617954296809,0.248477,1.4488262495125397
kmouflage-kmimic,5_Kmimic_2_lenspotentialCls.dat,2937,2,2937.0,1486.41,1486.77,0.35999999999989996,0.00024219428017834913,0.24864100000000003,1.4478706247155535
kmouflage-kmimic,5_Kmimic_2_lenspotentialCls.dat,2938,2,2938.0,1488.04,1488.4,0.36000000000012733,0.00024192898040383817,0.248804,1.4469220752083058
kmouflage-kmimic,5_Kmimic_2_lenspotentialCls.dat,2939,2,2939.0,1489.65,1490.02,0.36999999999989086,0.00024838049206182047,0.24896500000000002,1.4861526720618996
kmouflage-kmimic,5_Kmimic_2_lenspotentialCls.dat,2940,2,2940.0,1491.25,1491.62,0.36999999999989086,0.0002481139983234809,0.249125,1.4851981936774343
kmouflage-kmimic,5_Kmimic_2_lenspotentialCls.dat,2941,2,2941.0,1492.84,1493.2,0.36000000000012733,0.00024115109455810895,0.249284,1.4441360055203194
kmouflage-kmimic,5_Kmimic_2_lenspotentialCls.dat,2942,2,2942.0,1494.41,1494.77,0.35999999999989996,0.0002408977455985305,0.24944100000000002,1.4432270556961362
kmouflage-kmimic,5_Kmimic_2_lenspotentialCls.dat,2943,2,2943.0,1495.96,1496.33,0.36999999999989086,0.0002473328163853919,0.249596,1.4823955512103193
kmouflage-kmimic,5_Kmimic_2_lenspotentialCls.dat,2944,2,2944.0,1497.5,1497.87,0.36999999999989086,0.00024707846410677186,0.24975,1.4814814814810444
kmouflage-kmimic,5_Kmimic_2_lenspotentialCls.dat,2945,2,2945.0,1499.02,1499.39,0.37000000000011823,0.0002468279275794307,0.249902,1.4805803875123777
kmouflage-kmimic,5_Kmimic_2_lenspotentialCls.dat,2946,2,2946.0,1500.53,1500.9,0.37000000000011823,0.00024657954189527586,0.25005299999999997,1.4796863065034944
kmouflage-kmimic,5_Kmimic_2_lenspotentialCls.dat,2947,2,2947.0,1502.01,1502.38,0.37000000000011823,0.0002463365756553673,0.250201,1.4788110359275872
kmouflage-kmimic,5_Kmimic_2_lenspotentialCls.dat,2948,2,2948.0,1503.48,1503.85,0.36999999999989086,0.0002460957245855554,0.250348,1.4779427037559352
kmouflage-kmimic,5_Kmimic_2_lenspotentialCls.dat,2949,2,2949.0,1504.93,1505.3,0.36999999999989086,0.00024585861136391116,0.250493,1.4770871840725721
kmouflage-kmimic,5_Kmimic_2_lenspotentialCls.dat,2950,2,2950.0,1506.36,1506.73,0.37000000000011823,0.00024562521575195723,0.25063599999999997,1.47624443415997
kmouflage-kmimic,5_Kmimic_2_lenspotentialCls.dat,2951,2,2951.0,1507.77,1508.14,0.37000000000011823,0.0002453955178841058,0.250777,1.475414412007952
kmouflage-kmimic,5_Kmimic_2_lenspotentialCls.dat,2952,2,2952.0,1509.16,1509.53,0.36999999999989086,0.00024516949826386257,0.25091600000000003,1.4745970763119562
kmouflage-kmimic,5_Kmimic_2_lenspotentialCls.dat,2953,2,2953.0,1510.53,1510.9,0.37000000000011823,0.0002449471377596726,0.25105299999999997,1.473792386468667
kmouflage-kmimic,5_Kmimic_2_lenspotentialCls.dat,2954,2,2954.0,1511.89,1512.26,0.36999999999989086,0.0002447267989072557,0.251189,1.4729944384502938
kmouflage-kmimic,5_Kmimic_2_lenspotentialCls.dat,2955,2,2955.0,1513.24,1513.61,0.36999999999989086,0.00024450847188806193,0.251324,1.472203211789924
kmouflage-kmimic,5_Kmimic_2_lenspotentialCls.dat,2956,2,2956.0,1514.57,1514.94,0.37000000000011823,0.000244293759945145,0.25145700000000004,1.4714245377942081
kmouflage-kmimic,5_Kmimic_2_lenspotentialCls.dat,2957,2,2957.0,1515.89,1516.26,0.36999999999989086,0.00024408103490351597,0.25158900000000006,1.4706525325029742
kmouflage-kmimic,5_Kmimic_2_lenspotentialCls.dat,2958,2,2958.0,1517.2,1517.57,0.36999999999989086,0.00024387028737140183,0.25172000000000005,1.4698871762271206
kmouflage-kmimic,5_Kmimic_2_lenspotentialCls.dat,2959,2,2959.0,1518.5,1518.88,0.38000000000010914,0.00025024695423122103,0.25185,1.5088346237844317
kmouflage-kmimic,5_Kmimic_2_lenspotentialCls.dat,2960,2,2960.0,1519.8,1520.17,0.37000000000011823,0.00024345308593243733,0.25198,1.4683705055961516
kmouflage-kmimic,5_Kmimic_2_lenspotentialCls.dat,2961,2,2961.0,1521.09,1521.47,0.38000000000010914,0.0002498208521521469,0.252109,1.5072845475572434
kmouflage-kmimic,5_Kmimic_2_lenspotentialCls.dat,2962,2,2962.0,1522.38,1522.76,0.37999999999988177,0.00024960916459746036,0.252238,1.5065136894515567
kmouflage-kmimic,5_Kmimic_2_lenspotentialCls.dat,2963,2,2963.0,1523.67,1524.05,0.37999999999988177,0.0002493978354892344,0.252367,1.5057436194109441
kmouflage-kmimic,5_Kmimic_2_lenspotentialCls.dat,2964,2,2964.0,1524.96,1525.33,0.36999999999989086,0.00024262931486720364,0.25249600000000005,1.4653697484312258
kmouflage-kmimic,5_Kmimic_2_lenspotentialCls.dat,2965,2,2965.0,1526.25,1526.62,0.36999999999989086,0.00024242424242417092,0.252625,1.4646214745171335
kmouflage-kmimic,5_Kmimic_2_lenspotentialCls.dat,2966,2,2966.0,1527.54,1527.92,0.38000000000010914,0.000248765989761387,0.25275400000000003,1.5034381256087306
kmouflage-kmimic,5_Kmimic_2_lenspotentialCls.dat,2967,2,2967.0,1528.84,1529.21,0.37000000000011823,0.00024201355275903184,0.252884,1.46312143117049
kmouflage-kmimic,5_Kmimic_2_lenspotentialCls.dat,2968,2,2968.0,1530.14,1530.52,0.37999999999988177,0.00024834328884930905,0.253014,1.5018931758712235
kmouflage-kmimic,5_Kmimic_2_lenspotentialCls.dat,2969,2,2969.0,1531.45,1531.83,0.37999999999988177,0.00024813085637786527,0.253145,1.5011159612075362
kmouflage-kmimic,5_Kmimic_2_lenspotentialCls.dat,2970,2,2970.0,1532.77,1533.15,0.38000000000010914,0.00024791716956889105,0.253277,1.500333626820079
kmouflage-kmimic,5_Kmimic_2_lenspotentialCls.dat,2971,2,2971.0,1534.1,1534.48,0.38000000000010914,0.0002477022358386736,0.25341,1.4995461899692557
kmouflage-kmimic,5_Kmimic_2_lenspotentialCls.dat,2972,2,2972.0,1535.45,1535.82,0.36999999999989086,0.00024097170210680312,0.253545,1.4593070263656978
kmouflage-kmimic,5_Kmimic_2_lenspotentialCls.dat,2973,2,2973.0,1536.81,1537.18,0.37000000000011823,0.00024075845420066128,0.25368100000000005,1.4585246825742495
kmouflage-kmimic,5_Kmimic_2_lenspotentialCls.dat,2974,2,2974.0,1538.18,1538.55,0.36999999999989086,0.00024054401955550772,0.253818,1.4577374339089066
kmouflage-kmimic,5_Kmimic_2_lenspotentialCls.dat,2975,2,2975.0,1539.57,1539.94,0.37000000000011823,0.0002403268445086084,0.253957,1.4569395606347462
kmouflage-kmimic,5_Kmimic_2_lenspotentialCls.dat,2976,2,2976.0,1540.98,1541.35,0.36999999999989086,0.00024010694493107687,0.25409800000000005,1.456131099024356
kmouflage-kmimic,5_Kmimic_2_lenspotentialCls.dat,2977,2,2977.0,1542.4,1542.78,0.37999999999988177,0.00024636929460573247,0.25424,1.4946507237251485
kmouflage-kmimic,5_Kmimic_2_lenspotentialCls.dat,2978,2,2978.0,1543.85,1544.23,0.38000000000010914,0.00024613790199832185,0.254385,1.493798769581969
kmouflage-kmimic,5_Kmimic_2_lenspotentialCls.dat,2979,2,2979.0,1545.33,1545.71,0.38000000000010914,0.0002459021697631633,0.254533,1.492930189799001
kmouflage-kmimic,5_Kmimic_2_lenspotentialCls.dat,2980,2,2980.0,1546.83,1547.2,0.37000000000011823,0.0002391988777048016,0.254683,1.4527864050608728
kmouflage-kmimic,5_Kmimic_2_lenspotentialCls.dat,2981,2,2981.0,1548.35,1548.73,0.38000000000010914,0.0002454225465819157,0.25483500000000003,1.4911609472800404
kmouflage-kmimic,5_Kmimic_2_lenspotentialCls.dat,2982,2,2982.0,1549.9,1550.28,0.37999999999988177,0.0002451771082004528,0.25499000000000005,1.4902545197846255
kmouflage-kmimic,5_Kmimic_2_lenspotentialCls.dat,2983,2,2983.0,1551.48,1551.86,0.37999999999988177,0.0002449274241368769,0.25514800000000004,1.4893316820037066
kmouflage-kmimic,5_Kmimic_2_lenspotentialCls.dat,2984,2,2984.0,1553.1,1553.48,0.38000000000010914,0.0002446719464297915,0.25531000000000004,1.4883866671893349
kmouflage-kmimic,5_Kmimic_2_lenspotentialCls.dat,2985,2,2985.0,1554.74,1555.12,0.37999999999988177,0.00024441385697922594,0.255474,1.4874312063062456
kmouflage-kmimic,5_Kmimic_2_lenspotentialCls.dat,2986,2,2986.0,1556.42,1556.8,0.37999999999988177,0.00024415003662242953,0.25564200000000004,1.4864537126132706
kmouflage-kmimic,5_Kmimic_2_lenspotentialCls.dat,2987,2,2987.0,1558.14,1558.52,0.37999999999988177,0.000243880524214693,0.255814,1.4854542753714879
kmouflage-kmimic,5_Kmimic_2_lenspotentialCls.dat,2988,2,2988.0,1559.89,1560.27,0.37999999999988177,0.000243606921000764,0.255989,1.4844387844785585
kmouflage-kmimic,5_Kmimic_2_lenspotentialCls.dat,2989,2,2989.0,1561.68,1562.06,0.37999999999988177,0.00024332769837603205,0.256168,1.4834015177535123
kmouflage-kmimic,5_Kmimic_2_lenspotentialCls.dat,2990,2,2990.0,1563.51,1563.89,0.38000000000010914,0.0002430428970714029,0.256351,1.4823425693682066
kmouflage-kmimic,5_Kmimic_2_lenspotentialCls.dat,2991,2,2991.0,1565.39,1565.77,0.37999999999988177,0.00024275100773601577,0.256539,1.481256261230775
kmouflage-kmimic,5_Kmimic_2_lenspotentialCls.dat,2992,2,2992.0,1567.3,1567.69,0.39000000000010004,0.00024883557710719074,0.25673,1.5191056752233865
kmouflage-kmimic,5_Kmimic_2_lenspotentialCls.dat,2993,2,2993.0,1569.26,1569.65,0.39000000000010004,0.0002485247823815684,0.256926,1.5179468018032432
kmouflage-kmimic,5_Kmimic_2_lenspotentialCls.dat,2994,2,2994.0,1571.27,1571.66,0.39000000000010004,0.00024820686451093707,0.257127,1.5167602002127356
kmouflage-kmimic,5_Kmimic_2_lenspotentialCls.dat,2995,2,2995.0,1573.33,1573.72,0.39000000000010004,0.0002478818811057439,0.25733300000000003,1.5155460045936588
kmouflage-kmimic,5_Kmimic_2_lenspotentialCls.dat,2996,2,2996.0,1575.44,1575.82,0.37999999999988177,0.0002412024577260205,0.257544,1.4754760351624645
kmouflage-kmimic,5_Kmimic_2_lenspotentialCls.dat,2997,2,2997.0,1577.59,1577.98,0.39000000000010004,0.00024721252036340245,0.257759,1.5130412517122585
kmouflage-kmimic,5_Kmimic_2_lenspotentialCls.dat,2998,2,2998.0,1579.8,1580.19,0.39000000000010004,0.0002468666919863907,0.25798,1.5117450965194978
kmouflage-kmimic,5_Kmimic_2_lenspotentialCls.dat,2999,2,2999.0,1582.07,1582.46,0.39000000000010004,0.0002465124804844919,0.258207,1.510416061532414
kmouflage-kmimic,5_Kmimic_2_lenspotentialCls.dat,3000,2,3000.0,1584.39,1584.78,0.38999999999987267,0.00024615151572521455,0.25843900000000003,1.5090601650674729
kmouflage-kmimic,5_Kmimic_2_lenspotentialCls.dat,3001,2,3001.0,1586.77,1587.16,0.39000000000010004,0.00024578231249651814,0.25867700000000005,1.5076717296091264
kmouflage-kmimic,5_Kmimic_2_lenspotentialCls.dat,3002,2,3002.0,1589.19,1589.59,0.3999999999998636,0.0002517005518533741,0.258919,1.5448846936681493
kmouflage-kmimic,5_Kmimic_2_lenspotentialCls.dat,3003,2,3003.0,1591.67,1592.06,0.38999999999987267,0.00024502566486763757,0.25916700000000004,1.5048212156635399
kmouflage-kmimic,5_Kmimic_2_lenspotentialCls.dat,3004,2,3004.0,1594.18,1594.57,0.38999999999987267,0.000244639877554525,0.25941800000000004,1.503365225234458
kmouflage-kmimic,5_Kmimic_2_lenspotentialCls.dat,3005,2,3005.0,1596.72,1597.12,0.3999999999998636,0.0002505135527831201,0.259672,1.5404048183857464
kmouflage-kmimic,5_Kmimic_2_lenspotentialCls.dat,3006,2,3006.0,1599.29,1599.68,0.39000000000010004,0.00024385821208167376,0.259929,1.500409727272063
kmouflage-kmimic,5_Kmimic_2_lenspotentialCls.dat,3007,2,3007.0,1601.87,1602.27,0.40000000000009095,0.00024970815359554206,0.260187,1.5373558248494004
kmouflage-kmimic,5_Kmimic_2_lenspotentialCls.dat,3008,2,3008.0,1604.47,1604.87,0.3999999999998636,0.00024930350832353586,0.260447,1.535821107556868
kmouflage-kmimic,5_Kmimic_2_lenspotentialCls.dat,3009,2,3009.0,1607.07,1607.47,0.40000000000009095,0.000248900172363426,0.260707,1.5342894513767982
kmouflage-kmimic,5_Kmimic_2_lenspotentialCls.dat,3010,2,3010.0,1609.67,1610.07,0.3999999999998636,0.0002484981393700967,0.26096700000000006,1.5327608471563972
kmouflage-kmimic,5_Kmimic_2_lenspotentialCls.dat,3011,2,3011.0,1612.26,1612.66,0.40000000000009095,0.0002480989418580694,0.261226,1.531241147512464
kmouflage-kmimic,5_Kmimic_2_lenspotentialCls.dat,3012,2,3012.0,1614.83,1615.24,0.41000000000008185,0.000253896695008194,0.261483,1.567979562725232
kmouflage-kmimic,5_Kmimic_2_lenspotentialCls.dat,3013,2,3013.0,1617.39,1617.8,0.4099999999998545,0.00025349482808713694,0.26173900000000005,1.5664459633446082
kmouflage-kmimic,5_Kmimic_2_lenspotentialCls.dat,3014,2,3014.0,1619.92,1620.33,0.4099999999998545,0.00025309891846501953,0.261992,1.5649332804049532
kmouflage-kmimic,5_Kmimic_2_lenspotentialCls.dat,3015,2,3015.0,1622.41,1622.82,0.4099999999998545,0.00025271047392450393,0.26224100000000006,1.5634473633026658
kmouflage-kmimic,5_Kmimic_2_lenspotentialCls.dat,3016,2,3016.0,1624.86,1625.28,0.42000000000007276,0.0002584838078357968,0.262486,1.6000853378849644
kmouflage-kmimic,5_Kmimic_2_lenspotentialCls.dat,3017,2,3017.0,1627.27,1627.68,0.41000000000008185,0.00025195572953479254,0.26272700000000004,1.5605552531718543
kmouflage-kmimic,5_Kmimic_2_lenspotentialCls.dat,3018,2,3018.0,1629.62,1630.03,0.41000000000008185,0.000251592395773298,0.26296200000000003,1.5591606391801165
kmouflage-kmimic,5_Kmimic_2_lenspotentialCls.dat,3019,2,3019.0,1631.91,1632.33,0.4199999999998454,0.00025736713421686575,0.263191,1.595799248453957
kmouflage-kmimic,5_Kmimic_2_lenspotentialCls.dat,3020,2,3020.0,1634.14,1634.55,0.4099999999998545,0.00025089649601616414,0.26341400000000004,1.5564852285749977
kmouflage-kmimic,5_Kmimic_2_lenspotentialCls.dat,3021,2,3021.0,1636.29,1636.7,0.41000000000008185,0.00025056683106300343,0.263629,1.5552158525810205
kmouflage-kmimic,5_Kmimic_2_lenspotentialCls.dat,3022,2,3022.0,1638.36,1638.77,0.41000000000008185,0.00025025025025030023,0.263836,1.5539956639733843
kmouflage-kmimic,5_Kmimic_2_lenspotentialCls.dat,3023,2,3023.0,1640.34,1640.76,0.42000000000007276,0.00025604447858375263,0.264034,1.5907042274861296
kmouflage-kmimic,5_Kmimic_2_lenspotentialCls.dat,3024,2,3024.0,1642.23,1642.65,0.42000000000007276,0.0002557498036207308,0.264223,1.5895663889974483
kmouflage-kmimic,5_Kmimic_2_lenspotentialCls.dat,3025,2,3025.0,1644.02,1644.44,0.42000000000007276,0.0002554713446308882,0.264402,1.5884902534779342
kmouflage-kmimic,5_Kmimic_2_lenspotentialCls.dat,3026,2,3026.0,1645.7,1646.12,0.4199999999998454,0.00025521054870258577,0.26457,1.5874815738740045
kmouflage-kmimic,5_Kmimic_2_lenspotentialCls.dat,3027,2,3027.0,1647.27,1647.69,0.42000000000007276,0.0002549673095485699,0.26472700000000005,1.5865400960237253
kmouflage-kmimic,5_Kmimic_2_lenspotentialCls.dat,3028,2,3028.0,1648.73,1649.15,0.42000000000007276,0.0002547415283279086,0.264873,1.5856655831287927
kmouflage-kmimic,5_Kmimic_2_lenspotentialCls.dat,3029,2,3029.0,1650.05,1650.47,0.42000000000007276,0.0002545377412806114,0.26500500000000005,1.5848757570614618
kmouflage-kmimic,5_Kmimic_2_lenspotentialCls.dat,3030,2,3030.0,1651.24,1651.67,0.43000000000006366,0.00026041035827624313,0.265124,1.6218825907879468
kmouflage-kmimic,5_Kmimic_2_lenspotentialCls.dat,3031,2,3031.0,1652.3,1652.72,0.42000000000007276,0.00025419112751925966,0.26523,1.5835312747429504
kmouflage-kmimic,5_Kmimic_2_lenspotentialCls.dat,3032,2,3032.0,1653.21,1653.63,0.42000000000007276,0.0002540512094652662,0.26532100000000003,1.5829881539722552
kmouflage-kmimic,5_Kmimic_2_lenspotentialCls.dat,3033,2,3033.0,1653.96,1654.38,0.42000000000007276,0.00025393600812599626,0.265396,1.5825408069453675
kmouflage-kmimic,5_Kmimic_2_lenspotentialCls.dat,3034,2,3034.0,1654.56,1654.98,0.42000000000007276,0.00025384392225127694,0.265456,1.5821831113256912
kmouflage-kmimic,5_Kmimic_2_lenspotentialCls.dat,3035,2,3035.0,1654.99,1655.41,0.42000000000007276,0.0002537779684469832,0.26549900000000004,1.5819268622483424
kmouflage-kmimic,5_Kmimic_2_lenspotentialCls.dat,3036,2,3036.0,1655.25,1655.67,0.42000000000007276,0.000253738106026324,0.265525,1.5817719612091996
kmouflage-kmimic,5_Kmimic_2_lenspotentialCls.dat,3037,2,3037.0,1655.33,1655.75,0.42000000000007276,0.0002537258431853907,0.265533,1.5817243054538332
kmouflage-kmimic,5_Kmimic_2_lenspotentialCls.dat,3038,2,3038.0,1655.23,1655.65,0.42000000000007276,0.00025374117192177086,0.265523,1.5817838755967384
kmouflage-kmimic,5_Kmimic_2_lenspotentialCls.dat,3039,2,3039.0,1654.93,1655.35,0.4199999999998454,0.0002537871692457357,0.265493,1.5819626129496651
kmouflage-kmimic,5_Kmimic_2_lenspotentialCls.dat,3040,2,3040.0,1654.44,1654.85,0.4099999999998545,0.0002478179927950572,0.265444,1.5445819080478536
kmouflage-kmimic,5_Kmimic_2_lenspotentialCls.dat,3041,2,3041.0,1653.74,1654.15,0.41000000000008185,0.0002479228899343802,0.265374,1.5449893358056248
kmouflage-kmimic,5_Kmimic_2_lenspotentialCls.dat,3042,2,3042.0,1652.83,1653.24,0.41000000000008185,0.00024805938904792497,0.26528300000000005,1.5455193133373861
kmouflage-kmimic,5_Kmimic_2_lenspotentialCls.dat,3043,2,3043.0,1651.71,1652.12,0.4099999999998545,0.00024822759443234857,0.26517100000000005,1.5461720927245226
kmouflage-kmimic,5_Kmimic_2_lenspotentialCls.dat,3044,2,3044.0,1650.36,1650.76,0.40000000000009095,0.00024237136139999211,0.265036,1.509228934937484
kmouflage-kmimic,5_Kmimic_2_lenspotentialCls.dat,3045,2,3045.0,1648.77,1649.18,0.41000000000008185,0.000248670220831336,0.26487700000000003,1.5478882651195907
kmouflage-kmimic,5_Kmimic_2_lenspotentialCls.dat,3046,2,3046.0,1646.96,1647.36,0.3999999999998636,0.00024287171515996963,0.26469600000000004,1.511167528031642
kmouflage-kmimic,5_Kmimic_2_lenspotentialCls.dat,3047,2,3047.0,1644.89,1645.29,0.3999999999998636,0.00024317735532458922,0.26448900000000003,1.5123502300657627
kmouflage-kmimic,5_Kmimic_2_lenspotentialCls.dat,3048,2,3048.0,1642.58,1642.98,0.40000000000009095,0.0002435193415237559,0.264258,1.513672244549232
kmouflage-kmimic,5_Kmimic_2_lenspotentialCls.dat,3049,2,3049.0,1640.01,1640.4,0.39000000000010004,0.00023780342802793888,0.26400100000000004,1.4772671315642742
kmouflage-kmimic,5_Kmimic_2_lenspotentialCls.dat,3050,2,3050.0,1637.18,1637.57,0.38999999999987267,0.00023821449077063772,0.263718,1.4788524105289462
kmouflage-kmimic,5_Kmimic_2_lenspotentialCls.dat,3051,2,3051.0,1634.07,1634.46,0.39000000000010004,0.0002386678661257474,0.263407,1.4805984654929445
kmouflage-kmimic,5_Kmimic_2_lenspotentialCls.dat,3052,2,3052.0,1630.71,1631.09,0.37999999999988177,0.00023302733165301112,0.26307100000000005,1.4444769662938206
kmouflage-kmimic,5_Kmimic_2_lenspotentialCls.dat,3053,2,3053.0,1627.09,1627.47,0.38000000000010914,0.00023354577804553475,0.26270899999999997,1.4464673840641515
kmouflage-kmimic,5_Kmimic_2_lenspotentialCls.dat,3054,2,3054.0,1623.22,1623.59,0.36999999999989086,0.00022794199184330582,0.26232200000000006,1.4104802494639823
kmouflage-kmimic,5_Kmimic_2_lenspotentialCls.dat,3055,2,3055.0,1619.1,1619.47,0.37000000000011823,0.00022852201840535994,0.26191,1.4126990187473494
kmouflage-kmimic,5_Kmimic_2_lenspotentialCls.dat,3056,2,3056.0,1614.76,1615.12,0.35999999999989996,0.00022294334761815995,0.26147600000000004,1.3767994003269894
kmouflage-kmimic,5_Kmimic_2_lenspotentialCls.dat,3057,2,3057.0,1610.18,1610.54,0.35999999999989996,0.0002235774882310673,0.26101800000000003,1.3792152265357176
kmouflage-kmimic,5_Kmimic_2_lenspotentialCls.dat,3058,2,3058.0,1605.38,1605.73,0.34999999999990905,0.0002180169181127889,0.26053800000000005,1.3433740951412423
kmouflage-kmimic,5_Kmimic_2_lenspotentialCls.dat,3059,2,3059.0,1600.36,1600.71,0.3500000000001364,0.00021870079232181287,0.260036,1.3459674814261735
kmouflage-kmimic,5_Kmimic_2_lenspotentialCls.dat,3060,2,3060.0,1595.14,1595.49,0.34999999999990905,0.0002194164775505028,0.259514,1.3486748306446243
kmouflage-kmimic,5_Kmimic_2_lenspotentialCls.dat,3061,2,3061.0,1589.72,1590.06,0.33999999999991815,0.0002138741413581751,0.258972,1.3128832460648958
kmouflage-kmimic,5_Kmimic_2_lenspotentialCls.dat,3062,2,3062.0,1584.1,1584.43,0.3300000000001546,0.00020832018180680175,0.25841000000000003,1.2770403622156827
kmouflage-kmimic,5_Kmimic_2_lenspotentialCls.dat,3063,2,3063.0,1578.3,1578.62,0.31999999999993634,0.00020274979408220007,0.25783,1.2411278749561196
kmouflage-kmimic,5_Kmimic_2_lenspotentialCls.dat,3064,2,3064.0,1572.31,1572.63,0.3200000000001637,0.00020352220618081912,0.257231,1.2440180227117406
kmouflage-kmimic,5_Kmimic_2_lenspotentialCls.dat,3065,2,3065.0,1566.15,1566.47,0.31999999999993634,0.00020432270216769552,0.25661500000000004,1.2470042670924781
kmouflage-kmimic,5_Kmimic_2_lenspotentialCls.dat,3066,2,3066.0,1559.82,1560.13,0.3100000000001728,0.00019874088035810083,0.25598200000000004,1.211022650030755
kmouflage-kmimic,5_Kmimic_2_lenspotentialCls.dat,3067,2,3067.0,1553.34,1553.64,0.3000000000001819,0.0001931322183167767,0.255334,1.174931658142597
kmouflage-kmimic,5_Kmimic_2_lenspotentialCls.dat,3068,2,3068.0,1546.7,1547.0,0.2999999999999545,0.0001939613370401206,0.25467,1.1779950524206013
kmouflage-kmimic,5_Kmimic_2_lenspotentialCls.dat,3069,2,3069.0,1539.91,1540.2,0.2899999999999636,0.00018832269418340267,0.253991,1.1417727399788322
kmouflage-kmimic,5_Kmimic_2_lenspotentialCls.dat,3070,2,3070.0,1532.99,1533.27,0.2799999999999727,0.00018264959327847716,0.25329900000000005,1.1054129704419389
kmouflage-kmimic,5_Kmimic_2_lenspotentialCls.dat,3071,2,3071.0,1525.93,1526.21,0.2799999999999727,0.00018349465571813433,0.252593,1.1085026109194345
kmouflage-kmimic,5_Kmimic_2_lenspotentialCls.dat,3072,2,3072.0,1518.75,1519.02,0.2699999999999818,0.0001777777777777658,0.251875,1.0719602977666771
kmouflage-kmimic,5_Kmimic_2_lenspotentialCls.dat,3073,2,3073.0,1511.45,1511.71,0.2599999999999909,0.00017202024545965192,0.251145,1.0352585159966987
kmouflage-kmimic,5_Kmimic_2_lenspotentialCls.dat,3074,2,3074.0,1504.04,1504.3,0.2599999999999909,0.0001728677428791727,0.250404,1.0383220715323673
kmouflage-kmimic,5_Kmimic_2_lenspotentialCls.dat,3075,2,3075.0,1496.52,1496.77,0.25,0.00016705423248603428,0.249652,1.001393940364988
kmouflage-kmimic,5_Kmimic_2_lenspotentialCls.dat,3242,2,3242.0,749.806,749.63,0.17600000000004457,0.00023472738281641459,0.17498060000000001,1.0058257886876862
kmouflage-kmimic,5_Kmimic_2_lenspotentialCls.dat,3243,2,3243.0,748.77,748.593,0.17700000000002092,0.00023638767578832074,0.174877,1.0121399612300126
kmouflage-kmimic,5_Kmimic_2_lenspotentialCls.dat,3244,2,3244.0,747.747,747.568,0.17899999999997362,0.000239385781554421,0.1747747,1.0241756959100694
kmouflage-kmimic,5_Kmimic_2_lenspotentialCls.dat,3245,2,3245.0,746.734,746.554,0.18000000000006366,0.00024104969105473122,0.1746734,1.03049462597089
kmouflage-kmimic,5_Kmimic_2_lenspotentialCls.dat,3246,2,3246.0,745.73,745.549,0.18100000000004002,0.00024271519182551327,0.174573,1.0368155442138247
kmouflage-kmimic,5_Kmimic_2_lenspotentialCls.dat,3247,2,3247.0,744.736,744.553,0.18299999999999272,0.000245724659476637,0.1744736,1.0488692845220866
kmouflage-kmimic,5_Kmimic_2_lenspotentialCls.dat,3248,2,3248.0,743.75,743.566,0.18399999999996908,0.0002473949579831517,0.174375,1.05519713261631
kmouflage-kmimic,5_Kmimic_2_lenspotentialCls.dat,3249,2,3249.0,742.771,742.586,0.18499999999994543,0.00024906734377075227,0.17427710000000002,1.061527877156238
kmouflage-kmimic,5_Kmimic_2_lenspotentialCls.dat,3250,2,3250.0,741.8,741.613,0.18699999999989814,0.0002520895119977058,0.17418,1.073602020897337
kmouflage-kmimic,5_Kmimic_2_lenspotentialCls.dat,3251,2,3251.0,740.834,740.646,0.18799999999998818,0.00025376805060241324,0.1740834,1.0799421426740756
kmouflage-kmimic,5_Kmimic_2_lenspotentialCls.dat,3252,2,3252.0,739.873,739.684,0.18900000000007822,0.00025544924601935494,0.1739873,1.0862861829574815
kmouflage-kmimic,5_Kmimic_2_lenspotentialCls.dat,3253,2,3253.0,738.918,738.727,0.19100000000003092,0.00025848605663961486,0.1738918,1.0983841676262533
kmouflage-kmimic,5_Kmimic_2_lenspotentialCls.dat,3254,2,3254.0,737.966,737.774,0.19200000000000728,0.0002601745879891584,0.17379660000000002,1.1047396784517491
kmouflage-kmimic,5_Kmimic_2_lenspotentialCls.dat,3255,2,3255.0,737.019,736.826,0.19299999999998363,0.00026186570495466687,0.17370190000000002,1.111098957466692
kmouflage-kmimic,5_Kmimic_2_lenspotentialCls.dat,3256,2,3256.0,736.075,735.88,0.19500000000005002,0.000264918656386985,0.17360750000000003,1.1232233630462394
kmouflage-kmimic,5_Kmimic_2_lenspotentialCls.dat,3257,2,3257.0,735.133,734.938,0.19500000000005002,0.00026525812336005865,0.1735133,1.1238331586111843
kmouflage-kmimic,5_Kmimic_2_lenspotentialCls.dat,3258,2,3258.0,734.194,733.998,0.1959999999999127,0.0002669594139967266,0.1734194,1.1302080390078197
kmouflage-kmimic,5_Kmimic_2_lenspotentialCls.dat,3259,2,3259.0,733.257,733.059,0.19799999999997908,0.0002700281074711583,0.1733257,1.1423579999964175
kmouflage-kmimic,5_Kmimic_2_lenspotentialCls.dat,3260,2,3260.0,732.321,732.122,0.19900000000006912,0.0002717387593692781,0.1732321,1.1487478359961527
kmouflage-kmimic,5_Kmimic_2_lenspotentialCls.dat,3261,2,3261.0,731.385,731.186,0.19899999999995543,0.00027208652077900894,0.17313850000000003,1.1493688578794168
kmouflage-kmimic,5_Kmimic_2_lenspotentialCls.dat,3262,2,3262.0,730.45,730.249,0.20100000000002183,0.00027517283866112916,0.173045,1.1615475743305026
kmouflage-kmimic,5_Kmimic_2_lenspotentialCls.dat,3263,2,3263.0,729.514,729.313,0.20100000000002183,0.0002755258980636723,0.1729514,1.1621761951624665
kmouflage-kmimic,5_Kmimic_2_lenspotentialCls.dat,3264,2,3264.0,728.578,728.376,0.20199999999999818,0.00027725240125284895,0.1728578,1.1685905987464735
kmouflage-kmimic,5_Kmimic_2_lenspotentialCls.dat,3265,2,3265.0,727.64,727.437,0.20299999999997453,0.00027898411302288844,0.172764,1.175013312958571
kmouflage-kmimic,5_Kmimic_2_lenspotentialCls.dat,3266,2,3266.0,726.7,726.497,0.20300000000008822,0.00027934498417515923,0.17267000000000002,1.175652979672718
kmouflage-kmimic,5_Kmimic_2_lenspotentialCls.dat,3267,2,3267.0,725.758,725.554,0.20400000000006457,0.0002810854306808393,0.1725758,1.182089261646561
kmouflage-kmimic,5_Kmimic_2_lenspotentialCls.dat,3268,2,3268.0,724.813,724.608,0.20500000000004093,0.0002828315717295922,0.1724813,1.1885346411468427
kmouflage-kmimic,5_Kmimic_2_lenspotentialCls.dat,3269,2,3269.0,723.865,723.659,0.20600000000001728,0.0002845834513341815,0.1723865,1.1949891667852024
kmouflage-kmimic,5_Kmimic_2_lenspotentialCls.dat,3270,2,3270.0,722.913,722.707,0.20600000000001728,0.00028495821765553707,0.1722913,1.1956494611162447
kmouflage-kmimic,5_Kmimic_2_lenspotentialCls.dat,3271,2,3271.0,721.956,721.749,0.20699999999999363,0.0002867210744144984,0.1721956,1.2021213085583697
kmouflage-kmimic,5_Kmimic_2_lenspotentialCls.dat,3272,2,3272.0,720.994,720.787,0.20699999999999363,0.00028710363747825034,0.1720994,1.202793269470978
kmouflage-kmimic,5_Kmimic_2_lenspotentialCls.dat,3273,2,3273.0,720.026,719.819,0.20699999999999363,0.00028748961843043673,0.1720026,1.2034701801018917
kmouflage-kmimic,5_Kmimic_2_lenspotentialCls.dat,3274,2,3274.0,719.053,718.846,0.20699999999999363,0.0002878786403783777,0.1719053,1.204151355426468
kmouflage-kmimic,5_Kmimic_2_lenspotentialCls.dat,3275,2,3275.0,718.073,717.866,0.20699999999999363,0.0002882715267110637,0.1718073,1.2048382111819091
kmouflage-kmimic,5_Kmimic_2_lenspotentialCls.dat,3276,2,3276.0,717.086,716.879,0.20699999999999363,0.00028866830477793966,0.17170860000000002,1.2055307654945275
kmouflage-kmimic,5_Kmimic_2_lenspotentialCls.dat,3277,2,3277.0,716.092,715.884,0.20799999999997,0.00029046547091710284,0.17160920000000002,1.2120562300853914
kmouflage-kmimic,5_Kmimic_2_lenspotentialCls.dat,3278,2,3278.0,715.089,714.882,0.20700000000010732,0.00028947445702577905,0.17150890000000002,1.2069344506326336
kmouflage-kmimic,5_Kmimic_2_lenspotentialCls.dat,3279,2,3279.0,714.078,713.871,0.20699999999999363,0.0002898842983539524,0.1714078,1.2076463264798547
kmouflage-kmimic,5_Kmimic_2_lenspotentialCls.dat,3280,2,3280.0,713.057,712.851,0.20600000000001728,0.000288896960551565,0.1713057,1.2025285790257842
kmouflage-kmimic,5_Kmimic_2_lenspotentialCls.dat,3281,2,3281.0,712.027,711.821,0.20600000000001728,0.00028931487148663924,0.1712027,1.2032520515156435
kmouflage-kmimic,5_Kmimic_2_lenspotentialCls.dat,3282,2,3282.0,710.987,710.781,0.20600000000001728,0.00028973806834726556,0.1710987,1.2039834317853806
kmouflage-kmimic,5_Kmimic_2_lenspotentialCls.dat,3283,2,3283.0,709.936,709.731,0.20500000000004093,0.00028875842329455177,0.17099360000000002,1.1988752795428654
kmouflage-kmimic,5_Kmimic_2_lenspotentialCls.dat,3284,2,3284.0,708.874,708.669,0.20500000000004093,0.00028919102689623394,0.17088740000000002,1.1996203347937935
kmouflage-kmimic,5_Kmimic_2_lenspotentialCls.dat,3285,2,3285.0,707.801,707.597,0.20400000000006457,0.00028821660325439576,0.17078010000000002,1.194518565102518
kmouflage-kmimic,5_Kmimic_2_lenspotentialCls.dat,3286,2,3286.0,706.715,706.511,0.20400000000006457,0.0002886595020624503,0.17067150000000003,1.1952786493355043
kmouflage-kmimic,5_Kmimic_2_lenspotentialCls.dat,3287,2,3287.0,705.616,705.414,0.20199999999999818,0.00028627468764880356,0.1705616,1.1843228487537534
kmouflage-kmimic,5_Kmimic_2_lenspotentialCls.dat,3288,2,3288.0,704.504,704.303,0.20100000000002183,0.00028530710968287167,0.1704504,1.1792286788415975
kmouflage-kmimic,5_Kmimic_2_lenspotentialCls.dat,3289,2,3289.0,703.378,703.178,0.20000000000004547,0.0002843421318267638,0.1703378,1.1741375079403717
kmouflage-kmimic,5_Kmimic_2_lenspotentialCls.dat,3290,2,3290.0,702.238,702.039,0.19900000000006912,0.00028337970887372816,0.1702238,1.169049216384954
kmouflage-kmimic,5_Kmimic_2_lenspotentialCls.dat,3291,2,3291.0,701.084,700.886,0.19799999999997908,0.00028241979563073627,0.1701084,1.163963684332926
kmouflage-kmimic,5_Kmimic_2_lenspotentialCls.dat,3292,2,3292.0,699.913,699.717,0.19600000000002638,0.00028003480432571814,0.1699913,1.1530001829506944
kmouflage-kmimic,5_Kmimic_2_lenspotentialCls.dat,3293,2,3293.0,698.727,698.533,0.19399999999995998,0.0002776477794617354,0.1698727,1.1420316507594217
kmouflage-kmimic,5_Kmimic_2_lenspotentialCls.dat,3294,2,3294.0,697.525,697.332,0.19299999999998363,0.0002766925916633578,0.1697525,1.1369493821886785
kmouflage-kmimic,5_Kmimic_2_lenspotentialCls.dat,3295,2,3295.0,696.306,696.115,0.19100000000003092,0.00027430468788152177,0.16963060000000002,1.1259760915779988
kmouflage-kmimic,5_Kmimic_2_lenspotentialCls.dat,3296,2,3296.0,695.069,694.88,0.18899999999996453,0.00027191545012072836,0.16950690000000002,1.1149988584533403
kmouflage-kmimic,5_Kmimic_2_lenspotentialCls.dat,3297,2,3297.0,693.815,693.628,0.18700000000001182,0.00026952429682265705,0.16938150000000002,1.104016672422973
kmouflage-kmimic,5_Kmimic_2_lenspotentialCls.dat,3298,2,3298.0,692.542,692.357,0.18500000000005912,0.00026713181294428225,0.16925420000000002,1.0930304831434559
kmouflage-kmimic,5_Kmimic_2_lenspotentialCls.dat,3299,2,3299.0,691.25,691.068,0.18200000000001637,0.00026329113924053,0.16912500000000003,1.0761271249077093
kmouflage-kmimic,5_Kmimic_2_lenspotentialCls.dat,3300,2,3300.0,689.939,689.759,0.17999999999994998,0.0002608926296381999,0.1689939,1.0651272028159002
kmouflage-kmimic,5_Kmimic_2_lenspotentialCls.dat,3301,2,3301.0,688.608,688.43,0.17799999999999727,0.00025849249500441076,0.1688608,1.0541226856677053
kmouflage-kmimic,5_Kmimic_2_lenspotentialCls.dat,3302,2,3302.0,687.257,687.082,0.17499999999995453,0.0002546354566049593,0.1687257,1.0371863918771977
kmouflage-kmimic,5_Kmimic_2_lenspotentialCls.dat,3303,2,3303.0,685.887,685.714,0.17299999999988813,0.00025222813670457107,0.1685887,1.0261660479017165
kmouflage-kmimic,5_Kmimic_2_lenspotentialCls.dat,3304,2,3304.0,684.496,684.327,0.16899999999998272,0.0002468969869801763,0.1684496,1.003267446167772
kmouflage-kmimic,5_Kmimic_2_matterpower.dat,405,2,0.316529,4201.88,4205.28,3.399999999999636,0.000809161613372975,1.420188,2.3940492385512595
kmouflage-kmimic,5_Kmimic_2_matterpower.dat,409,2,0.342892,2352.74,2350.76,1.9799999999995634,0.000841571954401916,1.235274,1.6028832469553826
kmouflage-kmimic,5_Kmimic_2_scalarCovCls.dat,2434,2,2434.0,783.712,783.891,0.17899999999997362,0.00022840022865539079,0.1783712,1.0035252327728559
kmouflage-kmimic,5_Kmimic_2_scalarCovCls.dat,2435,2,2435.0,784.577,784.756,0.17899999999997362,0.00022814841628033148,0.1784577,1.0030388153605792
kmouflage-kmimic,5_Kmimic_2_scalarCovCls.dat,2436,2,2436.0,785.443,785.622,0.17899999999997362,0.0002278968683914347,0.1785443,1.002552307746445
kmouflage-kmimic,5_Kmimic_2_scalarCovCls.dat,2437,2,2437.0,786.309,786.488,0.1790000000000873,0.00022764587458631063,0.1786309,1.0020662718493123
kmouflage-kmimic,5_Kmimic_2_scalarCovCls.dat,2438,2,2438.0,787.175,787.355,0.18000000000006366,0.0002286657985836233,0.1787175,1.007176129926077
kmouflage-kmimic,5_Kmimic_2_scalarCovCls.dat,2439,2,2439.0,788.042,788.221,0.17899999999997362,0.00022714525367933895,0.17880420000000002,1.001095052576917
kmouflage-kmimic,5_Kmimic_2_scalarCovCls.dat,2440,2,2440.0,788.909,789.089,0.18000000000006366,0.00022816319752983383,0.17889090000000002,1.006199868188173
kmouflage-kmimic,5_Kmimic_2_scalarCovCls.dat,2441,2,2441.0,789.777,789.957,0.17999999999994998,0.00022791243604200929,0.17897770000000002,1.0057118847764273
kmouflage-kmimic,5_Kmimic_2_scalarCovCls.dat,2442,2,2442.0,790.645,790.826,0.18100000000004002,0.00022892701528503945,0.17906450000000002,1.0108089543155678
kmouflage-kmimic,5_Kmimic_2_scalarCovCls.dat,2443,2,2443.0,791.514,791.695,0.18100000000004002,0.00022867567724644164,0.17915140000000002,1.0103186466867689
kmouflage-kmimic,5_Kmimic_2_scalarCovCls.dat,2444,2,2444.0,792.384,792.565,0.18100000000004002,0.0002284246022131189,0.17923840000000002,1.0098282510892755
kmouflage-kmimic,5_Kmimic_2_scalarCovCls.dat,2445,2,2445.0,793.256,793.437,0.18100000000004002,0.0002281735026271973,0.1793256,1.009337205619499
kmouflage-kmimic,5_Kmimic_2_scalarCovCls.dat,2446,2,2446.0,794.127,794.309,0.18200000000001637,0.00022918248592481604,0.1794127,1.0144209412155123
kmouflage-kmimic,5_Kmimic_2_scalarCovCls.dat,2447,2,2447.0,795.001,795.183,0.18200000000001637,0.0002289305296471531,0.1795001,1.0139270117399175
kmouflage-kmimic,5_Kmimic_2_scalarCovCls.dat,2448,2,2448.0,795.876,796.059,0.18299999999999272,0.00022993531655684144,0.17958760000000001,1.0190013118945445
kmouflage-kmimic,5_Kmimic_2_scalarCovCls.dat,2449,2,2449.0,796.752,796.935,0.18299999999999272,0.0002296825109946291,0.1796752,1.01850450145592
kmouflage-kmimic,5_Kmimic_2_scalarCovCls.dat,2450,2,2450.0,797.63,797.813,0.18299999999999272,0.00022942968544311613,0.179763,1.0180070426060575
kmouflage-kmimic,5_Kmimic_2_scalarCovCls.dat,2451,2,2451.0,798.509,798.692,0.18299999999999272,0.00022917712887392968,0.1798509,1.0175095037055288
kmouflage-kmimic,5_Kmimic_2_scalarCovCls.dat,2452,2,2452.0,799.39,799.573,0.18299999999999272,0.00022892455497315793,0.17993900000000002,1.017011320503019
kmouflage-kmimic,5_Kmimic_2_scalarCovCls.dat,2453,2,2453.0,800.272,800.456,0.18399999999996908,0.0002299218265789245,0.1800272,1.0220677764247241
kmouflage-kmimic,5_Kmimic_2_scalarCovCls.dat,2454,2,2454.0,801.156,801.34,0.18400000000008276,0.00022966812955289953,0.1801156,1.0215661497398492
kmouflage-kmimic,5_Kmimic_2_scalarCovCls.dat,2455,2,2455.0,802.042,802.226,0.18399999999996908,0.00022941441969369318,0.1802042,1.0210638819737223
kmouflage-kmimic,5_Kmimic_2_scalarCovCls.dat,2456,2,2456.0,802.93,803.115,0.18500000000005912,0.00023040613752140177,0.180293,1.0261075027874578
kmouflage-kmimic,5_Kmimic_2_scalarCovCls.dat,2457,2,2457.0,803.82,804.005,0.18499999999994543,0.00023015102883723398,0.18038200000000001,1.0256012240686179
kmouflage-kmimic,5_Kmimic_2_scalarCovCls.dat,2458,2,2458.0,804.712,804.897,0.18500000000005912,0.00022989591307207935,0.1804712,1.025094308676726
kmouflage-kmimic,5_Kmimic_2_scalarCovCls.dat,2459,2,2459.0,805.606,805.791,0.18500000000005912,0.00022964079214908917,0.18056060000000002,1.024586759237946
kmouflage-kmimic,5_Kmimic_2_scalarCovCls.dat,2460,2,2460.0,806.502,806.688,0.18600000000003547,0.00023062559051314872,0.1806502,1.0296141382629826
kmouflage-kmimic,5_Kmimic_2_scalarCovCls.dat,2461,2,2461.0,807.401,807.586,0.18500000000005912,0.000229130258694328,0.18074010000000001,1.0235692024075405
kmouflage-kmimic,5_Kmimic_2_scalarCovCls.dat,2462,2,2462.0,808.3,808.487,0.18700000000001182,0.00023134974638130872,0.18083,1.0341204446165562
kmouflage-kmimic,5_Kmimic_2_scalarCovCls.dat,2463,2,2463.0,809.204,809.391,0.18700000000001182,0.00023109129465500892,0.1809204,1.0336037284906059
kmouflage-kmimic,5_Kmimic_2_scalarCovCls.dat,2464,2,2464.0,810.109,810.296,0.18700000000001182,0.0002308331348003933,0.18101090000000003,1.0330869577468085
kmouflage-kmimic,5_Kmimic_2_scalarCovCls.dat,2465,2,2465.0,811.017,811.204,0.18699999999989814,0.0002305746981874586,0.18110170000000003,1.0325689930017117
kmouflage-kmimic,5_Kmimic_2_scalarCovCls.dat,2466,2,2466.0,811.927,812.115,0.18799999999998818,0.00023154791009535116,0.1811927,1.0375693943519146
kmouflage-kmimic,5_Kmimic_2_scalarCovCls.dat,2467,2,2467.0,812.841,813.028,0.18700000000001182,0.0002300572928777114,0.1812841,1.0315300679983066
kmouflage-kmimic,5_Kmimic_2_scalarCovCls.dat,2468,2,2468.0,813.756,813.944,0.18799999999998818,0.00023102748243943906,0.18137560000000003,1.0365231045410086
kmouflage-kmimic,5_Kmimic_2_scalarCovCls.dat,2469,2,2469.0,814.675,814.863,0.18800000000010186,0.00023076687022444763,0.1814675,1.0359981814931152
kmouflage-kmimic,5_Kmimic_2_scalarCovCls.dat,2470,2,2470.0,815.596,815.785,0.18899999999996453,0.00023173237730440626,0.18155960000000002,1.0409804824419338
kmouflage-kmimic,5_Kmimic_2_scalarCovCls.dat,2471,2,2471.0,816.521,816.709,0.18799999999998818,0.00023024514984916272,0.1816521,1.034945370848937
kmouflage-kmimic,5_Kmimic_2_scalarCovCls.dat,2472,2,2472.0,817.448,817.637,0.18899999999996453,0.0002312073673187341,0.1817448,1.0399197115954049
kmouflage-kmimic,5_Kmimic_2_scalarCovCls.dat,2473,2,2473.0,818.378,818.567,0.18899999999996453,0.00023094462461107767,0.1818378,1.0393878500507845
kmouflage-kmimic,5_Kmimic_2_scalarCovCls.dat,2474,2,2474.0,819.311,819.501,0.18999999999994088,0.00023190217145862912,0.1819311,1.0443514055592522
kmouflage-kmimic,5_Kmimic_2_scalarCovCls.dat,2475,2,2475.0,820.247,820.437,0.19000000000005457,0.00023163754332543074,0.1820247,1.043814383432878
kmouflage-kmimic,5_Kmimic_2_scalarCovCls.dat,2476,2,2476.0,821.186,821.377,0.19099999999991724,0.00023259042409383163,0.18211860000000002,1.0487671220837258
kmouflage-kmimic,5_Kmimic_2_scalarCovCls.dat,2477,2,2477.0,822.129,822.32,0.19100000000003092,0.00023232363777464475,0.1822129,1.048224357331621
kmouflage-kmimic,5_Kmimic_2_scalarCovCls.dat,2478,2,2478.0,823.075,823.266,0.19099999999991724,0.00023205661695461195,0.1823075,1.0476804300421936
kmouflage-kmimic,5_Kmimic_2_scalarCovCls.dat,2479,2,2479.0,824.025,824.216,0.19100000000003092,0.00023178908406908883,0.18240250000000002,1.0471347706310543
kmouflage-kmimic,5_Kmimic_2_scalarCovCls.dat,2480,2,2480.0,824.977,825.169,0.19200000000000728,0.00023273376106243843,0.1824977,1.0520680534604396
kmouflage-kmimic,5_Kmimic_2_scalarCovCls.dat,2481,2,2481.0,825.934,826.126,0.19200000000000728,0.0002324640951940558,0.18259340000000002,1.0515166484659755
kmouflage-kmimic,5_Kmimic_2_scalarCovCls.dat,2482,2,2482.0,826.894,827.086,0.19200000000000728,0.0002321942111080831,0.1826894,1.0509640953443784
kmouflage-kmimic,5_Kmimic_2_scalarCovCls.dat,2483,2,2483.0,827.857,828.05,0.19299999999998363,0.00023313205058359552,0.1827857,1.0558812861180258
kmouflage-kmimic,5_Kmimic_2_scalarCovCls.dat,2484,2,2484.0,828.824,829.017,0.19300000000009732,0.00023286005231520484,0.1828824,1.0553229835134343
kmouflage-kmimic,5_Kmimic_2_scalarCovCls.dat,2485,2,2485.0,829.795,829.989,0.19400000000007367,0.00023379268373522819,0.18297950000000002,1.060228058334806
kmouflage-kmimic,5_Kmimic_2_scalarCovCls.dat,2486,2,2486.0,830.771,830.964,0.19300000000009732,0.00023231432007147257,0.1830771,1.0542006619074549
kmouflage-kmimic,5_Kmimic_2_scalarCovCls.dat,2487,2,2487.0,831.749,831.943,0.19399999999995998,0.00023324344243270503,0.18317490000000003,1.0590970706137137
kmouflage-kmimic,5_Kmimic_2_scalarCovCls.dat,2488,2,2488.0,832.732,832.926,0.19400000000007367,0.0002329681097881115,0.18327320000000002,1.0585290156993692
kmouflage-kmimic,5_Kmimic_2_scalarCovCls.dat,2489,2,2489.0,833.718,833.912,0.19400000000007367,0.00023269258910095942,0.1833718,1.0579598389723701
kmouflage-kmimic,5_Kmimic_2_scalarCovCls.dat,2490,2,2490.0,834.708,834.903,0.19500000000005002,0.0002336146293075543,0.1834708,1.0628394273096866
kmouflage-kmimic,5_Kmimic_2_scalarCovCls.dat,2491,2,2491.0,835.703,835.898,0.19500000000005002,0.0002333364843730967,0.18357030000000002,1.0622633399850085
kmouflage-kmimic,5_Kmimic_2_scalarCovCls.dat,2492,2,2492.0,836.701,836.897,0.19600000000002638,0.00023425333542092858,0.1836701,1.067130687030858
kmouflage-kmimic,5_Kmimic_2_scalarCovCls.dat,2493,2,2493.0,837.704,837.899,0.19500000000005002,0.00023277912007111108,0.1837704,1.061106685298884
kmouflage-kmimic,5_Kmimic_2_scalarCovCls.dat,2494,2,2494.0,838.71,838.906,0.1959999999999127,0.00023369221781058134,0.183871,1.0659647252688715
kmouflage-kmimic,5_Kmimic_2_scalarCovCls.dat,2495,2,2495.0,839.721,839.917,0.19600000000002638,0.00023341085908298872,0.18397210000000003,1.06537893517564
kmouflage-kmimic,5_Kmimic_2_scalarCovCls.dat,2496,2,2496.0,840.736,840.933,0.19700000000000273,0.00023431850188406674,0.1840736,1.0702240842793465
kmouflage-kmimic,5_Kmimic_2_scalarCovCls.dat,2497,2,2497.0,841.756,841.953,0.19700000000000273,0.0002340345658361838,0.1841756,1.0696313735370089
kmouflage-kmimic,5_Kmimic_2_scalarCovCls.dat,2498,2,2498.0,842.779,842.977,0.19799999999997908,0.00023493703568786014,0.1842779,1.0744641652633282
kmouflage-kmimic,5_Kmimic_2_scalarCovCls.dat,2499,2,2499.0,843.807,844.005,0.19799999999997908,0.00023465081470049322,0.1843807,1.0738651062718554
kmouflage-kmimic,5_Kmimic_2_scalarCovCls.dat,2500,2,2500.0,844.84,845.038,0.19799999999997908,0.0002343639032242544,0.184484,1.0732638060752102
kmouflage-kmimic,5_Kmimic_2_scalarCovCls.dat,2501,2,2501.0,845.877,846.075,0.19800000000009277,0.00023407658560298104,0.18458770000000002,1.0726608544344653
kmouflage-kmimic,5_Kmimic_2_scalarCovCls.dat,2502,2,2502.0,846.918,847.117,0.19899999999995543,0.00023496961925470404,0.18469180000000002,1.0774706835926415
kmouflage-kmimic,5_Kmimic_2_scalarCovCls.dat,2503,2,2503.0,847.964,848.163,0.19899999999995543,0.00023467977414130247,0.18479640000000003,1.0768608046474684
kmouflage-kmimic,5_Kmimic_2_scalarCovCls.dat,2504,2,2504.0,849.014,849.213,0.19899999999995543,0.00023438953892392284,0.1849014,1.0762492874578313
kmouflage-kmimic,5_Kmimic_2_scalarCovCls.dat,2505,2,2505.0,850.069,850.268,0.19900000000006912,0.00023409864375723515,0.1850069,1.0756355573768823
kmouflage-kmimic,5_Kmimic_2_scalarCovCls.dat,2506,2,2506.0,851.128,851.328,0.1999999999999318,0.00023498228233583172,0.18511280000000002,1.0804223154743042
kmouflage-kmimic,5_Kmimic_2_scalarCovCls.dat,2507,2,2507.0,852.192,852.392,0.20000000000004547,0.00023468889639898693,0.18521920000000003,1.0798016620309636
kmouflage-kmimic,5_Kmimic_2_scalarCovCls.dat,2508,2,2508.0,853.26,853.461,0.20100000000002183,0.00023556711904931888,0.185326,1.0845752889504001
kmouflage-kmimic,5_Kmimic_2_scalarCovCls.dat,2509,2,2509.0,854.333,854.534,0.20100000000002183,0.000235271258396927,0.18543330000000002,1.0839477051857558
kmouflage-kmimic,5_Kmimic_2_scalarCovCls.dat,2510,2,2510.0,855.411,855.612,0.20100000000002183,0.0002349747665157706,0.18554110000000001,1.0833179279416896
kmouflage-kmimic,5_Kmimic_2_scalarCovCls.dat,2511,2,2511.0,856.493,856.694,0.20099999999990814,0.00023467792498001517,0.18564930000000002,1.0826865493158775
kmouflage-kmimic,5_Kmimic_2_scalarCovCls.dat,2512,2,2512.0,857.58,857.781,0.20099999999990814,0.00023438046596225206,0.18575800000000003,1.0820529936794545
kmouflage-kmimic,5_Kmimic_2_scalarCovCls.dat,2513,2,2513.0,858.671,858.873,0.20199999999999818,0.00023524726000994346,0.1858671,1.08679804010499
kmouflage-kmimic,5_Kmimic_2_scalarCovCls.dat,2514,2,2514.0,859.767,859.969,0.20199999999999818,0.00023494737527725323,0.1859767,1.0861575670500563
kmouflage-kmimic,5_Kmimic_2_scalarCovCls.dat,2515,2,2515.0,860.868,861.071,0.20299999999997453,0.00023580850955079585,0.1860868,1.0908887680371446
kmouflage-kmimic,5_Kmimic_2_scalarCovCls.dat,2516,2,2516.0,861.973,862.176,0.20300000000008822,0.00023550621655212892,0.1861973,1.0902413729956784
kmouflage-kmimic,5_Kmimic_2_scalarCovCls.dat,2517,2,2517.0,863.083,863.287,0.20400000000006457,0.00023636197213948668,0.1863083,1.0949592691257692
kmouflage-kmimic,5_Kmimic_2_scalarCovCls.dat,2518,2,2518.0,864.198,864.401,0.20299999999997453,0.0002348998724828969,0.18641980000000002,1.0889401233129448
kmouflage-kmimic,5_Kmimic_2_scalarCovCls.dat,2519,2,2519.0,865.317,865.521,0.2039999999999509,0.0002357517534036092,0.18653170000000002,1.0936478893397255
kmouflage-kmimic,5_Kmimic_2_scalarCovCls.dat,2520,2,2520.0,866.441,866.645,0.2039999999999509,0.00023544592188037142,0.1866441,1.0929892774534575
kmouflage-kmimic,5_Kmimic_2_scalarCovCls.dat,2521,2,2521.0,867.569,867.774,0.20500000000004093,0.00023629244475083935,0.1867569,1.097683673267445
kmouflage-kmimic,5_Kmimic_2_scalarCovCls.dat,2522,2,2522.0,868.703,868.908,0.20500000000004093,0.00023598398992525746,0.1868703,1.0970175570973073
kmouflage-kmimic,5_Kmimic_2_scalarCovCls.dat,2523,2,2523.0,869.84,870.046,0.20600000000001728,0.00023682516324843335,0.186984,1.101698541051733
kmouflage-kmimic,5_Kmimic_2_scalarCovCls.dat,2524,2,2524.0,870.983,871.189,0.20600000000001728,0.00023651437513707763,0.1870983,1.1010255037058985
kmouflage-kmimic,5_Kmimic_2_scalarCovCls.dat,2525,2,2525.0,872.13,872.336,0.20600000000001728,0.00023620331831265668,0.18721300000000002,1.100350937167917
kmouflage-kmimic,5_Kmimic_2_scalarCovCls.dat,2526,2,2526.0,873.282,873.488,0.20600000000001728,0.00023589172798708466,0.1873282,1.0996742615367963
kmouflage-kmimic,5_Kmimic_2_scalarCovCls.dat,2527,2,2527.0,874.438,874.645,0.20699999999999363,0.0002367234726761573,0.1874438,1.104331004813142
kmouflage-kmimic,5_Kmimic_2_scalarCovCls.dat,2528,2,2528.0,875.599,875.806,0.20699999999999363,0.00023640958932113172,0.1875599,1.1036474214370642
kmouflage-kmimic,5_Kmimic_2_scalarCovCls.dat,2529,2,2529.0,876.764,876.972,0.20799999999997,0.00023723601790216065,0.18767640000000002,1.1082906534863732
kmouflage-kmimic,5_Kmimic_2_scalarCovCls.dat,2530,2,2530.0,877.934,878.142,0.20800000000008367,0.000236919859579517,0.1877934,1.1076001606024688
kmouflage-kmimic,5_Kmimic_2_scalarCovCls.dat,2531,2,2531.0,879.109,879.317,0.20799999999997,0.00023660319710066668,0.18791090000000002,1.106907582263562
kmouflage-kmimic,5_Kmimic_2_scalarCovCls.dat,2532,2,2532.0,880.288,880.496,0.20799999999997,0.00023628630629972234,0.1880288,1.1062135162271418
kmouflage-kmimic,5_Kmimic_2_scalarCovCls.dat,2533,2,2533.0,881.472,881.68,0.20799999999997,0.00023596892470772752,0.18814720000000001,1.1055173821346795
kmouflage-kmimic,5_Kmimic_2_scalarCovCls.dat,2534,2,2534.0,882.66,882.869,0.20900000000006003,0.0002367842657422564,0.188266,1.110131409814093
kmouflage-kmimic,5_Kmimic_2_scalarCovCls.dat,2535,2,2535.0,883.852,884.062,0.21000000000003638,0.00023759633965871705,0.1883852,1.1147372511218312
kmouflage-kmimic,5_Kmimic_2_scalarCovCls.dat,2536,2,2536.0,885.049,885.259,0.21000000000003638,0.00023727499833346672,0.1885049,1.114029396583518
kmouflage-kmimic,5_Kmimic_2_scalarCovCls.dat,2537,2,2537.0,886.251,886.461,0.21000000000003638,0.00023695318820518837,0.1886251,1.1133194892940357
kmouflage-kmimic,5_Kmimic_2_scalarCovCls.dat,2538,2,2538.0,887.457,887.667,0.21000000000003638,0.00023663118325737065,0.18874570000000002,1.1126081282913272
kmouflage-kmimic,5_Kmimic_2_scalarCovCls.dat,2539,2,2539.0,888.667,888.878,0.21100000000001273,0.00023743426952954562,0.1888667,1.1171900605030571
kmouflage-kmimic,5_Kmimic_2_scalarCovCls.dat,2540,2,2540.0,889.881,890.093,0.21199999999998909,0.00023823410096404922,0.1889881,1.121763751262588
kmouflage-kmimic,5_Kmimic_2_scalarCovCls.dat,2541,2,2541.0,891.1,891.312,0.21199999999998909,0.00023790820334416909,0.18911,1.1210406641636566
kmouflage-kmimic,5_Kmimic_2_scalarCovCls.dat,2542,2,2542.0,892.323,892.535,0.21199999999998909,0.00023758213113411744,0.18923230000000002,1.1203161405319761
kmouflage-kmimic,5_Kmimic_2_scalarCovCls.dat,2543,2,2543.0,893.551,893.763,0.21199999999998909,0.0002372556239095352,0.1893551,1.1195895964776712
kmouflage-kmimic,5_Kmimic_2_scalarCovCls.dat,2544,2,2544.0,894.782,894.995,0.21299999999996544,0.00023804680916688693,0.1894782,1.124139874666138
kmouflage-kmimic,5_Kmimic_2_scalarCovCls.dat,2545,2,2545.0,896.018,896.231,0.21299999999996544,0.00023771843869204126,0.18960180000000001,1.1234070562619418
kmouflage-kmimic,5_Kmimic_2_scalarCovCls.dat,2546,2,2546.0,897.258,897.472,0.2139999999999418,0.00023850442124778135,0.1897258,1.12794359017035
kmouflage-kmimic,5_Kmimic_2_scalarCovCls.dat,2547,2,2547.0,898.502,898.716,0.21400000000005548,0.00023817420551101222,0.18985020000000002,1.1272045012333696
kmouflage-kmimic,5_Kmimic_2_scalarCovCls.dat,2548,2,2548.0,899.751,899.965,0.21400000000005548,0.00023784358116862942,0.1899751,1.1264634154689508
kmouflage-kmimic,5_Kmimic_2_scalarCovCls.dat,2549,2,2549.0,901.003,901.217,0.2139999999999418,0.00023751308264227954,0.1901003,1.1257215270041225
kmouflage-kmimic,5_Kmimic_2_scalarCovCls.dat,2550,2,2550.0,902.259,902.474,0.21500000000003183,0.00023829077903355004,0.1902259,1.130235157252676
kmouflage-kmimic,5_Kmimic_2_scalarCovCls.dat,2551,2,2551.0,903.519,903.734,0.21500000000003183,0.00023795847126627313,0.19035190000000002,1.1294870185169248
kmouflage-kmimic,5_Kmimic_2_scalarCovCls.dat,2552,2,2552.0,904.783,904.999,0.21600000000000819,0.0002387312758971026,0.19047830000000002,1.1339874410891329
kmouflage-kmimic,5_Kmimic_2_scalarCovCls.dat,2553,2,2553.0,906.051,906.267,0.21600000000000819,0.0002383971763178984,0.19060510000000003,1.133233056198434
kmouflage-kmimic,5_Kmimic_2_scalarCovCls.dat,2554,2,2554.0,907.323,907.539,0.21600000000000819,0.00023806296104034416,0.19073230000000002,1.1324772993352892
kmouflage-kmimic,5_Kmimic_2_scalarCovCls.dat,2555,2,2555.0,908.599,908.816,0.21699999999998454,0.00023882923049660469,0.19085990000000003,1.1369596232628463
kmouflage-kmimic,5_Kmimic_2_scalarCovCls.dat,2556,2,2556.0,909.879,910.096,0.21699999999998454,0.0002384932502013834,0.19098790000000002,1.1361976334625623
kmouflage-kmimic,5_Kmimic_2_scalarCovCls.dat,2557,2,2557.0,911.163,911.38,0.21699999999998454,0.00023815716836612607,0.19111630000000002,1.1354342879177994
kmouflage-kmimic,5_Kmimic_2_scalarCovCls.dat,2558,2,2558.0,912.45,912.667,0.21699999999998454,0.00023782125047946138,0.191245,1.1346701874558003
kmouflage-kmimic,5_Kmimic_2_scalarCovCls.dat,2559,2,2559.0,913.741,913.959,0.2179999999999609,0.0002385796412768617,0.1913741,1.1391301121727595
kmouflage-kmimic,5_Kmimic_2_scalarCovCls.dat,2560,2,2560.0,915.036,915.254,0.21800000000007458,0.000238241992664851,0.1915036,1.1383598010694034
kmouflage-kmimic,5_Kmimic_2_scalarCovCls.dat,2561,2,2561.0,916.335,916.553,0.2179999999999609,0.00023790425990490474,0.1916335,1.1375881565590613
kmouflage-kmimic,5_Kmimic_2_scalarCovCls.dat,2562,2,2562.0,917.638,917.856,0.2179999999999609,0.00023756644777130076,0.1917638,1.1368151861819638
kmouflage-kmimic,5_Kmimic_2_scalarCovCls.dat,2563,2,2563.0,918.944,919.163,0.21900000000005093,0.00023831702475890908,0.19189440000000002,1.1412526889792036
kmouflage-kmimic,5_Kmimic_2_scalarCovCls.dat,2564,2,2564.0,920.254,920.473,0.21899999999993724,0.00023797777570098825,0.1920254,1.1404741247769161
kmouflage-kmimic,5_Kmimic_2_scalarCovCls.dat,2565,2,2565.0,921.568,921.787,0.21900000000005093,0.00023763845966879376,0.19215680000000002,1.1396942496963465
kmouflage-kmimic,5_Kmimic_2_scalarCovCls.dat,2566,2,2566.0,922.885,923.105,0.22000000000002728,0.0002383828971107205,0.19228850000000003,1.1441141825955647
kmouflage-kmimic,5_Kmimic_2_scalarCovCls.dat,2567,2,2567.0,924.206,924.426,0.22000000000002728,0.00023804216808809647,0.1924206,1.1433287288368672
kmouflage-kmimic,5_Kmimic_2_scalarCovCls.dat,2568,2,2568.0,925.53,925.751,0.22100000000000364,0.00023878210322734395,0.192553,1.1477359480247187
kmouflage-kmimic,5_Kmimic_2_scalarCovCls.dat,2569,2,2569.0,926.858,927.079,0.22100000000000364,0.00023843997678177632,0.19268580000000002,1.146944922770664
kmouflage-kmimic,5_Kmimic_2_scalarCovCls.dat,2570,2,2570.0,928.19,928.411,0.22099999999988995,0.00023809780325137088,0.19281900000000002,1.1461526094414447
kmouflage-kmimic,5_Kmimic_2_scalarCovCls.dat,2571,2,2571.0,929.525,929.747,0.22199999999998,0.00023883166133237943,0.19295250000000003,1.1505422318963474
kmouflage-kmimic,5_Kmimic_2_scalarCovCls.dat,2572,2,2572.0,930.864,931.086,0.22199999999998,0.00023848811426801334,0.19308640000000002,1.1497443631450996
kmouflage-kmimic,5_Kmimic_2_scalarCovCls.dat,2573,2,2573.0,932.206,932.428,0.22199999999998,0.0002381447877400274,0.19322060000000002,1.1489458163362496
kmouflage-kmimic,5_Kmimic_2_scalarCovCls.dat,2574,2,2574.0,933.551,933.774,0.22299999999995634,0.00023887286286443518,0.1933551,1.1533184281146778
kmouflage-kmimic,5_Kmimic_2_scalarCovCls.dat,2575,2,2575.0,934.9,935.123,0.22300000000007003,0.00023852818483267732,0.19349,1.152514341826813
kmouflage-kmimic,5_Kmimic_2_scalarCovCls.dat,2576,2,2576.0,936.252,936.475,0.22300000000007003,0.00023818373685724573,0.1936252,1.1517095915204738
kmouflage-kmimic,5_Kmimic_2_scalarCovCls.dat,2577,2,2577.0,937.607,937.831,0.22400000000004638,0.00023890606618769526,0.1937607,1.1560651876260066
kmouflage-kmimic,5_Kmimic_2_scalarCovCls.dat,2578,2,2578.0,938.966,939.19,0.22400000000004638,0.00023856028865799867,0.19389660000000003,1.1552549142174042
kmouflage-kmimic,5_Kmimic_2_scalarCovCls.dat,2579,2,2579.0,940.328,940.552,0.22400000000004638,0.00023821475059771313,0.1940328,1.1544439909131157
kmouflage-kmimic,5_Kmimic_2_scalarCovCls.dat,2580,2,2580.0,941.693,941.918,0.22500000000002274,0.0002389313714767156,0.1941693,1.1587825675841792
kmouflage-kmimic,5_Kmimic_2_scalarCovCls.dat,2581,2,2581.0,943.061,943.286,0.22499999999990905,0.00023858477871517222,0.1943061,1.1579667339311994
kmouflage-kmimic,5_Kmimic_2_scalarCovCls.dat,2582,2,2582.0,944.432,944.658,0.2259999999999991,0.00023929727074050762,0.1944432,1.1622931529618885
kmouflage-kmimic,5_Kmimic_2_scalarCovCls.dat,2583,2,2583.0,945.807,946.032,0.22500000000002274,0.00023789208580611343,0.1945807,1.1563325653573182
kmouflage-kmimic,5_Kmimic_2_scalarCovCls.dat,2584,2,2584.0,947.184,947.41,0.2259999999999991,0.00023860200341221886,0.1947184,1.160650457275733
kmouflage-kmimic,5_Kmimic_2_scalarCovCls.dat,2585,2,2585.0,948.565,948.791,0.2259999999999991,0.00023825462672563195,0.19485650000000002,1.1598278733324219
kmouflage-kmimic,5_Kmimic_2_scalarCovCls.dat,2586,2,2586.0,949.948,950.174,0.2259999999999991,0.00023790775916155316,0.19499480000000002,1.1590052657814416
kmouflage-kmimic,5_Kmimic_2_scalarCovCls.dat,2587,2,2587.0,951.334,951.561,0.22700000000008913,0.00023861230650863854,0.1951334,1.1633067429773125
kmouflage-kmimic,5_Kmimic_2_scalarCovCls.dat,2588,2,2588.0,952.723,952.95,0.22700000000008913,0.00023826442733101765,0.1952723,1.1624792661329288
kmouflage-kmimic,5_Kmimic_2_scalarCovCls.dat,2589,2,2589.0,954.115,954.342,0.22699999999997544,0.00023791681296277226,0.19541150000000002,1.161651182248616
kmouflage-kmimic,5_Kmimic_2_scalarCovCls.dat,2590,2,2590.0,955.509,955.737,0.2279999999999518,0.0002386162767697131,0.19555090000000003,1.1659368481553998
kmouflage-kmimic,5_Kmimic_2_scalarCovCls.dat,2591,2,2591.0,956.906,957.135,0.22900000000004184,0.00023931295236945098,0.1956906,1.170214614294411
kmouflage-kmimic,5_Kmimic_2_scalarCovCls.dat,2592,2,2592.0,958.306,958.535,0.22899999999992815,0.0002389633373890262,0.19583060000000002,1.169378023658857
kmouflage-kmimic,5_Kmimic_2_scalarCovCls.dat,2593,2,2593.0,959.709,959.938,0.22900000000004184,0.00023861399653440975,0.1959709,1.1685408394819936
kmouflage-kmimic,5_Kmimic_2_scalarCovCls.dat,2594,2,2594.0,961.114,961.343,0.22899999999992815,0.00023826517978088775,0.19611140000000002,1.1677036623058534
kmouflage-kmimic,5_Kmimic_2_scalarCovCls.dat,2595,2,2595.0,962.521,962.751,0.2300000000000182,0.00023895582537941323,0.1962521,1.171961981553411
kmouflage-kmimic,5_Kmimic_2_scalarCovCls.dat,2596,2,2596.0,963.932,964.161,0.22899999999992815,0.0002375686251726555,0.19639320000000002,1.1660281516871671
kmouflage-kmimic,5_Kmimic_2_scalarCovCls.dat,2597,2,2597.0,965.344,965.574,0.2299999999999045,0.00023825703583375927,0.1965344,1.1702785873613195
kmouflage-kmimic,5_Kmimic_2_scalarCovCls.dat,2598,2,2598.0,966.759,966.989,0.2300000000000182,0.0002379083101372919,0.19667590000000001,1.169436621365496
kmouflage-kmimic,5_Kmimic_2_scalarCovCls.dat,2599,2,2599.0,968.176,968.407,0.23099999999999454,0.00023859298309397727,0.1968176,1.1736755249530253
kmouflage-kmimic,5_Kmimic_2_scalarCovCls.dat,2600,2,2600.0,969.595,969.827,0.2319999999999709,0.00023927516127864818,0.1969595,1.177907133192209
kmouflage-kmimic,5_Kmimic_2_scalarCovCls.dat,2601,2,2601.0,971.017,971.249,0.2319999999999709,0.0002389247562091816,0.19710170000000002,1.1770573262431063
kmouflage-kmimic,5_Kmimic_2_scalarCovCls.dat,2602,2,2602.0,972.441,972.673,0.2319999999999709,0.00023857488526293202,0.19724410000000003,1.1762075519621162
kmouflage-kmimic,5_Kmimic_2_scalarCovCls.dat,2603,2,2603.0,973.867,974.099,0.23200000000008458,0.00023822554825256897,0.19738670000000003,1.1753578128621864
kmouflage-kmimic,5_Kmimic_2_scalarCovCls.dat,2604,2,2604.0,975.295,975.528,0.23300000000006094,0.00023890207578226172,0.19752950000000002,1.179570646410085
kmouflage-kmimic,5_Kmimic_2_scalarCovCls.dat,2605,2,2605.0,976.726,976.958,0.2319999999999709,0.00023752823207324358,0.1976726,1.1736578564756617
kmouflage-kmimic,5_Kmimic_2_scalarCovCls.dat,2606,2,2606.0,978.158,978.391,0.23299999999994725,0.00023820282612824027,0.1978158,1.1778634467011595
kmouflage-kmimic,5_Kmimic_2_scalarCovCls.dat,2607,2,2607.0,979.592,979.826,0.2340000000000373,0.0002388749601875447,0.1979592,1.1820617581806618
kmouflage-kmimic,5_Kmimic_2_scalarCovCls.dat,2608,2,2608.0,981.028,981.262,0.2339999999999236,0.00023852530203003747,0.19810280000000002,1.1812049097737314
kmouflage-kmimic,5_Kmimic_2_scalarCovCls.dat,2609,2,2609.0,982.466,982.7,0.2340000000000373,0.0002381761811605056,0.1982466,1.180348111897189
kmouflage-kmimic,5_Kmimic_2_scalarCovCls.dat,2610,2,2610.0,983.906,984.141,0.23500000000001364,0.0002388439546054335,0.1983906,1.1845319284281293
kmouflage-kmimic,5_Kmimic_2_scalarCovCls.dat,2611,2,2611.0,985.348,985.583,0.23500000000001364,0.00023849442024545,0.1985348,1.1836715779803522
kmouflage-kmimic,5_Kmimic_2_scalarCovCls.dat,2612,2,2612.0,986.791,987.026,0.23499999999989996,0.00023814566610346055,0.1986791,1.1828118810680135
kmouflage-kmimic,5_Kmimic_2_scalarCovCls.dat,2613,2,2613.0,988.236,988.472,0.23599999999999,0.00023880935323140423,0.1988236,1.1869818271069934
kmouflage-kmimic,5_Kmimic_2_scalarCovCls.dat,2614,2,2614.0,989.683,989.919,0.23599999999999,0.00023846019381962709,0.19896830000000001,1.186118592760706
kmouflage-kmimic,5_Kmimic_2_scalarCovCls.dat,2615,2,2615.0,991.131,991.368,0.23700000000008004,0.00023912076203860038,0.1991131,1.1902782890732957
kmouflage-kmimic,5_Kmimic_2_scalarCovCls.dat,2616,2,2616.0,992.581,992.818,0.23699999999996635,0.00023877144535304056,0.1992581,1.1894121242748292
kmouflage-kmimic,5_Kmimic_2_scalarCovCls.dat,2617,2,2617.0,994.033,994.27,0.23699999999996635,0.00023842266806028205,0.1994033,1.1885460270715997
kmouflage-kmimic,5_Kmimic_2_scalarCovCls.dat,2618,2,2618.0,995.486,995.723,0.23699999999996635,0.00023807466905608553,0.19954860000000002,1.187680595102979
kmouflage-kmimic,5_Kmimic_2_scalarCovCls.dat,2619,2,2619.0,996.94,997.178,0.2379999999999427,0.0002387305153769963,0.199694,1.1918234899393205
kmouflage-kmimic,5_Kmimic_2_scalarCovCls.dat,2620,2,2620.0,998.396,998.634,0.2380000000000564,0.0002383823653140201,0.1998396,1.190955146027396
kmouflage-kmimic,5_Kmimic_2_scalarCovCls.dat,2621,2,2621.0,999.854,1000.09,0.23599999999999,0.00023603446103130055,0.1999854,1.180086146288629
kmouflage-kmimic,5_Kmimic_2_scalarCovCls.dat,2622,2,2622.0,1001.31,1001.55,0.2400000000000091,0.00023968601132517313,0.200131,1.1992145144930526
kmouflage-kmimic,5_Kmimic_2_scalarCovCls.dat,2623,2,2623.0,1002.77,1003.01,0.2400000000000091,0.00023933703640915575,0.200277,1.1983402986863647
kmouflage-kmimic,5_Kmimic_2_scalarCovCls.dat,2624,2,2624.0,1004.23,1004.47,0.2400000000000091,0.00023898907620765073,0.20042300000000002,1.1974673565409613
kmouflage-kmimic,5_Kmimic_2_scalarCovCls.dat,2625,2,2625.0,1005.7,1005.94,0.2400000000000091,0.00023863975340559718,0.20057000000000003,1.19658971930004
kmouflage-kmimic,5_Kmimic_2_scalarCovCls.dat,2626,2,2626.0,1007.16,1007.4,0.2400000000000091,0.0002382938162754767,0.200716,1.1957193248171998
kmouflage-kmimic,5_Kmimic_2_scalarCovCls.dat,2627,2,2627.0,1008.62,1008.86,0.2400000000000091,0.0002379488806488163,0.200862,1.1948501956567648
kmouflage-kmimic,5_Kmimic_2_scalarCovCls.dat,2628,2,2628.0,1010.09,1010.33,0.2400000000000091,0.00023760258986823857,0.201009,1.1939763891169506
kmouflage-kmimic,5_Kmimic_2_scalarCovCls.dat,2629,2,2629.0,1011.56,1011.8,0.2400000000000091,0.00023725730554787565,0.201156,1.1931038596910313
kmouflage-kmimic,5_Kmimic_2_scalarCovCls.dat,2630,2,2630.0,1013.02,1013.27,0.25,0.00024678683540305227,0.201302,1.2419151324875062
kmouflage-kmimic,5_Kmimic_2_scalarCovCls.dat,2631,2,2631.0,1014.49,1014.74,0.25,0.000246429240307938,0.20144900000000002,1.2410088905876921
kmouflage-kmimic,5_Kmimic_2_scalarCovCls.dat,2632,2,2632.0,1015.96,1016.21,0.25,0.0002460726800267727,0.201596,1.2401039703168715
kmouflage-kmimic,5_Kmimic_2_scalarCovCls.dat,2633,2,2633.0,1017.43,1017.68,0.25,0.0002457171500742066,0.201743,1.2392003687860298
kmouflage-kmimic,5_Kmimic_2_scalarCovCls.dat,2634,2,2634.0,1018.91,1019.15,0.2400000000000091,0.00023554582838524414,0.201891,1.1887602716317671
kmouflage-kmimic,5_Kmimic_2_scalarCovCls.dat,2635,2,2635.0,1020.38,1020.62,0.2400000000000091,0.0002352064916991798,0.202038,1.1878953464200255
kmouflage-kmimic,5_Kmimic_2_scalarCovCls.dat,2636,2,2636.0,1021.85,1022.09,0.2400000000000091,0.00023486813133043898,0.202185,1.1870316789079758
kmouflage-kmimic,5_Kmimic_2_scalarCovCls.dat,2637,2,2637.0,1023.33,1023.57,0.2400000000000091,0.00023452845123274904,0.202333,1.1861634038936262
kmouflage-kmimic,5_Kmimic_2_scalarCovCls.dat,2638,2,2638.0,1024.8,1025.04,0.2400000000000091,0.00023419203747073489,0.20248,1.185302252074324
kmouflage-kmimic,5_Kmimic_2_scalarCovCls.dat,2639,2,2639.0,1026.28,1026.52,0.2400000000000091,0.00023385430876564787,0.202628,1.1844365043331084
kmouflage-kmimic,5_Kmimic_2_scalarCovCls.dat,2640,2,2640.0,1027.75,1028.0,0.25,0.00024324981756263683,0.202775,1.2328936012822094
kmouflage-kmimic,5_Kmimic_2_scalarCovCls.dat,2641,2,2641.0,1029.23,1029.47,0.2400000000000091,0.00023318403078030088,0.20292300000000002,1.1827146257447854
kmouflage-kmimic,5_Kmimic_2_scalarCovCls.dat,2642,2,2642.0,1030.71,1030.95,0.2400000000000091,0.00023284920103618776,0.203071,1.1818526525205917
kmouflage-kmimic,5_Kmimic_2_scalarCovCls.dat,2643,2,2643.0,1032.18,1032.43,0.25,0.00024220581681489662,0.203218,1.2302059856902439
kmouflage-kmimic,5_Kmimic_2_scalarCovCls.dat,2644,2,2644.0,1033.66,1033.91,0.25,0.00024185902521138477,0.20336600000000002,1.2293107009037891
kmouflage-kmimic,5_Kmimic_2_scalarCovCls.dat,2645,2,2645.0,1035.14,1035.39,0.25,0.00024151322526421543,0.20351400000000003,1.2284167182601686
kmouflage-kmimic,5_Kmimic_2_scalarCovCls.dat,2646,2,2646.0,1036.62,1036.87,0.25,0.00024116841272597484,0.203662,1.2275240349206036
kmouflage-kmimic,5_Kmimic_2_scalarCovCls.dat,2647,2,2647.0,1038.1,1038.35,0.25,0.00024082458337347078,0.20381,1.2266326480545606
kmouflage-kmimic,5_Kmimic_2_scalarCovCls.dat,2648,2,2648.0,1039.58,1039.83,0.25,0.00024048173300756075,0.203958,1.2257425548397218
kmouflage-kmimic,5_Kmimic_2_scalarCovCls.dat,2649,2,2649.0,1041.06,1041.31,0.25,0.00024013985745298063,0.204106,1.224853752461956
kmouflage-kmimic,5_Kmimic_2_scalarCovCls.dat,2650,2,2650.0,1042.54,1042.79,0.25,0.00023979895255817524,0.204254,1.2239662381152878
kmouflage-kmimic,5_Kmimic_2_scalarCovCls.dat,2651,2,2651.0,1044.03,1044.27,0.2400000000000091,0.00022987845176863605,0.204403,1.1741510643190614
kmouflage-kmimic,5_Kmimic_2_scalarCovCls.dat,2652,2,2652.0,1045.51,1045.76,0.25,0.00023911775114537402,0.204551,1.2221890873180772
kmouflage-kmimic,5_Kmimic_2_scalarCovCls.dat,2653,2,2653.0,1046.99,1047.24,0.25,0.00023877974001661908,0.20469900000000002,1.2213054289468925
kmouflage-kmimic,5_Kmimic_2_scalarCovCls.dat,2654,2,2654.0,1048.47,1048.72,0.25,0.0002384426831478249,0.204847,1.2204230474451663
kmouflage-kmimic,5_Kmimic_2_scalarCovCls.dat,2655,2,2655.0,1049.95,1050.2,0.25,0.00023810657650364303,0.204995,1.2195419400473182
kmouflage-kmimic,5_Kmimic_2_scalarCovCls.dat,2656,2,2656.0,1051.44,1051.69,0.25,0.00023776915468310127,0.20514400000000002,1.2186561634754123
kmouflage-kmimic,5_Kmimic_2_scalarCovCls.dat,2657,2,2657.0,1052.92,1053.17,0.25,0.00023743494282566576,0.20529200000000003,1.2177776045827404
kmouflage-kmimic,5_Kmimic_2_scalarCovCls.dat,2658,2,2658.0,1054.4,1054.65,0.25,0.00023710166919575112,0.20544,1.2169003115264796
kmouflage-kmimic,5_Kmimic_2_scalarCovCls.dat,2659,2,2659.0,1055.89,1056.14,0.25,0.00023676708748070346,0.20558900000000002,1.216018366741411
kmouflage-kmimic,5_Kmimic_2_scalarCovCls.dat,2660,2,2660.0,1057.37,1057.62,0.25,0.00023643568476503025,0.205737,1.2151436056713183
kmouflage-kmimic,5_Kmimic_2_scalarCovCls.dat,2661,2,2661.0,1058.85,1059.1,0.25,0.00023610520848089912,0.20588499999999998,1.2142701022415427
kmouflage-kmimic,5_Kmimic_2_scalarCovCls.dat,2662,2,2662.0,1060.33,1060.59,0.2599999999999909,0.00024520668093894443,0.20603300000000002,1.261933767891507
kmouflage-kmimic,5_Kmimic_2_scalarCovCls.dat,2663,2,2663.0,1061.82,1062.07,0.25,0.00023544480232054398,0.206182,1.2125209766128955
kmouflage-kmimic,5_Kmimic_2_scalarCovCls.dat,2664,2,2664.0,1063.3,1063.55,0.25,0.00023511708830997838,0.20633,1.2116512383075655
kmouflage-kmimic,5_Kmimic_2_scalarCovCls.dat,2665,2,2665.0,1064.78,1065.03,0.25,0.00023479028531715472,0.206478,1.2107827468301708
kmouflage-kmimic,5_Kmimic_2_scalarCovCls.dat,2666,2,2666.0,1066.26,1066.52,0.2599999999999909,0.00024384296513044746,0.206626,1.2583121194815314
kmouflage-kmimic,5_Kmimic_2_scalarCovCls.dat,2667,2,2667.0,1067.74,1068.0,0.2599999999999909,0.00024350497312078867,0.206774,1.2574114733960309
kmouflage-kmimic,5_Kmimic_2_scalarCovCls.dat,2668,2,2668.0,1069.22,1069.48,0.2599999999999909,0.0002431679167991535,0.206922,1.2565121156763945
kmouflage-kmimic,5_Kmimic_2_scalarCovCls.dat,2669,2,2669.0,1070.71,1070.96,0.25,0.00023348992724453867,0.207071,1.2073153652611905
kmouflage-kmimic,5_Kmimic_2_scalarCovCls.dat,2670,2,2670.0,1072.19,1072.44,0.25,0.00023316762887174846,0.20721900000000001,1.2064530762140537
kmouflage-kmimic,5_Kmimic_2_scalarCovCls.dat,2671,2,2671.0,1073.67,1073.92,0.25,0.00023284621904309517,0.20736700000000002,1.205592018016367
kmouflage-kmimic,5_Kmimic_2_scalarCovCls.dat,2672,2,2672.0,1075.15,1075.4,0.25,0.00023252569408919684,0.207515,1.2047321880345998
kmouflage-kmimic,5_Kmimic_2_scalarCovCls.dat,2673,2,2673.0,1076.63,1076.88,0.25,0.0002322060503608482,0.20766300000000004,1.2038735836427286
kmouflage-kmimic,5_Kmimic_2_scalarCovCls.dat,2674,2,2674.0,1078.1,1078.36,0.2599999999999909,0.00024116501252202107,0.20781,1.2511428708916361
kmouflage-kmimic,5_Kmimic_2_scalarCovCls.dat,2675,2,2675.0,1079.58,1079.84,0.2599999999999909,0.00024083439856239548,0.207958,1.2502524548225646
kmouflage-kmimic,5_Kmimic_2_scalarCovCls.dat,2676,2,2676.0,1081.06,1081.32,0.2599999999999909,0.00024050468984144352,0.208106,1.2493633052386326
kmouflage-kmimic,5_Kmimic_2_scalarCovCls.dat,2677,2,2677.0,1082.54,1082.8,0.2599999999999909,0.00024017588264636032,0.208254,1.248475419439679
kmouflage-kmimic,5_Kmimic_2_scalarCovCls.dat,2678,2,2678.0,1084.02,1084.28,0.2599999999999909,0.00023984797328461735,0.208402,1.2475887947332123
kmouflage-kmimic,5_Kmimic_2_scalarCovCls.dat,2679,2,2679.0,1085.49,1085.75,0.2599999999999909,0.00023952316465374247,0.208549,1.2467094064224278
kmouflage-kmimic,5_Kmimic_2_scalarCovCls.dat,2680,2,2680.0,1086.97,1087.23,0.2599999999999909,0.00023919703395677058,0.20869700000000002,1.2458252873783087
kmouflage-kmimic,5_Kmimic_2_scalarCovCls.dat,2681,2,2681.0,1088.44,1088.7,0.2599999999999909,0.00023887398478555629,0.20884400000000003,1.2449483825247116
kmouflage-kmimic,5_Kmimic_2_scalarCovCls.dat,2682,2,2682.0,1089.92,1090.18,0.2599999999999909,0.00023854961832060233,0.208992,1.2440667585361684
kmouflage-kmimic,5_Kmimic_2_scalarCovCls.dat,2683,2,2683.0,1091.39,1091.66,0.2699999999999818,0.0002473909418264615,0.20913900000000002,1.2910074161202922
kmouflage-kmimic,5_Kmimic_2_scalarCovCls.dat,2684,2,2684.0,1092.87,1093.13,0.2600000000002183,0.00023790569784166307,0.209287,1.2423131871555246
kmouflage-kmimic,5_Kmimic_2_scalarCovCls.dat,2685,2,2685.0,1094.34,1094.6,0.2599999999999909,0.00023758612497029344,0.209434,1.2414412177582956
kmouflage-kmimic,5_Kmimic_2_scalarCovCls.dat,2686,2,2686.0,1095.81,1096.08,0.2699999999999818,0.0002463930790921618,0.20958100000000002,1.288284720465986
kmouflage-kmimic,5_Kmimic_2_scalarCovCls.dat,2687,2,2687.0,1097.29,1097.55,0.2599999999999909,0.00023694738856636888,0.209729,1.2396950350213414
kmouflage-kmimic,5_Kmimic_2_scalarCovCls.dat,2688,2,2688.0,1098.76,1099.02,0.2599999999999909,0.00023663038334121274,0.209876,1.2388267357868021
kmouflage-kmimic,5_Kmimic_2_scalarCovCls.dat,2689,2,2689.0,1100.23,1100.49,0.2599999999999909,0.00023631422520744834,0.21002300000000002,1.2379596520380667
kmouflage-kmimic,5_Kmimic_2_scalarCovCls.dat,2690,2,2690.0,1101.7,1101.96,0.2599999999999909,0.0002359989107742497,0.21017000000000002,1.2370937812246794
kmouflage-kmimic,5_Kmimic_2_scalarCovCls.dat,2691,2,2691.0,1103.17,1103.43,0.2599999999999909,0.00023568443666886418,0.21031700000000003,1.2362291208033154
kmouflage-kmimic,5_Kmimic_2_scalarCovCls.dat,2692,2,2692.0,1104.63,1104.9,0.2699999999999818,0.0002444257353140706,0.210463,1.2828858279126583
kmouflage-kmimic,5_Kmimic_2_scalarCovCls.dat,2693,2,2693.0,1106.1,1106.37,0.2699999999999818,0.0002441008950365987,0.21061000000000002,1.2819904088124106
kmouflage-kmimic,5_Kmimic_2_scalarCovCls.dat,2694,2,2694.0,1107.57,1107.84,0.2699999999999818,0.00024377691703457284,0.210757,1.2810962387962526
kmouflage-kmimic,5_Kmimic_2_scalarCovCls.dat,2695,2,2695.0,1109.04,1109.3,0.2599999999999909,0.00023443699055037773,0.210904,1.2327883776504518
kmouflage-kmimic,5_Kmimic_2_scalarCovCls.dat,2696,2,2696.0,1110.5,1110.77,0.2699999999999818,0.000243133723547935,0.21105000000000002,1.2793176972280587
kmouflage-kmimic,5_Kmimic_2_scalarCovCls.dat,2697,2,2697.0,1111.97,1112.23,0.2599999999999909,0.00023381925771377905,0.21119700000000002,1.2310780929652925
kmouflage-kmimic,5_Kmimic_2_scalarCovCls.dat,2698,2,2698.0,1113.43,1113.7,0.2699999999999818,0.0002424939151989634,0.211343,1.2775440871000308
kmouflage-kmimic,5_Kmimic_2_scalarCovCls.dat,2699,2,2699.0,1114.9,1115.16,0.2599999999999909,0.00023320477172839797,0.21149,1.2293725471653076
kmouflage-kmimic,5_Kmimic_2_scalarCovCls.dat,2700,2,2700.0,1116.36,1116.63,0.2700000000002092,0.0002418574653339507,0.211636,1.2757753879312084
kmouflage-kmimic,5_Kmimic_2_scalarCovCls.dat,2701,2,2701.0,1117.82,1118.09,0.2699999999999818,0.00024154157198831818,0.211782,1.2748958835027613
kmouflage-kmimic,5_Kmimic_2_scalarCovCls.dat,2702,2,2702.0,1119.28,1119.55,0.2699999999999818,0.00024122650275175276,0.211928,1.2740175908798357
kmouflage-kmimic,5_Kmimic_2_scalarCovCls.dat,2703,2,2703.0,1120.74,1121.01,0.2699999999999818,0.00024091225440332442,0.212074,1.2731405075585964
kmouflage-kmimic,5_Kmimic_2_scalarCovCls.dat,2704,2,2704.0,1122.2,1122.47,0.2699999999999818,0.00024059882373906772,0.21222000000000002,1.2722646310431711
kmouflage-kmimic,5_Kmimic_2_scalarCovCls.dat,2705,2,2705.0,1123.66,1123.93,0.2699999999999818,0.00024028620757166917,0.212366,1.2713899588445505
kmouflage-kmimic,5_Kmimic_2_scalarCovCls.dat,2706,2,2706.0,1125.12,1125.39,0.2700000000002092,0.00023997440273056136,0.212512,1.270516488481635
kmouflage-kmimic,5_Kmimic_2_scalarCovCls.dat,2707,2,2707.0,1126.58,1126.85,0.2699999999999818,0.0002396634060608051,0.212658,1.2696442174758618
kmouflage-kmimic,5_Kmimic_2_scalarCovCls.dat,2708,2,2708.0,1128.04,1128.31,0.2699999999999818,0.00023935321442500427,0.212804,1.2687731433618814
kmouflage-kmimic,5_Kmimic_2_scalarCovCls.dat,2709,2,2709.0,1129.5,1129.77,0.2699999999999818,0.00023904382470117913,0.21295000000000003,1.267903263676834
kmouflage-kmimic,5_Kmimic_2_scalarCovCls.dat,2710,2,2710.0,1130.95,1131.23,0.2799999999999727,0.0002475794685883308,0.21309500000000003,1.313967948567412
kmouflage-kmimic,5_Kmimic_2_scalarCovCls.dat,2711,2,2711.0,1132.41,1132.68,0.2699999999999818,0.0002384295440697113,0.213241,1.2661730155081894
kmouflage-kmimic,5_Kmimic_2_scalarCovCls.dat,2712,2,2712.0,1133.87,1134.14,0.2700000000002092,0.00023812253609338744,0.213387,1.2653066962851964
kmouflage-kmimic,5_Kmimic_2_scalarCovCls.dat,2713,2,2713.0,1135.32,1135.6,0.2799999999999727,0.00024662650177921004,0.213532,1.3112788715507404
kmouflage-kmimic,5_Kmimic_2_scalarCovCls.dat,2714,2,2714.0,1136.78,1137.05,0.2699999999999818,0.0002375129752458539,0.213678,1.2635835228707766
kmouflage-kmimic,5_Kmimic_2_scalarCovCls.dat,2715,2,2715.0,1138.23,1138.51,0.2799999999999727,0.0002459959762086509,0.213823,1.3094943013612788
kmouflage-kmimic,5_Kmimic_2_scalarCovCls.dat,2716,2,2716.0,1139.69,1139.96,0.2699999999999818,0.00023690652721352454,0.21396900000000002,1.2618650365238973
kmouflage-kmimic,5_Kmimic_2_scalarCovCls.dat,2717,2,2717.0,1141.14,1141.42,0.2799999999999727,0.00024536866642127405,0.21411400000000003,1.307714581951543
kmouflage-kmimic,5_Kmimic_2_scalarCovCls.dat,2718,2,2718.0,1142.6,1142.87,0.2699999999999818,0.000236303168212832,0.21426,1.2601512181460925
kmouflage-kmimic,5_Kmimic_2_scalarCovCls.dat,2719,2,2719.0,1144.05,1144.33,0.2799999999999727,0.00024474454787812836,0.214405,1.3059396935704517
kmouflage-kmimic,5_Kmimic_2_scalarCovCls.dat,2720,2,2720.0,1145.51,1145.78,0.2699999999999818,0.00023570287470208188,0.214551,1.2584420487435706
kmouflage-kmimic,5_Kmimic_2_scalarCovCls.dat,2721,2,2721.0,1146.96,1147.24,0.2799999999999727,0.00024412359628929754,0.214696,1.3041696165740058
kmouflage-kmimic,5_Kmimic_2_scalarCovCls.dat,2722,2,2722.0,1148.41,1148.69,0.2799999999999727,0.00024381536210932742,0.214841,1.3032894093770402
kmouflage-kmimic,5_Kmimic_2_scalarCovCls.dat,2723,2,2723.0,1149.87,1150.14,0.2700000000002092,0.000234809152339142,0.21498699999999998,1.2558898910176393
kmouflage-kmimic,5_Kmimic_2_scalarCovCls.dat,2724,2,2724.0,1151.32,1151.6,0.2799999999999727,0.00024319911058608617,0.215132,1.3015265046574789
kmouflage-kmimic,5_Kmimic_2_scalarCovCls.dat,2725,2,2725.0,1152.78,1153.05,0.2699999999999818,0.000234216415968339,0.21527800000000002,1.2541922537369437
kmouflage-kmimic,5_Kmimic_2_scalarCovCls.dat,2726,2,2726.0,1154.23,1154.51,0.2799999999999727,0.00024258596640182,0.21542300000000003,1.299768362709519
kmouflage-kmimic,5_Kmimic_2_scalarCovCls.dat,2727,2,2727.0,1155.68,1155.96,0.2799999999999727,0.0002422816004430056,0.21556800000000004,1.2988940844651
kmouflage-kmimic,5_Kmimic_2_scalarCovCls.dat,2728,2,2728.0,1157.14,1157.42,0.2799999999999727,0.00024197590611332482,0.21571400000000002,1.2980149642581043
kmouflage-kmimic,5_Kmimic_2_scalarCovCls.dat,2729,2,2729.0,1158.59,1158.87,0.2799999999999727,0.00024167306812588812,0.21585900000000002,1.2971430424488795
kmouflage-kmimic,5_Kmimic_2_scalarCovCls.dat,2730,2,2730.0,1160.05,1160.33,0.2799999999999727,0.00024136890651262682,0.216005,1.2962662901320465
kmouflage-kmimic,5_Kmimic_2_scalarCovCls.dat,2731,2,2731.0,1161.51,1161.79,0.2799999999999727,0.00024106550955219734,0.216151,1.2953907222264653
kmouflage-kmimic,5_Kmimic_2_scalarCovCls.dat,2732,2,2732.0,1162.96,1163.24,0.2799999999999727,0.00024076494462403926,0.21629600000000002,1.2945223212633274
kmouflage-kmimic,5_Kmimic_2_scalarCovCls.dat,2733,2,2733.0,1164.42,1164.7,0.2799999999999727,0.0002404630631558825,0.21644200000000002,1.2936491069199725
kmouflage-kmimic,5_Kmimic_2_scalarCovCls.dat,2734,2,2734.0,1165.87,1166.16,0.290000000000191,0.00024874128333364016,0.216587,1.3389538614976475
kmouflage-kmimic,5_Kmimic_2_scalarCovCls.dat,2735,2,2735.0,1167.33,1167.61,0.2799999999999727,0.00023986362039866424,0.216733,1.291912168428309
kmouflage-kmimic,5_Kmimic_2_scalarCovCls.dat,2736,2,2736.0,1168.79,1169.07,0.2799999999999727,0.00023956399353174883,0.216879,1.291042470686294
kmouflage-kmimic,5_Kmimic_2_scalarCovCls.dat,2737,2,2737.0,1170.25,1170.53,0.2799999999999727,0.00023926511429179468,0.21702500000000002,1.2901739430939878
kmouflage-kmimic,5_Kmimic_2_scalarCovCls.dat,2738,2,2738.0,1171.71,1171.99,0.2799999999999727,0.00023896697988407773,0.217171,1.289306583291382
kmouflage-kmimic,5_Kmimic_2_scalarCovCls.dat,2739,2,2739.0,1173.17,1173.45,0.2799999999999727,0.000238669587527786,0.21731700000000004,1.2884403889248088
kmouflage-kmimic,5_Kmimic_2_scalarCovCls.dat,2740,2,2740.0,1174.63,1174.91,0.2799999999999727,0.00023837293445593308,0.21746300000000002,1.2875753576469224
kmouflage-kmimic,5_Kmimic_2_scalarCovCls.dat,2741,2,2741.0,1176.09,1176.38,0.290000000000191,0.00024657976855529,0.217609,1.3326654688004218
kmouflage-kmimic,5_Kmimic_2_scalarCovCls.dat,2742,2,2742.0,1177.55,1177.84,0.2899999999999636,0.0002462740435649982,0.217755,1.3317719455349526
kmouflage-kmimic,5_Kmimic_2_scalarCovCls.dat,2743,2,2743.0,1179.02,1179.3,0.2799999999999727,0.00023748536920490976,0.217902,1.2849813218785173
kmouflage-kmimic,5_Kmimic_2_scalarCovCls.dat,2744,2,2744.0,1180.48,1180.77,0.2899999999999636,0.00024566278124149804,0.21804800000000002,1.3299823891985416
kmouflage-kmimic,5_Kmimic_2_scalarCovCls.dat,2745,2,2745.0,1181.95,1182.23,0.2799999999999727,0.00023689665383474148,0.21819500000000003,1.2832558032950925
kmouflage-kmimic,5_Kmimic_2_scalarCovCls.dat,2746,2,2746.0,1183.42,1183.7,0.2799999999999727,0.00023660238968411273,0.21834200000000004,1.282391843987747
kmouflage-kmimic,5_Kmimic_2_scalarCovCls.dat,2747,2,2747.0,1184.88,1185.17,0.2899999999999636,0.00024475052325970863,0.21848800000000002,1.3273040166964025
kmouflage-kmimic,5_Kmimic_2_scalarCovCls.dat,2748,2,2748.0,1186.35,1186.64,0.290000000000191,0.0002444472541831593,0.218635,1.3264115992416172
kmouflage-kmimic,5_Kmimic_2_scalarCovCls.dat,2749,2,2749.0,1187.82,1188.11,0.2899999999999636,0.0002441447357343399,0.218782,1.3255203810183818
kmouflage-kmimic,5_Kmimic_2_scalarCovCls.dat,2750,2,2750.0,1189.29,1189.58,0.2899999999999636,0.0002438429651304254,0.218929,1.324630359614138
kmouflage-kmimic,5_Kmimic_2_scalarCovCls.dat,2751,2,2751.0,1190.77,1191.06,0.2899999999999636,0.00024353989435404286,0.21907700000000002,1.3237354902612488
kmouflage-kmimic,5_Kmimic_2_scalarCovCls.dat,2752,2,2752.0,1192.24,1192.53,0.2899999999999636,0.0002432396161846303,0.21922400000000003,1.3228478633724574
kmouflage-kmimic,5_Kmimic_2_scalarCovCls.dat,2753,2,2753.0,1193.72,1194.01,0.2899999999999636,0.00024293804242197804,0.219372,1.3219553999597196
kmouflage-kmimic,5_Kmimic_2_scalarCovCls.dat,2754,2,2754.0,1195.19,1195.48,0.2899999999999636,0.00024263924564292173,0.21951900000000002,1.3210701579360493
kmouflage-kmimic,5_Kmimic_2_scalarCovCls.dat,2755,2,2755.0,1196.67,1196.96,0.2899999999999636,0.00024233915782961353,0.219667,1.3201800907735965
kmouflage-kmimic,5_Kmimic_2_scalarCovCls.dat,2756,2,2756.0,1198.15,1198.44,0.2899999999999636,0.00024203981137584075,0.21981500000000004,1.3192912221639268
kmouflage-kmimic,5_Kmimic_2_scalarCovCls.dat,2757,2,2757.0,1199.63,1199.92,0.2899999999999636,0.00024174120353772713,0.21996300000000002,1.3184035496877367
kmouflage-kmimic,5_Kmimic_2_scalarCovCls.dat,2758,2,2758.0,1201.12,1201.41,0.290000000000191,0.00024144132143348793,0.220112,1.3175110852665506
kmouflage-kmimic,5_Kmimic_2_scalarCovCls.dat,2759,2,2759.0,1202.6,1202.89,0.290000000000191,0.00024114418759370616,0.22026,1.316625805866662
kmouflage-kmimic,5_Kmimic_2_scalarCovCls.dat,2760,2,2760.0,1204.08,1204.38,0.3000000000001819,0.0002491528802074463,0.220408,1.361112119343136
kmouflage-kmimic,5_Kmimic_2_scalarCovCls.dat,2761,2,2761.0,1205.57,1205.86,0.2899999999999636,0.0002405501132244197,0.220557,1.3148528498300376
kmouflage-kmimic,5_Kmimic_2_scalarCovCls.dat,2762,2,2762.0,1207.06,1207.35,0.2899999999999636,0.00024025317714112277,0.220706,1.3139651844533615
kmouflage-kmimic,5_Kmimic_2_scalarCovCls.dat,2763,2,2763.0,1208.55,1208.84,0.2899999999999636,0.00023995697323235583,0.22085500000000002,1.3130787168049787
kmouflage-kmimic,5_Kmimic_2_scalarCovCls.dat,2764,2,2764.0,1210.04,1210.33,0.2899999999999636,0.00023966149879339825,0.221004,1.312193444462379
kmouflage-kmimic,5_Kmimic_2_scalarCovCls.dat,2765,2,2765.0,1211.53,1211.82,0.2899999999999636,0.00023936675113283502,0.221153,1.31130936500958
kmouflage-kmimic,5_Kmimic_2_scalarCovCls.dat,2766,2,2766.0,1213.02,1213.32,0.2999999999999545,0.0002473166147301401,0.221302,1.355613595900419
kmouflage-kmimic,5_Kmimic_2_scalarCovCls.dat,2767,2,2767.0,1214.52,1214.81,0.2899999999999636,0.00023877745940780194,0.221452,1.3095388616944692
kmouflage-kmimic,5_Kmimic_2_scalarCovCls.dat,2768,2,2768.0,1216.01,1216.31,0.2999999999999545,0.0002467084974629769,0.221601,1.3537845045823553
kmouflage-kmimic,5_Kmimic_2_scalarCovCls.dat,2769,2,2769.0,1217.51,1217.81,0.2999999999999545,0.00024640454698520304,0.221751,1.3528687582015617
kmouflage-kmimic,5_Kmimic_2_scalarCovCls.dat,2770,2,2770.0,1219.01,1219.3,0.2899999999999636,0.0002378979663825265,0.22190100000000001,1.3068891082057477
kmouflage-kmimic,5_Kmimic_2_scalarCovCls.dat,2771,2,2771.0,1220.51,1220.8,0.2899999999999636,0.0002376055911053278,0.222051,1.3060062778369097
kmouflage-kmimic,5_Kmimic_2_scalarCovCls.dat,2772,2,2772.0,1222.01,1222.3,0.2899999999999636,0.00023731393360116825,0.222201,1.3051246394028992
kmouflage-kmimic,5_Kmimic_2_scalarCovCls.dat,2773,2,2773.0,1223.51,1223.81,0.2999999999999545,0.00024519619782425523,0.22235100000000002,1.3492181280945645
kmouflage-kmimic,5_Kmimic_2_scalarCovCls.dat,2774,2,2774.0,1225.01,1225.31,0.2999999999999545,0.0002448959600329422,0.222501,1.3483085469276745
kmouflage-kmimic,5_Kmimic_2_scalarCovCls.dat,2775,2,2775.0,1226.52,1226.82,0.2999999999999545,0.0002445944623813346,0.22265200000000002,1.3473941397335505
kmouflage-kmimic,5_Kmimic_2_scalarCovCls.dat,2776,2,2776.0,1228.02,1228.32,0.2999999999999545,0.00024429569550980806,0.222802,1.3464870153766777
kmouflage-kmimic,5_Kmimic_2_scalarCovCls.dat,2777,2,2777.0,1229.53,1229.83,0.2999999999999545,0.00024399567314335927,0.222953,1.3455750763611816
kmouflage-kmimic,5_Kmimic_2_scalarCovCls.dat,2778,2,2778.0,1231.04,1231.34,0.2999999999999545,0.0002436963867948682,0.22310400000000002,1.3446643717726015
kmouflage-kmimic,5_Kmimic_2_scalarCovCls.dat,2779,2,2779.0,1232.55,1232.85,0.2999999999999545,0.00024339783375924265,0.223255,1.3437548991061992
kmouflage-kmimic,5_Kmimic_2_scalarCovCls.dat,2780,2,2780.0,1234.06,1234.36,0.2999999999999545,0.00024310001134463037,0.223406,1.3428466558640078
kmouflage-kmimic,5_Kmimic_2_scalarCovCls.dat,2781,2,2781.0,1235.57,1235.87,0.2999999999999545,0.0002428029168723379,0.223557,1.3419396395548093
kmouflage-kmimic,5_Kmimic_2_scalarCovCls.dat,2782,2,2782.0,1237.08,1237.39,0.3100000000001728,0.0002505900992661532,0.22370800000000002,1.3857349759515654
kmouflage-kmimic,5_Kmimic_2_scalarCovCls.dat,2783,2,2783.0,1238.6,1238.9,0.3000000000001819,0.00024220894558387042,0.22386,1.340123291343616
kmouflage-kmimic,5_Kmimic_2_scalarCovCls.dat,2784,2,2784.0,1240.12,1240.42,0.3000000000001819,0.0002419120730253378,0.224012,1.3392139706809543
kmouflage-kmimic,5_Kmimic_2_scalarCovCls.dat,2785,2,2785.0,1241.63,1241.94,0.30999999999994543,0.0002496718023887514,0.22416300000000003,1.3829222485421118
kmouflage-kmimic,5_Kmimic_2_scalarCovCls.dat,2786,2,2786.0,1243.15,1243.45,0.2999999999999545,0.0002413224470095761,0.22431500000000001,1.3374049885204045
kmouflage-kmimic,5_Kmimic_2_scalarCovCls.dat,2787,2,2787.0,1244.67,1244.97,0.2999999999999545,0.00024102774229310138,0.22446700000000003,1.3364993517976116
kmouflage-kmimic,5_Kmimic_2_scalarCovCls.dat,2788,2,2788.0,1246.19,1246.5,0.30999999999994543,0.0002487582150393964,0.224619,1.3801147721250002
kmouflage-kmimic,5_Kmimic_2_scalarCovCls.dat,2789,2,2789.0,1247.71,1248.02,0.30999999999994543,0.0002484551698711603,0.224771,1.3791814780374045
kmouflage-kmimic,5_Kmimic_2_scalarCovCls.dat,2790,2,2790.0,1249.24,1249.54,0.2999999999999545,0.0002401460087732978,0.224924,1.3337838558800061
kmouflage-kmimic,5_Kmimic_2_scalarCovCls.dat,2791,2,2791.0,1250.76,1251.07,0.30999999999994543,0.00024784930762092284,0.225076,1.3773125522043463
kmouflage-kmimic,5_Kmimic_2_scalarCovCls.dat,2792,2,2792.0,1252.29,1252.59,0.2999999999999545,0.0002395611240207576,0.225229,1.3319776760539475
kmouflage-kmimic,5_Kmimic_2_scalarCovCls.dat,2793,2,2793.0,1253.82,1254.12,0.2999999999999545,0.00023926879456377673,0.225382,1.3310734663813193
kmouflage-kmimic,5_Kmimic_2_scalarCovCls.dat,2794,2,2794.0,1255.34,1255.65,0.3100000000001728,0.0002469450507433626,0.225534,1.3745155941018772
kmouflage-kmimic,5_Kmimic_2_scalarCovCls.dat,2795,2,2795.0,1256.87,1257.18,0.3100000000001728,0.0002466444421461033,0.225687,1.3735837686715353
kmouflage-kmimic,5_Kmimic_2_scalarCovCls.dat,2796,2,2796.0,1258.4,1258.71,0.30999999999994543,0.0002463445645263393,0.22584,1.372653205809181
kmouflage-kmimic,5_Kmimic_2_scalarCovCls.dat,2797,2,2797.0,1259.94,1260.24,0.2999999999999545,0.00023810657650360692,0.22599400000000003,1.327468870854777
kmouflage-kmimic,5_Kmimic_2_scalarCovCls.dat,2798,2,2798.0,1261.47,1261.78,0.30999999999994543,0.0002457450434809749,0.22614700000000001,1.3707897960173931
kmouflage-kmimic,5_Kmimic_2_scalarCovCls.dat,2799,2,2799.0,1263.0,1263.31,0.30999999999994543,0.0002454473475850716,0.2263,1.369863013698389
kmouflage-kmimic,5_Kmimic_2_scalarCovCls.dat,2800,2,2800.0,1264.54,1264.85,0.30999999999994543,0.00024514843342238716,0.22645400000000002,1.3689314386142237
kmouflage-kmimic,5_Kmimic_2_scalarCovCls.dat,2801,2,2801.0,1266.08,1266.39,0.3100000000001728,0.0002448502464300619,0.226608,1.3680011297049213
kmouflage-kmimic,5_Kmimic_2_scalarCovCls.dat,2802,2,2802.0,1267.61,1267.92,0.3100000000001728,0.00024455471320056866,0.226761,1.3670781130801717
kmouflage-kmimic,5_Kmimic_2_scalarCovCls.dat,2803,2,2803.0,1269.15,1269.46,0.30999999999994543,0.0002442579679312496,0.22691500000000003,1.366150320604391
kmouflage-kmimic,5_Kmimic_2_scalarCovCls.dat,2804,2,2804.0,1270.69,1271.0,0.30999999999994543,0.00024396194193701485,0.22706900000000002,1.3652237866020698
kmouflage-kmimic,5_Kmimic_2_scalarCovCls.dat,2805,2,2805.0,1272.23,1272.54,0.30999999999994543,0.00024366663260569663,0.227223,1.3642985085134225
kmouflage-kmimic,5_Kmimic_2_scalarCovCls.dat,2806,2,2806.0,1273.77,1274.09,0.31999999999993634,0.00025122274821980133,0.22737700000000002,1.4073543058441984
kmouflage-kmimic,5_Kmimic_2_scalarCovCls.dat,2807,2,2807.0,1275.32,1275.63,0.3100000000001728,0.00024307624753016718,0.227532,1.3624457219211925
kmouflage-kmimic,5_Kmimic_2_scalarCovCls.dat,2808,2,2808.0,1276.86,1277.17,0.3100000000001728,0.00024278307723648077,0.227686,1.3615242043875022
kmouflage-kmimic,5_Kmimic_2_scalarCovCls.dat,2809,2,2809.0,1278.41,1278.72,0.30999999999994543,0.0002424887164524256,0.22784100000000002,1.3605979608584293
kmouflage-kmimic,5_Kmimic_2_scalarCovCls.dat,2810,2,2810.0,1279.95,1280.26,0.30999999999994543,0.00024219696081873935,0.227995,1.3596789403273994
kmouflage-kmimic,5_Kmimic_2_scalarCovCls.dat,2811,2,2811.0,1281.5,1281.81,0.30999999999994543,0.00024190401872801047,0.22815000000000002,1.3587552049088119
kmouflage-kmimic,5_Kmimic_2_scalarCovCls.dat,2812,2,2812.0,1283.05,1283.36,0.30999999999994543,0.00024161178441989436,0.228305,1.3578327237684038
kmouflage-kmimic,5_Kmimic_2_scalarCovCls.dat,2813,2,2813.0,1284.59,1284.91,0.3200000000001637,0.0002491067188754106,0.228459,1.400688963884827
kmouflage-kmimic,5_Kmimic_2_scalarCovCls.dat,2814,2,2814.0,1286.14,1286.46,0.31999999999993634,0.00024880650629008995,0.228614,1.3997392985553654
kmouflage-kmimic,5_Kmimic_2_scalarCovCls.dat,2815,2,2815.0,1287.69,1288.01,0.31999999999993634,0.00024850701644024286,0.22876900000000003,1.3987909200981614
kmouflage-kmimic,5_Kmimic_2_scalarCovCls.dat,2816,2,2816.0,1289.24,1289.56,0.31999999999993634,0.0002482082467189479,0.22892400000000002,1.3978438258982733
kmouflage-kmimic,5_Kmimic_2_scalarCovCls.dat,2817,2,2817.0,1290.79,1291.11,0.31999999999993634,0.00024791019453198146,0.229079,1.3968980133488287
kmouflage-kmimic,5_Kmimic_2_scalarCovCls.dat,2818,2,2818.0,1292.34,1292.66,0.3200000000001637,0.0002476128572977419,0.229234,1.3959534798509983
kmouflage-kmimic,5_Kmimic_2_scalarCovCls.dat,2819,2,2819.0,1293.89,1294.21,0.31999999999993634,0.00024731623244629477,0.229389,1.3950102228090113
kmouflage-kmimic,5_Kmimic_2_scalarCovCls.dat,2820,2,2820.0,1295.45,1295.76,0.30999999999994543,0.00023929908525990615,0.22954500000000003,1.350497723757631
kmouflage-kmimic,5_Kmimic_2_scalarCovCls.dat,2821,2,2821.0,1297.0,1297.32,0.31999999999993634,0.00024672320740164714,0.22970000000000002,1.3931214627772586
kmouflage-kmimic,5_Kmimic_2_scalarCovCls.dat,2822,2,2822.0,1298.55,1298.87,0.31999999999993634,0.000246428708944543,0.229855,1.3921820277998578
kmouflage-kmimic,5_Kmimic_2_scalarCovCls.dat,2823,2,2823.0,1300.11,1300.42,0.3100000000001728,0.0002384413626540622,0.230011,1.347761628792418
kmouflage-kmimic,5_Kmimic_2_scalarCovCls.dat,2824,2,2824.0,1301.66,1301.98,0.31999999999993634,0.00024583992747717246,0.230166,1.3903009132536357
kmouflage-kmimic,5_Kmimic_2_scalarCovCls.dat,2825,2,2825.0,1303.21,1303.53,0.31999999999993634,0.00024554753263091625,0.23032100000000003,1.3893652771563874
kmouflage-kmimic,5_Kmimic_2_scalarCovCls.dat,2826,2,2826.0,1304.77,1305.09,0.31999999999993634,0.0002452539528038937,0.23047700000000002,1.388424875366897
kmouflage-kmimic,5_Kmimic_2_scalarCovCls.dat,2827,2,2827.0,1306.32,1306.64,0.3200000000001637,0.00024496294935403553,0.230632,1.3874917617683744
kmouflage-kmimic,5_Kmimic_2_scalarCovCls.dat,2828,2,2828.0,1307.88,1308.2,0.31999999999993634,0.0002446707649019301,0.23078800000000002,1.3865538936163766
kmouflage-kmimic,5_Kmimic_2_scalarCovCls.dat,2829,2,2829.0,1309.43,1309.75,0.31999999999993634,0.0002443811429400093,0.230943,1.3856232923272682
kmouflage-kmimic,5_Kmimic_2_scalarCovCls.dat,2830,2,2830.0,1310.99,1311.31,0.31999999999993634,0.0002440903439385017,0.231099,1.3846879475892857
kmouflage-kmimic,5_Kmimic_2_scalarCovCls.dat,2831,2,2831.0,1312.54,1312.86,0.31999999999993634,0.00024380209365043072,0.23125400000000002,1.3837598484780211
kmouflage-kmimic,5_Kmimic_2_scalarCovCls.dat,2832,2,2832.0,1314.1,1314.42,0.3200000000001637,0.0002435126702687495,0.23141,1.3828270169835517
kmouflage-kmimic,5_Kmimic_2_scalarCovCls.dat,2833,2,2833.0,1315.65,1315.97,0.31999999999993634,0.00024322578193283648,0.23156500000000002,1.3819014099710074
kmouflage-kmimic,5_Kmimic_2_scalarCovCls.dat,2834,2,2834.0,1317.2,1317.53,0.32999999999992724,0.00025053143030665594,0.23172,1.4241325737956465
kmouflage-kmimic,5_Kmimic_2_scalarCovCls.dat,2835,2,2835.0,1318.76,1319.08,0.31999999999993634,0.00024265218841937604,0.231876,1.3800479566662196
kmouflage-kmimic,5_Kmimic_2_scalarCovCls.dat,2836,2,2836.0,1320.31,1320.64,0.3300000000001546,0.0002499413016641203,0.23203100000000002,1.422223754585183
kmouflage-kmimic,5_Kmimic_2_scalarCovCls.dat,2837,2,2837.0,1321.87,1322.19,0.3200000000001637,0.0002420812939246399,0.232187,1.378199468532535
kmouflage-kmimic,5_Kmimic_2_scalarCovCls.dat,2838,2,2838.0,1323.42,1323.74,0.31999999999993634,0.00024179776639308482,0.23234200000000002,1.3772800440726873
kmouflage-kmimic,5_Kmimic_2_scalarCovCls.dat,2839,2,2839.0,1324.97,1325.3,0.32999999999992724,0.0002490622429186527,0.232497,1.4193731532016638
kmouflage-kmimic,5_Kmimic_2_scalarCovCls.dat,2840,2,2840.0,1326.53,1326.85,0.31999999999993634,0.00024123088056805073,0.232653,1.375438958448575
kmouflage-kmimic,5_Kmimic_2_scalarCovCls.dat,2841,2,2841.0,1328.08,1328.4,0.3200000000001637,0.00024094934040130395,0.23280800000000001,1.3745232122614501
kmouflage-kmimic,5_Kmimic_2_scalarCovCls.dat,2842,2,2842.0,1329.63,1329.96,0.32999999999992724,0.00024818934590820546,0.23296300000000003,1.4165339560356245
kmouflage-kmimic,5_Kmimic_2_scalarCovCls.dat,2843,2,2843.0,1331.18,1331.51,0.32999999999992724,0.0002479003590798594,0.23311800000000002,1.4155921035695536
kmouflage-kmimic,5_Kmimic_2_scalarCovCls.dat,2844,2,2844.0,1332.73,1333.06,0.32999999999992724,0.00024761204445005906,0.233273,1.414651502745398
kmouflage-kmimic,5_Kmimic_2_scalarCovCls.dat,2845,2,2845.0,1334.28,1334.61,0.32999999999992724,0.00024732439967617534,0.233428,1.4137121510698256
kmouflage-kmimic,5_Kmimic_2_scalarCovCls.dat,2846,2,2846.0,1335.83,1336.16,0.3300000000001546,0.00024703742242662214,0.233583,1.4127740460570957
kmouflage-kmimic,5_Kmimic_2_scalarCovCls.dat,2847,2,2847.0,1337.38,1337.71,0.32999999999992724,0.0002467511103799423,0.23373800000000003,1.4118371852241707
kmouflage-kmimic,5_Kmimic_2_scalarCovCls.dat,2848,2,2848.0,1338.93,1339.26,0.32999999999992724,0.0002464654612264474,0.23389300000000002,1.4109015661004272
kmouflage-kmimic,5_Kmimic_2_scalarCovCls.dat,2849,2,2849.0,1340.48,1340.8,0.31999999999993634,0.00023872045834323253,0.234048,1.3672409078476908
kmouflage-kmimic,5_Kmimic_2_scalarCovCls.dat,2850,2,2850.0,1342.02,1342.35,0.32999999999992724,0.00024589797469480877,0.23420200000000002,1.4090400594355608
kmouflage-kmimic,5_Kmimic_2_scalarCovCls.dat,2851,2,2851.0,1343.57,1343.9,0.3300000000001546,0.00024561429624072776,0.234357,1.4081081427060194
kmouflage-kmimic,5_Kmimic_2_scalarCovCls.dat,2852,2,2852.0,1345.11,1345.44,0.3300000000001546,0.0002453330954346891,0.234511,1.4071834583458969
kmouflage-kmimic,5_Kmimic_2_scalarCovCls.dat,2853,2,2853.0,1346.65,1346.98,0.32999999999992724,0.0002450525377788789,0.234665,1.4062599876416475
kmouflage-kmimic,5_Kmimic_2_scalarCovCls.dat,2854,2,2854.0,1348.2,1348.53,0.32999999999992724,0.0002447708055184151,0.23482000000000003,1.4053317434627681
kmouflage-kmimic,5_Kmimic_2_scalarCovCls.dat,2855,2,2855.0,1349.74,1350.07,0.32999999999992724,0.00024449153170234806,0.23497400000000002,1.404410700758072
kmouflage-kmimic,5_Kmimic_2_scalarCovCls.dat,2856,2,2856.0,1351.28,1351.61,0.32999999999992724,0.00024421289444077264,0.235128,1.403490864550063
kmouflage-kmimic,5_Kmimic_2_scalarCovCls.dat,2857,2,2857.0,1352.83,1353.16,0.3300000000001546,0.000243933088414771,0.235283,1.402566271256974
kmouflage-kmimic,5_Kmimic_2_scalarCovCls.dat,2858,2,2858.0,1354.37,1354.7,0.3300000000001546,0.00024365572184864893,0.235437,1.4016488487372614
kmouflage-kmimic,5_Kmimic_2_scalarCovCls.dat,2859,2,2859.0,1355.91,1356.24,0.32999999999992724,0.00024337898533083113,0.23559100000000002,1.400732625609328
kmouflage-kmimic,5_Kmimic_2_scalarCovCls.dat,2860,2,2860.0,1357.46,1357.79,0.32999999999992724,0.0002431010858514632,0.235746,1.3998116617033893
kmouflage-kmimic,5_Kmimic_2_scalarCovCls.dat,2861,2,2861.0,1359.0,1359.33,0.32999999999992724,0.00024282560706396413,0.2359,1.398897838066669
kmouflage-kmimic,5_Kmimic_2_scalarCovCls.dat,2862,2,2862.0,1360.55,1360.88,0.3300000000001546,0.0002425489691669947,0.23605500000000001,1.3979792844894392
kmouflage-kmimic,5_Kmimic_2_scalarCovCls.dat,2863,2,2863.0,1362.1,1362.43,0.3300000000001546,0.00024227296086935956,0.23621,1.397061936413169
kmouflage-kmimic,5_Kmimic_2_scalarCovCls.dat,2864,2,2864.0,1363.65,1363.98,0.32999999999992724,0.0002419975800241464,0.23636500000000002,1.3961457914662798
kmouflage-kmimic,5_Kmimic_2_scalarCovCls.dat,2865,2,2865.0,1365.2,1365.53,0.32999999999992724,0.00024172282449452624,0.23652,1.395230847285334
kmouflage-kmimic,5_Kmimic_2_scalarCovCls.dat,2866,2,2866.0,1366.75,1367.08,0.32999999999992724,0.00024144869215286428,0.23667500000000002,1.3943171015102027
kmouflage-kmimic,5_Kmimic_2_scalarCovCls.dat,2867,2,2867.0,1368.3,1368.64,0.3400000000001455,0.00024848351969607944,0.23683,1.4356289321460352
kmouflage-kmimic,5_Kmimic_2_scalarCovCls.dat,2868,2,2868.0,1369.86,1370.19,0.3300000000001546,0.00024090052998127883,0.236986,1.392487319926724
kmouflage-kmimic,5_Kmimic_2_scalarCovCls.dat,2869,2,2869.0,1371.42,1371.75,0.32999999999992724,0.0002406265039155964,0.23714200000000002,1.3915712948356984
kmouflage-kmimic,5_Kmimic_2_scalarCovCls.dat,2870,2,2870.0,1372.98,1373.32,0.33999999999991815,0.0002476365278444829,0.237298,1.432797579414568
kmouflage-kmimic,5_Kmimic_2_scalarCovCls.dat,2871,2,2871.0,1374.55,1374.88,0.3300000000001546,0.00024007857116885862,0.237455,1.3897370028011817
kmouflage-kmimic,5_Kmimic_2_scalarCovCls.dat,2872,2,2872.0,1376.11,1376.45,0.3400000000001455,0.0002470732717589041,0.237611,1.4309101851351391
kmouflage-kmimic,5_Kmimic_2_scalarCovCls.dat,2873,2,2873.0,1377.68,1378.02,0.33999999999991815,0.00024679170779855854,0.237768,1.4299653443689568
kmouflage-kmimic,5_Kmimic_2_scalarCovCls.dat,2874,2,2874.0,1379.26,1379.59,0.32999999999992724,0.0002392587329436997,0.237926,1.3869858695557746
kmouflage-kmimic,5_Kmimic_2_scalarCovCls.dat,2875,2,2875.0,1380.83,1381.17,0.3400000000001455,0.00024622871751058824,0.23808300000000002,1.4280734029735238
kmouflage-kmimic,5_Kmimic_2_scalarCovCls.dat,2876,2,2876.0,1382.41,1382.75,0.33999999999991815,0.0002459472949413836,0.238241,1.427126313270672
kmouflage-kmimic,5_Kmimic_2_scalarCovCls.dat,2877,2,2877.0,1384.0,1384.34,0.33999999999991815,0.0002456647398843339,0.2384,1.426174496643952
kmouflage-kmimic,5_Kmimic_2_scalarCovCls.dat,2878,2,2878.0,1385.59,1385.93,0.3400000000001455,0.0002453828333057727,0.238559,1.425223948793152
kmouflage-kmimic,5_Kmimic_2_scalarCovCls.dat,2879,2,2879.0,1387.18,1387.52,0.33999999999991815,0.0002451015729753299,0.238718,1.4242746671801796
kmouflage-kmimic,5_Kmimic_2_scalarCovCls.dat,2880,2,2880.0,1388.78,1389.12,0.33999999999991815,0.00024481919382473693,0.238878,1.4233206908962657
kmouflage-kmimic,5_Kmimic_2_scalarCovCls.dat,2881,2,2881.0,1390.38,1390.72,0.33999999999991815,0.00024453746457797014,0.23903800000000003,1.4223679916997218
kmouflage-kmimic,5_Kmimic_2_scalarCovCls.dat,2882,2,2882.0,1391.98,1392.32,0.33999999999991815,0.00024425638299394975,0.23919800000000002,1.42141656702781
kmouflage-kmimic,5_Kmimic_2_scalarCovCls.dat,2883,2,2883.0,1393.6,1393.94,0.3400000000001455,0.00024397244546508722,0.23936,1.4204545454551534
kmouflage-kmimic,5_Kmimic_2_scalarCovCls.dat,2884,2,2884.0,1395.21,1395.55,0.33999999999991815,0.0002436909139125423,0.239521,1.4194997515872017
kmouflage-kmimic,5_Kmimic_2_scalarCovCls.dat,2885,2,2885.0,1396.83,1397.17,0.3400000000001455,0.00024340828876824347,0.239683,1.4185403220092603
kmouflage-kmimic,5_Kmimic_2_scalarCovCls.dat,2886,2,2886.0,1398.46,1398.8,0.33999999999991815,0.00024312457989496885,0.239846,1.4175762781114472
kmouflage-kmimic,5_Kmimic_2_scalarCovCls.dat,2887,2,2887.0,1400.09,1400.43,0.3400000000001455,0.00024284153161592865,0.240009,1.4166135436593859
kmouflage-kmimic,5_Kmimic_2_scalarCovCls.dat,2888,2,2888.0,1401.73,1402.07,0.33999999999991815,0.00024255741119895996,0.24017300000000003,1.41564622168153
kmouflage-kmimic,5_Kmimic_2_scalarCovCls.dat,2889,2,2889.0,1403.37,1403.72,0.3500000000001364,0.00024939965939141953,0.240337,1.456288461619045
kmouflage-kmimic,5_Kmimic_2_scalarCovCls.dat,2890,2,2890.0,1405.02,1405.37,0.34999999999990905,0.0002491067742807284,0.24050200000000002,1.4552893531027145
kmouflage-kmimic,5_Kmimic_2_scalarCovCls.dat,2891,2,2891.0,1406.68,1407.02,0.33999999999991815,0.00024170387010543842,0.24066800000000002,1.412734555486887
kmouflage-kmimic,5_Kmimic_2_scalarCovCls.dat,2892,2,2892.0,1408.34,1408.69,0.3500000000001364,0.00024851953363544063,0.240834,1.4532831743031982
kmouflage-kmimic,5_Kmimic_2_scalarCovCls.dat,2893,2,2893.0,1410.01,1410.36,0.34999999999990905,0.0002482251898922058,0.24100100000000002,1.452276131633931
kmouflage-kmimic,5_Kmimic_2_scalarCovCls.dat,2894,2,2894.0,1411.69,1412.03,0.33999999999991815,0.00024084607810490838,0.24116900000000002,1.409799766968052
kmouflage-kmimic,5_Kmimic_2_scalarCovCls.dat,2895,2,2895.0,1413.37,1413.72,0.3500000000001364,0.0002476350849389307,0.241337,1.4502542088454586
kmouflage-kmimic,5_Kmimic_2_scalarCovCls.dat,2896,2,2896.0,1415.06,1415.41,0.3500000000001364,0.0002473393354346363,0.241506,1.4492393563726633
kmouflage-kmimic,5_Kmimic_2_scalarCovCls.dat,2897,2,2897.0,1416.76,1417.1,0.33999999999991815,0.00023998418927688399,0.241676,1.4068422185070844
kmouflage-kmimic,5_Kmimic_2_scalarCovCls.dat,2898,2,2898.0,1418.46,1418.81,0.34999999999990905,0.00024674647152539306,0.241846,1.4472019384232488
kmouflage-kmimic,5_Kmimic_2_scalarCovCls.dat,2899,2,2899.0,1420.18,1420.52,0.33999999999991815,0.00023940627244428038,0.242018,1.404854184399169
kmouflage-kmimic,5_Kmimic_2_scalarCovCls.dat,2900,2,2900.0,1421.9,1422.24,0.33999999999991815,0.00023911667487159304,0.24219000000000002,1.4038564763199064
kmouflage-kmimic,5_Kmimic_2_scalarCovCls.dat,2901,2,2901.0,1423.63,1423.97,0.33999999999991815,0.00023882609947803722,0.24236300000000002,1.4028543960914748
kmouflage-kmimic,5_Kmimic_2_scalarCovCls.dat,2902,2,2902.0,1425.36,1425.71,0.3500000000001364,0.0002455520008981145,0.242536,1.443084737936374
kmouflage-kmimic,5_Kmimic_2_scalarCovCls.dat,2903,2,2903.0,1427.1,1427.45,0.3500000000001364,0.00024525261018858976,0.24271,1.4420501833469426
kmouflage-kmimic,5_Kmimic_2_scalarCovCls.dat,2904,2,2904.0,1428.85,1429.2,0.3500000000001364,0.0002449522343144042,0.242885,1.4410111781301291
kmouflage-kmimic,5_Kmimic_2_scalarCovCls.dat,2905,2,2905.0,1430.61,1430.96,0.3500000000001364,0.0002446508831897837,0.243061,1.4399677447230794
kmouflage-kmimic,5_Kmimic_2_scalarCovCls.dat,2906,2,2906.0,1432.37,1432.72,0.3500000000001364,0.0002443502726251851,0.243237,1.4389258213188636
kmouflage-kmimic,5_Kmimic_2_scalarCovCls.dat,2907,2,2907.0,1434.13,1434.48,0.34999999999990905,0.00024405039989394895,0.24341300000000002,1.4378854046411202
kmouflage-kmimic,5_Kmimic_2_scalarCovCls.dat,2908,2,2908.0,1435.9,1436.25,0.34999999999990905,0.00024374956473285675,0.24359000000000003,1.4368405927990024
kmouflage-kmimic,5_Kmimic_2_scalarCovCls.dat,2909,2,2909.0,1437.67,1438.02,0.34999999999990905,0.0002434494703234463,0.243767,1.4357972982393394
kmouflage-kmimic,5_Kmimic_2_scalarCovCls.dat,2910,2,2910.0,1439.45,1439.8,0.34999999999990905,0.00024314842474549935,0.24394500000000002,1.4347496361881122
kmouflage-kmimic,5_Kmimic_2_scalarCovCls.dat,2911,2,2911.0,1441.22,1441.58,0.35999999999989996,0.0002497883737388462,0.244122,1.474672499815256
kmouflage-kmimic,5_Kmimic_2_scalarCovCls.dat,2912,2,2912.0,1443.0,1443.35,0.34999999999990905,0.00024255024255017953,0.24430000000000002,1.432664756446619
kmouflage-kmimic,5_Kmimic_2_scalarCovCls.dat,2913,2,2913.0,1444.78,1445.14,0.36000000000012733,0.0002491728844530844,0.244478,1.472525135186509
kmouflage-kmimic,5_Kmimic_2_scalarCovCls.dat,2914,2,2914.0,1446.56,1446.92,0.36000000000012733,0.00024886627585452893,0.244656,1.471453796351315
kmouflage-kmimic,5_Kmimic_2_scalarCovCls.dat,2915,2,2915.0,1448.34,1448.7,0.36000000000012733,0.000248560420895734,0.244834,1.4703840152925138
kmouflage-kmimic,5_Kmimic_2_scalarCovCls.dat,2916,2,2916.0,1450.12,1450.48,0.36000000000012733,0.000248255316801456,0.245012,1.4693157886149548
kmouflage-kmimic,5_Kmimic_2_scalarCovCls.dat,2917,2,2917.0,1451.9,1452.26,0.35999999999989996,0.0002479509608099042,0.24519000000000002,1.4682491129324196
kmouflage-kmimic,5_Kmimic_2_scalarCovCls.dat,2918,2,2918.0,1453.68,1454.04,0.35999999999989996,0.0002476473501732843,0.24536800000000003,1.467183984871295
kmouflage-kmimic,5_Kmimic_2_scalarCovCls.dat,2919,2,2919.0,1455.46,1455.81,0.34999999999990905,0.00024047380209686907,0.24554600000000001,1.4253948343687497
kmouflage-kmimic,5_Kmimic_2_scalarCovCls.dat,2920,2,2920.0,1457.23,1457.59,0.35999999999989996,0.0002470440493263932,0.24572300000000002,1.465064320392881
kmouflage-kmimic,5_Kmimic_2_scalarCovCls.dat,2921,2,2921.0,1459.0,1459.36,0.35999999999989996,0.0002467443454420151,0.2459,1.4640097600646602
kmouflage-kmimic,5_Kmimic_2_scalarCovCls.dat,2922,2,2922.0,1460.77,1461.12,0.34999999999990905,0.00023959966319126835,0.24607700000000002,1.4223190302218778
kmouflage-kmimic,5_Kmimic_2_scalarCovCls.dat,2923,2,2923.0,1462.53,1462.89,0.36000000000012733,0.000246148796947842,0.246253,1.4619111239259108
kmouflage-kmimic,5_Kmimic_2_scalarCovCls.dat,2924,2,2924.0,1464.28,1464.64,0.36000000000012733,0.00024585461796932783,0.246428,1.4608729527493927
kmouflage-kmimic,5_Kmimic_2_scalarCovCls.dat,2925,2,2925.0,1466.03,1466.39,0.36000000000012733,0.00024556114131370254,0.24660300000000002,1.45983625503391
kmouflage-kmimic,5_Kmimic_2_scalarCovCls.dat,2926,2,2926.0,1467.78,1468.14,0.36000000000012733,0.00024526836446887634,0.246778,1.4588010276447954
kmouflage-kmimic,5_Kmimic_2_scalarCovCls.dat,2927,2,2927.0,1469.52,1469.88,0.36000000000012733,0.00024497795198440803,0.246952,1.4577731704951866
kmouflage-kmimic,5_Kmimic_2_scalarCovCls.dat,2928,2,2928.0,1471.25,1471.61,0.35999999999989996,0.0002446898895496346,0.247125,1.4567526555382901
kmouflage-kmimic,5_Kmimic_2_scalarCovCls.dat,2929,2,2929.0,1472.97,1473.33,0.35999999999989996,0.0002444041630175088,0.24729700000000002,1.4557394549869183
kmouflage-kmimic,5_Kmimic_2_scalarCovCls.dat,2930,2,2930.0,1474.69,1475.05,0.35999999999989996,0.00024411910299785035,0.24746900000000002,1.4547276628583778
kmouflage-kmimic,5_Kmimic_2_scalarCovCls.dat,2931,2,2931.0,1476.39,1476.76,0.36999999999989086,0.0002506112883451465,0.24763900000000003,1.4941103784132985
kmouflage-kmimic,5_Kmimic_2_scalarCovCls.dat,2932,2,2932.0,1478.09,1478.45,0.36000000000012733,0.0002435575641538251,0.247809,1.4527317409784444
kmouflage-kmimic,5_Kmimic_2_scalarCovCls.dat,2933,2,2933.0,1479.77,1480.14,0.37000000000011823,0.0002500388573900797,0.247977,1.4920738616892624
kmouflage-kmimic,5_Kmimic_2_scalarCovCls.dat,2934,2,2934.0,1481.45,1481.82,0.36999999999989086,0.00024975530730020644,0.248145,1.4910636925986454
kmouflage-kmimic,5_Kmimic_2_scalarCovCls.dat,2935,2,2935.0,1483.11,1483.48,0.37000000000011823,0.00024947576376675923,0.248311,1.4900668919223
kmouflage-kmimic,5_Kmimic_2_scalarCovCls.dat,2936,2,2936.0,1484.77,1485.13,0.36000000000012733,0.0002424617954296809,0.248477,1.4488262495125397
kmouflage-kmimic,5_Kmimic_2_scalarCovCls.dat,2937,2,2937.0,1486.41,1486.77,0.35999999999989996,0.00024219428017834913,0.24864100000000003,1.4478706247155535
kmouflage-kmimic,5_Kmimic_2_scalarCovCls.dat,2938,2,2938.0,1488.04,1488.4,0.36000000000012733,0.00024192898040383817,0.248804,1.4469220752083058
kmouflage-kmimic,5_Kmimic_2_scalarCovCls.dat,2939,2,2939.0,1489.65,1490.02,0.36999999999989086,0.00024838049206182047,0.24896500000000002,1.4861526720618996
kmouflage-kmimic,5_Kmimic_2_scalarCovCls.dat,2940,2,2940.0,1491.25,1491.62,0.36999999999989086,0.0002481139983234809,0.249125,1.4851981936774343
kmouflage-kmimic,5_Kmimic_2_scalarCovCls.dat,2941,2,2941.0,1492.84,1493.2,0.36000000000012733,0.00024115109455810895,0.249284,1.4441360055203194
kmouflage-kmimic,5_Kmimic_2_scalarCovCls.dat,2942,2,2942.0,1494.41,1494.77,0.35999999999989996,0.0002408977455985305,0.24944100000000002,1.4432270556961362
kmouflage-kmimic,5_Kmimic_2_scalarCovCls.dat,2943,2,2943.0,1495.96,1496.33,0.36999999999989086,0.0002473328163853919,0.249596,1.4823955512103193
kmouflage-kmimic,5_Kmimic_2_scalarCovCls.dat,2944,2,2944.0,1497.5,1497.87,0.36999999999989086,0.00024707846410677186,0.24975,1.4814814814810444
kmouflage-kmimic,5_Kmimic_2_scalarCovCls.dat,2945,2,2945.0,1499.02,1499.39,0.37000000000011823,0.0002468279275794307,0.249902,1.4805803875123777
kmouflage-kmimic,5_Kmimic_2_scalarCovCls.dat,2946,2,2946.0,1500.53,1500.9,0.37000000000011823,0.00024657954189527586,0.25005299999999997,1.4796863065034944
kmouflage-kmimic,5_Kmimic_2_scalarCovCls.dat,2947,2,2947.0,1502.01,1502.38,0.37000000000011823,0.0002463365756553673,0.250201,1.4788110359275872
kmouflage-kmimic,5_Kmimic_2_scalarCovCls.dat,2948,2,2948.0,1503.48,1503.85,0.36999999999989086,0.0002460957245855554,0.250348,1.4779427037559352
kmouflage-kmimic,5_Kmimic_2_scalarCovCls.dat,2949,2,2949.0,1504.93,1505.3,0.36999999999989086,0.00024585861136391116,0.250493,1.4770871840725721
kmouflage-kmimic,5_Kmimic_2_scalarCovCls.dat,2950,2,2950.0,1506.36,1506.73,0.37000000000011823,0.00024562521575195723,0.25063599999999997,1.47624443415997
kmouflage-kmimic,5_Kmimic_2_scalarCovCls.dat,2951,2,2951.0,1507.77,1508.14,0.37000000000011823,0.0002453955178841058,0.250777,1.475414412007952
kmouflage-kmimic,5_Kmimic_2_scalarCovCls.dat,2952,2,2952.0,1509.16,1509.53,0.36999999999989086,0.00024516949826386257,0.25091600000000003,1.4745970763119562
kmouflage-kmimic,5_Kmimic_2_scalarCovCls.dat,2953,2,2953.0,1510.53,1510.9,0.37000000000011823,0.0002449471377596726,0.25105299999999997,1.473792386468667
kmouflage-kmimic,5_Kmimic_2_scalarCovCls.dat,2954,2,2954.0,1511.89,1512.26,0.36999999999989086,0.0002447267989072557,0.251189,1.4729944384502938
kmouflage-kmimic,5_Kmimic_2_scalarCovCls.dat,2955,2,2955.0,1513.24,1513.61,0.36999999999989086,0.00024450847188806193,0.251324,1.472203211789924
kmouflage-kmimic,5_Kmimic_2_scalarCovCls.dat,2956,2,2956.0,1514.57,1514.94,0.37000000000011823,0.000244293759945145,0.25145700000000004,1.4714245377942081
kmouflage-kmimic,5_Kmimic_2_scalarCovCls.dat,2957,2,2957.0,1515.89,1516.26,0.36999999999989086,0.00024408103490351597,0.25158900000000006,1.4706525325029742
kmouflage-kmimic,5_Kmimic_2_scalarCovCls.dat,2958,2,2958.0,1517.2,1517.57,0.36999999999989086,0.00024387028737140183,0.25172000000000005,1.4698871762271206
kmouflage-kmimic,5_Kmimic_2_scalarCovCls.dat,2959,2,2959.0,1518.5,1518.88,0.38000000000010914,0.00025024695423122103,0.25185,1.5088346237844317
kmouflage-kmimic,5_Kmimic_2_scalarCovCls.dat,2960,2,2960.0,1519.8,1520.17,0.37000000000011823,0.00024345308593243733,0.25198,1.4683705055961516
kmouflage-kmimic,5_Kmimic_2_scalarCovCls.dat,2961,2,2961.0,1521.09,1521.47,0.38000000000010914,0.0002498208521521469,0.252109,1.5072845475572434
kmouflage-kmimic,5_Kmimic_2_scalarCovCls.dat,2962,2,2962.0,1522.38,1522.76,0.37999999999988177,0.00024960916459746036,0.252238,1.5065136894515567
kmouflage-kmimic,5_Kmimic_2_scalarCovCls.dat,2963,2,2963.0,1523.67,1524.05,0.37999999999988177,0.0002493978354892344,0.252367,1.5057436194109441
kmouflage-kmimic,5_Kmimic_2_scalarCovCls.dat,2964,2,2964.0,1524.96,1525.33,0.36999999999989086,0.00024262931486720364,0.25249600000000005,1.4653697484312258
kmouflage-kmimic,5_Kmimic_2_scalarCovCls.dat,2965,2,2965.0,1526.25,1526.62,0.36999999999989086,0.00024242424242417092,0.252625,1.4646214745171335
kmouflage-kmimic,5_Kmimic_2_scalarCovCls.dat,2966,2,2966.0,1527.54,1527.92,0.38000000000010914,0.000248765989761387,0.25275400000000003,1.5034381256087306
kmouflage-kmimic,5_Kmimic_2_scalarCovCls.dat,2967,2,2967.0,1528.84,1529.21,0.37000000000011823,0.00024201355275903184,0.252884,1.46312143117049
kmouflage-kmimic,5_Kmimic_2_scalarCovCls.dat,2968,2,2968.0,1530.14,1530.52,0.37999999999988177,0.00024834328884930905,0.253014,1.5018931758712235
kmouflage-kmimic,5_Kmimic_2_scalarCovCls.dat,2969,2,2969.0,1531.45,1531.83,0.37999999999988177,0.00024813085637786527,0.253145,1.5011159612075362
kmouflage-kmimic,5_Kmimic_2_scalarCovCls.dat,2970,2,2970.0,1532.77,1533.15,0.38000000000010914,0.00024791716956889105,0.253277,1.500333626820079
kmouflage-kmimic,5_Kmimic_2_scalarCovCls.dat,2971,2,2971.0,1534.1,1534.48,0.38000000000010914,0.0002477022358386736,0.25341,1.4995461899692557
kmouflage-kmimic,5_Kmimic_2_scalarCovCls.dat,2972,2,2972.0,1535.45,1535.82,0.36999999999989086,0.00024097170210680312,0.253545,1.4593070263656978
kmouflage-kmimic,5_Kmimic_2_scalarCovCls.dat,2973,2,2973.0,1536.8,1537.18,0.38000000000010914,0.0002472670484123563,0.25368,1.4979501734472924
kmouflage-kmimic,5_Kmimic_2_scalarCovCls.dat,2974,2,2974.0,1538.18,1538.55,0.36999999999989086,0.00024054401955550772,0.253818,1.4577374339089066
kmouflage-kmimic,5_Kmimic_2_scalarCovCls.dat,2975,2,2975.0,1539.57,1539.94,0.37000000000011823,0.0002403268445086084,0.253957,1.4569395606347462
kmouflage-kmimic,5_Kmimic_2_scalarCovCls.dat,2976,2,2976.0,1540.98,1541.35,0.36999999999989086,0.00024010694493107687,0.25409800000000005,1.456131099024356
kmouflage-kmimic,5_Kmimic_2_scalarCovCls.dat,2977,2,2977.0,1542.4,1542.78,0.37999999999988177,0.00024636929460573247,0.25424,1.4946507237251485
kmouflage-kmimic,5_Kmimic_2_scalarCovCls.dat,2978,2,2978.0,1543.85,1544.23,0.38000000000010914,0.00024613790199832185,0.254385,1.493798769581969
kmouflage-kmimic,5_Kmimic_2_scalarCovCls.dat,2979,2,2979.0,1545.33,1545.7,0.37000000000011823,0.0002394310600325615,0.254533,1.45364255322539
kmouflage-kmimic,5_Kmimic_2_scalarCovCls.dat,2980,2,2980.0,1546.83,1547.2,0.37000000000011823,0.0002391988777048016,0.254683,1.4527864050608728
kmouflage-kmimic,5_Kmimic_2_scalarCovCls.dat,2981,2,2981.0,1548.35,1548.73,0.38000000000010914,0.0002454225465819157,0.25483500000000003,1.4911609472800404
kmouflage-kmimic,5_Kmimic_2_scalarCovCls.dat,2982,2,2982.0,1549.9,1550.28,0.37999999999988177,0.0002451771082004528,0.25499000000000005,1.4902545197846255
kmouflage-kmimic,5_Kmimic_2_scalarCovCls.dat,2983,2,2983.0,1551.48,1551.86,0.37999999999988177,0.0002449274241368769,0.25514800000000004,1.4893316820037066
kmouflage-kmimic,5_Kmimic_2_scalarCovCls.dat,2984,2,2984.0,1553.1,1553.48,0.38000000000010914,0.0002446719464297915,0.25531000000000004,1.4883866671893349
kmouflage-kmimic,5_Kmimic_2_scalarCovCls.dat,2985,2,2985.0,1554.74,1555.12,0.37999999999988177,0.00024441385697922594,0.255474,1.4874312063062456
kmouflage-kmimic,5_Kmimic_2_scalarCovCls.dat,2986,2,2986.0,1556.42,1556.8,0.37999999999988177,0.00024415003662242953,0.25564200000000004,1.4864537126132706
kmouflage-kmimic,5_Kmimic_2_scalarCovCls.dat,2987,2,2987.0,1558.14,1558.52,0.37999999999988177,0.000243880524214693,0.255814,1.4854542753714879
kmouflage-kmimic,5_Kmimic_2_scalarCovCls.dat,2988,2,2988.0,1559.89,1560.27,0.37999999999988177,0.000243606921000764,0.255989,1.4844387844785585
kmouflage-kmimic,5_Kmimic_2_scalarCovCls.dat,2989,2,2989.0,1561.68,1562.06,0.37999999999988177,0.00024332769837603205,0.256168,1.4834015177535123
kmouflage-kmimic,5_Kmimic_2_scalarCovCls.dat,2990,2,2990.0,1563.51,1563.89,0.38000000000010914,0.0002430428970714029,0.256351,1.4823425693682066
kmouflage-kmimic,5_Kmimic_2_scalarCovCls.dat,2991,2,2991.0,1565.39,1565.77,0.37999999999988177,0.00024275100773601577,0.256539,1.481256261230775
kmouflage-kmimic,5_Kmimic_2_scalarCovCls.dat,2992,2,2992.0,1567.3,1567.69,0.39000000000010004,0.00024883557710719074,0.25673,1.5191056752233865
kmouflage-kmimic,5_Kmimic_2_scalarCovCls.dat,2993,2,2993.0,1569.26,1569.65,0.39000000000010004,0.0002485247823815684,0.256926,1.5179468018032432
kmouflage-kmimic,5_Kmimic_2_scalarCovCls.dat,2994,2,2994.0,1571.27,1571.66,0.39000000000010004,0.00024820686451093707,0.257127,1.5167602002127356
kmouflage-kmimic,5_Kmimic_2_scalarCovCls.dat,2995,2,2995.0,1573.33,1573.72,0.39000000000010004,0.0002478818811057439,0.25733300000000003,1.5155460045936588
kmouflage-kmimic,5_Kmimic_2_scalarCovCls.dat,2996,2,2996.0,1575.44,1575.82,0.37999999999988177,0.0002412024577260205,0.257544,1.4754760351624645
kmouflage-kmimic,5_Kmimic_2_scalarCovCls.dat,2997,2,2997.0,1577.59,1577.98,0.39000000000010004,0.00024721252036340245,0.257759,1.5130412517122585
kmouflage-kmimic,5_Kmimic_2_scalarCovCls.dat,2998,2,2998.0,1579.8,1580.19,0.39000000000010004,0.0002468666919863907,0.25798,1.5117450965194978
kmouflage-kmimic,5_Kmimic_2_scalarCovCls.dat,2999,2,2999.0,1582.07,1582.46,0.39000000000010004,0.0002465124804844919,0.258207,1.510416061532414
kmouflage-kmimic,5_Kmimic_2_scalarCovCls.dat,3000,2,3000.0,1584.39,1584.78,0.38999999999987267,0.00024615151572521455,0.25843900000000003,1.5090601650674729
kmouflage-kmimic,5_Kmimic_2_scalarCovCls.dat,3001,2,3001.0,1586.77,1587.16,0.39000000000010004,0.00024578231249651814,0.25867700000000005,1.5076717296091264
kmouflage-kmimic,5_Kmimic_2_scalarCovCls.dat,3002,2,3002.0,1589.19,1589.59,0.3999999999998636,0.0002517005518533741,0.258919,1.5448846936681493
kmouflage-kmimic,5_Kmimic_2_scalarCovCls.dat,3003,2,3003.0,1591.67,1592.06,0.38999999999987267,0.00024502566486763757,0.25916700000000004,1.5048212156635399
kmouflage-kmimic,5_Kmimic_2_scalarCovCls.dat,3004,2,3004.0,1594.18,1594.57,0.38999999999987267,0.000244639877554525,0.25941800000000004,1.503365225234458
kmouflage-kmimic,5_Kmimic_2_scalarCovCls.dat,3005,2,3005.0,1596.72,1597.12,0.3999999999998636,0.0002505135527831201,0.259672,1.5404048183857464
kmouflage-kmimic,5_Kmimic_2_scalarCovCls.dat,3006,2,3006.0,1599.29,1599.68,0.39000000000010004,0.00024385821208167376,0.259929,1.500409727272063
kmouflage-kmimic,5_Kmimic_2_scalarCovCls.dat,3007,2,3007.0,1601.87,1602.27,0.40000000000009095,0.00024970815359554206,0.260187,1.5373558248494004
kmouflage-kmimic,5_Kmimic_2_scalarCovCls.dat,3008,2,3008.0,1604.47,1604.87,0.3999999999998636,0.00024930350832353586,0.260447,1.535821107556868
kmouflage-kmimic,5_Kmimic_2_scalarCovCls.dat,3009,2,3009.0,1607.07,1607.47,0.40000000000009095,0.000248900172363426,0.260707,1.5342894513767982
kmouflage-kmimic,5_Kmimic_2_scalarCovCls.dat,3010,2,3010.0,1609.67,1610.07,0.3999999999998636,0.0002484981393700967,0.26096700000000006,1.5327608471563972
kmouflage-kmimic,5_Kmimic_2_scalarCovCls.dat,3011,2,3011.0,1612.26,1612.66,0.40000000000009095,0.0002480989418580694,0.261226,1.531241147512464
kmouflage-kmimic,5_Kmimic_2_scalarCovCls.dat,3012,2,3012.0,1614.83,1615.24,0.41000000000008185,0.000253896695008194,0.261483,1.567979562725232
kmouflage-kmimic,5_Kmimic_2_scalarCovCls.dat,3013,2,3013.0,1617.39,1617.8,0.4099999999998545,0.00025349482808713694,0.26173900000000005,1.5664459633446082
kmouflage-kmimic,5_Kmimic_2_scalarCovCls.dat,3014,2,3014.0,1619.92,1620.33,0.4099999999998545,0.00025309891846501953,0.261992,1.5649332804049532
kmouflage-kmimic,5_Kmimic_2_scalarCovCls.dat,3015,2,3015.0,1622.41,1622.82,0.4099999999998545,0.00025271047392450393,0.26224100000000006,1.5634473633026658
kmouflage-kmimic,5_Kmimic_2_scalarCovCls.dat,3016,2,3016.0,1624.86,1625.28,0.42000000000007276,0.0002584838078357968,0.262486,1.6000853378849644
kmouflage-kmimic,5_Kmimic_2_scalarCovCls.dat,3017,2,3017.0,1627.27,1627.68,0.41000000000008185,0.00025195572953479254,0.26272700000000004,1.5605552531718543
kmouflage-kmimic,5_Kmimic_2_scalarCovCls.dat,3018,2,3018.0,1629.62,1630.03,0.41000000000008185,0.000251592395773298,0.26296200000000003,1.5591606391801165
kmouflage-kmimic,5_Kmimic_2_scalarCovCls.dat,3019,2,3019.0,1631.91,1632.33,0.4199999999998454,0.00025736713421686575,0.263191,1.595799248453957
kmouflage-kmimic,5_Kmimic_2_scalarCovCls.dat,3020,2,3020.0,1634.14,1634.55,0.4099999999998545,0.00025089649601616414,0.26341400000000004,1.5564852285749977
kmouflage-kmimic,5_Kmimic_2_scalarCovCls.dat,3021,2,3021.0,1636.29,1636.7,0.41000000000008185,0.00025056683106300343,0.263629,1.5552158525810205
kmouflage-kmimic,5_Kmimic_2_scalarCovCls.dat,3022,2,3022.0,1638.36,1638.77,0.41000000000008185,0.00025025025025030023,0.263836,1.5539956639733843
kmouflage-kmimic,5_Kmimic_2_scalarCovCls.dat,3023,2,3023.0,1640.34,1640.76,0.42000000000007276,0.00025604447858375263,0.264034,1.5907042274861296
kmouflage-kmimic,5_Kmimic_2_scalarCovCls.dat,3024,2,3024.0,1642.23,1642.65,0.42000000000007276,0.0002557498036207308,0.264223,1.5895663889974483
kmouflage-kmimic,5_Kmimic_2_scalarCovCls.dat,3025,2,3025.0,1644.02,1644.44,0.42000000000007276,0.0002554713446308882,0.264402,1.5884902534779342
kmouflage-kmimic,5_Kmimic_2_scalarCovCls.dat,3026,2,3026.0,1645.7,1646.12,0.4199999999998454,0.00025521054870258577,0.26457,1.5874815738740045
kmouflage-kmimic,5_Kmimic_2_scalarCovCls.dat,3027,2,3027.0,1647.27,1647.69,0.42000000000007276,0.0002549673095485699,0.26472700000000005,1.5865400960237253
kmouflage-kmimic,5_Kmimic_2_scalarCovCls.dat,3028,2,3028.0,1648.73,1649.15,0.42000000000007276,0.0002547415283279086,0.264873,1.5856655831287927
kmouflage-kmimic,5_Kmimic_2_scalarCovCls.dat,3029,2,3029.0,1650.05,1650.47,0.42000000000007276,0.0002545377412806114,0.26500500000000005,1.5848757570614618
kmouflage-kmimic,5_Kmimic_2_scalarCovCls.dat,3030,2,3030.0,1651.24,1651.66,0.42000000000007276,0.00025435430343261593,0.265124,1.5841643910022205
kmouflage-kmimic,5_Kmimic_2_scalarCovCls.dat,3031,2,3031.0,1652.3,1652.72,0.42000000000007276,0.00025419112751925966,0.26523,1.5835312747429504
kmouflage-kmimic,5_Kmimic_2_scalarCovCls.dat,3032,2,3032.0,1653.21,1653.63,0.42000000000007276,0.0002540512094652662,0.26532100000000003,1.5829881539722552
kmouflage-kmimic,5_Kmimic_2_scalarCovCls.dat,3033,2,3033.0,1653.96,1654.38,0.42000000000007276,0.00025393600812599626,0.265396,1.5825408069453675
kmouflage-kmimic,5_Kmimic_2_scalarCovCls.dat,3034,2,3034.0,1654.56,1654.98,0.42000000000007276,0.00025384392225127694,0.265456,1.5821831113256912
kmouflage-kmimic,5_Kmimic_2_scalarCovCls.dat,3035,2,3035.0,1654.99,1655.41,0.42000000000007276,0.0002537779684469832,0.26549900000000004,1.5819268622483424
kmouflage-kmimic,5_Kmimic_2_scalarCovCls.dat,3036,2,3036.0,1655.25,1655.67,0.42000000000007276,0.000253738106026324,0.265525,1.5817719612091996
kmouflage-kmimic,5_Kmimic_2_scalarCovCls.dat,3037,2,3037.0,1655.33,1655.75,0.42000000000007276,0.0002537258431853907,0.265533,1.5817243054538332
kmouflage-kmimic,5_Kmimic_2_scalarCovCls.dat,3038,2,3038.0,1655.23,1655.64,0.41000000000008185,0.0002476997154474495,0.265523,1.5441223547492378
kmouflage-kmimic,5_Kmimic_2_scalarCovCls.dat,3039,2,3039.0,1654.93,1655.35,0.4199999999998454,0.0002537871692457357,0.265493,1.5819626129496651
kmouflage-kmimic,5_Kmimic_2_scalarCovCls.dat,3040,2,3040.0,1654.44,1654.85,0.4099999999998545,0.0002478179927950572,0.265444,1.5445819080478536
kmouflage-kmimic,5_Kmimic_2_scalarCovCls.dat,3041,2,3041.0,1653.74,1654.15,0.41000000000008185,0.0002479228899343802,0.265374,1.5449893358056248
kmouflage-kmimic,5_Kmimic_2_scalarCovCls.dat,3042,2,3042.0,1652.83,1653.24,0.41000000000008185,0.00024805938904792497,0.26528300000000005,1.5455193133373861
kmouflage-kmimic,5_Kmimic_2_scalarCovCls.dat,3043,2,3043.0,1651.71,1652.12,0.4099999999998545,0.00024822759443234857,0.26517100000000005,1.5461720927245226
kmouflage-kmimic,5_Kmimic_2_scalarCovCls.dat,3044,2,3044.0,1650.36,1650.76,0.40000000000009095,0.00024237136139999211,0.265036,1.509228934937484
kmouflage-kmimic,5_Kmimic_2_scalarCovCls.dat,3045,2,3045.0,1648.77,1649.18,0.41000000000008185,0.000248670220831336,0.26487700000000003,1.5478882651195907
kmouflage-kmimic,5_Kmimic_2_scalarCovCls.dat,3046,2,3046.0,1646.96,1647.36,0.3999999999998636,0.00024287171515996963,0.26469600000000004,1.511167528031642
kmouflage-kmimic,5_Kmimic_2_scalarCovCls.dat,3047,2,3047.0,1644.89,1645.29,0.3999999999998636,0.00024317735532458922,0.26448900000000003,1.5123502300657627
kmouflage-kmimic,5_Kmimic_2_scalarCovCls.dat,3048,2,3048.0,1642.58,1642.98,0.40000000000009095,0.0002435193415237559,0.264258,1.513672244549232
kmouflage-kmimic,5_Kmimic_2_scalarCovCls.dat,3049,2,3049.0,1640.01,1640.4,0.39000000000010004,0.00023780342802793888,0.26400100000000004,1.4772671315642742
kmouflage-kmimic,5_Kmimic_2_scalarCovCls.dat,3050,2,3050.0,1637.17,1637.56,0.38999999999987267,0.0002382159458088486,0.263717,1.478858018253934
kmouflage-kmimic,5_Kmimic_2_scalarCovCls.dat,3051,2,3051.0,1634.07,1634.46,0.39000000000010004,0.0002386678661257474,0.263407,1.4805984654929445
kmouflage-kmimic,5_Kmimic_2_scalarCovCls.dat,3052,2,3052.0,1630.71,1631.09,0.37999999999988177,0.00023302733165301112,0.26307100000000005,1.4444769662938206
kmouflage-kmimic,5_Kmimic_2_scalarCovCls.dat,3053,2,3053.0,1627.09,1627.47,0.38000000000010914,0.00023354577804553475,0.26270899999999997,1.4464673840641515
kmouflage-kmimic,5_Kmimic_2_scalarCovCls.dat,3054,2,3054.0,1623.22,1623.59,0.36999999999989086,0.00022794199184330582,0.26232200000000006,1.4104802494639823
kmouflage-kmimic,5_Kmimic_2_scalarCovCls.dat,3055,2,3055.0,1619.1,1619.47,0.37000000000011823,0.00022852201840535994,0.26191,1.4126990187473494
kmouflage-kmimic,5_Kmimic_2_scalarCovCls.dat,3056,2,3056.0,1614.75,1615.12,0.36999999999989086,0.0002291376374051035,0.261475,1.4150492398886734
kmouflage-kmimic,5_Kmimic_2_scalarCovCls.dat,3057,2,3057.0,1610.18,1610.54,0.35999999999989996,0.0002235774882310673,0.26101800000000003,1.3792152265357176
kmouflage-kmimic,5_Kmimic_2_scalarCovCls.dat,3058,2,3058.0,1605.38,1605.73,0.34999999999990905,0.0002180169181127889,0.26053800000000005,1.3433740951412423
kmouflage-kmimic,5_Kmimic_2_scalarCovCls.dat,3059,2,3059.0,1600.36,1600.71,0.3500000000001364,0.00021870079232181287,0.260036,1.3459674814261735
kmouflage-kmimic,5_Kmimic_2_scalarCovCls.dat,3060,2,3060.0,1595.14,1595.49,0.34999999999990905,0.0002194164775505028,0.259514,1.3486748306446243
kmouflage-kmimic,5_Kmimic_2_scalarCovCls.dat,3061,2,3061.0,1589.72,1590.06,0.33999999999991815,0.0002138741413581751,0.258972,1.3128832460648958
kmouflage-kmimic,5_Kmimic_2_scalarCovCls.dat,3062,2,3062.0,1584.1,1584.43,0.3300000000001546,0.00020832018180680175,0.25841000000000003,1.2770403622156827
kmouflage-kmimic,5_Kmimic_2_scalarCovCls.dat,3063,2,3063.0,1578.3,1578.62,0.31999999999993634,0.00020274979408220007,0.25783,1.2411278749561196
kmouflage-kmimic,5_Kmimic_2_scalarCovCls.dat,3064,2,3064.0,1572.31,1572.63,0.3200000000001637,0.00020352220618081912,0.257231,1.2440180227117406
kmouflage-kmimic,5_Kmimic_2_scalarCovCls.dat,3065,2,3065.0,1566.15,1566.47,0.31999999999993634,0.00020432270216769552,0.25661500000000004,1.2470042670924781
kmouflage-kmimic,5_Kmimic_2_scalarCovCls.dat,3066,2,3066.0,1559.82,1560.13,0.3100000000001728,0.00019874088035810083,0.25598200000000004,1.211022650030755
kmouflage-kmimic,5_Kmimic_2_scalarCovCls.dat,3067,2,3067.0,1553.34,1553.64,0.3000000000001819,0.0001931322183167767,0.255334,1.174931658142597
kmouflage-kmimic,5_Kmimic_2_scalarCovCls.dat,3068,2,3068.0,1546.7,1547.0,0.2999999999999545,0.0001939613370401206,0.25467,1.1779950524206013
kmouflage-kmimic,5_Kmimic_2_scalarCovCls.dat,3069,2,3069.0,1539.91,1540.2,0.2899999999999636,0.00018832269418340267,0.253991,1.1417727399788322
kmouflage-kmimic,5_Kmimic_2_scalarCovCls.dat,3070,2,3070.0,1532.99,1533.27,0.2799999999999727,0.00018264959327847716,0.25329900000000005,1.1054129704419389
kmouflage-kmimic,5_Kmimic_2_scalarCovCls.dat,3071,2,3071.0,1525.93,1526.21,0.2799999999999727,0.00018349465571813433,0.252593,1.1085026109194345
kmouflage-kmimic,5_Kmimic_2_scalarCovCls.dat,3072,2,3072.0,1518.75,1519.02,0.2699999999999818,0.0001777777777777658,0.251875,1.0719602977666771
kmouflage-kmimic,5_Kmimic_2_scalarCovCls.dat,3073,2,3073.0,1511.45,1511.71,0.2599999999999909,0.00017202024545965192,0.251145,1.0352585159966987
kmouflage-kmimic,5_Kmimic_2_scalarCovCls.dat,3074,2,3074.0,1504.04,1504.3,0.2599999999999909,0.0001728677428791727,0.250404,1.0383220715323673
kmouflage-kmimic,5_Kmimic_2_scalarCovCls.dat,3075,2,3075.0,1496.52,1496.77,0.25,0.00016705423248603428,0.249652,1.001393940364988
kmouflage-kmimic,5_Kmimic_2_scalarCovCls.dat,3242,2,3242.0,749.805,749.63,0.17499999999995453,0.00023339401577737484,0.1749805,1.000111440988879
kmouflage-kmimic,5_Kmimic_2_scalarCovCls.dat,3243,2,3243.0,748.77,748.593,0.17700000000002092,0.00023638767578832074,0.174877,1.0121399612300126
kmouflage-kmimic,5_Kmimic_2_scalarCovCls.dat,3244,2,3244.0,747.747,747.568,0.17899999999997362,0.000239385781554421,0.1747747,1.0241756959100694
kmouflage-kmimic,5_Kmimic_2_scalarCovCls.dat,3245,2,3245.0,746.733,746.553,0.17999999999994998,0.00024105001386030882,0.1746733,1.0304952159256737
kmouflage-kmimic,5_Kmimic_2_scalarCovCls.dat,3246,2,3246.0,745.73,745.549,0.18100000000004002,0.00024271519182551327,0.174573,1.0368155442138247
kmouflage-kmimic,5_Kmimic_2_scalarCovCls.dat,3247,2,3247.0,744.736,744.553,0.18299999999999272,0.000245724659476637,0.1744736,1.0488692845220866
kmouflage-kmimic,5_Kmimic_2_scalarCovCls.dat,3248,2,3248.0,743.75,743.566,0.18399999999996908,0.0002473949579831517,0.174375,1.05519713261631
kmouflage-kmimic,5_Kmimic_2_scalarCovCls.dat,3249,2,3249.0,742.771,742.586,0.18499999999994543,0.00024906734377075227,0.17427710000000002,1.061527877156238
kmouflage-kmimic,5_Kmimic_2_scalarCovCls.dat,3250,2,3250.0,741.799,741.613,0.18599999999992178,0.0002507417777590989,0.1741799,1.067861446699199
kmouflage-kmimic,5_Kmimic_2_scalarCovCls.dat,3251,2,3251.0,740.834,740.645,0.18899999999996453,0.0002551178806587772,0.1740834,1.0856865157732702
kmouflage-kmimic,5_Kmimic_2_scalarCovCls.dat,3252,2,3252.0,739.873,739.684,0.18900000000007822,0.00025544924601935494,0.1739873,1.0862861829574815
kmouflage-kmimic,5_Kmimic_2_scalarCovCls.dat,3253,2,3253.0,738.917,738.727,0.19000000000005457,0.0002571330744861122,0.1738917,1.092634093519441
kmouflage-kmimic,5_Kmimic_2_scalarCovCls.dat,3254,2,3254.0,737.966,737.774,0.19200000000000728,0.0002601745879891584,0.17379660000000002,1.1047396784517491
kmouflage-kmimic,5_Kmimic_2_scalarCovCls.dat,3255,2,3255.0,737.019,736.825,0.19399999999995998,0.0002632225220787524,0.17370190000000002,1.1168559468834824
kmouflage-kmimic,5_Kmimic_2_scalarCovCls.dat,3256,2,3256.0,736.074,735.88,0.19399999999995998,0.0002635604572365822,0.17360740000000002,1.117463886907816
kmouflage-kmimic,5_Kmimic_2_scalarCovCls.dat,3257,2,3257.0,735.133,734.938,0.19500000000005002,0.00026525812336005865,0.1735133,1.1238331586111843
kmouflage-kmimic,5_Kmimic_2_scalarCovCls.dat,3258,2,3258.0,734.194,733.997,0.19700000000000273,0.0002683214518233638,0.1734194,1.1359744065542998
kmouflage-kmimic,5_Kmimic_2_scalarCovCls.dat,3259,2,3259.0,733.257,733.059,0.19799999999997908,0.0002700281074711583,0.1733257,1.1423579999964175
kmouflage-kmimic,5_Kmimic_2_scalarCovCls.dat,3260,2,3260.0,732.32,732.122,0.19800000000009277,0.00027037360716639276,0.173232,1.1429758935998706
kmouflage-kmimic,5_Kmimic_2_scalarCovCls.dat,3261,2,3261.0,731.385,731.185,0.20000000000004547,0.0002734537897277706,0.17313850000000003,1.1551445807838547
kmouflage-kmimic,5_Kmimic_2_scalarCovCls.dat,3262,2,3262.0,730.45,730.249,0.20100000000002183,0.00027517283866112916,0.173045,1.1615475743305026
kmouflage-kmimic,5_Kmimic_2_scalarCovCls.dat,3263,2,3263.0,729.514,729.313,0.20100000000002183,0.0002755258980636723,0.1729514,1.1621761951624665
kmouflage-kmimic,5_Kmimic_2_scalarCovCls.dat,3264,2,3264.0,728.578,728.376,0.20199999999999818,0.00027725240125284895,0.1728578,1.1685905987464735
kmouflage-kmimic,5_Kmimic_2_scalarCovCls.dat,3265,2,3265.0,727.64,727.437,0.20299999999997453,0.00027898411302288844,0.172764,1.175013312958571
kmouflage-kmimic,5_Kmimic_2_scalarCovCls.dat,3266,2,3266.0,726.7,726.497,0.20300000000008822,0.00027934498417515923,0.17267000000000002,1.175652979672718
kmouflage-kmimic,5_Kmimic_2_scalarCovCls.dat,3267,2,3267.0,725.758,725.554,0.20400000000006457,0.0002810854306808393,0.1725758,1.182089261646561
kmouflage-kmimic,5_Kmimic_2_scalarCovCls.dat,3268,2,3268.0,724.813,724.608,0.20500000000004093,0.0002828315717295922,0.1724813,1.1885346411468427
kmouflage-kmimic,5_Kmimic_2_scalarCovCls.dat,3269,2,3269.0,723.865,723.659,0.20600000000001728,0.0002845834513341815,0.1723865,1.1949891667852024
kmouflage-kmimic,5_Kmimic_2_scalarCovCls.dat,3270,2,3270.0,722.912,722.706,0.20600000000001728,0.00028495861183659596,0.17229120000000003,1.1956501550863725
kmouflage-kmimic,5_Kmimic_2_scalarCovCls.dat,3271,2,3271.0,721.956,721.749,0.20699999999999363,0.0002867210744144984,0.1721956,1.2021213085583697
kmouflage-kmimic,5_Kmimic_2_scalarCovCls.dat,3272,2,3272.0,720.994,720.787,0.20699999999999363,0.00028710363747825034,0.1720994,1.202793269470978
kmouflage-kmimic,5_Kmimic_2_scalarCovCls.dat,3273,2,3273.0,720.026,719.819,0.20699999999999363,0.00028748961843043673,0.1720026,1.2034701801018917
kmouflage-kmimic,5_Kmimic_2_scalarCovCls.dat,3274,2,3274.0,719.053,718.846,0.20699999999999363,0.0002878786403783777,0.1719053,1.204151355426468
kmouflage-kmimic,5_Kmimic_2_scalarCovCls.dat,3275,2,3275.0,718.073,717.866,0.20699999999999363,0.0002882715267110637,0.1718073,1.2048382111819091
kmouflage-kmimic,5_Kmimic_2_scalarCovCls.dat,3276,2,3276.0,717.086,716.879,0.20699999999999363,0.00028866830477793966,0.17170860000000002,1.2055307654945275
kmouflage-kmimic,5_Kmimic_2_scalarCovCls.dat,3277,2,3277.0,716.092,715.884,0.20799999999997,0.00029046547091710284,0.17160920000000002,1.2120562300853914
kmouflage-kmimic,5_Kmimic_2_scalarCovCls.dat,3278,2,3278.0,715.089,714.882,0.20700000000010732,0.00028947445702577905,0.17150890000000002,1.2069344506326336
kmouflage-kmimic,5_Kmimic_2_scalarCovCls.dat,3279,2,3279.0,714.078,713.871,0.20699999999999363,0.0002898842983539524,0.1714078,1.2076463264798547
kmouflage-kmimic,5_Kmimic_2_scalarCovCls.dat,3280,2,3280.0,713.057,712.85,0.20699999999999363,0.00029029937298139365,0.1713057,1.2083660963995573
kmouflage-kmimic,5_Kmimic_2_scalarCovCls.dat,3281,2,3281.0,712.027,711.821,0.20600000000001728,0.00028931487148663924,0.1712027,1.2032520515156435
kmouflage-kmimic,5_Kmimic_2_scalarCovCls.dat,3282,2,3282.0,710.987,710.781,0.20600000000001728,0.00028973806834726556,0.1710987,1.2039834317853806
kmouflage-kmimic,5_Kmimic_2_scalarCovCls.dat,3283,2,3283.0,709.936,709.731,0.20500000000004093,0.00028875842329455177,0.17099360000000002,1.1988752795428654
kmouflage-kmimic,5_Kmimic_2_scalarCovCls.dat,3284,2,3284.0,708.874,708.669,0.20500000000004093,0.00028919102689623394,0.17088740000000002,1.1996203347937935
kmouflage-kmimic,5_Kmimic_2_scalarCovCls.dat,3285,2,3285.0,707.8,707.596,0.2039999999999509,0.0002882170104548614,0.17078,1.1945192645505966
kmouflage-kmimic,5_Kmimic_2_scalarCovCls.dat,3286,2,3286.0,706.715,706.511,0.20400000000006457,0.0002886595020624503,0.17067150000000003,1.1952786493355043
kmouflage-kmimic,5_Kmimic_2_scalarCovCls.dat,3287,2,3287.0,705.616,705.414,0.20199999999999818,0.00028627468764880356,0.1705616,1.1843228487537534
kmouflage-kmimic,5_Kmimic_2_scalarCovCls.dat,3288,2,3288.0,704.504,704.303,0.20100000000002183,0.00028530710968287167,0.1704504,1.1792286788415975
kmouflage-kmimic,5_Kmimic_2_scalarCovCls.dat,3289,2,3289.0,703.378,703.178,0.20000000000004547,0.0002843421318267638,0.1703378,1.1741375079403717
kmouflage-kmimic,5_Kmimic_2_scalarCovCls.dat,3290,2,3290.0,702.238,702.039,0.19900000000006912,0.00028337970887372816,0.1702238,1.169049216384954
kmouflage-kmimic,5_Kmimic_2_scalarCovCls.dat,3291,2,3291.0,701.083,700.886,0.19700000000000273,0.0002809938338256708,0.1701083,1.158085760659549
kmouflage-kmimic,5_Kmimic_2_scalarCovCls.dat,3292,2,3292.0,699.913,699.717,0.19600000000002638,0.00028003480432571814,0.1699913,1.1530001829506944
kmouflage-kmimic,5_Kmimic_2_scalarCovCls.dat,3293,2,3293.0,698.727,698.533,0.19399999999995998,0.0002776477794617354,0.1698727,1.1420316507594217
kmouflage-kmimic,5_Kmimic_2_scalarCovCls.dat,3294,2,3294.0,697.525,697.332,0.19299999999998363,0.0002766925916633578,0.1697525,1.1369493821886785
kmouflage-kmimic,5_Kmimic_2_scalarCovCls.dat,3295,2,3295.0,696.306,696.115,0.19100000000003092,0.00027430468788152177,0.16963060000000002,1.1259760915779988
kmouflage-kmimic,5_Kmimic_2_scalarCovCls.dat,3296,2,3296.0,695.069,694.88,0.18899999999996453,0.00027191545012072836,0.16950690000000002,1.1149988584533403
kmouflage-kmimic,5_Kmimic_2_scalarCovCls.dat,3297,2,3297.0,693.815,693.628,0.18700000000001182,0.00026952429682265705,0.16938150000000002,1.104016672422973
kmouflage-kmimic,5_Kmimic_2_scalarCovCls.dat,3298,2,3298.0,692.542,692.357,0.18500000000005912,0.00026713181294428225,0.16925420000000002,1.0930304831434559
kmouflage-kmimic,5_Kmimic_2_scalarCovCls.dat,3299,2,3299.0,691.25,691.068,0.18200000000001637,0.00026329113924053,0.16912500000000003,1.0761271249077093
kmouflage-kmimic,5_Kmimic_2_scalarCovCls.dat,3300,2,3300.0,689.939,689.759,0.17999999999994998,0.0002608926296381999,0.1689939,1.0651272028159002
kmouflage-kmimic,5_Kmimic_2_scalarCovCls.dat,3301,2,3301.0,688.608,688.43,0.17799999999999727,0.00025849249500441076,0.1688608,1.0541226856677053
kmouflage-kmimic,5_Kmimic_2_scalarCovCls.dat,3302,2,3302.0,687.257,687.082,0.17499999999995453,0.0002546354566049593,0.1687257,1.0371863918771977
kmouflage-kmimic,5_Kmimic_2_scalarCovCls.dat,3303,2,3303.0,685.887,685.714,0.17299999999988813,0.00025222813670457107,0.1685887,1.0261660479017165
kmouflage-kmimic,5_Kmimic_2_scalarCovCls.dat,3304,2,3304.0,684.496,684.327,0.16899999999998272,0.0002468969869801763,0.1684496,1.003267446167772
kmouflage-kmimic,5_Kmimic_2_totCls.dat,2429,2,2429.0,779.386,779.564,0.17799999999999727,0.00022838490811997813,0.1779386,1.0003450628475061
kmouflage-kmimic,5_Kmimic_2_totCls.dat,2435,2,2435.0,784.579,784.758,0.1790000000000873,0.00022814783469872035,0.1784579,1.0030376912430736
kmouflage-kmimic,5_Kmimic_2_totCls.dat,2436,2,2436.0,785.445,785.624,0.17899999999997362,0.0002278962880914305,0.1785445,1.0025511847185078
kmouflage-kmimic,5_Kmimic_2_totCls.dat,2437,2,2437.0,786.311,786.49,0.17899999999997362,0.00022764529556368107,0.17863110000000001,1.0020651499093585
kmouflage-kmimic,5_Kmimic_2_totCls.dat,2438,2,2438.0,787.177,787.357,0.17999999999994998,0.00022866521760665006,0.1787177,1.007175002811417
kmouflage-kmimic,5_Kmimic_2_totCls.dat,2439,2,2439.0,788.043,788.223,0.17999999999994998,0.00022841393172701234,0.17880430000000003,1.0066871993567825
kmouflage-kmimic,5_Kmimic_2_totCls.dat,2440,2,2440.0,788.911,789.091,0.18000000000006366,0.00022816261910413681,0.1788911,1.0061987432581256
kmouflage-kmimic,5_Kmimic_2_totCls.dat,2441,2,2441.0,789.778,789.959,0.18099999999992633,0.0002291783260611543,0.17897780000000002,1.0112986079833717
kmouflage-kmimic,5_Kmimic_2_totCls.dat,2442,2,2442.0,790.647,790.828,0.18099999999992633,0.00022892643619709722,0.17906470000000002,1.0108078253275286
kmouflage-kmimic,5_Kmimic_2_totCls.dat,2443,2,2443.0,791.516,791.697,0.18100000000004002,0.0002286750994294999,0.17915160000000002,1.0103175187943618
kmouflage-kmimic,5_Kmimic_2_totCls.dat,2444,2,2444.0,792.386,792.567,0.18100000000004002,0.0002284240256643101,0.17923860000000003,1.0098271242915309
kmouflage-kmimic,5_Kmimic_2_totCls.dat,2445,2,2445.0,793.257,793.439,0.18200000000001637,0.0002294338404829915,0.1793257,1.0149130883081252
kmouflage-kmimic,5_Kmimic_2_totCls.dat,2446,2,2446.0,794.129,794.311,0.18200000000001637,0.0002291819087327328,0.17941290000000001,1.0144198103927664
kmouflage-kmimic,5_Kmimic_2_totCls.dat,2447,2,2447.0,795.003,795.185,0.18199999999990268,0.00022892995372332265,0.1795003,1.0139258820174823
kmouflage-kmimic,5_Kmimic_2_totCls.dat,2448,2,2448.0,795.878,796.06,0.18199999999990268,0.00022867826475904936,0.17958780000000002,1.0134318700930836
kmouflage-kmimic,5_Kmimic_2_totCls.dat,2449,2,2449.0,796.754,796.936,0.18200000000001637,0.00022842684191107465,0.1796754,1.0129377755664735
kmouflage-kmimic,5_Kmimic_2_totCls.dat,2450,2,2450.0,797.632,797.815,0.1830000000001064,0.00022942911016622506,0.1797632,1.0180059099977437
kmouflage-kmimic,5_Kmimic_2_totCls.dat,2451,2,2451.0,798.51,798.694,0.18399999999996908,0.00023042917433716432,0.179851,1.0230690960849207
kmouflage-kmimic,5_Kmimic_2_totCls.dat,2452,2,2452.0,799.392,799.575,0.18299999999999272,0.00022892398222648303,0.17993920000000002,1.0170101901086184
kmouflage-kmimic,5_Kmimic_2_totCls.dat,2453,2,2453.0,800.274,800.457,0.18299999999999272,0.00022867167994960815,0.1800274,1.0165119309615798
kmouflage-kmimic,5_Kmimic_2_totCls.dat,2454,2,2454.0,801.158,801.342,0.18399999999996908,0.00022966755621234397,0.1801158,1.0215650153954794
kmouflage-kmimic,5_Kmimic_2_totCls.dat,2455,2,2455.0,802.044,802.228,0.18399999999996908,0.00022941384761929404,0.18020440000000001,1.021062748745142
kmouflage-kmimic,5_Kmimic_2_totCls.dat,2456,2,2456.0,802.932,803.116,0.18399999999996908,0.00022916012813036356,0.18029320000000001,1.0205598436323116
kmouflage-kmimic,5_Kmimic_2_totCls.dat,2457,2,2457.0,803.822,804.007,0.18499999999994543,0.000230150456195458,0.1803822,1.0256000869262347
kmouflage-kmimic,5_Kmimic_2_totCls.dat,2458,2,2458.0,804.714,804.899,0.18499999999994543,0.00022989534169897058,0.1804714,1.0250931726575259
kmouflage-kmimic,5_Kmimic_2_totCls.dat,2459,2,2459.0,805.607,805.793,0.18600000000003547,0.00023088180713429188,0.18056070000000002,1.0301244955299544
kmouflage-kmimic,5_Kmimic_2_totCls.dat,2460,2,2460.0,806.504,806.689,0.18499999999994543,0.00022938509914389194,0.18065040000000002,1.024077444610947
kmouflage-kmimic,5_Kmimic_2_totCls.dat,2461,2,2461.0,807.402,807.588,0.18599999999992178,0.00023036851531197815,0.18074020000000002,1.0291014395243656
kmouflage-kmimic,5_Kmimic_2_totCls.dat,2462,2,2462.0,808.302,808.488,0.18600000000003547,0.00023011201258939785,0.1808302,1.0285892511319208
kmouflage-kmimic,5_Kmimic_2_totCls.dat,2463,2,2463.0,809.206,809.392,0.18600000000003547,0.00022985494422932538,0.18092060000000001,1.0280752993303994
kmouflage-kmimic,5_Kmimic_2_totCls.dat,2464,2,2464.0,810.111,810.298,0.18700000000001182,0.0002308325649201305,0.1810111,1.03308581628426
kmouflage-kmimic,5_Kmimic_2_totCls.dat,2465,2,2465.0,811.019,811.206,0.18700000000001182,0.0002305741295826754,0.1811019,1.0325678526841067
kmouflage-kmimic,5_Kmimic_2_totCls.dat,2466,2,2466.0,811.929,812.116,0.18700000000001182,0.00023031570494465875,0.1811929,1.0320492690387528
kmouflage-kmimic,5_Kmimic_2_totCls.dat,2467,2,2467.0,812.842,813.03,0.18799999999998818,0.00023128726123894703,0.1812842,1.03704569951484
kmouflage-kmimic,5_Kmimic_2_totCls.dat,2468,2,2468.0,813.758,813.946,0.18799999999998818,0.0002310269146355405,0.18137580000000003,1.0365219615846664
kmouflage-kmimic,5_Kmimic_2_totCls.dat,2469,2,2469.0,814.677,814.865,0.18799999999998818,0.00023076630370071595,0.1814677,1.0359970396935
kmouflage-kmimic,5_Kmimic_2_totCls.dat,2470,2,2470.0,815.598,815.786,0.18799999999998818,0.00023050571482518127,0.1815598,1.0354715085607507
kmouflage-kmimic,5_Kmimic_2_totCls.dat,2471,2,2471.0,816.522,816.711,0.18899999999996453,0.0002314695746103161,0.1816522,1.0404498266465505
kmouflage-kmimic,5_Kmimic_2_totCls.dat,2472,2,2472.0,817.449,817.639,0.19000000000005457,0.00023243040238602602,0.1817449,1.0454213570782707
kmouflage-kmimic,5_Kmimic_2_totCls.dat,2473,2,2473.0,818.38,818.569,0.18899999999996453,0.000230944060216482,0.181838,1.0393867068487583
kmouflage-kmimic,5_Kmimic_2_totCls.dat,2474,2,2474.0,819.312,819.502,0.18999999999994088,0.00023190188841362128,0.18193120000000002,1.0443508315228003
kmouflage-kmimic,5_Kmimic_2_totCls.dat,2475,2,2475.0,820.249,820.439,0.18999999999994088,0.00023163697852718,0.18202490000000002,1.0438132365403903
kmouflage-kmimic,5_Kmimic_2_totCls.dat,2476,2,2476.0,821.188,821.378,0.19000000000005457,0.00023137210967531745,0.18211880000000003,1.0432750490342269
kmouflage-kmimic,5_Kmimic_2_totCls.dat,2477,2,2477.0,822.131,822.321,0.19000000000005457,0.00023110672143497152,0.18221310000000002,1.0427351271673362
kmouflage-kmimic,5_Kmimic_2_totCls.dat,2478,2,2478.0,823.077,823.268,0.19100000000003092,0.0002320560530789111,0.18230770000000002,1.0476792806888076
kmouflage-kmimic,5_Kmimic_2_totCls.dat,2479,2,2479.0,824.027,824.218,0.19099999999991724,0.00023178852149252055,0.18240270000000003,1.0471336224733363
kmouflage-kmimic,5_Kmimic_2_totCls.dat,2480,2,2480.0,824.979,825.171,0.19200000000000728,0.00023273319684501942,0.18249790000000002,1.0520669004958811
kmouflage-kmimic,5_Kmimic_2_totCls.dat,2481,2,2481.0,825.936,826.127,0.19099999999991724,0.00023125278471929694,0.18259360000000002,1.04603885349715
kmouflage-kmimic,5_Kmimic_2_totCls.dat,2482,2,2482.0,826.896,827.088,0.19200000000000728,0.0002321936495036949,0.1826896,1.0509629447982112
kmouflage-kmimic,5_Kmimic_2_totCls.dat,2483,2,2483.0,827.859,828.052,0.19299999999998363,0.00023313148736679026,0.1827859,1.0558801307977455
kmouflage-kmimic,5_Kmimic_2_totCls.dat,2484,2,2484.0,828.826,829.019,0.19299999999998363,0.00023285949041171926,0.1828826,1.0553218294139717
kmouflage-kmimic,5_Kmimic_2_totCls.dat,2485,2,2485.0,829.797,829.99,0.19299999999998363,0.00023258700621957374,0.18297970000000002,1.0547618123758187
kmouflage-kmimic,5_Kmimic_2_totCls.dat,2486,2,2486.0,830.772,830.966,0.19399999999995998,0.00023351774012600324,0.1830772,1.0596622626955186
kmouflage-kmimic,5_Kmimic_2_totCls.dat,2487,2,2487.0,831.751,831.944,0.19299999999998363,0.0002320405986887706,0.1831751,1.0536366569472795
kmouflage-kmimic,5_Kmimic_2_totCls.dat,2488,2,2488.0,832.733,832.927,0.19400000000007367,0.00023296783002483832,0.1832733,1.058528438130779
kmouflage-kmimic,5_Kmimic_2_totCls.dat,2489,2,2489.0,833.719,833.914,0.19499999999993634,0.00023389175489575784,0.18337190000000003,1.0634126602818441
kmouflage-kmimic,5_Kmimic_2_totCls.dat,2490,2,2490.0,834.71,834.904,0.19399999999995998,0.00023241604868752018,0.183471,1.0573878160579055
kmouflage-kmimic,5_Kmimic_2_totCls.dat,2491,2,2491.0,835.705,835.899,0.19399999999995998,0.0002321393314626094,0.18357050000000003,1.056814684276395
kmouflage-kmimic,5_Kmimic_2_totCls.dat,2492,2,2492.0,836.703,836.898,0.19500000000005002,0.00023305760825531884,0.1836703,1.0616849866312084
kmouflage-kmimic,5_Kmimic_2_totCls.dat,2493,2,2493.0,837.705,837.901,0.1959999999999127,0.00023397257984602296,0.1837705,1.0665476776735803
kmouflage-kmimic,5_Kmimic_2_totCls.dat,2494,2,2494.0,838.712,838.908,0.19600000000002638,0.00023369166054620224,0.1838712,1.0659635658005515
kmouflage-kmimic,5_Kmimic_2_totCls.dat,2495,2,2495.0,839.723,839.919,0.19600000000002638,0.00023341030315952567,0.1839723,1.0653777769806996
kmouflage-kmimic,5_Kmimic_2_totCls.dat,2496,2,2496.0,840.738,840.934,0.1959999999999127,0.00023312851328227422,0.1840738,1.0647903177959746
kmouflage-kmimic,5_Kmimic_2_totCls.dat,2497,2,2497.0,841.757,841.954,0.19700000000000273,0.00023403428780515367,0.1841757,1.0696307927701794
kmouflage-kmimic,5_Kmimic_2_totCls.dat,2498,2,2498.0,842.781,842.978,0.19700000000000273,0.00023374993029031592,0.1842781,1.0690364183264465
kmouflage-kmimic,5_Kmimic_2_totCls.dat,2499,2,2499.0,843.809,844.007,0.19799999999997908,0.00023465025853004542,0.18438090000000001,1.0738639414385063
kmouflage-kmimic,5_Kmimic_2_totCls.dat,2500,2,2500.0,844.841,845.039,0.19799999999997908,0.00023436362581832448,0.1844841,1.0732632243102742
kmouflage-kmimic,5_Kmimic_2_totCls.dat,2501,2,2501.0,845.878,846.076,0.19799999999997908,0.00023407630887666906,0.18458780000000002,1.0726602733223922
kmouflage-kmimic,5_Kmimic_2_totCls.dat,2502,2,2502.0,846.92,847.118,0.19800000000009277,0.00023378831530734045,0.18469200000000002,1.0720550971351912
kmouflage-kmimic,5_Kmimic_2_totCls.dat,2503,2,2503.0,847.965,848.164,0.19899999999995543,0.0002346794973848631,0.18479650000000003,1.076860221919546
kmouflage-kmimic,5_Kmimic_2_totCls.dat,2504,2,2504.0,849.016,849.215,0.19900000000006912,0.00023438898678007143,0.1849016,1.0762481233265107
kmouflage-kmimic,5_Kmimic_2_totCls.dat,2505,2,2505.0,850.07,850.27,0.1999999999999318,0.00023527474207998375,0.18500700000000003,1.081040176857804
kmouflage-kmimic,5_Kmimic_2_totCls.dat,2506,2,2506.0,851.129,851.329,0.1999999999999318,0.00023498200625279104,0.18511290000000002,1.0804217318184295
kmouflage-kmimic,5_Kmimic_2_totCls.dat,2507,2,2507.0,852.193,852.393,0.20000000000004547,0.00023468862100491965,0.1852193,1.0798010790454637
kmouflage-kmimic,5_Kmimic_2_totCls.dat,2508,2,2508.0,853.262,853.462,0.20000000000004547,0.00023439459392313907,0.1853262,1.0791782273636727
kmouflage-kmimic,5_Kmimic_2_totCls.dat,2509,2,2509.0,854.335,854.535,0.1999999999999318,0.00023410020659335248,0.18543350000000003,1.0785537672531218
kmouflage-kmimic,5_Kmimic_2_totCls.dat,2510,2,2510.0,855.412,855.613,0.20100000000002183,0.0002349744918238484,0.18554120000000002,1.0833173440724853
kmouflage-kmimic,5_Kmimic_2_totCls.dat,2511,2,2511.0,856.494,856.696,0.20199999999999818,0.00023584520148418807,0.18564940000000002,1.0880724634714583
kmouflage-kmimic,5_Kmimic_2_totCls.dat,2512,2,2512.0,857.581,857.783,0.20199999999999818,0.00023554626326842382,0.1857581,1.0874357565026675
kmouflage-kmimic,5_Kmimic_2_totCls.dat,2513,2,2513.0,858.672,858.875,0.20299999999997453,0.00023641157508335492,0.1858672,1.0921776408100758
kmouflage-kmimic,5_Kmimic_2_totCls.dat,2514,2,2514.0,859.768,859.971,0.20299999999997453,0.00023611020647427506,0.1859768,1.0915339977888345
kmouflage-kmimic,5_Kmimic_2_totCls.dat,2515,2,2515.0,860.869,861.072,0.20299999999997453,0.00023580823563164026,0.1860869,1.090888181811694
kmouflage-kmimic,5_Kmimic_2_totCls.dat,2516,2,2516.0,861.975,862.178,0.20299999999997453,0.00023550567011801333,0.18619750000000002,1.0902402019359794
kmouflage-kmimic,5_Kmimic_2_totCls.dat,2517,2,2517.0,863.084,863.288,0.20400000000006457,0.0002363616982820497,0.18630839999999999,1.094958681412457
kmouflage-kmimic,5_Kmimic_2_totCls.dat,2518,2,2518.0,864.199,864.403,0.20400000000006457,0.00023605674156075692,0.1864199,1.0943037733635979
kmouflage-kmimic,5_Kmimic_2_totCls.dat,2519,2,2519.0,865.318,865.522,0.20400000000006457,0.00023575148095851997,0.18653180000000003,1.0936473030339307
kmouflage-kmimic,5_Kmimic_2_totCls.dat,2520,2,2520.0,866.442,866.647,0.20500000000004093,0.0002365997954854923,0.1866442,1.0983464795586517
kmouflage-kmimic,5_Kmimic_2_totCls.dat,2521,2,2521.0,867.571,867.776,0.20499999999992724,0.00023629190002884748,0.1867571,1.097682497746684
kmouflage-kmimic,5_Kmimic_2_totCls.dat,2522,2,2522.0,868.704,868.909,0.20500000000004093,0.00023598371827462627,0.1868704,1.0970169700500503
kmouflage-kmimic,5_Kmimic_2_totCls.dat,2523,2,2523.0,869.842,870.047,0.20500000000004093,0.0002356749846524322,0.1869842,1.0963493172152563
kmouflage-kmimic,5_Kmimic_2_totCls.dat,2524,2,2524.0,870.984,871.19,0.20600000000001728,0.0002365141035886047,0.1870984,1.1010249152318634
kmouflage-kmimic,5_Kmimic_2_totCls.dat,2525,2,2525.0,872.131,872.337,0.20600000000001728,0.00023620304747797897,0.18721310000000002,1.100350349414743
kmouflage-kmimic,5_Kmimic_2_totCls.dat,2526,2,2526.0,873.283,873.489,0.20600000000001728,0.00023589145786648462,0.1873283,1.0996736745062934
kmouflage-kmimic,5_Kmimic_2_totCls.dat,2527,2,2527.0,874.439,874.646,0.20699999999999363,0.0002367232019614789,0.1874439,1.1043304156603317
kmouflage-kmimic,5_Kmimic_2_totCls.dat,2528,2,2528.0,875.6,875.807,0.20699999999999363,0.0002364093193238849,0.18756,1.1036468330134017
kmouflage-kmimic,5_Kmimic_2_totCls.dat,2529,2,2529.0,876.766,876.973,0.20699999999999363,0.00023609492156401326,0.18767660000000003,1.1029611576509464
kmouflage-kmimic,5_Kmimic_2_totCls.dat,2530,2,2530.0,877.936,878.143,0.20699999999999363,0.00023578028466766782,0.1877936,1.102273985907899
kmouflage-kmimic,5_Kmimic_2_totCls.dat,2531,2,2531.0,879.11,879.318,0.20799999999997,0.00023660292796119937,0.187911,1.10690699320407
kmouflage-kmimic,5_Kmimic_2_totCls.dat,2532,2,2532.0,880.289,880.498,0.20900000000006003,0.00023742202844754395,0.1880289,1.1115312592907793
kmouflage-kmimic,5_Kmimic_2_totCls.dat,2533,2,2533.0,881.473,881.682,0.20900000000006003,0.00023710312170657527,0.18814730000000002,1.1108317791435753
kmouflage-kmimic,5_Kmimic_2_totCls.dat,2534,2,2534.0,882.661,882.87,0.20900000000006003,0.0002367839974804144,0.1882661,1.1101308201532831
kmouflage-kmimic,5_Kmimic_2_totCls.dat,2535,2,2535.0,883.854,884.063,0.20899999999994634,0.0002364643934404849,0.1883854,1.1094278006679197
kmouflage-kmimic,5_Kmimic_2_totCls.dat,2536,2,2536.0,885.051,885.261,0.2099999999999227,0.00023727446214955148,0.1885051,1.114028214620839
kmouflage-kmimic,5_Kmimic_2_totCls.dat,2537,2,2537.0,886.252,886.462,0.21000000000003638,0.00023695292083971195,0.1886252,1.1133188990656413
kmouflage-kmimic,5_Kmimic_2_totCls.dat,2538,2,2538.0,887.458,887.669,0.21100000000001273,0.00023775773050669748,0.18874580000000002,1.1179056699540477
kmouflage-kmimic,5_Kmimic_2_totCls.dat,2539,2,2539.0,888.668,888.879,0.21100000000001273,0.0002374340023495982,0.1888668,1.1171894689803223
kmouflage-kmimic,5_Kmimic_2_totCls.dat,2540,2,2540.0,889.883,890.094,0.21100000000001273,0.00023710982230249676,0.1889883,1.1164712312879301
kmouflage-kmimic,5_Kmimic_2_totCls.dat,2541,2,2541.0,891.102,891.313,0.21100000000001273,0.00023678546339253278,0.1891102,1.1157515564999283
kmouflage-kmimic,5_Kmimic_2_totCls.dat,2542,2,2542.0,892.325,892.537,0.21199999999998909,0.00023758159863277288,0.18923250000000003,1.1203149564688362
kmouflage-kmimic,5_Kmimic_2_totCls.dat,2543,2,2543.0,893.552,893.764,0.21199999999998909,0.00023725535838987444,0.1893552,1.1195890052134247
kmouflage-kmimic,5_Kmimic_2_totCls.dat,2544,2,2544.0,894.784,894.996,0.21199999999998909,0.000236928688934971,0.1894784,1.1188610416806828
kmouflage-kmimic,5_Kmimic_2_totCls.dat,2545,2,2545.0,896.02,896.232,0.21199999999998909,0.00023660186156557788,0.189602,1.1181316652777349
kmouflage-kmimic,5_Kmimic_2_totCls.dat,2546,2,2546.0,897.26,897.473,0.21299999999996544,0.00023738938546236926,0.189726,1.1226716422628709
kmouflage-kmimic,5_Kmimic_2_totCls.dat,2547,2,2547.0,898.504,898.717,0.21299999999996544,0.00023706071425387692,0.18985040000000003,1.121936008562349
kmouflage-kmimic,5_Kmimic_2_totCls.dat,2548,2,2548.0,899.752,899.966,0.21400000000005548,0.00023784331682514235,0.1899752,1.1264628225160729
kmouflage-kmimic,5_Kmimic_2_totCls.dat,2549,2,2549.0,901.004,901.218,0.2139999999999418,0.00023751281903292525,0.1901004,1.1257209348320245
kmouflage-kmimic,5_Kmimic_2_totCls.dat,2550,2,2550.0,902.26,902.475,0.21500000000003183,0.00023829051492921312,0.190226,1.1302345630987973
kmouflage-kmimic,5_Kmimic_2_totCls.dat,2551,2,2551.0,903.52,903.735,0.21500000000003183,0.00023795820789803418,0.19035200000000002,1.1294864251493644
kmouflage-kmimic,5_Kmimic_2_totCls.dat,2552,2,2552.0,904.785,905.0,0.21500000000003183,0.00023762551324351292,0.1904785,1.128736314072359
kmouflage-kmimic,5_Kmimic_2_totCls.dat,2553,2,2553.0,906.053,906.268,0.21500000000003183,0.00023729296189078545,0.1906053,1.127985423280632
kmouflage-kmimic,5_Kmimic_2_totCls.dat,2554,2,2554.0,907.325,907.541,0.21600000000000819,0.00023806243628248772,0.19073250000000003,1.1324761118320588
kmouflage-kmimic,5_Kmimic_2_totCls.dat,2555,2,2555.0,908.6,908.817,0.21699999999998454,0.00023882896764250994,0.19086000000000003,1.1369590275593864
kmouflage-kmimic,5_Kmimic_2_totCls.dat,2556,2,2556.0,909.88,910.097,0.21699999999998454,0.00023849298808632406,0.190988,1.1361970385573155
kmouflage-kmimic,5_Kmimic_2_totCls.dat,2557,2,2557.0,911.164,911.381,0.21699999999998454,0.00023815690698928462,0.19111640000000002,1.1354336938116483
kmouflage-kmimic,5_Kmimic_2_totCls.dat,2558,2,2558.0,912.451,912.668,0.21699999999998454,0.00023782098983943744,0.1912451,1.134669594148998
kmouflage-kmimic,5_Kmimic_2_totCls.dat,2559,2,2559.0,913.742,913.96,0.21800000000007458,0.00023857938017522953,0.1913742,1.1391295169363194
kmouflage-kmimic,5_Kmimic_2_totCls.dat,2560,2,2560.0,915.037,915.255,0.2179999999999609,0.0002382417323014926,0.1915037,1.1383592066365344
kmouflage-kmimic,5_Kmimic_2_totCls.dat,2561,2,2561.0,916.336,916.555,0.21899999999993724,0.00023899530303288013,0.19163360000000002,1.142805854505354
kmouflage-kmimic,5_Kmimic_2_totCls.dat,2562,2,2562.0,917.639,917.858,0.21899999999993724,0.00023865594204249956,0.19176390000000001,1.1420293392027239
kmouflage-kmimic,5_Kmimic_2_totCls.dat,2563,2,2563.0,918.945,919.164,0.21899999999993724,0.00023831676542114842,0.19189450000000002,1.1412520942493778
kmouflage-kmimic,5_Kmimic_2_totCls.dat,2564,2,2564.0,920.255,920.474,0.21900000000005093,0.0002379775171012936,0.19202550000000002,1.1404735308594478
kmouflage-kmimic,5_Kmimic_2_totCls.dat,2565,2,2565.0,921.569,921.788,0.21900000000005093,0.0002376382018058886,0.19215690000000002,1.1396936565902702
kmouflage-kmimic,5_Kmimic_2_totCls.dat,2566,2,2566.0,922.886,923.106,0.22000000000002728,0.0002383826388091566,0.1922886,1.1441135875971185
kmouflage-kmimic,5_Kmimic_2_totCls.dat,2567,2,2567.0,924.207,924.427,0.22000000000002728,0.00023804191052440339,0.1924207,1.1433281346550932
kmouflage-kmimic,5_Kmimic_2_totCls.dat,2568,2,2568.0,925.531,925.752,0.22100000000000364,0.00023878184523263256,0.1925531,1.1477353519626723
kmouflage-kmimic,5_Kmimic_2_totCls.dat,2569,2,2569.0,926.86,927.081,0.22100000000000364,0.0002384394622704655,0.19268600000000002,1.1469437322898581
kmouflage-kmimic,5_Kmimic_2_totCls.dat,2570,2,2570.0,928.191,928.412,0.22100000000000364,0.00023809754673338097,0.19281910000000002,1.1461520150234268
kmouflage-kmimic,5_Kmimic_2_totCls.dat,2571,2,2571.0,929.526,929.748,0.22200000000009368,0.00023883140439330766,0.1929526,1.1505416356146208
kmouflage-kmimic,5_Kmimic_2_totCls.dat,2572,2,2572.0,930.865,931.087,0.22199999999998,0.00023848785806747486,0.1930865,1.149743767689507
kmouflage-kmimic,5_Kmimic_2_totCls.dat,2573,2,2573.0,932.207,932.429,0.22199999999998,0.00023814453227660807,0.19322070000000002,1.1489452217075085
kmouflage-kmimic,5_Kmimic_2_totCls.dat,2574,2,2574.0,933.552,933.775,0.22299999999995634,0.0002388726069891729,0.1933552,1.1533178316381267
kmouflage-kmimic,5_Kmimic_2_totCls.dat,2575,2,2575.0,934.901,935.124,0.22300000000007003,0.00023852792969530467,0.1934901,1.1525137461816912
kmouflage-kmimic,5_Kmimic_2_totCls.dat,2576,2,2576.0,936.253,936.476,0.22299999999995634,0.00023818348245608435,0.1936253,1.1517089967063
kmouflage-kmimic,5_Kmimic_2_totCls.dat,2577,2,2577.0,937.609,937.832,0.22299999999995634,0.00023783901391726865,0.1937609,1.15090299436035
kmouflage-kmimic,5_Kmimic_2_totCls.dat,2578,2,2578.0,938.967,939.191,0.22400000000004638,0.00023856003459125441,0.1938967,1.1552543184079274
kmouflage-kmimic,5_Kmimic_2_totCls.dat,2579,2,2579.0,940.329,940.553,0.22400000000004638,0.00023821449726643164,0.1940329,1.1544433959397935
kmouflage-kmimic,5_Kmimic_2_totCls.dat,2580,2,2580.0,941.694,941.919,0.22500000000002274,0.00023893111775165048,0.1941694,1.1587819707946914
kmouflage-kmimic,5_Kmimic_2_totCls.dat,2581,2,2581.0,943.062,943.287,0.22500000000002274,0.00023858452572579823,0.1943062,1.1579661379823327
kmouflage-kmimic,5_Kmimic_2_totCls.dat,2582,2,2582.0,944.434,944.659,0.22500000000002274,0.0002382379287488832,0.1944434,1.1571490726865645
kmouflage-kmimic,5_Kmimic_2_totCls.dat,2583,2,2583.0,945.808,946.034,0.2259999999999991,0.00023894913132474995,0.1945808,1.1614712242934508
kmouflage-kmimic,5_Kmimic_2_totCls.dat,2584,2,2584.0,947.185,947.411,0.2259999999999991,0.0002386017515057767,0.19471850000000002,1.1606498612098957
kmouflage-kmimic,5_Kmimic_2_totCls.dat,2585,2,2585.0,948.566,948.792,0.2259999999999991,0.00023825437555214827,0.19485660000000002,1.1598272781111805
kmouflage-kmimic,5_Kmimic_2_totCls.dat,2586,2,2586.0,949.949,950.176,0.22700000000008913,0.00023896019681065946,0.1949949,1.1641330106586845
kmouflage-kmimic,5_Kmimic_2_totCls.dat,2587,2,2587.0,951.335,951.562,0.22699999999997544,0.0002386120556901359,0.19513350000000002,1.1633061468173094
kmouflage-kmimic,5_Kmimic_2_totCls.dat,2588,2,2588.0,952.724,952.951,0.22699999999997544,0.00023826417724333114,0.1952724,1.1624786708207377
kmouflage-kmimic,5_Kmimic_2_totCls.dat,2589,2,2589.0,954.116,954.343,0.22699999999997544,0.0002379165636043997,0.19541160000000002,1.1616505877848369
kmouflage-kmimic,5_Kmimic_2_totCls.dat,2590,2,2590.0,955.51,955.738,0.22800000000006548,0.00023861602704321826,0.195551,1.1659362519243854
kmouflage-kmimic,5_Kmimic_2_totCls.dat,2591,2,2591.0,956.908,957.136,0.2279999999999518,0.00023826741964739744,0.1956908,1.1651033160473145
kmouflage-kmimic,5_Kmimic_2_totCls.dat,2592,2,2592.0,958.307,958.536,0.22899999999992815,0.00023896308802912652,0.19583070000000002,1.1693774265216237
kmouflage-kmimic,5_Kmimic_2_totCls.dat,2593,2,2593.0,959.71,959.939,0.22899999999992815,0.00023861374790293748,0.195971,1.1685402431988823
kmouflage-kmimic,5_Kmimic_2_totCls.dat,2594,2,2594.0,961.115,961.344,0.22900000000004184,0.0002382649318760417,0.1961115,1.1677030668779844
kmouflage-kmimic,5_Kmimic_2_totCls.dat,2595,2,2595.0,962.523,962.752,0.22899999999992815,0.000237916392647166,0.19625230000000002,1.1668653055272633
kmouflage-kmimic,5_Kmimic_2_totCls.dat,2596,2,2596.0,963.933,964.163,0.2300000000000182,0.00023860579521607642,0.1963933,1.1711193813639171
kmouflage-kmimic,5_Kmimic_2_totCls.dat,2597,2,2597.0,965.345,965.575,0.2300000000000182,0.00023825678902363216,0.1965345,1.1702779919048218
kmouflage-kmimic,5_Kmimic_2_totCls.dat,2598,2,2598.0,966.76,966.991,0.23099999999999454,0.00023894244693615225,0.19667600000000002,1.1745205312289986
kmouflage-kmimic,5_Kmimic_2_totCls.dat,2599,2,2599.0,968.177,968.408,0.23099999999999454,0.00023859273665868382,0.1968177,1.1736749286268182
kmouflage-kmimic,5_Kmimic_2_totCls.dat,2600,2,2600.0,969.597,969.828,0.23099999999999454,0.00023824331139637864,0.19695970000000002,1.172828756339467
kmouflage-kmimic,5_Kmimic_2_totCls.dat,2601,2,2601.0,971.018,971.25,0.2319999999999709,0.00023892451015323187,0.1971018,1.1770567290606728
kmouflage-kmimic,5_Kmimic_2_totCls.dat,2602,2,2602.0,972.442,972.674,0.2319999999999709,0.0002385746399270814,0.1972442,1.1762069556416406
kmouflage-kmimic,5_Kmimic_2_totCls.dat,2603,2,2603.0,973.868,974.101,0.23299999999994725,0.0002392521368398461,0.19738680000000003,1.180423412304912
kmouflage-kmimic,5_Kmimic_2_totCls.dat,2604,2,2604.0,975.296,975.529,0.23299999999994725,0.00023890183082874044,0.19752960000000003,1.1795700492480479
kmouflage-kmimic,5_Kmimic_2_totCls.dat,2605,2,2605.0,976.727,976.96,0.23300000000006094,0.00023855181642368946,0.1976727,1.1787161302499582
kmouflage-kmimic,5_Kmimic_2_totCls.dat,2606,2,2606.0,978.159,978.392,0.23300000000006094,0.00023820258260677553,0.1978159,1.1778628512675722
kmouflage-kmimic,5_Kmimic_2_totCls.dat,2607,2,2607.0,979.593,979.827,0.2340000000000373,0.00023887471633631243,0.1979593,1.1820611610570317
kmouflage-kmimic,5_Kmimic_2_totCls.dat,2608,2,2608.0,981.029,981.263,0.2340000000000373,0.0002385250588922828,0.19810290000000003,1.1812043135160428
kmouflage-kmimic,5_Kmimic_2_totCls.dat,2609,2,2609.0,982.467,982.701,0.2340000000000373,0.00023817593873385804,0.1982467,1.1803475165036155
kmouflage-kmimic,5_Kmimic_2_totCls.dat,2610,2,2610.0,983.907,984.142,0.23500000000001364,0.00023884371185489445,0.19839070000000003,1.184531331357839
kmouflage-kmimic,5_Kmimic_2_totCls.dat,2611,2,2611.0,985.349,985.584,0.23499999999989996,0.00023849417820477815,0.19853490000000001,1.1836709817765034
kmouflage-kmimic,5_Kmimic_2_totCls.dat,2612,2,2612.0,986.792,987.027,0.23500000000001364,0.00023814542477038083,0.1986792,1.182811285731036
kmouflage-kmimic,5_Kmimic_2_totCls.dat,2613,2,2613.0,988.237,988.473,0.23599999999999,0.00023880911157949966,0.1988237,1.1869812301048115
kmouflage-kmimic,5_Kmimic_2_totCls.dat,2614,2,2614.0,989.684,989.92,0.23599999999999,0.0002384599528738365,0.1989684,1.1861179966265498
kmouflage-kmimic,5_Kmimic_2_totCls.dat,2615,2,2615.0,991.132,991.369,0.23700000000008004,0.00023912052077834238,0.1991132,1.1902776912835515
kmouflage-kmimic,5_Kmimic_2_totCls.dat,2616,2,2616.0,992.582,992.819,0.23699999999996635,0.00023877120479715163,0.1992582,1.1894115273547907
kmouflage-kmimic,5_Kmimic_2_totCls.dat,2617,2,2617.0,994.034,994.271,0.23699999999996635,0.0002384224282066472,0.1994034,1.188545431020566
kmouflage-kmimic,5_Kmimic_2_totCls.dat,2618,2,2618.0,995.487,995.724,0.23700000000008004,0.0002380744299022288,0.19954870000000002,1.18767999992022
kmouflage-kmimic,5_Kmimic_2_totCls.dat,2619,2,2619.0,996.941,997.179,0.2379999999999427,0.0002387302759139635,0.1996941,1.1918228931147323
kmouflage-kmimic,5_Kmimic_2_totCls.dat,2620,2,2620.0,998.397,998.635,0.2379999999999427,0.00023838212654880042,0.1998397,1.190954550071596
kmouflage-kmimic,5_Kmimic_2_totCls.dat,2621,2,2621.0,999.855,1000.09,0.23500000000001364,0.00023503407994160516,0.1999855,1.1750851936766098
kmouflage-kmimic,5_Kmimic_2_totCls.dat,2622,2,2622.0,1001.31,1001.55,0.2400000000000091,0.00023968601132517313,0.200131,1.1992145144930526
kmouflage-kmimic,5_Kmimic_2_totCls.dat,2623,2,2623.0,1002.77,1003.01,0.2400000000000091,0.00023933703640915575,0.200277,1.1983402986863647
kmouflage-kmimic,5_Kmimic_2_totCls.dat,2624,2,2624.0,1004.23,1004.47,0.2400000000000091,0.00023898907620765073,0.20042300000000002,1.1974673565409613
kmouflage-kmimic,5_Kmimic_2_totCls.dat,2625,2,2625.0,1005.7,1005.94,0.2400000000000091,0.00023863975340559718,0.20057000000000003,1.19658971930004
kmouflage-kmimic,5_Kmimic_2_totCls.dat,2626,2,2626.0,1007.16,1007.4,0.2400000000000091,0.0002382938162754767,0.200716,1.1957193248171998
kmouflage-kmimic,5_Kmimic_2_totCls.dat,2627,2,2627.0,1008.63,1008.87,0.2400000000000091,0.00023794652151929756,0.200863,1.1948442470739213
kmouflage-kmimic,5_Kmimic_2_totCls.dat,2628,2,2628.0,1010.09,1010.33,0.2400000000000091,0.00023760258986823857,0.201009,1.1939763891169506
kmouflage-kmimic,5_Kmimic_2_totCls.dat,2629,2,2629.0,1011.56,1011.8,0.2400000000000091,0.00023725730554787565,0.201156,1.1931038596910313
kmouflage-kmimic,5_Kmimic_2_totCls.dat,2630,2,2630.0,1013.03,1013.27,0.2400000000000091,0.00023691302330632765,0.201303,1.1922326045811988
kmouflage-kmimic,5_Kmimic_2_totCls.dat,2631,2,2631.0,1014.49,1014.74,0.25,0.000246429240307938,0.20144900000000002,1.2410088905876921
kmouflage-kmimic,5_Kmimic_2_totCls.dat,2632,2,2632.0,1015.96,1016.21,0.25,0.0002460726800267727,0.201596,1.2401039703168715
kmouflage-kmimic,5_Kmimic_2_totCls.dat,2633,2,2633.0,1017.44,1017.68,0.2399999999998954,0.00023588614562027776,0.20174400000000003,1.1896264572918915
kmouflage-kmimic,5_Kmimic_2_totCls.dat,2634,2,2634.0,1018.91,1019.15,0.2400000000000091,0.00023554582838524414,0.201891,1.1887602716317671
kmouflage-kmimic,5_Kmimic_2_totCls.dat,2635,2,2635.0,1020.38,1020.62,0.2400000000000091,0.0002352064916991798,0.202038,1.1878953464200255
kmouflage-kmimic,5_Kmimic_2_totCls.dat,2636,2,2636.0,1021.85,1022.1,0.25,0.00024465430346919803,0.202185,1.2364913321957614
kmouflage-kmimic,5_Kmimic_2_totCls.dat,2637,2,2637.0,1023.33,1023.57,0.2400000000000091,0.00023452845123274904,0.202333,1.1861634038936262
kmouflage-kmimic,5_Kmimic_2_totCls.dat,2638,2,2638.0,1024.8,1025.05,0.25,0.00024395003903200624,0.20248,1.2346898459107072
kmouflage-kmimic,5_Kmimic_2_totCls.dat,2639,2,2639.0,1026.28,1026.52,0.2400000000000091,0.00023385430876564787,0.202628,1.1844365043331084
kmouflage-kmimic,5_Kmimic_2_totCls.dat,2640,2,2640.0,1027.75,1028.0,0.25,0.00024324981756263683,0.202775,1.2328936012822094
kmouflage-kmimic,5_Kmimic_2_totCls.dat,2641,2,2641.0,1029.23,1029.47,0.2400000000000091,0.00023318403078030088,0.20292300000000002,1.1827146257447854
kmouflage-kmimic,5_Kmimic_2_totCls.dat,2642,2,2642.0,1030.71,1030.95,0.2400000000000091,0.00023284920103618776,0.203071,1.1818526525205917
kmouflage-kmimic,5_Kmimic_2_totCls.dat,2643,2,2643.0,1032.19,1032.43,0.2400000000000091,0.00023251533147967824,0.203219,1.1809919348092899
kmouflage-kmimic,5_Kmimic_2_totCls.dat,2644,2,2644.0,1033.66,1033.91,0.25,0.00024185902521138477,0.20336600000000002,1.2293107009037891
kmouflage-kmimic,5_Kmimic_2_totCls.dat,2645,2,2645.0,1035.14,1035.39,0.25,0.00024151322526421543,0.20351400000000003,1.2284167182601686
kmouflage-kmimic,5_Kmimic_2_totCls.dat,2646,2,2646.0,1036.62,1036.87,0.25,0.00024116841272597484,0.203662,1.2275240349206036
kmouflage-kmimic,5_Kmimic_2_totCls.dat,2647,2,2647.0,1038.1,1038.35,0.25,0.00024082458337347078,0.20381,1.2266326480545606
kmouflage-kmimic,5_Kmimic_2_totCls.dat,2648,2,2648.0,1039.58,1039.83,0.25,0.00024048173300756075,0.203958,1.2257425548397218
kmouflage-kmimic,5_Kmimic_2_totCls.dat,2649,2,2649.0,1041.06,1041.31,0.25,0.00024013985745298063,0.204106,1.224853752461956
kmouflage-kmimic,5_Kmimic_2_totCls.dat,2650,2,2650.0,1042.54,1042.79,0.25,0.00023979895255817524,0.204254,1.2239662381152878
kmouflage-kmimic,5_Kmimic_2_totCls.dat,2651,2,2651.0,1044.03,1044.28,0.25,0.00023945672059232014,0.204403,1.2230740253323091
kmouflage-kmimic,5_Kmimic_2_totCls.dat,2652,2,2652.0,1045.51,1045.76,0.25,0.00023911775114537402,0.204551,1.2221890873180772
kmouflage-kmimic,5_Kmimic_2_totCls.dat,2653,2,2653.0,1046.99,1047.24,0.25,0.00023877974001661908,0.20469900000000002,1.2213054289468925
kmouflage-kmimic,5_Kmimic_2_totCls.dat,2654,2,2654.0,1048.47,1048.72,0.25,0.0002384426831478249,0.204847,1.2204230474451663
kmouflage-kmimic,5_Kmimic_2_totCls.dat,2655,2,2655.0,1049.96,1050.21,0.25,0.00023810430873557088,0.204996,1.2195359909461647
kmouflage-kmimic,5_Kmimic_2_totCls.dat,2656,2,2656.0,1051.44,1051.69,0.25,0.00023776915468310127,0.20514400000000002,1.2186561634754123
kmouflage-kmimic,5_Kmimic_2_totCls.dat,2657,2,2657.0,1052.92,1053.17,0.25,0.00023743494282566576,0.20529200000000003,1.2177776045827404
kmouflage-kmimic,5_Kmimic_2_totCls.dat,2658,2,2658.0,1054.4,1054.65,0.25,0.00023710166919575112,0.20544,1.2169003115264796
kmouflage-kmimic,5_Kmimic_2_totCls.dat,2659,2,2659.0,1055.89,1056.14,0.25,0.00023676708748070346,0.20558900000000002,1.216018366741411
kmouflage-kmimic,5_Kmimic_2_totCls.dat,2660,2,2660.0,1057.37,1057.62,0.25,0.00023643568476503025,0.205737,1.2151436056713183
kmouflage-kmimic,5_Kmimic_2_totCls.dat,2661,2,2661.0,1058.85,1059.1,0.25,0.00023610520848089912,0.20588499999999998,1.2142701022415427
kmouflage-kmimic,5_Kmimic_2_totCls.dat,2662,2,2662.0,1060.33,1060.59,0.2599999999999909,0.00024520668093894443,0.20603300000000002,1.261933767891507
kmouflage-kmimic,5_Kmimic_2_totCls.dat,2663,2,2663.0,1061.82,1062.07,0.25,0.00023544480232054398,0.206182,1.2125209766128955
kmouflage-kmimic,5_Kmimic_2_totCls.dat,2664,2,2664.0,1063.3,1063.55,0.25,0.00023511708830997838,0.20633,1.2116512383075655
kmouflage-kmimic,5_Kmimic_2_totCls.dat,2665,2,2665.0,1064.78,1065.03,0.25,0.00023479028531715472,0.206478,1.2107827468301708
kmouflage-kmimic,5_Kmimic_2_totCls.dat,2666,2,2666.0,1066.26,1066.52,0.2599999999999909,0.00024384296513044746,0.206626,1.2583121194815314
kmouflage-kmimic,5_Kmimic_2_totCls.dat,2667,2,2667.0,1067.74,1068.0,0.2599999999999909,0.00024350497312078867,0.206774,1.2574114733960309
kmouflage-kmimic,5_Kmimic_2_totCls.dat,2668,2,2668.0,1069.23,1069.48,0.25,0.00023381311785116392,0.20692300000000002,1.2081788877988429
kmouflage-kmimic,5_Kmimic_2_totCls.dat,2669,2,2669.0,1070.71,1070.96,0.25,0.00023348992724453867,0.207071,1.2073153652611905
kmouflage-kmimic,5_Kmimic_2_totCls.dat,2670,2,2670.0,1072.19,1072.44,0.25,0.00023316762887174846,0.20721900000000001,1.2064530762140537
kmouflage-kmimic,5_Kmimic_2_totCls.dat,2671,2,2671.0,1073.67,1073.92,0.25,0.00023284621904309517,0.20736700000000002,1.205592018016367
kmouflage-kmimic,5_Kmimic_2_totCls.dat,2672,2,2672.0,1075.15,1075.4,0.25,0.00023252569408919684,0.207515,1.2047321880345998
kmouflage-kmimic,5_Kmimic_2_totCls.dat,2673,2,2673.0,1076.63,1076.88,0.25,0.0002322060503608482,0.20766300000000004,1.2038735836427286
kmouflage-kmimic,5_Kmimic_2_totCls.dat,2674,2,2674.0,1078.11,1078.36,0.25,0.00023188728422888206,0.207811,1.2030162022222115
kmouflage-kmimic,5_Kmimic_2_totCls.dat,2675,2,2675.0,1079.58,1079.84,0.2599999999999909,0.00024083439856239548,0.207958,1.2502524548225646
kmouflage-kmimic,5_Kmimic_2_totCls.dat,2676,2,2676.0,1081.06,1081.32,0.2599999999999909,0.00024050468984144352,0.208106,1.2493633052386326
kmouflage-kmimic,5_Kmimic_2_totCls.dat,2677,2,2677.0,1082.54,1082.8,0.2599999999999909,0.00024017588264636032,0.208254,1.248475419439679
kmouflage-kmimic,5_Kmimic_2_totCls.dat,2678,2,2678.0,1084.02,1084.28,0.2599999999999909,0.00023984797328461735,0.208402,1.2475887947332123
kmouflage-kmimic,5_Kmimic_2_totCls.dat,2679,2,2679.0,1085.49,1085.75,0.2599999999999909,0.00023952316465374247,0.208549,1.2467094064224278
kmouflage-kmimic,5_Kmimic_2_totCls.dat,2680,2,2680.0,1086.97,1087.23,0.2599999999999909,0.00023919703395677058,0.20869700000000002,1.2458252873783087
kmouflage-kmimic,5_Kmimic_2_totCls.dat,2681,2,2681.0,1088.45,1088.71,0.2599999999999909,0.00023887179016031135,0.208845,1.244942421412966
kmouflage-kmimic,5_Kmimic_2_totCls.dat,2682,2,2682.0,1089.92,1090.18,0.2599999999999909,0.00023854961832060233,0.208992,1.2440667585361684
kmouflage-kmimic,5_Kmimic_2_totCls.dat,2683,2,2683.0,1091.4,1091.66,0.2599999999999909,0.0002382261315741166,0.20914000000000002,1.2431863823275837
kmouflage-kmimic,5_Kmimic_2_totCls.dat,2684,2,2684.0,1092.87,1093.13,0.2600000000002183,0.00023790569784166307,0.209287,1.2423131871555246
kmouflage-kmimic,5_Kmimic_2_totCls.dat,2685,2,2685.0,1094.34,1094.6,0.2599999999999909,0.00023758612497029344,0.209434,1.2414412177582956
kmouflage-kmimic,5_Kmimic_2_totCls.dat,2686,2,2686.0,1095.81,1096.08,0.2699999999999818,0.0002463930790921618,0.20958100000000002,1.288284720465986
kmouflage-kmimic,5_Kmimic_2_totCls.dat,2687,2,2687.0,1097.29,1097.55,0.2599999999999909,0.00023694738856636888,0.209729,1.2396950350213414
kmouflage-kmimic,5_Kmimic_2_totCls.dat,2688,2,2688.0,1098.76,1099.02,0.2599999999999909,0.00023663038334121274,0.209876,1.2388267357868021
kmouflage-kmimic,5_Kmimic_2_totCls.dat,2689,2,2689.0,1100.23,1100.49,0.2599999999999909,0.00023631422520744834,0.21002300000000002,1.2379596520380667
kmouflage-kmimic,5_Kmimic_2_totCls.dat,2690,2,2690.0,1101.7,1101.96,0.2599999999999909,0.0002359989107742497,0.21017000000000002,1.2370937812246794
kmouflage-kmimic,5_Kmimic_2_totCls.dat,2691,2,2691.0,1103.17,1103.43,0.2599999999999909,0.00023568443666886418,0.21031700000000003,1.2362291208033154
kmouflage-kmimic,5_Kmimic_2_totCls.dat,2692,2,2692.0,1104.64,1104.9,0.2599999999999909,0.00023537079953649232,0.21046400000000004,1.235365668237755
kmouflage-kmimic,5_Kmimic_2_totCls.dat,2693,2,2693.0,1106.1,1106.37,0.2699999999999818,0.0002441008950365987,0.21061000000000002,1.2819904088124106
kmouflage-kmimic,5_Kmimic_2_totCls.dat,2694,2,2694.0,1107.57,1107.84,0.2699999999999818,0.00024377691703457284,0.210757,1.2810962387962526
kmouflage-kmimic,5_Kmimic_2_totCls.dat,2695,2,2695.0,1109.04,1109.3,0.2599999999999909,0.00023443699055037773,0.210904,1.2327883776504518
kmouflage-kmimic,5_Kmimic_2_totCls.dat,2696,2,2696.0,1110.5,1110.77,0.2699999999999818,0.000243133723547935,0.21105000000000002,1.2793176972280587
kmouflage-kmimic,5_Kmimic_2_totCls.dat,2697,2,2697.0,1111.97,1112.23,0.2599999999999909,0.00023381925771377905,0.21119700000000002,1.2310780929652925
kmouflage-kmimic,5_Kmimic_2_totCls.dat,2698,2,2698.0,1113.43,1113.7,0.2699999999999818,0.0002424939151989634,0.211343,1.2775440871000308
kmouflage-kmimic,5_Kmimic_2_totCls.dat,2699,2,2699.0,1114.9,1115.16,0.2599999999999909,0.00023320477172839797,0.21149,1.2293725471653076
kmouflage-kmimic,5_Kmimic_2_totCls.dat,2700,2,2700.0,1116.36,1116.63,0.2700000000002092,0.0002418574653339507,0.211636,1.2757753879312084
kmouflage-kmimic,5_Kmimic_2_totCls.dat,2701,2,2701.0,1117.82,1118.09,0.2699999999999818,0.00024154157198831818,0.211782,1.2748958835027613
kmouflage-kmimic,5_Kmimic_2_totCls.dat,2702,2,2702.0,1119.28,1119.55,0.2699999999999818,0.00024122650275175276,0.211928,1.2740175908798357
kmouflage-kmimic,5_Kmimic_2_totCls.dat,2703,2,2703.0,1120.74,1121.01,0.2699999999999818,0.00024091225440332442,0.212074,1.2731405075585964
kmouflage-kmimic,5_Kmimic_2_totCls.dat,2704,2,2704.0,1122.2,1122.47,0.2699999999999818,0.00024059882373906772,0.21222000000000002,1.2722646310431711
kmouflage-kmimic,5_Kmimic_2_totCls.dat,2705,2,2705.0,1123.66,1123.93,0.2699999999999818,0.00024028620757166917,0.212366,1.2713899588445505
kmouflage-kmimic,5_Kmimic_2_totCls.dat,2706,2,2706.0,1125.12,1125.39,0.2700000000002092,0.00023997440273056136,0.212512,1.270516488481635
kmouflage-kmimic,5_Kmimic_2_totCls.dat,2707,2,2707.0,1126.58,1126.85,0.2699999999999818,0.0002396634060608051,0.212658,1.2696442174758618
kmouflage-kmimic,5_Kmimic_2_totCls.dat,2708,2,2708.0,1128.04,1128.31,0.2699999999999818,0.00023935321442500427,0.212804,1.2687731433618814
kmouflage-kmimic,5_Kmimic_2_totCls.dat,2709,2,2709.0,1129.5,1129.77,0.2699999999999818,0.00023904382470117913,0.21295000000000003,1.267903263676834
kmouflage-kmimic,5_Kmimic_2_totCls.dat,2710,2,2710.0,1130.95,1131.23,0.2799999999999727,0.0002475794685883308,0.21309500000000003,1.313967948567412
kmouflage-kmimic,5_Kmimic_2_totCls.dat,2711,2,2711.0,1132.41,1132.68,0.2699999999999818,0.0002384295440697113,0.213241,1.2661730155081894
kmouflage-kmimic,5_Kmimic_2_totCls.dat,2712,2,2712.0,1133.87,1134.14,0.2700000000002092,0.00023812253609338744,0.213387,1.2653066962851964
kmouflage-kmimic,5_Kmimic_2_totCls.dat,2713,2,2713.0,1135.32,1135.6,0.2799999999999727,0.00024662650177921004,0.213532,1.3112788715507404
kmouflage-kmimic,5_Kmimic_2_totCls.dat,2714,2,2714.0,1136.78,1137.05,0.2699999999999818,0.0002375129752458539,0.213678,1.2635835228707766
kmouflage-kmimic,5_Kmimic_2_totCls.dat,2715,2,2715.0,1138.23,1138.51,0.2799999999999727,0.0002459959762086509,0.213823,1.3094943013612788
kmouflage-kmimic,5_Kmimic_2_totCls.dat,2716,2,2716.0,1139.69,1139.96,0.2699999999999818,0.00023690652721352454,0.21396900000000002,1.2618650365238973
kmouflage-kmimic,5_Kmimic_2_totCls.dat,2717,2,2717.0,1141.14,1141.42,0.2799999999999727,0.00024536866642127405,0.21411400000000003,1.307714581951543
kmouflage-kmimic,5_Kmimic_2_totCls.dat,2718,2,2718.0,1142.6,1142.87,0.2699999999999818,0.000236303168212832,0.21426,1.2601512181460925
kmouflage-kmimic,5_Kmimic_2_totCls.dat,2719,2,2719.0,1144.05,1144.33,0.2799999999999727,0.00024474454787812836,0.214405,1.3059396935704517
kmouflage-kmimic,5_Kmimic_2_totCls.dat,2720,2,2720.0,1145.51,1145.78,0.2699999999999818,0.00023570287470208188,0.214551,1.2584420487435706
kmouflage-kmimic,5_Kmimic_2_totCls.dat,2721,2,2721.0,1146.96,1147.24,0.2799999999999727,0.00024412359628929754,0.214696,1.3041696165740058
kmouflage-kmimic,5_Kmimic_2_totCls.dat,2722,2,2722.0,1148.41,1148.69,0.2799999999999727,0.00024381536210932742,0.214841,1.3032894093770402
kmouflage-kmimic,5_Kmimic_2_totCls.dat,2723,2,2723.0,1149.87,1150.15,0.2800000000002001,0.00024350578761094742,0.21498699999999998,1.3024043314256215
kmouflage-kmimic,5_Kmimic_2_totCls.dat,2724,2,2724.0,1151.32,1151.6,0.2799999999999727,0.00024319911058608617,0.215132,1.3015265046574789
kmouflage-kmimic,5_Kmimic_2_totCls.dat,2725,2,2725.0,1152.78,1153.05,0.2699999999999818,0.000234216415968339,0.21527800000000002,1.2541922537369437
kmouflage-kmimic,5_Kmimic_2_totCls.dat,2726,2,2726.0,1154.23,1154.51,0.2799999999999727,0.00024258596640182,0.21542300000000003,1.299768362709519
kmouflage-kmimic,5_Kmimic_2_totCls.dat,2727,2,2727.0,1155.69,1155.96,0.2699999999999818,0.00023362666458996944,0.215569,1.2524991997920936
kmouflage-kmimic,5_Kmimic_2_totCls.dat,2728,2,2728.0,1157.14,1157.42,0.2799999999999727,0.00024197590611332482,0.21571400000000002,1.2980149642581043
kmouflage-kmimic,5_Kmimic_2_totCls.dat,2729,2,2729.0,1158.59,1158.87,0.2799999999999727,0.00024167306812588812,0.21585900000000002,1.2971430424488795
kmouflage-kmimic,5_Kmimic_2_totCls.dat,2730,2,2730.0,1160.05,1160.33,0.2799999999999727,0.00024136890651262682,0.216005,1.2962662901320465
kmouflage-kmimic,5_Kmimic_2_totCls.dat,2731,2,2731.0,1161.51,1161.79,0.2799999999999727,0.00024106550955219734,0.216151,1.2953907222264653
kmouflage-kmimic,5_Kmimic_2_totCls.dat,2732,2,2732.0,1162.96,1163.24,0.2799999999999727,0.00024076494462403926,0.21629600000000002,1.2945223212633274
kmouflage-kmimic,5_Kmimic_2_totCls.dat,2733,2,2733.0,1164.42,1164.7,0.2799999999999727,0.0002404630631558825,0.21644200000000002,1.2936491069199725
kmouflage-kmimic,5_Kmimic_2_totCls.dat,2734,2,2734.0,1165.88,1166.16,0.2799999999999727,0.00024016193776372585,0.216588,1.292777069828304
kmouflage-kmimic,5_Kmimic_2_totCls.dat,2735,2,2735.0,1167.33,1167.61,0.2799999999999727,0.00023986362039866424,0.216733,1.291912168428309
kmouflage-kmimic,5_Kmimic_2_totCls.dat,2736,2,2736.0,1168.79,1169.07,0.2799999999999727,0.00023956399353174883,0.216879,1.291042470686294
kmouflage-kmimic,5_Kmimic_2_totCls.dat,2737,2,2737.0,1170.25,1170.53,0.2799999999999727,0.00023926511429179468,0.21702500000000002,1.2901739430939878
kmouflage-kmimic,5_Kmimic_2_totCls.dat,2738,2,2738.0,1171.71,1171.99,0.2799999999999727,0.00023896697988407773,0.217171,1.289306583291382
kmouflage-kmimic,5_Kmimic_2_totCls.dat,2739,2,2739.0,1173.17,1173.45,0.2799999999999727,0.000238669587527786,0.21731700000000004,1.2884403889248088
kmouflage-kmimic,5_Kmimic_2_totCls.dat,2740,2,2740.0,1174.63,1174.91,0.2799999999999727,0.00023837293445593308,0.21746300000000002,1.2875753576469224
kmouflage-kmimic,5_Kmimic_2_totCls.dat,2741,2,2741.0,1176.09,1176.38,0.290000000000191,0.00024657976855529,0.217609,1.3326654688004218
kmouflage-kmimic,5_Kmimic_2_totCls.dat,2742,2,2742.0,1177.56,1177.84,0.2799999999999727,0.00023777981589046226,0.217756,1.2858428700011606
kmouflage-kmimic,5_Kmimic_2_totCls.dat,2743,2,2743.0,1179.02,1179.3,0.2799999999999727,0.00023748536920490976,0.217902,1.2849813218785173
kmouflage-kmimic,5_Kmimic_2_totCls.dat,2744,2,2744.0,1180.48,1180.77,0.2899999999999636,0.00024566278124149804,0.21804800000000002,1.3299823891985416
kmouflage-kmimic,5_Kmimic_2_totCls.dat,2745,2,2745.0,1181.95,1182.24,0.2899999999999636,0.00024535724861454684,0.21819500000000003,1.3290863676984512
kmouflage-kmimic,5_Kmimic_2_totCls.dat,2746,2,2746.0,1183.42,1183.7,0.2799999999999727,0.00023660238968411273,0.21834200000000004,1.282391843987747
kmouflage-kmimic,5_Kmimic_2_totCls.dat,2747,2,2747.0,1184.88,1185.17,0.2899999999999636,0.00024475052325970863,0.21848800000000002,1.3273040166964025
kmouflage-kmimic,5_Kmimic_2_totCls.dat,2748,2,2748.0,1186.35,1186.64,0.290000000000191,0.0002444472541831593,0.218635,1.3264115992416172
kmouflage-kmimic,5_Kmimic_2_totCls.dat,2749,2,2749.0,1187.82,1188.11,0.2899999999999636,0.0002441447357343399,0.218782,1.3255203810183818
kmouflage-kmimic,5_Kmimic_2_totCls.dat,2750,2,2750.0,1189.3,1189.58,0.2799999999999727,0.0002354326074161042,0.21893,1.278947608824614
kmouflage-kmimic,5_Kmimic_2_totCls.dat,2751,2,2751.0,1190.77,1191.06,0.2899999999999636,0.00024353989435404286,0.21907700000000002,1.3237354902612488
kmouflage-kmimic,5_Kmimic_2_totCls.dat,2752,2,2752.0,1192.24,1192.53,0.2899999999999636,0.0002432396161846303,0.21922400000000003,1.3228478633724574
kmouflage-kmimic,5_Kmimic_2_totCls.dat,2753,2,2753.0,1193.72,1194.01,0.2899999999999636,0.00024293804242197804,0.219372,1.3219553999597196
kmouflage-kmimic,5_Kmimic_2_totCls.dat,2754,2,2754.0,1195.2,1195.48,0.2799999999999727,0.00023427041499328373,0.21952000000000002,1.2755102040815083
kmouflage-kmimic,5_Kmimic_2_totCls.dat,2755,2,2755.0,1196.67,1196.96,0.2899999999999636,0.00024233915782961353,0.219667,1.3201800907735965
kmouflage-kmimic,5_Kmimic_2_totCls.dat,2756,2,2756.0,1198.15,1198.44,0.2899999999999636,0.00024203981137584075,0.21981500000000004,1.3192912221639268
kmouflage-kmimic,5_Kmimic_2_totCls.dat,2757,2,2757.0,1199.63,1199.93,0.2999999999999545,0.00025007710710798706,0.21996300000000002,1.3638657410562436
kmouflage-kmimic,5_Kmimic_2_totCls.dat,2758,2,2758.0,1201.12,1201.41,0.290000000000191,0.00024144132143348793,0.220112,1.3175110852665506
kmouflage-kmimic,5_Kmimic_2_totCls.dat,2759,2,2759.0,1202.6,1202.89,0.290000000000191,0.00024114418759370616,0.22026,1.316625805866662
kmouflage-kmimic,5_Kmimic_2_totCls.dat,2760,2,2760.0,1204.09,1204.38,0.290000000000191,0.0002408457839531854,0.22040900000000002,1.3157357458188683
kmouflage-kmimic,5_Kmimic_2_totCls.dat,2761,2,2761.0,1205.57,1205.86,0.2899999999999636,0.0002405501132244197,0.220557,1.3148528498300376
kmouflage-kmimic,5_Kmimic_2_totCls.dat,2762,2,2762.0,1207.06,1207.35,0.2899999999999636,0.00024025317714112277,0.220706,1.3139651844533615
kmouflage-kmimic,5_Kmimic_2_totCls.dat,2763,2,2763.0,1208.55,1208.84,0.2899999999999636,0.00023995697323235583,0.22085500000000002,1.3130787168049787
kmouflage-kmimic,5_Kmimic_2_totCls.dat,2764,2,2764.0,1210.04,1210.33,0.2899999999999636,0.00023966149879339825,0.221004,1.312193444462379
kmouflage-kmimic,5_Kmimic_2_totCls.dat,2765,2,2765.0,1211.53,1211.82,0.2899999999999636,0.00023936675113283502,0.221153,1.31130936500958
kmouflage-kmimic,5_Kmimic_2_totCls.dat,2766,2,2766.0,1213.02,1213.32,0.2999999999999545,0.0002473166147301401,0.221302,1.355613595900419
kmouflage-kmimic,5_Kmimic_2_totCls.dat,2767,2,2767.0,1214.52,1214.81,0.2899999999999636,0.00023877745940780194,0.221452,1.3095388616944692
kmouflage-kmimic,5_Kmimic_2_totCls.dat,2768,2,2768.0,1216.01,1216.31,0.2999999999999545,0.0002467084974629769,0.221601,1.3537845045823553
kmouflage-kmimic,5_Kmimic_2_totCls.dat,2769,2,2769.0,1217.51,1217.81,0.2999999999999545,0.00024640454698520304,0.221751,1.3528687582015617
kmouflage-kmimic,5_Kmimic_2_totCls.dat,2770,2,2770.0,1219.01,1219.3,0.2899999999999636,0.0002378979663825265,0.22190100000000001,1.3068891082057477
kmouflage-kmimic,5_Kmimic_2_totCls.dat,2771,2,2771.0,1220.51,1220.8,0.2899999999999636,0.0002376055911053278,0.222051,1.3060062778369097
kmouflage-kmimic,5_Kmimic_2_totCls.dat,2772,2,2772.0,1222.01,1222.31,0.2999999999999545,0.0002454971726908573,0.222201,1.3501289373133087
kmouflage-kmimic,5_Kmimic_2_totCls.dat,2773,2,2773.0,1223.51,1223.81,0.2999999999999545,0.00024519619782425523,0.22235100000000002,1.3492181280945645
kmouflage-kmimic,5_Kmimic_2_totCls.dat,2774,2,2774.0,1225.01,1225.31,0.2999999999999545,0.0002448959600329422,0.222501,1.3483085469276745
kmouflage-kmimic,5_Kmimic_2_totCls.dat,2775,2,2775.0,1226.52,1226.82,0.2999999999999545,0.0002445944623813346,0.22265200000000002,1.3473941397335505
kmouflage-kmimic,5_Kmimic_2_totCls.dat,2776,2,2776.0,1228.02,1228.32,0.2999999999999545,0.00024429569550980806,0.222802,1.3464870153766777
kmouflage-kmimic,5_Kmimic_2_totCls.dat,2777,2,2777.0,1229.53,1229.83,0.2999999999999545,0.00024399567314335927,0.222953,1.3455750763611816
kmouflage-kmimic,5_Kmimic_2_totCls.dat,2778,2,2778.0,1231.04,1231.34,0.2999999999999545,0.0002436963867948682,0.22310400000000002,1.3446643717726015
kmouflage-kmimic,5_Kmimic_2_totCls.dat,2779,2,2779.0,1232.55,1232.85,0.2999999999999545,0.00024339783375924265,0.223255,1.3437548991061992
kmouflage-kmimic,5_Kmimic_2_totCls.dat,2780,2,2780.0,1234.06,1234.36,0.2999999999999545,0.00024310001134463037,0.223406,1.3428466558640078
kmouflage-kmimic,5_Kmimic_2_totCls.dat,2781,2,2781.0,1235.57,1235.87,0.2999999999999545,0.0002428029168723379,0.223557,1.3419396395548093
kmouflage-kmimic,5_Kmimic_2_totCls.dat,2782,2,2782.0,1237.09,1237.39,0.3000000000001819,0.00024250458737859164,0.223709,1.3410278531493232
kmouflage-kmimic,5_Kmimic_2_totCls.dat,2783,2,2783.0,1238.6,1238.9,0.3000000000001819,0.00024220894558387042,0.22386,1.340123291343616
kmouflage-kmimic,5_Kmimic_2_totCls.dat,2784,2,2784.0,1240.12,1240.42,0.3000000000001819,0.0002419120730253378,0.224012,1.3392139706809543
kmouflage-kmimic,5_Kmimic_2_totCls.dat,2785,2,2785.0,1241.63,1241.94,0.30999999999994543,0.0002496718023887514,0.22416300000000003,1.3829222485421118
kmouflage-kmimic,5_Kmimic_2_totCls.dat,2786,2,2786.0,1243.15,1243.45,0.2999999999999545,0.0002413224470095761,0.22431500000000001,1.3374049885204045
kmouflage-kmimic,5_Kmimic_2_totCls.dat,2787,2,2787.0,1244.67,1244.98,0.30999999999994543,0.000249062000369532,0.22446700000000003,1.3810493301908315
kmouflage-kmimic,5_Kmimic_2_totCls.dat,2788,2,2788.0,1246.19,1246.5,0.30999999999994543,0.0002487582150393964,0.224619,1.3801147721250002
kmouflage-kmimic,5_Kmimic_2_totCls.dat,2789,2,2789.0,1247.71,1248.02,0.30999999999994543,0.0002484551698711603,0.224771,1.3791814780374045
kmouflage-kmimic,5_Kmimic_2_totCls.dat,2790,2,2790.0,1249.24,1249.54,0.2999999999999545,0.0002401460087732978,0.224924,1.3337838558800061
kmouflage-kmimic,5_Kmimic_2_totCls.dat,2791,2,2791.0,1250.76,1251.07,0.30999999999994543,0.00024784930762092284,0.225076,1.3773125522043463
kmouflage-kmimic,5_Kmimic_2_totCls.dat,2792,2,2792.0,1252.29,1252.59,0.2999999999999545,0.0002395611240207576,0.225229,1.3319776760539475
kmouflage-kmimic,5_Kmimic_2_totCls.dat,2793,2,2793.0,1253.82,1254.12,0.2999999999999545,0.00023926879456377673,0.225382,1.3310734663813193
kmouflage-kmimic,5_Kmimic_2_totCls.dat,2794,2,2794.0,1255.34,1255.65,0.3100000000001728,0.0002469450507433626,0.225534,1.3745155941018772
kmouflage-kmimic,5_Kmimic_2_totCls.dat,2795,2,2795.0,1256.87,1257.18,0.3100000000001728,0.0002466444421461033,0.225687,1.3735837686715353
kmouflage-kmimic,5_Kmimic_2_totCls.dat,2796,2,2796.0,1258.4,1258.71,0.30999999999994543,0.0002463445645263393,0.22584,1.372653205809181
kmouflage-kmimic,5_Kmimic_2_totCls.dat,2797,2,2797.0,1259.94,1260.24,0.2999999999999545,0.00023810657650360692,0.22599400000000003,1.327468870854777
kmouflage-kmimic,5_Kmimic_2_totCls.dat,2798,2,2798.0,1261.47,1261.78,0.30999999999994543,0.0002457450434809749,0.22614700000000001,1.3707897960173931
kmouflage-kmimic,5_Kmimic_2_totCls.dat,2799,2,2799.0,1263.0,1263.31,0.30999999999994543,0.0002454473475850716,0.2263,1.369863013698389
kmouflage-kmimic,5_Kmimic_2_totCls.dat,2800,2,2800.0,1264.54,1264.85,0.30999999999994543,0.00024514843342238716,0.22645400000000002,1.3689314386142237
kmouflage-kmimic,5_Kmimic_2_totCls.dat,2801,2,2801.0,1266.08,1266.39,0.3100000000001728,0.0002448502464300619,0.226608,1.3680011297049213
kmouflage-kmimic,5_Kmimic_2_totCls.dat,2802,2,2802.0,1267.61,1267.92,0.3100000000001728,0.00024455471320056866,0.226761,1.3670781130801717
kmouflage-kmimic,5_Kmimic_2_totCls.dat,2803,2,2803.0,1269.15,1269.46,0.30999999999994543,0.0002442579679312496,0.22691500000000003,1.366150320604391
kmouflage-kmimic,5_Kmimic_2_totCls.dat,2804,2,2804.0,1270.69,1271.0,0.30999999999994543,0.00024396194193701485,0.22706900000000002,1.3652237866020698
kmouflage-kmimic,5_Kmimic_2_totCls.dat,2805,2,2805.0,1272.23,1272.54,0.30999999999994543,0.00024366663260569663,0.227223,1.3642985085134225
kmouflage-kmimic,5_Kmimic_2_totCls.dat,2806,2,2806.0,1273.78,1274.09,0.30999999999994543,0.00024337012670943604,0.227378,1.3633684877162497
kmouflage-kmimic,5_Kmimic_2_totCls.dat,2807,2,2807.0,1275.32,1275.63,0.3100000000001728,0.00024307624753016718,0.227532,1.3624457219211925
kmouflage-kmimic,5_Kmimic_2_totCls.dat,2808,2,2808.0,1276.86,1277.17,0.3100000000001728,0.00024278307723648077,0.227686,1.3615242043875022
kmouflage-kmimic,5_Kmimic_2_totCls.dat,2809,2,2809.0,1278.41,1278.72,0.30999999999994543,0.0002424887164524256,0.22784100000000002,1.3605979608584293
kmouflage-kmimic,5_Kmimic_2_totCls.dat,2810,2,2810.0,1279.95,1280.27,0.31999999999993634,0.00025000976600643486,0.227995,1.4035395513056705
kmouflage-kmimic,5_Kmimic_2_totCls.dat,2811,2,2811.0,1281.5,1281.81,0.30999999999994543,0.00024190401872801047,0.22815000000000002,1.3587552049088119
kmouflage-kmimic,5_Kmimic_2_totCls.dat,2812,2,2812.0,1283.05,1283.36,0.30999999999994543,0.00024161178441989436,0.228305,1.3578327237684038
kmouflage-kmimic,5_Kmimic_2_totCls.dat,2813,2,2813.0,1284.59,1284.91,0.3200000000001637,0.0002491067188754106,0.228459,1.400688963884827
kmouflage-kmimic,5_Kmimic_2_totCls.dat,2814,2,2814.0,1286.14,1286.46,0.31999999999993634,0.00024880650629008995,0.228614,1.3997392985553654
kmouflage-kmimic,5_Kmimic_2_totCls.dat,2815,2,2815.0,1287.69,1288.01,0.31999999999993634,0.00024850701644024286,0.22876900000000003,1.3987909200981614
kmouflage-kmimic,5_Kmimic_2_totCls.dat,2816,2,2816.0,1289.24,1289.56,0.31999999999993634,0.0002482082467189479,0.22892400000000002,1.3978438258982733
kmouflage-kmimic,5_Kmimic_2_totCls.dat,2817,2,2817.0,1290.79,1291.11,0.31999999999993634,0.00024791019453198146,0.229079,1.3968980133488287
kmouflage-kmimic,5_Kmimic_2_totCls.dat,2818,2,2818.0,1292.34,1292.66,0.3200000000001637,0.0002476128572977419,0.229234,1.3959534798509983
kmouflage-kmimic,5_Kmimic_2_totCls.dat,2819,2,2819.0,1293.89,1294.21,0.31999999999993634,0.00024731623244629477,0.229389,1.3950102228090113
kmouflage-kmimic,5_Kmimic_2_totCls.dat,2820,2,2820.0,1295.45,1295.76,0.30999999999994543,0.00023929908525990615,0.22954500000000003,1.350497723757631
kmouflage-kmimic,5_Kmimic_2_totCls.dat,2821,2,2821.0,1297.0,1297.32,0.31999999999993634,0.00024672320740164714,0.22970000000000002,1.3931214627772586
kmouflage-kmimic,5_Kmimic_2_totCls.dat,2822,2,2822.0,1298.55,1298.87,0.31999999999993634,0.000246428708944543,0.229855,1.3921820277998578
kmouflage-kmimic,5_Kmimic_2_totCls.dat,2823,2,2823.0,1300.11,1300.42,0.3100000000001728,0.0002384413626540622,0.230011,1.347761628792418
kmouflage-kmimic,5_Kmimic_2_totCls.dat,2824,2,2824.0,1301.66,1301.98,0.31999999999993634,0.00024583992747717246,0.230166,1.3903009132536357
kmouflage-kmimic,5_Kmimic_2_totCls.dat,2825,2,2825.0,1303.21,1303.53,0.31999999999993634,0.00024554753263091625,0.23032100000000003,1.3893652771563874
kmouflage-kmimic,5_Kmimic_2_totCls.dat,2826,2,2826.0,1304.77,1305.09,0.31999999999993634,0.0002452539528038937,0.23047700000000002,1.388424875366897
kmouflage-kmimic,5_Kmimic_2_totCls.dat,2827,2,2827.0,1306.32,1306.64,0.3200000000001637,0.00024496294935403553,0.230632,1.3874917617683744
kmouflage-kmimic,5_Kmimic_2_totCls.dat,2828,2,2828.0,1307.88,1308.2,0.31999999999993634,0.0002446707649019301,0.23078800000000002,1.3865538936163766
kmouflage-kmimic,5_Kmimic_2_totCls.dat,2829,2,2829.0,1309.43,1309.75,0.31999999999993634,0.0002443811429400093,0.230943,1.3856232923272682
kmouflage-kmimic,5_Kmimic_2_totCls.dat,2830,2,2830.0,1310.99,1311.31,0.31999999999993634,0.0002440903439385017,0.231099,1.3846879475892857
kmouflage-kmimic,5_Kmimic_2_totCls.dat,2831,2,2831.0,1312.54,1312.86,0.31999999999993634,0.00024380209365043072,0.23125400000000002,1.3837598484780211
kmouflage-kmimic,5_Kmimic_2_totCls.dat,2832,2,2832.0,1314.1,1314.42,0.3200000000001637,0.0002435126702687495,0.23141,1.3828270169835517
kmouflage-kmimic,5_Kmimic_2_totCls.dat,2833,2,2833.0,1315.65,1315.97,0.31999999999993634,0.00024322578193283648,0.23156500000000002,1.3819014099710074
kmouflage-kmimic,5_Kmimic_2_totCls.dat,2834,2,2834.0,1317.21,1317.53,0.31999999999993634,0.00024293772443265412,0.231721,1.3809710816021694
kmouflage-kmimic,5_Kmimic_2_totCls.dat,2835,2,2835.0,1318.76,1319.08,0.31999999999993634,0.00024265218841937604,0.231876,1.3800479566662196
kmouflage-kmimic,5_Kmimic_2_totCls.dat,2836,2,2836.0,1320.31,1320.64,0.3300000000001546,0.0002499413016641203,0.23203100000000002,1.422223754585183
kmouflage-kmimic,5_Kmimic_2_totCls.dat,2837,2,2837.0,1321.87,1322.19,0.3200000000001637,0.0002420812939246399,0.232187,1.378199468532535
kmouflage-kmimic,5_Kmimic_2_totCls.dat,2838,2,2838.0,1323.42,1323.75,0.32999999999992724,0.00024935394659286335,0.23234200000000002,1.420320045449928
kmouflage-kmimic,5_Kmimic_2_totCls.dat,2839,2,2839.0,1324.98,1325.3,0.31999999999993634,0.00024151307944266052,0.232498,1.3763559256420972
kmouflage-kmimic,5_Kmimic_2_totCls.dat,2840,2,2840.0,1326.53,1326.85,0.31999999999993634,0.00024123088056805073,0.232653,1.375438958448575
kmouflage-kmimic,5_Kmimic_2_totCls.dat,2841,2,2841.0,1328.08,1328.41,0.3300000000001546,0.000248479007288834,0.23280800000000001,1.4174770626445594
kmouflage-kmimic,5_Kmimic_2_totCls.dat,2842,2,2842.0,1329.63,1329.96,0.32999999999992724,0.00024818934590820546,0.23296300000000003,1.4165339560356245
kmouflage-kmimic,5_Kmimic_2_totCls.dat,2843,2,2843.0,1331.18,1331.51,0.32999999999992724,0.0002479003590798594,0.23311800000000002,1.4155921035695536
kmouflage-kmimic,5_Kmimic_2_totCls.dat,2844,2,2844.0,1332.73,1333.06,0.32999999999992724,0.00024761204445005906,0.233273,1.414651502745398
kmouflage-kmimic,5_Kmimic_2_totCls.dat,2845,2,2845.0,1334.28,1334.61,0.32999999999992724,0.00024732439967617534,0.233428,1.4137121510698256
kmouflage-kmimic,5_Kmimic_2_totCls.dat,2846,2,2846.0,1335.83,1336.16,0.3300000000001546,0.00024703742242662214,0.233583,1.4127740460570957
kmouflage-kmimic,5_Kmimic_2_totCls.dat,2847,2,2847.0,1337.38,1337.71,0.32999999999992724,0.0002467511103799423,0.23373800000000003,1.4118371852241707
kmouflage-kmimic,5_Kmimic_2_totCls.dat,2848,2,2848.0,1338.93,1339.26,0.32999999999992724,0.0002464654612264474,0.23389300000000002,1.4109015661004272
kmouflage-kmimic,5_Kmimic_2_totCls.dat,2849,2,2849.0,1340.48,1340.8,0.31999999999993634,0.00023872045834323253,0.234048,1.3672409078476908
kmouflage-kmimic,5_Kmimic_2_totCls.dat,2850,2,2850.0,1342.02,1342.35,0.32999999999992724,0.00024589797469480877,0.23420200000000002,1.4090400594355608
kmouflage-kmimic,5_Kmimic_2_totCls.dat,2851,2,2851.0,1343.57,1343.9,0.3300000000001546,0.00024561429624072776,0.234357,1.4081081427060194
kmouflage-kmimic,5_Kmimic_2_totCls.dat,2852,2,2852.0,1345.11,1345.44,0.3300000000001546,0.0002453330954346891,0.234511,1.4071834583458969
kmouflage-kmimic,5_Kmimic_2_totCls.dat,2853,2,2853.0,1346.66,1346.98,0.31999999999993634,0.0002376249387372732,0.234666,1.36364023761404
kmouflage-kmimic,5_Kmimic_2_totCls.dat,2854,2,2854.0,1348.2,1348.53,0.32999999999992724,0.0002447708055184151,0.23482000000000003,1.4053317434627681
kmouflage-kmimic,5_Kmimic_2_totCls.dat,2855,2,2855.0,1349.74,1350.07,0.32999999999992724,0.00024449153170234806,0.23497400000000002,1.404410700758072
kmouflage-kmimic,5_Kmimic_2_totCls.dat,2856,2,2856.0,1351.28,1351.61,0.32999999999992724,0.00024421289444077264,0.235128,1.403490864550063
kmouflage-kmimic,5_Kmimic_2_totCls.dat,2857,2,2857.0,1352.83,1353.16,0.3300000000001546,0.000243933088414771,0.235283,1.402566271256974
kmouflage-kmimic,5_Kmimic_2_totCls.dat,2858,2,2858.0,1354.37,1354.7,0.3300000000001546,0.00024365572184864893,0.235437,1.4016488487372614
kmouflage-kmimic,5_Kmimic_2_totCls.dat,2859,2,2859.0,1355.91,1356.24,0.32999999999992724,0.00024337898533083113,0.23559100000000002,1.400732625609328
kmouflage-kmimic,5_Kmimic_2_totCls.dat,2860,2,2860.0,1357.46,1357.79,0.32999999999992724,0.0002431010858514632,0.235746,1.3998116617033893
kmouflage-kmimic,5_Kmimic_2_totCls.dat,2861,2,2861.0,1359.0,1359.34,0.33999999999991815,0.0002501839587931701,0.2359,1.4412886816444177
kmouflage-kmimic,5_Kmimic_2_totCls.dat,2862,2,2862.0,1360.55,1360.88,0.3300000000001546,0.0002425489691669947,0.23605500000000001,1.3979792844894392
kmouflage-kmimic,5_Kmimic_2_totCls.dat,2863,2,2863.0,1362.1,1362.43,0.3300000000001546,0.00024227296086935956,0.23621,1.397061936413169
kmouflage-kmimic,5_Kmimic_2_totCls.dat,2864,2,2864.0,1363.65,1363.98,0.32999999999992724,0.0002419975800241464,0.23636500000000002,1.3961457914662798
kmouflage-kmimic,5_Kmimic_2_totCls.dat,2865,2,2865.0,1365.2,1365.53,0.32999999999992724,0.00024172282449452624,0.23652,1.395230847285334
kmouflage-kmimic,5_Kmimic_2_totCls.dat,2866,2,2866.0,1366.75,1367.08,0.32999999999992724,0.00024144869215286428,0.23667500000000002,1.3943171015102027
kmouflage-kmimic,5_Kmimic_2_totCls.dat,2867,2,2867.0,1368.3,1368.64,0.3400000000001455,0.00024848351969607944,0.23683,1.4356289321460352
kmouflage-kmimic,5_Kmimic_2_totCls.dat,2868,2,2868.0,1369.86,1370.2,0.3400000000001455,0.00024820054604130756,0.236986,1.4346839053789908
kmouflage-kmimic,5_Kmimic_2_totCls.dat,2869,2,2869.0,1371.42,1371.75,0.32999999999992724,0.0002406265039155964,0.23714200000000002,1.3915712948356984
kmouflage-kmimic,5_Kmimic_2_totCls.dat,2870,2,2870.0,1372.98,1373.32,0.33999999999991815,0.0002476365278444829,0.237298,1.432797579414568
kmouflage-kmimic,5_Kmimic_2_totCls.dat,2871,2,2871.0,1374.55,1374.88,0.3300000000001546,0.00024007857116885862,0.237455,1.3897370028011817
kmouflage-kmimic,5_Kmimic_2_totCls.dat,2872,2,2872.0,1376.11,1376.45,0.3400000000001455,0.0002470732717589041,0.237611,1.4309101851351391
kmouflage-kmimic,5_Kmimic_2_totCls.dat,2873,2,2873.0,1377.68,1378.02,0.33999999999991815,0.00024679170779855854,0.237768,1.4299653443689568
kmouflage-kmimic,5_Kmimic_2_totCls.dat,2874,2,2874.0,1379.26,1379.59,0.32999999999992724,0.0002392587329436997,0.237926,1.3869858695557746
kmouflage-kmimic,5_Kmimic_2_totCls.dat,2875,2,2875.0,1380.83,1381.17,0.3400000000001455,0.00024622871751058824,0.23808300000000002,1.4280734029735238
kmouflage-kmimic,5_Kmimic_2_totCls.dat,2876,2,2876.0,1382.41,1382.75,0.33999999999991815,0.0002459472949413836,0.238241,1.427126313270672
kmouflage-kmimic,5_Kmimic_2_totCls.dat,2877,2,2877.0,1384.0,1384.34,0.33999999999991815,0.0002456647398843339,0.2384,1.426174496643952
kmouflage-kmimic,5_Kmimic_2_totCls.dat,2878,2,2878.0,1385.59,1385.93,0.3400000000001455,0.0002453828333057727,0.238559,1.425223948793152
kmouflage-kmimic,5_Kmimic_2_totCls.dat,2879,2,2879.0,1387.18,1387.52,0.33999999999991815,0.0002451015729753299,0.238718,1.4242746671801796
kmouflage-kmimic,5_Kmimic_2_totCls.dat,2880,2,2880.0,1388.78,1389.12,0.33999999999991815,0.00024481919382473693,0.238878,1.4233206908962657
kmouflage-kmimic,5_Kmimic_2_totCls.dat,2881,2,2881.0,1390.38,1390.72,0.33999999999991815,0.00024453746457797014,0.23903800000000003,1.4223679916997218
kmouflage-kmimic,5_Kmimic_2_totCls.dat,2882,2,2882.0,1391.99,1392.32,0.32999999999992724,0.00023707066861107282,0.23919900000000002,1.3796044297841012
kmouflage-kmimic,5_Kmimic_2_totCls.dat,2883,2,2883.0,1393.6,1393.94,0.3400000000001455,0.00024397244546508722,0.23936,1.4204545454551534
kmouflage-kmimic,5_Kmimic_2_totCls.dat,2884,2,2884.0,1395.21,1395.55,0.33999999999991815,0.0002436909139125423,0.239521,1.4194997515872017
kmouflage-kmimic,5_Kmimic_2_totCls.dat,2885,2,2885.0,1396.83,1397.17,0.3400000000001455,0.00024340828876824347,0.239683,1.4185403220092603
kmouflage-kmimic,5_Kmimic_2_totCls.dat,2886,2,2886.0,1398.46,1398.8,0.33999999999991815,0.00024312457989496885,0.239846,1.4175762781114472
kmouflage-kmimic,5_Kmimic_2_totCls.dat,2887,2,2887.0,1400.09,1400.43,0.3400000000001455,0.00024284153161592865,0.240009,1.4166135436593859
kmouflage-kmimic,5_Kmimic_2_totCls.dat,2888,2,2888.0,1401.73,1402.07,0.33999999999991815,0.00024255741119895996,0.24017300000000003,1.41564622168153
kmouflage-kmimic,5_Kmimic_2_totCls.dat,2889,2,2889.0,1403.37,1403.72,0.3500000000001364,0.00024939965939141953,0.240337,1.456288461619045
kmouflage-kmimic,5_Kmimic_2_totCls.dat,2890,2,2890.0,1405.02,1405.37,0.34999999999990905,0.0002491067742807284,0.24050200000000002,1.4552893531027145
kmouflage-kmimic,5_Kmimic_2_totCls.dat,2891,2,2891.0,1406.68,1407.02,0.33999999999991815,0.00024170387010543842,0.24066800000000002,1.412734555486887
kmouflage-kmimic,5_Kmimic_2_totCls.dat,2892,2,2892.0,1408.34,1408.69,0.3500000000001364,0.00024851953363544063,0.240834,1.4532831743031982
kmouflage-kmimic,5_Kmimic_2_totCls.dat,2893,2,2893.0,1410.01,1410.36,0.34999999999990905,0.0002482251898922058,0.24100100000000002,1.452276131633931
kmouflage-kmimic,5_Kmimic_2_totCls.dat,2894,2,2894.0,1411.69,1412.03,0.33999999999991815,0.00024084607810490838,0.24116900000000002,1.409799766968052
kmouflage-kmimic,5_Kmimic_2_totCls.dat,2895,2,2895.0,1413.37,1413.72,0.3500000000001364,0.0002476350849389307,0.241337,1.4502542088454586
kmouflage-kmimic,5_Kmimic_2_totCls.dat,2896,2,2896.0,1415.06,1415.41,0.3500000000001364,0.0002473393354346363,0.241506,1.4492393563726633
kmouflage-kmimic,5_Kmimic_2_totCls.dat,2897,2,2897.0,1416.76,1417.11,0.34999999999990905,0.0002470425477850229,0.241676,1.4482199308160886
kmouflage-kmimic,5_Kmimic_2_totCls.dat,2898,2,2898.0,1418.46,1418.81,0.34999999999990905,0.00024674647152539306,0.241846,1.4472019384232488
kmouflage-kmimic,5_Kmimic_2_totCls.dat,2899,2,2899.0,1420.18,1420.52,0.33999999999991815,0.00023940627244428038,0.242018,1.404854184399169
kmouflage-kmimic,5_Kmimic_2_totCls.dat,2900,2,2900.0,1421.9,1422.24,0.33999999999991815,0.00023911667487159304,0.24219000000000002,1.4038564763199064
kmouflage-kmimic,5_Kmimic_2_totCls.dat,2901,2,2901.0,1423.63,1423.97,0.33999999999991815,0.00023882609947803722,0.24236300000000002,1.4028543960914748
kmouflage-kmimic,5_Kmimic_2_totCls.dat,2902,2,2902.0,1425.36,1425.71,0.3500000000001364,0.0002455520008981145,0.242536,1.443084737936374
kmouflage-kmimic,5_Kmimic_2_totCls.dat,2903,2,2903.0,1427.1,1427.45,0.3500000000001364,0.00024525261018858976,0.24271,1.4420501833469426
kmouflage-kmimic,5_Kmimic_2_totCls.dat,2904,2,2904.0,1428.85,1429.2,0.3500000000001364,0.0002449522343144042,0.242885,1.4410111781301291
kmouflage-kmimic,5_Kmimic_2_totCls.dat,2905,2,2905.0,1430.61,1430.96,0.3500000000001364,0.0002446508831897837,0.243061,1.4399677447230794
kmouflage-kmimic,5_Kmimic_2_totCls.dat,2906,2,2906.0,1432.37,1432.72,0.3500000000001364,0.0002443502726251851,0.243237,1.4389258213188636
kmouflage-kmimic,5_Kmimic_2_totCls.dat,2907,2,2907.0,1434.13,1434.48,0.34999999999990905,0.00024405039989394895,0.24341300000000002,1.4378854046411202
kmouflage-kmimic,5_Kmimic_2_totCls.dat,2908,2,2908.0,1435.9,1436.25,0.34999999999990905,0.00024374956473285675,0.24359000000000003,1.4368405927990024
kmouflage-kmimic,5_Kmimic_2_totCls.dat,2909,2,2909.0,1437.67,1438.02,0.34999999999990905,0.0002434494703234463,0.243767,1.4357972982393394
kmouflage-kmimic,5_Kmimic_2_totCls.dat,2910,2,2910.0,1439.45,1439.8,0.34999999999990905,0.00024314842474549935,0.24394500000000002,1.4347496361881122
kmouflage-kmimic,5_Kmimic_2_totCls.dat,2911,2,2911.0,1441.22,1441.58,0.35999999999989996,0.0002497883737388462,0.244122,1.474672499815256
kmouflage-kmimic,5_Kmimic_2_totCls.dat,2912,2,2912.0,1443.0,1443.36,0.35999999999989996,0.00024948024948018017,0.24430000000000002,1.4735980352022102
kmouflage-kmimic,5_Kmimic_2_totCls.dat,2913,2,2913.0,1444.78,1445.14,0.36000000000012733,0.0002491728844530844,0.244478,1.472525135186509
kmouflage-kmimic,5_Kmimic_2_totCls.dat,2914,2,2914.0,1446.56,1446.92,0.36000000000012733,0.00024886627585452893,0.244656,1.471453796351315
kmouflage-kmimic,5_Kmimic_2_totCls.dat,2915,2,2915.0,1448.34,1448.7,0.36000000000012733,0.000248560420895734,0.244834,1.4703840152925138
kmouflage-kmimic,5_Kmimic_2_totCls.dat,2916,2,2916.0,1450.12,1450.48,0.36000000000012733,0.000248255316801456,0.245012,1.4693157886149548
kmouflage-kmimic,5_Kmimic_2_totCls.dat,2917,2,2917.0,1451.9,1452.26,0.35999999999989996,0.0002479509608099042,0.24519000000000002,1.4682491129324196
kmouflage-kmimic,5_Kmimic_2_totCls.dat,2918,2,2918.0,1453.68,1454.04,0.35999999999989996,0.0002476473501732843,0.24536800000000003,1.467183984871295
kmouflage-kmimic,5_Kmimic_2_totCls.dat,2919,2,2919.0,1455.46,1455.81,0.34999999999990905,0.00024047380209686907,0.24554600000000001,1.4253948343687497
kmouflage-kmimic,5_Kmimic_2_totCls.dat,2920,2,2920.0,1457.23,1457.59,0.35999999999989996,0.0002470440493263932,0.24572300000000002,1.465064320392881
kmouflage-kmimic,5_Kmimic_2_totCls.dat,2921,2,2921.0,1459.0,1459.36,0.35999999999989996,0.0002467443454420151,0.2459,1.4640097600646602
kmouflage-kmimic,5_Kmimic_2_totCls.dat,2922,2,2922.0,1460.77,1461.12,0.34999999999990905,0.00023959966319126835,0.24607700000000002,1.4223190302218778
kmouflage-kmimic,5_Kmimic_2_totCls.dat,2923,2,2923.0,1462.53,1462.89,0.36000000000012733,0.000246148796947842,0.246253,1.4619111239259108
kmouflage-kmimic,5_Kmimic_2_totCls.dat,2924,2,2924.0,1464.28,1464.64,0.36000000000012733,0.00024585461796932783,0.246428,1.4608729527493927
kmouflage-kmimic,5_Kmimic_2_totCls.dat,2925,2,2925.0,1466.03,1466.39,0.36000000000012733,0.00024556114131370254,0.24660300000000002,1.45983625503391
kmouflage-kmimic,5_Kmimic_2_totCls.dat,2926,2,2926.0,1467.78,1468.14,0.36000000000012733,0.00024526836446887634,0.246778,1.4588010276447954
kmouflage-kmimic,5_Kmimic_2_totCls.dat,2927,2,2927.0,1469.52,1469.88,0.36000000000012733,0.00024497795198440803,0.246952,1.4577731704951866
kmouflage-kmimic,5_Kmimic_2_totCls.dat,2928,2,2928.0,1471.25,1471.61,0.35999999999989996,0.0002446898895496346,0.247125,1.4567526555382901
kmouflage-kmimic,5_Kmimic_2_totCls.dat,2929,2,2929.0,1472.97,1473.33,0.35999999999989996,0.0002444041630175088,0.24729700000000002,1.4557394549869183
kmouflage-kmimic,5_Kmimic_2_totCls.dat,2930,2,2930.0,1474.69,1475.05,0.35999999999989996,0.00024411910299785035,0.24746900000000002,1.4547276628583778
kmouflage-kmimic,5_Kmimic_2_totCls.dat,2931,2,2931.0,1476.39,1476.76,0.36999999999989086,0.0002506112883451465,0.24763900000000003,1.4941103784132985
kmouflage-kmimic,5_Kmimic_2_totCls.dat,2932,2,2932.0,1478.09,1478.45,0.36000000000012733,0.0002435575641538251,0.247809,1.4527317409784444
kmouflage-kmimic,5_Kmimic_2_totCls.dat,2933,2,2933.0,1479.77,1480.14,0.37000000000011823,0.0002500388573900797,0.247977,1.4920738616892624
kmouflage-kmimic,5_Kmimic_2_totCls.dat,2934,2,2934.0,1481.45,1481.82,0.36999999999989086,0.00024975530730020644,0.248145,1.4910636925986454
kmouflage-kmimic,5_Kmimic_2_totCls.dat,2935,2,2935.0,1483.11,1483.48,0.37000000000011823,0.00024947576376675923,0.248311,1.4900668919223
kmouflage-kmimic,5_Kmimic_2_totCls.dat,2936,2,2936.0,1484.77,1485.13,0.36000000000012733,0.0002424617954296809,0.248477,1.4488262495125397
kmouflage-kmimic,5_Kmimic_2_totCls.dat,2937,2,2937.0,1486.41,1486.77,0.35999999999989996,0.00024219428017834913,0.24864100000000003,1.4478706247155535
kmouflage-kmimic,5_Kmimic_2_totCls.dat,2938,2,2938.0,1488.04,1488.4,0.36000000000012733,0.00024192898040383817,0.248804,1.4469220752083058
kmouflage-kmimic,5_Kmimic_2_totCls.dat,2939,2,2939.0,1489.65,1490.02,0.36999999999989086,0.00024838049206182047,0.24896500000000002,1.4861526720618996
kmouflage-kmimic,5_Kmimic_2_totCls.dat,2940,2,2940.0,1491.25,1491.62,0.36999999999989086,0.0002481139983234809,0.249125,1.4851981936774343
kmouflage-kmimic,5_Kmimic_2_totCls.dat,2941,2,2941.0,1492.84,1493.2,0.36000000000012733,0.00024115109455810895,0.249284,1.4441360055203194
kmouflage-kmimic,5_Kmimic_2_totCls.dat,2942,2,2942.0,1494.41,1494.77,0.35999999999989996,0.0002408977455985305,0.24944100000000002,1.4432270556961362
kmouflage-kmimic,5_Kmimic_2_totCls.dat,2943,2,2943.0,1495.96,1496.33,0.36999999999989086,0.0002473328163853919,0.249596,1.4823955512103193
kmouflage-kmimic,5_Kmimic_2_totCls.dat,2944,2,2944.0,1497.5,1497.87,0.36999999999989086,0.00024707846410677186,0.24975,1.4814814814810444
kmouflage-kmimic,5_Kmimic_2_totCls.dat,2945,2,2945.0,1499.02,1499.39,0.37000000000011823,0.0002468279275794307,0.249902,1.4805803875123777
kmouflage-kmimic,5_Kmimic_2_totCls.dat,2946,2,2946.0,1500.53,1500.9,0.37000000000011823,0.00024657954189527586,0.25005299999999997,1.4796863065034944
kmouflage-kmimic,5_Kmimic_2_totCls.dat,2947,2,2947.0,1502.01,1502.38,0.37000000000011823,0.0002463365756553673,0.250201,1.4788110359275872
kmouflage-kmimic,5_Kmimic_2_totCls.dat,2948,2,2948.0,1503.48,1503.85,0.36999999999989086,0.0002460957245855554,0.250348,1.4779427037559352
kmouflage-kmimic,5_Kmimic_2_totCls.dat,2949,2,2949.0,1504.93,1505.3,0.36999999999989086,0.00024585861136391116,0.250493,1.4770871840725721
kmouflage-kmimic,5_Kmimic_2_totCls.dat,2950,2,2950.0,1506.36,1506.73,0.37000000000011823,0.00024562521575195723,0.25063599999999997,1.47624443415997
kmouflage-kmimic,5_Kmimic_2_totCls.dat,2951,2,2951.0,1507.77,1508.14,0.37000000000011823,0.0002453955178841058,0.250777,1.475414412007952
kmouflage-kmimic,5_Kmimic_2_totCls.dat,2952,2,2952.0,1509.16,1509.53,0.36999999999989086,0.00024516949826386257,0.25091600000000003,1.4745970763119562
kmouflage-kmimic,5_Kmimic_2_totCls.dat,2953,2,2953.0,1510.53,1510.9,0.37000000000011823,0.0002449471377596726,0.25105299999999997,1.473792386468667
kmouflage-kmimic,5_Kmimic_2_totCls.dat,2954,2,2954.0,1511.89,1512.26,0.36999999999989086,0.0002447267989072557,0.251189,1.4729944384502938
kmouflage-kmimic,5_Kmimic_2_totCls.dat,2955,2,2955.0,1513.24,1513.61,0.36999999999989086,0.00024450847188806193,0.251324,1.472203211789924
kmouflage-kmimic,5_Kmimic_2_totCls.dat,2956,2,2956.0,1514.57,1514.94,0.37000000000011823,0.000244293759945145,0.25145700000000004,1.4714245377942081
kmouflage-kmimic,5_Kmimic_2_totCls.dat,2957,2,2957.0,1515.89,1516.26,0.36999999999989086,0.00024408103490351597,0.25158900000000006,1.4706525325029742
kmouflage-kmimic,5_Kmimic_2_totCls.dat,2958,2,2958.0,1517.2,1517.57,0.36999999999989086,0.00024387028737140183,0.25172000000000005,1.4698871762271206
kmouflage-kmimic,5_Kmimic_2_totCls.dat,2959,2,2959.0,1518.5,1518.88,0.38000000000010914,0.00025024695423122103,0.25185,1.5088346237844317
kmouflage-kmimic,5_Kmimic_2_totCls.dat,2960,2,2960.0,1519.8,1520.17,0.37000000000011823,0.00024345308593243733,0.25198,1.4683705055961516
kmouflage-kmimic,5_Kmimic_2_totCls.dat,2961,2,2961.0,1521.09,1521.47,0.38000000000010914,0.0002498208521521469,0.252109,1.5072845475572434
kmouflage-kmimic,5_Kmimic_2_totCls.dat,2962,2,2962.0,1522.38,1522.76,0.37999999999988177,0.00024960916459746036,0.252238,1.5065136894515567
kmouflage-kmimic,5_Kmimic_2_totCls.dat,2963,2,2963.0,1523.67,1524.05,0.37999999999988177,0.0002493978354892344,0.252367,1.5057436194109441
kmouflage-kmimic,5_Kmimic_2_totCls.dat,2964,2,2964.0,1524.96,1525.33,0.36999999999989086,0.00024262931486720364,0.25249600000000005,1.4653697484312258
kmouflage-kmimic,5_Kmimic_2_totCls.dat,2965,2,2965.0,1526.25,1526.62,0.36999999999989086,0.00024242424242417092,0.252625,1.4646214745171335
kmouflage-kmimic,5_Kmimic_2_totCls.dat,2966,2,2966.0,1527.54,1527.92,0.38000000000010914,0.000248765989761387,0.25275400000000003,1.5034381256087306
kmouflage-kmimic,5_Kmimic_2_totCls.dat,2967,2,2967.0,1528.84,1529.21,0.37000000000011823,0.00024201355275903184,0.252884,1.46312143117049
kmouflage-kmimic,5_Kmimic_2_totCls.dat,2968,2,2968.0,1530.14,1530.52,0.37999999999988177,0.00024834328884930905,0.253014,1.5018931758712235
kmouflage-kmimic,5_Kmimic_2_totCls.dat,2969,2,2969.0,1531.45,1531.83,0.37999999999988177,0.00024813085637786527,0.253145,1.5011159612075362
kmouflage-kmimic,5_Kmimic_2_totCls.dat,2970,2,2970.0,1532.77,1533.15,0.38000000000010914,0.00024791716956889105,0.253277,1.500333626820079
kmouflage-kmimic,5_Kmimic_2_totCls.dat,2971,2,2971.0,1534.1,1534.48,0.38000000000010914,0.0002477022358386736,0.25341,1.4995461899692557
kmouflage-kmimic,5_Kmimic_2_totCls.dat,2972,2,2972.0,1535.45,1535.82,0.36999999999989086,0.00024097170210680312,0.253545,1.4593070263656978
kmouflage-kmimic,5_Kmimic_2_totCls.dat,2973,2,2973.0,1536.81,1537.18,0.37000000000011823,0.00024075845420066128,0.25368100000000005,1.4585246825742495
kmouflage-kmimic,5_Kmimic_2_totCls.dat,2974,2,2974.0,1538.18,1538.55,0.36999999999989086,0.00024054401955550772,0.253818,1.4577374339089066
kmouflage-kmimic,5_Kmimic_2_totCls.dat,2975,2,2975.0,1539.57,1539.94,0.37000000000011823,0.0002403268445086084,0.253957,1.4569395606347462
kmouflage-kmimic,5_Kmimic_2_totCls.dat,2976,2,2976.0,1540.98,1541.35,0.36999999999989086,0.00024010694493107687,0.25409800000000005,1.456131099024356
kmouflage-kmimic,5_Kmimic_2_totCls.dat,2977,2,2977.0,1542.4,1542.78,0.37999999999988177,0.00024636929460573247,0.25424,1.4946507237251485
kmouflage-kmimic,5_Kmimic_2_totCls.dat,2978,2,2978.0,1543.85,1544.23,0.38000000000010914,0.00024613790199832185,0.254385,1.493798769581969
kmouflage-kmimic,5_Kmimic_2_totCls.dat,2979,2,2979.0,1545.33,1545.71,0.38000000000010914,0.0002459021697631633,0.254533,1.492930189799001
kmouflage-kmimic,5_Kmimic_2_totCls.dat,2980,2,2980.0,1546.83,1547.2,0.37000000000011823,0.0002391988777048016,0.254683,1.4527864050608728
kmouflage-kmimic,5_Kmimic_2_totCls.dat,2981,2,2981.0,1548.35,1548.73,0.38000000000010914,0.0002454225465819157,0.25483500000000003,1.4911609472800404
kmouflage-kmimic,5_Kmimic_2_totCls.dat,2982,2,2982.0,1549.9,1550.28,0.37999999999988177,0.0002451771082004528,0.25499000000000005,1.4902545197846255
kmouflage-kmimic,5_Kmimic_2_totCls.dat,2983,2,2983.0,1551.48,1551.86,0.37999999999988177,0.0002449274241368769,0.25514800000000004,1.4893316820037066
kmouflage-kmimic,5_Kmimic_2_totCls.dat,2984,2,2984.0,1553.1,1553.48,0.38000000000010914,0.0002446719464297915,0.25531000000000004,1.4883866671893349
kmouflage-kmimic,5_Kmimic_2_totCls.dat,2985,2,2985.0,1554.74,1555.12,0.37999999999988177,0.00024441385697922594,0.255474,1.4874312063062456
kmouflage-kmimic,5_Kmimic_2_totCls.dat,2986,2,2986.0,1556.42,1556.8,0.37999999999988177,0.00024415003662242953,0.25564200000000004,1.4864537126132706
kmouflage-kmimic,5_Kmimic_2_totCls.dat,2987,2,2987.0,1558.14,1558.52,0.37999999999988177,0.000243880524214693,0.255814,1.4854542753714879
kmouflage-kmimic,5_Kmimic_2_totCls.dat,2988,2,2988.0,1559.89,1560.27,0.37999999999988177,0.000243606921000764,0.255989,1.4844387844785585
kmouflage-kmimic,5_Kmimic_2_totCls.dat,2989,2,2989.0,1561.68,1562.06,0.37999999999988177,0.00024332769837603205,0.256168,1.4834015177535123
kmouflage-kmimic,5_Kmimic_2_totCls.dat,2990,2,2990.0,1563.51,1563.89,0.38000000000010914,0.0002430428970714029,0.256351,1.4823425693682066
kmouflage-kmimic,5_Kmimic_2_totCls.dat,2991,2,2991.0,1565.39,1565.77,0.37999999999988177,0.00024275100773601577,0.256539,1.481256261230775
kmouflage-kmimic,5_Kmimic_2_totCls.dat,2992,2,2992.0,1567.3,1567.69,0.39000000000010004,0.00024883557710719074,0.25673,1.5191056752233865
kmouflage-kmimic,5_Kmimic_2_totCls.dat,2993,2,2993.0,1569.26,1569.65,0.39000000000010004,0.0002485247823815684,0.256926,1.5179468018032432
kmouflage-kmimic,5_Kmimic_2_totCls.dat,2994,2,2994.0,1571.27,1571.66,0.39000000000010004,0.00024820686451093707,0.257127,1.5167602002127356
kmouflage-kmimic,5_Kmimic_2_totCls.dat,2995,2,2995.0,1573.33,1573.72,0.39000000000010004,0.0002478818811057439,0.25733300000000003,1.5155460045936588
kmouflage-kmimic,5_Kmimic_2_totCls.dat,2996,2,2996.0,1575.44,1575.82,0.37999999999988177,0.0002412024577260205,0.257544,1.4754760351624645
kmouflage-kmimic,5_Kmimic_2_totCls.dat,2997,2,2997.0,1577.59,1577.98,0.39000000000010004,0.00024721252036340245,0.257759,1.5130412517122585
kmouflage-kmimic,5_Kmimic_2_totCls.dat,2998,2,2998.0,1579.8,1580.19,0.39000000000010004,0.0002468666919863907,0.25798,1.5117450965194978
kmouflage-kmimic,5_Kmimic_2_totCls.dat,2999,2,2999.0,1582.07,1582.46,0.39000000000010004,0.0002465124804844919,0.258207,1.510416061532414
kmouflage-kmimic,5_Kmimic_2_totCls.dat,3000,2,3000.0,1584.39,1584.78,0.38999999999987267,0.00024615151572521455,0.25843900000000003,1.5090601650674729
kmouflage-kmimic,5_Kmimic_2_totCls.dat,3001,2,3001.0,1586.77,1587.16,0.39000000000010004,0.00024578231249651814,0.25867700000000005,1.5076717296091264
kmouflage-kmimic,5_Kmimic_2_totCls.dat,3002,2,3002.0,1589.19,1589.59,0.3999999999998636,0.0002517005518533741,0.258919,1.5448846936681493
kmouflage-kmimic,5_Kmimic_2_totCls.dat,3003,2,3003.0,1591.67,1592.06,0.38999999999987267,0.00024502566486763757,0.25916700000000004,1.5048212156635399
kmouflage-kmimic,5_Kmimic_2_totCls.dat,3004,2,3004.0,1594.18,1594.57,0.38999999999987267,0.000244639877554525,0.25941800000000004,1.503365225234458
kmouflage-kmimic,5_Kmimic_2_totCls.dat,3005,2,3005.0,1596.72,1597.12,0.3999999999998636,0.0002505135527831201,0.259672,1.5404048183857464
kmouflage-kmimic,5_Kmimic_2_totCls.dat,3006,2,3006.0,1599.29,1599.68,0.39000000000010004,0.00024385821208167376,0.259929,1.500409727272063
kmouflage-kmimic,5_Kmimic_2_totCls.dat,3007,2,3007.0,1601.87,1602.27,0.40000000000009095,0.00024970815359554206,0.260187,1.5373558248494004
kmouflage-kmimic,5_Kmimic_2_totCls.dat,3008,2,3008.0,1604.47,1604.87,0.3999999999998636,0.00024930350832353586,0.260447,1.535821107556868
kmouflage-kmimic,5_Kmimic_2_totCls.dat,3009,2,3009.0,1607.07,1607.47,0.40000000000009095,0.000248900172363426,0.260707,1.5342894513767982
kmouflage-kmimic,5_Kmimic_2_totCls.dat,3010,2,3010.0,1609.67,1610.07,0.3999999999998636,0.0002484981393700967,0.26096700000000006,1.5327608471563972
kmouflage-kmimic,5_Kmimic_2_totCls.dat,3011,2,3011.0,1612.26,1612.66,0.40000000000009095,0.0002480989418580694,0.261226,1.531241147512464
kmouflage-kmimic,5_Kmimic_2_totCls.dat,3012,2,3012.0,1614.83,1615.24,0.41000000000008185,0.000253896695008194,0.261483,1.567979562725232
kmouflage-kmimic,5_Kmimic_2_totCls.dat,3013,2,3013.0,1617.39,1617.8,0.4099999999998545,0.00025349482808713694,0.26173900000000005,1.5664459633446082
kmouflage-kmimic,5_Kmimic_2_totCls.dat,3014,2,3014.0,1619.92,1620.33,0.4099999999998545,0.00025309891846501953,0.261992,1.5649332804049532
kmouflage-kmimic,5_Kmimic_2_totCls.dat,3015,2,3015.0,1622.41,1622.82,0.4099999999998545,0.00025271047392450393,0.26224100000000006,1.5634473633026658
kmouflage-kmimic,5_Kmimic_2_totCls.dat,3016,2,3016.0,1624.86,1625.28,0.42000000000007276,0.0002584838078357968,0.262486,1.6000853378849644
kmouflage-kmimic,5_Kmimic_2_totCls.dat,3017,2,3017.0,1627.27,1627.68,0.41000000000008185,0.00025195572953479254,0.26272700000000004,1.5605552531718543
kmouflage-kmimic,5_Kmimic_2_totCls.dat,3018,2,3018.0,1629.62,1630.03,0.41000000000008185,0.000251592395773298,0.26296200000000003,1.5591606391801165
kmouflage-kmimic,5_Kmimic_2_totCls.dat,3019,2,3019.0,1631.91,1632.33,0.4199999999998454,0.00025736713421686575,0.263191,1.595799248453957
kmouflage-kmimic,5_Kmimic_2_totCls.dat,3020,2,3020.0,1634.14,1634.55,0.4099999999998545,0.00025089649601616414,0.26341400000000004,1.5564852285749977
kmouflage-kmimic,5_Kmimic_2_totCls.dat,3021,2,3021.0,1636.29,1636.7,0.41000000000008185,0.00025056683106300343,0.263629,1.5552158525810205
kmouflage-kmimic,5_Kmimic_2_totCls.dat,3022,2,3022.0,1638.36,1638.77,0.41000000000008185,0.00025025025025030023,0.263836,1.5539956639733843
kmouflage-kmimic,5_Kmimic_2_totCls.dat,3023,2,3023.0,1640.34,1640.76,0.42000000000007276,0.00025604447858375263,0.264034,1.5907042274861296
kmouflage-kmimic,5_Kmimic_2_totCls.dat,3024,2,3024.0,1642.23,1642.65,0.42000000000007276,0.0002557498036207308,0.264223,1.5895663889974483
kmouflage-kmimic,5_Kmimic_2_totCls.dat,3025,2,3025.0,1644.02,1644.44,0.42000000000007276,0.0002554713446308882,0.264402,1.5884902534779342
kmouflage-kmimic,5_Kmimic_2_totCls.dat,3026,2,3026.0,1645.7,1646.12,0.4199999999998454,0.00025521054870258577,0.26457,1.5874815738740045
kmouflage-kmimic,5_Kmimic_2_totCls.dat,3027,2,3027.0,1647.27,1647.69,0.42000000000007276,0.0002549673095485699,0.26472700000000005,1.5865400960237253
kmouflage-kmimic,5_Kmimic_2_totCls.dat,3028,2,3028.0,1648.73,1649.15,0.42000000000007276,0.0002547415283279086,0.264873,1.5856655831287927
kmouflage-kmimic,5_Kmimic_2_totCls.dat,3029,2,3029.0,1650.05,1650.47,0.42000000000007276,0.0002545377412806114,0.26500500000000005,1.5848757570614618
kmouflage-kmimic,5_Kmimic_2_totCls.dat,3030,2,3030.0,1651.24,1651.67,0.43000000000006366,0.00026041035827624313,0.265124,1.6218825907879468
kmouflage-kmimic,5_Kmimic_2_totCls.dat,3031,2,3031.0,1652.3,1652.72,0.42000000000007276,0.00025419112751925966,0.26523,1.5835312747429504
kmouflage-kmimic,5_Kmimic_2_totCls.dat,3032,2,3032.0,1653.21,1653.63,0.42000000000007276,0.0002540512094652662,0.26532100000000003,1.5829881539722552
kmouflage-kmimic,5_Kmimic_2_totCls.dat,3033,2,3033.0,1653.96,1654.38,0.42000000000007276,0.00025393600812599626,0.265396,1.5825408069453675
kmouflage-kmimic,5_Kmimic_2_totCls.dat,3034,2,3034.0,1654.56,1654.98,0.42000000000007276,0.00025384392225127694,0.265456,1.5821831113256912
kmouflage-kmimic,5_Kmimic_2_totCls.dat,3035,2,3035.0,1654.99,1655.41,0.42000000000007276,0.0002537779684469832,0.26549900000000004,1.5819268622483424
kmouflage-kmimic,5_Kmimic_2_totCls.dat,3036,2,3036.0,1655.25,1655.67,0.42000000000007276,0.000253738106026324,0.265525,1.5817719612091996
kmouflage-kmimic,5_Kmimic_2_totCls.dat,3037,2,3037.0,1655.33,1655.75,0.42000000000007276,0.0002537258431853907,0.265533,1.5817243054538332
kmouflage-kmimic,5_Kmimic_2_totCls.dat,3038,2,3038.0,1655.23,1655.65,0.42000000000007276,0.00025374117192177086,0.265523,1.5817838755967384
kmouflage-kmimic,5_Kmimic_2_totCls.dat,3039,2,3039.0,1654.93,1655.35,0.4199999999998454,0.0002537871692457357,0.265493,1.5819626129496651
kmouflage-kmimic,5_Kmimic_2_totCls.dat,3040,2,3040.0,1654.44,1654.85,0.4099999999998545,0.0002478179927950572,0.265444,1.5445819080478536
kmouflage-kmimic,5_Kmimic_2_totCls.dat,3041,2,3041.0,1653.74,1654.15,0.41000000000008185,0.0002479228899343802,0.265374,1.5449893358056248
kmouflage-kmimic,5_Kmimic_2_totCls.dat,3042,2,3042.0,1652.83,1653.24,0.41000000000008185,0.00024805938904792497,0.26528300000000005,1.5455193133373861
kmouflage-kmimic,5_Kmimic_2_totCls.dat,3043,2,3043.0,1651.71,1652.12,0.4099999999998545,0.00024822759443234857,0.26517100000000005,1.5461720927245226
kmouflage-kmimic,5_Kmimic_2_totCls.dat,3044,2,3044.0,1650.36,1650.76,0.40000000000009095,0.00024237136139999211,0.265036,1.509228934937484
kmouflage-kmimic,5_Kmimic_2_totCls.dat,3045,2,3045.0,1648.77,1649.18,0.41000000000008185,0.000248670220831336,0.26487700000000003,1.5478882651195907
kmouflage-kmimic,5_Kmimic_2_totCls.dat,3046,2,3046.0,1646.96,1647.36,0.3999999999998636,0.00024287171515996963,0.26469600000000004,1.511167528031642
kmouflage-kmimic,5_Kmimic_2_totCls.dat,3047,2,3047.0,1644.89,1645.29,0.3999999999998636,0.00024317735532458922,0.26448900000000003,1.5123502300657627
kmouflage-kmimic,5_Kmimic_2_totCls.dat,3048,2,3048.0,1642.58,1642.98,0.40000000000009095,0.0002435193415237559,0.264258,1.513672244549232
kmouflage-kmimic,5_Kmimic_2_totCls.dat,3049,2,3049.0,1640.01,1640.4,0.39000000000010004,0.00023780342802793888,0.26400100000000004,1.4772671315642742
kmouflage-kmimic,5_Kmimic_2_totCls.dat,3050,2,3050.0,1637.18,1637.57,0.38999999999987267,0.00023821449077063772,0.263718,1.4788524105289462
kmouflage-kmimic,5_Kmimic_2_totCls.dat,3051,2,3051.0,1634.07,1634.46,0.39000000000010004,0.0002386678661257474,0.263407,1.4805984654929445
kmouflage-kmimic,5_Kmimic_2_totCls.dat,3052,2,3052.0,1630.71,1631.09,0.37999999999988177,0.00023302733165301112,0.26307100000000005,1.4444769662938206
kmouflage-kmimic,5_Kmimic_2_totCls.dat,3053,2,3053.0,1627.09,1627.47,0.38000000000010914,0.00023354577804553475,0.26270899999999997,1.4464673840641515
kmouflage-kmimic,5_Kmimic_2_totCls.dat,3054,2,3054.0,1623.22,1623.59,0.36999999999989086,0.00022794199184330582,0.26232200000000006,1.4104802494639823
kmouflage-kmimic,5_Kmimic_2_totCls.dat,3055,2,3055.0,1619.1,1619.47,0.37000000000011823,0.00022852201840535994,0.26191,1.4126990187473494
kmouflage-kmimic,5_Kmimic_2_totCls.dat,3056,2,3056.0,1614.76,1615.12,0.35999999999989996,0.00022294334761815995,0.26147600000000004,1.3767994003269894
kmouflage-kmimic,5_Kmimic_2_totCls.dat,3057,2,3057.0,1610.18,1610.54,0.35999999999989996,0.0002235774882310673,0.26101800000000003,1.3792152265357176
kmouflage-kmimic,5_Kmimic_2_totCls.dat,3058,2,3058.0,1605.38,1605.73,0.34999999999990905,0.0002180169181127889,0.26053800000000005,1.3433740951412423
kmouflage-kmimic,5_Kmimic_2_totCls.dat,3059,2,3059.0,1600.36,1600.71,0.3500000000001364,0.00021870079232181287,0.260036,1.3459674814261735
kmouflage-kmimic,5_Kmimic_2_totCls.dat,3060,2,3060.0,1595.14,1595.49,0.34999999999990905,0.0002194164775505028,0.259514,1.3486748306446243
kmouflage-kmimic,5_Kmimic_2_totCls.dat,3061,2,3061.0,1589.72,1590.06,0.33999999999991815,0.0002138741413581751,0.258972,1.3128832460648958
kmouflage-kmimic,5_Kmimic_2_totCls.dat,3062,2,3062.0,1584.1,1584.43,0.3300000000001546,0.00020832018180680175,0.25841000000000003,1.2770403622156827
kmouflage-kmimic,5_Kmimic_2_totCls.dat,3063,2,3063.0,1578.3,1578.62,0.31999999999993634,0.00020274979408220007,0.25783,1.2411278749561196
kmouflage-kmimic,5_Kmimic_2_totCls.dat,3064,2,3064.0,1572.31,1572.63,0.3200000000001637,0.00020352220618081912,0.257231,1.2440180227117406
kmouflage-kmimic,5_Kmimic_2_totCls.dat,3065,2,3065.0,1566.15,1566.47,0.31999999999993634,0.00020432270216769552,0.25661500000000004,1.2470042670924781
kmouflage-kmimic,5_Kmimic_2_totCls.dat,3066,2,3066.0,1559.82,1560.13,0.3100000000001728,0.00019874088035810083,0.25598200000000004,1.211022650030755
kmouflage-kmimic,5_Kmimic_2_totCls.dat,3067,2,3067.0,1553.34,1553.64,0.3000000000001819,0.0001931322183167767,0.255334,1.174931658142597
kmouflage-kmimic,5_Kmimic_2_totCls.dat,3068,2,3068.0,1546.7,1547.0,0.2999999999999545,0.0001939613370401206,0.25467,1.1779950524206013
kmouflage-kmimic,5_Kmimic_2_totCls.dat,3069,2,3069.0,1539.91,1540.2,0.2899999999999636,0.00018832269418340267,0.253991,1.1417727399788322
kmouflage-kmimic,5_Kmimic_2_totCls.dat,3070,2,3070.0,1532.99,1533.27,0.2799999999999727,0.00018264959327847716,0.25329900000000005,1.1054129704419389
kmouflage-kmimic,5_Kmimic_2_totCls.dat,3071,2,3071.0,1525.93,1526.21,0.2799999999999727,0.00018349465571813433,0.252593,1.1085026109194345
kmouflage-kmimic,5_Kmimic_2_totCls.dat,3072,2,3072.0,1518.75,1519.02,0.2699999999999818,0.0001777777777777658,0.251875,1.0719602977666771
kmouflage-kmimic,5_Kmimic_2_totCls.dat,3073,2,3073.0,1511.45,1511.71,0.2599999999999909,0.00017202024545965192,0.251145,1.0352585159966987
kmouflage-kmimic,5_Kmimic_2_totCls.dat,3074,2,3074.0,1504.04,1504.3,0.2599999999999909,0.0001728677428791727,0.250404,1.0383220715323673
kmouflage-kmimic,5_Kmimic_2_totCls.dat,3075,2,3075.0,1496.52,1496.77,0.25,0.00016705423248603428,0.249652,1.001393940364988
kmouflage-kmimic,5_Kmimic_2_totCls.dat,3242,2,3242.0,749.806,749.63,0.17600000000004457,0.00023472738281641459,0.17498060000000001,1.0058257886876862
kmouflage-kmimic,5_Kmimic_2_totCls.dat,3243,2,3243.0,748.77,748.593,0.17700000000002092,0.00023638767578832074,0.174877,1.0121399612300126
kmouflage-kmimic,5_Kmimic_2_totCls.dat,3244,2,3244.0,747.747,747.568,0.17899999999997362,0.000239385781554421,0.1747747,1.0241756959100694
kmouflage-kmimic,5_Kmimic_2_totCls.dat,3245,2,3245.0,746.734,746.554,0.18000000000006366,0.00024104969105473122,0.1746734,1.03049462597089
kmouflage-kmimic,5_Kmimic_2_totCls.dat,3246,2,3246.0,745.73,745.549,0.18100000000004002,0.00024271519182551327,0.174573,1.0368155442138247
kmouflage-kmimic,5_Kmimic_2_totCls.dat,3247,2,3247.0,744.736,744.553,0.18299999999999272,0.000245724659476637,0.1744736,1.0488692845220866
kmouflage-kmimic,5_Kmimic_2_totCls.dat,3248,2,3248.0,743.75,743.566,0.18399999999996908,0.0002473949579831517,0.174375,1.05519713261631
kmouflage-kmimic,5_Kmimic_2_totCls.dat,3249,2,3249.0,742.771,742.586,0.18499999999994543,0.00024906734377075227,0.17427710000000002,1.061527877156238
kmouflage-kmimic,5_Kmimic_2_totCls.dat,3250,2,3250.0,741.8,741.613,0.18699999999989814,0.0002520895119977058,0.17418,1.073602020897337
kmouflage-kmimic,5_Kmimic_2_totCls.dat,3251,2,3251.0,740.834,740.646,0.18799999999998818,0.00025376805060241324,0.1740834,1.0799421426740756
kmouflage-kmimic,5_Kmimic_2_totCls.dat,3252,2,3252.0,739.873,739.684,0.18900000000007822,0.00025544924601935494,0.1739873,1.0862861829574815
kmouflage-kmimic,5_Kmimic_2_totCls.dat,3253,2,3253.0,738.918,738.727,0.19100000000003092,0.00025848605663961486,0.1738918,1.0983841676262533
kmouflage-kmimic,5_Kmimic_2_totCls.dat,3254,2,3254.0,737.966,737.774,0.19200000000000728,0.0002601745879891584,0.17379660000000002,1.1047396784517491
kmouflage-kmimic,5_Kmimic_2_totCls.dat,3255,2,3255.0,737.019,736.826,0.19299999999998363,0.00026186570495466687,0.17370190000000002,1.111098957466692
kmouflage-kmimic,5_Kmimic_2_totCls.dat,3256,2,3256.0,736.075,735.88,0.19500000000005002,0.000264918656386985,0.17360750000000003,1.1232233630462394
kmouflage-kmimic,5_Kmimic_2_totCls.dat,3257,2,3257.0,735.133,734.938,0.19500000000005002,0.00026525812336005865,0.1735133,1.1238331586111843
kmouflage-kmimic,5_Kmimic_2_totCls.dat,3258,2,3258.0,734.194,733.998,0.1959999999999127,0.0002669594139967266,0.1734194,1.1302080390078197
kmouflage-kmimic,5_Kmimic_2_totCls.dat,3259,2,3259.0,733.257,733.059,0.19799999999997908,0.0002700281074711583,0.1733257,1.1423579999964175
kmouflage-kmimic,5_Kmimic_2_totCls.dat,3260,2,3260.0,732.321,732.122,0.19900000000006912,0.0002717387593692781,0.1732321,1.1487478359961527
kmouflage-kmimic,5_Kmimic_2_totCls.dat,3261,2,3261.0,731.385,731.186,0.19899999999995543,0.00027208652077900894,0.17313850000000003,1.1493688578794168
kmouflage-kmimic,5_Kmimic_2_totCls.dat,3262,2,3262.0,730.45,730.249,0.20100000000002183,0.00027517283866112916,0.173045,1.1615475743305026
kmouflage-kmimic,5_Kmimic_2_totCls.dat,3263,2,3263.0,729.514,729.313,0.20100000000002183,0.0002755258980636723,0.1729514,1.1621761951624665
kmouflage-kmimic,5_Kmimic_2_totCls.dat,3264,2,3264.0,728.578,728.376,0.20199999999999818,0.00027725240125284895,0.1728578,1.1685905987464735
kmouflage-kmimic,5_Kmimic_2_totCls.dat,3265,2,3265.0,727.64,727.437,0.20299999999997453,0.00027898411302288844,0.172764,1.175013312958571
kmouflage-kmimic,5_Kmimic_2_totCls.dat,3266,2,3266.0,726.7,726.497,0.20300000000008822,0.00027934498417515923,0.17267000000000002,1.175652979672718
kmouflage-kmimic,5_Kmimic_2_totCls.dat,3267,2,3267.0,725.758,725.554,0.20400000000006457,0.0002810854306808393,0.1725758,1.182089261646561
kmouflage-kmimic,5_Kmimic_2_totCls.dat,3268,2,3268.0,724.813,724.608,0.20500000000004093,0.0002828315717295922,0.1724813,1.1885346411468427
kmouflage-kmimic,5_Kmimic_2_totCls.dat,3269,2,3269.0,723.865,723.659,0.20600000000001728,0.0002845834513341815,0.1723865,1.1949891667852024
kmouflage-kmimic,5_Kmimic_2_totCls.dat,3270,2,3270.0,722.913,722.707,0.20600000000001728,0.00028495821765553707,0.1722913,1.1956494611162447
kmouflage-kmimic,5_Kmimic_2_totCls.dat,3271,2,3271.0,721.956,721.749,0.20699999999999363,0.0002867210744144984,0.1721956,1.2021213085583697
kmouflage-kmimic,5_Kmimic_2_totCls.dat,3272,2,3272.0,720.994,720.787,0.20699999999999363,0.00028710363747825034,0.1720994,1.202793269470978
kmouflage-kmimic,5_Kmimic_2_totCls.dat,3273,2,3273.0,720.026,719.819,0.20699999999999363,0.00028748961843043673,0.1720026,1.2034701801018917
kmouflage-kmimic,5_Kmimic_2_totCls.dat,3274,2,3274.0,719.053,718.846,0.20699999999999363,0.0002878786403783777,0.1719053,1.204151355426468
kmouflage-kmimic,5_Kmimic_2_totCls.dat,3275,2,3275.0,718.073,717.866,0.20699999999999363,0.0002882715267110637,0.1718073,1.2048382111819091
kmouflage-kmimic,5_Kmimic_2_totCls.dat,3276,2,3276.0,717.086,716.879,0.20699999999999363,0.00028866830477793966,0.17170860000000002,1.2055307654945275
kmouflage-kmimic,5_Kmimic_2_totCls.dat,3277,2,3277.0,716.092,715.884,0.20799999999997,0.00029046547091710284,0.17160920000000002,1.2120562300853914
kmouflage-kmimic,5_Kmimic_2_totCls.dat,3278,2,3278.0,715.089,714.882,0.20700000000010732,0.00028947445702577905,0.17150890000000002,1.2069344506326336
kmouflage-kmimic,5_Kmimic_2_totCls.dat,3279,2,3279.0,714.078,713.871,0.20699999999999363,0.0002898842983539524,0.1714078,1.2076463264798547
kmouflage-kmimic,5_Kmimic_2_totCls.dat,3280,2,3280.0,713.057,712.851,0.20600000000001728,0.000288896960551565,0.1713057,1.2025285790257842
kmouflage-kmimic,5_Kmimic_2_totCls.dat,3281,2,3281.0,712.027,711.821,0.20600000000001728,0.00028931487148663924,0.1712027,1.2032520515156435
kmouflage-kmimic,5_Kmimic_2_totCls.dat,3282,2,3282.0,710.987,710.781,0.20600000000001728,0.00028973806834726556,0.1710987,1.2039834317853806
kmouflage-kmimic,5_Kmimic_2_totCls.dat,3283,2,3283.0,709.936,709.731,0.20500000000004093,0.00028875842329455177,0.17099360000000002,1.1988752795428654
kmouflage-kmimic,5_Kmimic_2_totCls.dat,3284,2,3284.0,708.874,708.669,0.20500000000004093,0.00028919102689623394,0.17088740000000002,1.1996203347937935
kmouflage-kmimic,5_Kmimic_2_totCls.dat,3285,2,3285.0,707.801,707.597,0.20400000000006457,0.00028821660325439576,0.17078010000000002,1.194518565102518
kmouflage-kmimic,5_Kmimic_2_totCls.dat,3286,2,3286.0,706.715,706.511,0.20400000000006457,0.0002886595020624503,0.17067150000000003,1.1952786493355043
kmouflage-kmimic,5_Kmimic_2_totCls.dat,3287,2,3287.0,705.616,705.414,0.20199999999999818,0.00028627468764880356,0.1705616,1.1843228487537534
kmouflage-kmimic,5_Kmimic_2_totCls.dat,3288,2,3288.0,704.504,704.303,0.20100000000002183,0.00028530710968287167,0.1704504,1.1792286788415975
kmouflage-kmimic,5_Kmimic_2_totCls.dat,3289,2,3289.0,703.378,703.178,0.20000000000004547,0.0002843421318267638,0.1703378,1.1741375079403717
kmouflage-kmimic,5_Kmimic_2_totCls.dat,3290,2,3290.0,702.238,702.039,0.19900000000006912,0.00028337970887372816,0.1702238,1.169049216384954
kmouflage-kmimic,5_Kmimic_2_totCls.dat,3291,2,3291.0,701.084,700.886,0.19799999999997908,0.00028241979563073627,0.1701084,1.163963684332926
kmouflage-kmimic,5_Kmimic_2_totCls.dat,3292,2,3292.0,699.913,699.717,0.19600000000002638,0.00028003480432571814,0.1699913,1.1530001829506944
kmouflage-kmimic,5_Kmimic_2_totCls.dat,3293,2,3293.0,698.727,698.533,0.19399999999995998,0.0002776477794617354,0.1698727,1.1420316507594217
kmouflage-kmimic,5_Kmimic_2_totCls.dat,3294,2,3294.0,697.525,697.332,0.19299999999998363,0.0002766925916633578,0.1697525,1.1369493821886785
kmouflage-kmimic,5_Kmimic_2_totCls.dat,3295,2,3295.0,696.306,696.115,0.19100000000003092,0.00027430468788152177,0.16963060000000002,1.1259760915779988
kmouflage-kmimic,5_Kmimic_2_totCls.dat,3296,2,3296.0,695.069,694.88,0.18899999999996453,0.00027191545012072836,0.16950690000000002,1.1149988584533403
kmouflage-kmimic,5_Kmimic_2_totCls.dat,3297,2,3297.0,693.815,693.628,0.18700000000001182,0.00026952429682265705,0.16938150000000002,1.104016672422973
kmouflage-kmimic,5_Kmimic_2_totCls.dat,3298,2,3298.0,692.542,692.357,0.18500000000005912,0.00026713181294428225,0.16925420000000002,1.0930304831434559
kmouflage-kmimic,5_Kmimic_2_totCls.dat,3299,2,3299.0,691.25,691.068,0.18200000000001637,0.00026329113924053,0.16912500000000003,1.0761271249077093
kmouflage-kmimic,5_Kmimic_2_totCls.dat,3300,2,3300.0,689.939,689.759,0.17999999999994998,0.0002608926296381999,0.1689939,1.0651272028159002
kmouflage-kmimic,5_Kmimic_2_totCls.dat,3301,2,3301.0,688.608,688.43,0.17799999999999727,0.00025849249500441076,0.1688608,1.0541226856677053
kmouflage-kmimic,5_Kmimic_2_totCls.dat,3302,2,3302.0,687.257,687.082,0.17499999999995453,0.0002546354566049593,0.1687257,1.0371863918771977
kmouflage-kmimic,5_Kmimic_2_totCls.dat,3303,2,3303.0,685.887,685.714,0.17299999999988813,0.00025222813670457107,0.1685887,1.0261660479017165
kmouflage-kmimic,5_Kmimic_2_totCls.dat,3304,2,3304.0,684.496,684.327,0.16899999999998272,0.0002468969869801763,0.1684496,1.003267446167772
