check,file,atol,bulk_failing,bulk_margin,bulk_values,combined_margin,files,max_absolute_error_below_atol,max_bound_fraction,max_relative_error_above_atol,near_zero_failing,near_zero_margin,near_zero_values,rtol,values,values_failing
designer-fr,4_Des_F_R_LCDM_1_lensedCls.dat,0.1,0,10.882799999948038,13545,110.88279999947055,1,1.0000000000287557e-07,0.00901853127811324,9.18881170291446e-06,0,999999.9999712444,3450,0.0001,16995,0
designer-fr,4_Des_F_R_LCDM_1_lensedtotCls.dat,0.1,0,10.27929999998972,13555,1025.4025000023898,1,1.0000000000287557e-07,0.0009752268011806773,9.728288891276644e-06,0,999999.9999712444,3440,0.0001,16995,0
designer-fr,4_Des_F_R_LCDM_1_lenspotentialCls.dat,0.1,0,11.425999999988573,13947,29.465100000026794,1,9.999999999940612e-08,0.033938456003851696,8.751969193077193e-06,0,1000000.0000059388,14045,0.0001,27992,0
designer-fr,4_Des_F_R_LCDM_1_matterpower.dat,1.0,0,,755,,1,0.0,0.0,0.0,0,,553,0.0001,1308,0
designer-fr,4_Des_F_R_LCDM_1_scalCls.dat,100.0,0,10.327600000097453,9537,100010.3276009437,1,0.00010000000000331966,9.998967346553957e-06,9.682791742423835e-06,0,999999.9999668035,11457,0.0001,20994,0
designer-fr,4_Des_F_R_LCDM_1_scalarCovCls.dat,0.1,0,10.630699999930357,17425,162.44140000384124,1,1.0000000000287557e-07,0.006156066125854327,9.406718278255912e-06,0,999999.9999712444,73549,0.0001,90974,0
designer-fr,4_Des_F_R_LCDM_1_tensCls.dat,0.01,0,,6832,,1,0.0,0.0,0.0,0,,10663,0.0001,17495,0
designer-fr,4_Des_F_R_LCDM_1_totCls.dat,0.1,0,11.425999999988573,13947,29.465100000026794,1,9.999999999940612e-08,0.033938456003851696,8.751969193077193e-06,0,1000000.0000059388,3548,0.0001,17495,0
designer-fr,4_Des_F_R_LCDM_1_transfer_out.dat,1000.0,0,,2032,8849557522.220764,1,1.1299999999999028e-07,1.1299999999876307e-10,0.0,0,8849557522.124655,1244,0.0001,3276,0
designer-fr,4_Des_F_R_LCDM_2_lensedCls.dat,0.1,0,10.852700000025294,13547,128.65800000304236,1,1.0000000000287557e-07,0.007772544264455791,9.214296903053336e-06,0,999999.9999712444,3448,0.0001,16995,0
designer-fr,4_Des_F_R_LCDM_2_lensedtotCls.dat,0.1,0,10.936100000025487,13556,123.15450000291221,1,6.999999999958428e-08,0.008119881936724627,9.144027578365866e-06,0,1428571.4285799128,3439,0.0001,16995,0
designer-fr,4_Des_F_R_LCDM_2_lenspotentialCls.dat,0.1,0,11.969100000187357,13947,119.43149999942976,1,1.0000000000287557e-07,0.0083730004228765,8.354847064393703e-06,0,999999.9999712444,14045,0.0001,27992,0
designer-fr,4_Des_F_R_LCDM_2_matterpower.dat,1.0,0,,739,,1,0.0,0.0,0.0,0,,569,0.0001,1308,0
designer-fr,4_Des_F_R_LCDM_2_scalCls.dat,100.0,0,13.335699999936324,9537,10019.900800009113,1,0.00010000000000331966,9.98013872551603e-05,7.498668986290745e-06,0,999999.9999668035,11457,0.0001,20994,0
designer-fr,4_Des_F_R_LCDM_2_scalarCovCls.dat,0.1,0,10.42149999995024,17425,110.42149999947276,1,1.0000000000287557e-07,0.009056207350966749,9.595547665928846e-06,0,999999.9999712444,73549,0.0001,90974,0
designer-fr,4_Des_F_R_LCDM_2_tensCls.dat,0.01,0,,6832,,1,0.0,0.0,0.0,0,,10663,0.0001,17495,0
designer-fr,4_Des_F_R_LCDM_2_totCls.dat,0.1,0,11.969100000187357,13947,119.43149999942976,1,1.0000000000287557e-07,0.0083730004228765,8.354847064393703e-06,0,999999.9999712444,3548,0.0001,17495,0
designer-fr,4_Des_F_R_LCDM_2_transfer_out.dat,1000.0,0,,2006,,1,0.0,0.0,0.0,0,,1270,0.0001,3276,0
designer-fr,4_Des_F_R_wCDM_1_lensedCls.dat,0.1,0,10.02949999998997,13589,21.74050000001977,1,3.000000000016878e-07,0.04599710218252066,9.970586769041329e-06,0,333333.33333145804,3406,0.0001,16995,0
designer-fr,4_Des_F_R_wCDM_1_lensedtotCls.dat,0.1,0,10.533100000024548,13655,112.25230000105923,1,3.000000000016878e-07,0.008908503433698587,9.493881193548618e-06,0,333333.33333145804,3340,0.0001,16995,0
designer-fr,4_Des_F_R_wCDM_1_lenspotentialCls.dat,0.1,0,10.466199999931435,13946,33.98620000080366,1,5.000000000005e-07,0.02942370726872534,9.554566127214759e-06,0,199999.9999998,14046,0.0001,27992,0
designer-fr,4_Des_F_R_wCDM_1_matterpower.dat,1.0,0,,759,,1,0.0,0.0,0.0,0,,551,0.0001,1310,0
designer-fr,4_Des_F_R_wCDM_1_scalCls.dat,100.0,0,14.72579999992969,9527,10016.55379978136,1,0.00010000000000331966,9.983473557760233e-05,6.790802537076252e-06,0,999999.9999668035,11467,0.0001,20994,0
designer-fr,4_Des_F_R_wCDM_1_scalarCovCls.dat,0.1,0,10.121600000158436,17422,23.02379999949744,1,5.000000000005e-07,0.04343331682962099,9.879860891403995e-06,0,199999.9999998,73552,0.0001,90974,0
designer-fr,4_Des_F_R_wCDM_1_tensCls.dat,0.01,0,,6808,,1,0.0,0.0,0.0,0,,10687,0.0001,17495,0
designer-fr,4_Des_F_R_wCDM_1_totCls.dat,0.1,0,10.466199999931435,13946,33.98620000080366,1,5.000000000005e-07,0.02942370726872534,9.554566127214759e-06,0,199999.9999998,3549,0.0001,17495,0
designer-fr,4_Des_F_R_wCDM_1_transfer_out.dat,1000.0,0,,2043,374672161858.40125,1,2.6689999999999824e-09,2.6689999999998054e-12,0.0,0,374672161858.3764,1246,0.0001,3289,0
designer-fr,4_Des_F_R_wCDM_2_lensedCls.dat,0.1,0,11.099699999947001,13661,111.09969999946952,1,4.000000000010939e-07,0.009000924394978337,9.0092525023629e-06,0,249999.99999931632,3334,0.0001,16995,0
designer-fr,4_Des_F_R_wCDM_2_lensedtotCls.dat,0.1,0,10.196600000023764,13790,33.89819999926007,1,3.999999999976245e-07,0.02950009145092742,9.807190632148652e-06,0,250000.0000014847,3205,0.0001,16995,0
designer-fr,4_Des_F_R_wCDM_2_lenspotentialCls.dat,0.1,0,10.252699999951046,13946,21.491200000019546,1,5.000000000005e-07,0.04653067301961224,9.75352833892316e-06,0,199999.9999998,14046,0.0001,27992,0
designer-fr,4_Des_F_R_wCDM_2_matterpower.dat,1.0,0,,759,,1,0.0,0.0,0.0,0,,551,0.0001,1310,0
designer-fr,4_Des_F_R_wCDM_2_scalCls.dat,100.0,0,10.37940000009794,9531,100010.37940094371,1,0.00010000000000331966,9.998962167626412e-06,9.634468273605064e-06,0,999999.9999668035,11463,0.0001,20994,0
designer-fr,4_Des_F_R_wCDM_2_scalarCovCls.dat,0.1,0,10.121600000158436,17442,21.696600000019735,1,5.000000000005e-07,0.0460901708101311,9.879860891403995e-06,0,199999.9999998,73532,0.0001,90974,0
designer-fr,4_Des_F_R_wCDM_2_tensCls.dat,0.01,0,,6808,,1,0.0,0.0,0.0,0,,10687,0.0001,17495,0
designer-fr,4_Des_F_R_wCDM_2_totCls.dat,0.1,0,10.252699999951046,13946,21.491200000019546,1,5.000000000005e-07,0.04653067301961224,9.75352833892316e-06,0,199999.9999998,3549,0.0001,17495,0
designer-fr,4_Des_F_R_wCDM_2_transfer_out.dat,1000.0,0,,2049,755857898715.0957,1,1.3229999999999914e-09,1.3229999999999052e-12,0.0,0,755857898715.0465,1240,0.0001,3289,0
designer-mc5e,4_Des_mc5e_CPL_1_lensedCls.dat,0.1,0,10.700899999948906,13545,110.70089999947142,1,3.000000000016878e-07,0.009033350225741388,9.345008363827107e-06,0,333333.33333145804,3450,0.0001,16995,0
designer-mc5e,4_Des_mc5e_CPL_1_lensedtotCls.dat,0.1,0,10.4924999999499,13554,110.49249999947241,1,3.000000000016878e-07,0.009050388035430231,9.530617107503216e-06,0,333333.33333145804,3441,0.0001,16995,0
designer-mc5e,4_Des_mc5e_CPL_1_lenspotentialCls.dat,0.1,0,11.49879999992467,13947,34.3961999992492,1,2.999999999947489e-07,0.029072978992499984,8.696559641062992e-06,0,333333.3333391679,14045,0.0001,27992,0
designer-mc5e,4_Des_mc5e_CPL_1_matterpower.dat,1.0,0,,725,,1,0.0,0.0,0.0,0,,585,0.0001,1310,0
designer-mc5e,4_Des_mc5e_CPL_1_scalCls.dat,100.0,0,10.18649999995136,9521,10014.493200009107,1,0.00010000000000331966,9.985527774876222e-05,9.816914543805771e-06,0,999999.9999668035,11473,0.0001,20994,0
designer-mc5e,4_Des_mc5e_CPL_1_scalarCovCls.dat,0.1,0,10.262800000160649,17425,21.984800000019998,1,2.0000000000575113e-07,0.045485972126154905,9.7439295317491e-06,0,499999.9999856222,73549,0.0001,90974,0
designer-mc5e,4_Des_mc5e_CPL_1_tensCls.dat,0.01,0,55.678499998398934,6810,100055.67849712283,1,0.0,9.994435248657633e-06,1.7960253958507425e-06,0,,10685,0.0001,17495,0
designer-mc5e,4_Des_mc5e_CPL_1_totCls.dat,0.1,0,11.49879999992467,13947,34.3961999992492,1,2.999999999947489e-07,0.029072978992499984,8.696559641062992e-06,0,333333.3333391679,3548,0.0001,17495,0
designer-mc5e,4_Des_mc5e_CPL_1_transfer_out.dat,1000.0,0,,1988,9999999999459352.0,1,1.0000000000540735e-13,1.0000000000540648e-16,0.0,0,9999999999459266.0,1301,0.0001,3289,0
designer-mc5e,4_Des_mc5e_CPL_2_lensedCls.dat,0.1,0,10.26760000002393,13547,160.18420000378785,1,9.999999999593667e-08,0.00624281296143036,9.739374342569534e-06,0,1000000.0000406334,3448,0.0001,16995,0
designer-mc5e,4_Des_mc5e_CPL_2_lensedtotCls.dat,0.1,0,14.260899999906576,13556,121.9021000028826,1,1.0000000000287557e-07,0.008203304126642224,7.01218015697853e-06,0,999999.9999712444,3439,0.0001,16995,0
designer-mc5e,4_Des_mc5e_CPL_2_lenspotentialCls.dat,0.1,0,11.323500000026389,13945,112.93889999946074,1,1.0000000000287557e-07,0.008854345137103113,8.83119176930869e-06,0,999999.9999712444,14047,0.0001,27992,0
designer-mc5e,4_Des_mc5e_CPL_2_matterpower.dat,1.0,0,,724,,1,0.0,0.0,0.0,0,,588,0.0001,1312,0
designer-mc5e,4_Des_mc5e_CPL_2_scalCls.dat,100.0,0,,9482,1000015.0654023305,1,0.00010000000000331966,9.999849348246325e-07,0.0,0,999999.9999668035,11512,0.0001,20994,0
designer-mc5e,4_Des_mc5e_CPL_2_scalarCovCls.dat,0.1,0,22.058899999894674,17420,122.05889999941719,1,9.999999999940612e-08,0.008192765951559246,4.533317617853904e-06,0,1000000.0000059388,73554,0.0001,90974,0
designer-mc5e,4_Des_mc5e_CPL_2_tensCls.dat,0.01,0,,6765,,1,0.0,0.0,0.0,0,,10730,0.0001,17495,0
designer-mc5e,4_Des_mc5e_CPL_2_totCls.dat,0.1,0,11.323500000026389,13945,112.93889999946074,1,1.0000000000287557e-07,0.008854345137103113,8.83119176930869e-06,0,999999.9999712444,3550,0.0001,17495,0
designer-mc5e,4_Des_mc5e_CPL_2_transfer_out.dat,1000.0,0,,1996,1000000000025368.2,1,9.999999999746641e-13,9.999999999746317e-16,0.0,0,1000000000025335.9,1319,0.0001,3315,0
designer-mc5e,4_Des_mc5e_taylor_1_lensedCls.dat,0.1,0,13.36970000003116,13547,33.240800000786045,1,1.9999999999881224e-07,0.030083511828125468,7.479599392639097e-06,0,500000.0000029694,3448,0.0001,16995,0
designer-mc5e,4_Des_mc5e_taylor_1_lensedtotCls.dat,0.1,0,14.30870000003335,13555,121.89469999941798,1,1.9999999999881224e-07,0.008203802134176258,6.988755093038986e-06,0,500000.0000029694,3440,0.0001,16995,0
designer-mc5e,4_Des_mc5e_taylor_1_lenspotentialCls.dat,0.1,0,15.435999999984563,13947,137.19190000324417,1,1.9999999999187335e-07,0.007289060068242754,6.478362270024618e-06,0,500000.0000203167,14045,0.0001,27992,0
designer-mc5e,4_Des_mc5e_taylor_1_matterpower.dat,1.0,0,,724,,1,0.0,0.0,0.0,0,,586,0.0001,1310,0
designer-mc5e,4_Des_mc5e_taylor_1_scalCls.dat,100.0,0,24.386699999467695,9504,10024.386699781187,1,0.00010000000000331966,9.975672626653838e-05,4.100595816661655e-06,0,999999.9999668035,11490,0.0001,20994,0
designer-mc5e,4_Des_mc5e_taylor_1_scalarCovCls.dat,0.1,0,13.012100000030326,17428,30.233300000027498,1,1.0000000000287557e-07,0.03307611144000458,7.685154586866604e-06,0,999999.9999712444,73546,0.0001,90974,0
designer-mc5e,4_Des_mc5e_taylor_1_tensCls.dat,0.01,0,,6794,,1,0.0,0.0,0.0,0,,10701,0.0001,17495,0
designer-mc5e,4_Des_mc5e_taylor_1_totCls.dat,0.1,0,15.435999999984563,13947,137.19190000324417,1,1.9999999999187335e-07,0.007289060068242754,6.478362270024618e-06,0,500000.0000203167,3548,0.0001,17495,0
designer-mc5e,4_Des_mc5e_taylor_1_transfer_out.dat,1000.0,0,,1989,999999999972423.1,1,1.0000000000276037e-12,1.0000000000275769e-15,0.0,0,999999999972396.2,1313,0.0001,3302,0
designer-mc5e,4_Des_mc5e_taylor_2_lensedCls.dat,0.1,0,11.784799999922797,13547,175.77160000415648,1,2.0000000000575113e-07,0.005689201213258302,8.485506754518967e-06,0,499999.9999856222,3448,0.0001,16995,0
designer-mc5e,4_Des_mc5e_taylor_2_lensedtotCls.dat,0.1,0,13.993399999908327,13555,30.844100000729366,1,1.9999999999187335e-07,0.03242111133008754,7.14622607805502e-06,0,500000.0000203167,3440,0.0001,16995,0
designer-mc5e,4_Des_mc5e_taylor_2_lenspotentialCls.dat,0.1,0,17.903600000041727,13944,32.29149999929515,1,2.0000000000575113e-07,0.030967901770491545,5.585468844241769e-06,0,499999.9999856222,14048,0.0001,27992,0
designer-mc5e,4_Des_mc5e_taylor_2_matterpower.dat,1.0,0,,724,,1,0.0,0.0,0.0,0,,586,0.0001,1310,0
designer-mc5e,4_Des_mc5e_taylor_2_scalCls.dat,100.0,0,11.421200000010389,9514,10011.421200009105,1,0.00010000000000331966,9.988591829490608e-05,8.755647392560243e-06,0,999999.9999668035,11480,0.0001,20994,0
designer-mc5e,4_Des_mc5e_taylor_2_scalarCovCls.dat,0.1,0,10.2422999999329,17418,167.73380000396637,1,1.9999999999881224e-07,0.005961827610036577,9.763432041695237e-06,0,500000.0000029694,73556,0.0001,90974,0
designer-mc5e,4_Des_mc5e_taylor_2_tensCls.dat,0.01,0,,6804,,1,0.0,0.0,0.0,0,,10691,0.0001,17495,0
designer-mc5e,4_Des_mc5e_taylor_2_totCls.dat,0.1,0,17.903600000041727,13944,32.29149999929515,1,2.0000000000575113e-07,0.030967901770491545,5.585468844241769e-06,0,499999.9999856222,3551,0.0001,17495,0
designer-mc5e,4_Des_mc5e_taylor_2_transfer_out.dat,1000.0,0,,1987,,1,0.0,0.0,0.0,0,,1302,0.0001,3289,0
designer-mc5e,4_Des_mc5e_turning_point_1_lensedCls.dat,0.1,0,12.528899999987472,13549,121.62599999941926,1,1.0000000000287557e-07,0.008221926232917096,7.981546664120554e-06,0,999999.9999712444,3446,0.0001,16995,0
designer-mc5e,4_Des_mc5e_turning_point_1_lensedtotCls.dat,0.1,0,11.97959999998802,13557,136.5267999954678,1,1.0000000000287557e-07,0.007324569242326023,8.347524124353068e-06,0,999999.9999712444,3438,0.0001,16995,0
designer-mc5e,4_Des_mc5e_turning_point_1_lenspotentialCls.dat,0.1,0,10.533000000024549,13945,1010.5330000023554,1,1.0000000000287557e-07,0.0009895767876928999,9.493971328184462e-06,0,999999.9999712444,14047,0.0001,27992,0
designer-mc5e,4_Des_mc5e_turning_point_1_matterpower.dat,1.0,0,,724,,1,0.0,0.0,0.0,0,,588,0.0001,1312,0
designer-mc5e,4_Des_mc5e_turning_point_1_scalCls.dat,100.0,0,22.279099999893624,9485,100022.2790995224,1,0.00010000000000331966,9.997772586295475e-06,4.4885116544419424e-06,0,999999.9999668035,11509,0.0001,20994,0
designer-mc5e,4_Des_mc5e_turning_point_1_scalarCovCls.dat,0.1,0,10.144299999933542,17422,129.83319999569,1,9.999999999940612e-08,0.00770219019505948,9.857752629620094e-06,0,1000000.0000059388,73552,0.0001,90974,0
designer-mc5e,4_Des_mc5e_turning_point_1_tensCls.dat,0.01,0,,6770,,1,0.0,0.0,0.0,0,,10725,0.0001,17495,0
designer-mc5e,4_Des_mc5e_turning_point_1_totCls.dat,0.1,0,10.533000000024549,13945,1010.5330000023554,1,1.0000000000287557e-07,0.0009895767876928999,9.493971328184462e-06,0,999999.9999712444,3550,0.0001,17495,0
designer-mc5e,4_Des_mc5e_turning_point_1_transfer_out.dat,1000.0,0,,1996,1.000000000012104e+16,1,9.99999999987899e-14,9.99999999987896e-17,0.0,0,1.000000000012101e+16,1319,0.0001,3315,0
designer-mc5e,4_Des_mc5e_turning_point_2_lensedCls.dat,0.1,0,5.866799999994133,13550,27.152600000024698,1,1.1200000000002874e-06,0.03682888563154506,1.7045067157581647e-05,0,89285.71428569137,3445,0.0001,16995,0
designer-mc5e,4_Des_mc5e_turning_point_2_lensedtotCls.dat,0.1,0,6.883249999993117,13558,28.306900000025745,1,1.1100000000003468e-06,0.03532707573062011,1.4528020920364654e-05,0,90090.09009006195,3437,0.0001,16995,0
designer-mc5e,4_Des_mc5e_turning_point_2_lenspotentialCls.dat,0.1,0,10.000300000023307,13945,118.54099999943399,1,2.1000000000048757e-06,0.008435899815294074,9.999700008976425e-06,0,47619.04761893706,14047,0.0001,27992,0
designer-mc5e,4_Des_mc5e_turning_point_2_matterpower.dat,1.0,0,,722,,1,0.0,0.0,0.0,0,,592,0.0001,1314,0
designer-mc5e,4_Des_mc5e_turning_point_2_scalCls.dat,100.0,0,10.120400000095495,9425,10011.212000009105,1,0.00010000000000331966,9.988800556806613e-05,9.881032370168809e-06,0,999999.9999668035,11569,0.0001,20994,0
designer-mc5e,4_Des_mc5e_turning_point_2_scalarCovCls.dat,0.1,0,3.572900000012955,17421,21.75940000001979,1,1.6000000000043757e-06,0.04595714955371428,2.7988468750773156e-05,0,62499.99999982908,73553,0.0001,90974,0
designer-mc5e,4_Des_mc5e_turning_point_2_tensCls.dat,0.01,0,,6674,,1,0.0,0.0,0.0,0,,10821,0.0001,17495,0
designer-mc5e,4_Des_mc5e_turning_point_2_totCls.dat,0.1,0,10.000300000023307,13945,118.54099999943399,1,2.1000000000048757e-06,0.008435899815294074,9.999700008976425e-06,0,47619.04761893706,3550,0.0001,17495,0
designer-mc5e,4_Des_mc5e_turning_point_2_transfer_out.dat,1000.0,0,,2008,1000000066.7962443,1,1.0000000000287557e-06,9.999999332037602e-10,0.0,0,999999999.9712443,1346,0.0001,3354,0
designer-mc5e,4_Des_mc5e_wCDM_1_lensedCls.dat,0.1,0,10.346800000024114,13549,26.44000000002405,1,1.0000000000287557e-07,0.0378214826020836,9.664823906885892e-06,0,999999.9999712444,3446,0.0001,16995,0
designer-mc5e,4_Des_mc5e_wCDM_1_lensedtotCls.dat,0.1,0,12.29720000002866,13557,27.808500000025298,1,1.0000000000287557e-07,0.03596022798781273,8.131932472413797e-06,0,999999.9999712444,3438,0.0001,16995,0
designer-mc5e,4_Des_mc5e_wCDM_1_lenspotentialCls.dat,0.1,0,10.38129999995043,13947,21.511400000019567,1,3.000000000016878e-07,0.046486978997140604,9.632704959925779e-06,0,333333.33333145804,14045,0.0001,27992,0
designer-mc5e,4_Des_mc5e_wCDM_1_matterpower.dat,1.0,0,,724,,1,0.0,0.0,0.0,0,,588,0.0001,1312,0
designer-mc5e,4_Des_mc5e_wCDM_1_scalCls.dat,100.0,0,20.743599999900955,9485,10021.96589978124,1,0.00010000000000331966,9.978082244540744e-05,4.8207639947008945e-06,0,999999.9999668035,11509,0.0001,20994,0
designer-mc5e,4_Des_mc5e_wCDM_1_scalarCovCls.dat,0.1,0,10.099600000023539,17426,25.867700000023532,1,3.000000000016878e-07,0.03865824947711201,9.901382232936644e-06,0,333333.33333145804,73548,0.0001,90974,0
designer-mc5e,4_Des_mc5e_wCDM_1_tensCls.dat,0.01,0,,6768,1000068.7918059392,1,9.999999999940612e-09,9.999312129260479e-07,0.0,0,1000000.0000059388,10727,0.0001,17495,0
designer-mc5e,4_Des_mc5e_wCDM_1_totCls.dat,0.1,0,10.38129999995043,13947,21.511400000019567,1,3.000000000016878e-07,0.046486978997140604,9.632704959925779e-06,0,333333.33333145804,3548,0.0001,17495,0
designer-mc5e,4_Des_mc5e_wCDM_1_transfer_out.dat,1000.0,0,,1996,9999999999459340.0,1,1.0000000000540735e-13,1.0000000000540659e-16,0.0,0,9999999999459266.0,1319,0.0001,3315,0
designer-mc5e,4_Des_mc5e_wCDM_2_lensedCls.dat,0.1,0,10.591600000024684,13547,111.18060000104911,1,5.000000000005e-07,0.008994374917841457,9.441444163277215e-06,0,199999.9999998,3448,0.0001,16995,0
designer-mc5e,4_Des_mc5e_wCDM_2_lensedtotCls.dat,0.1,0,10.202999999951283,13556,34.643500000819216,1,4.000000000010939e-07,0.02886544373335122,9.801038910171272e-06,0,249999.99999931632,3439,0.0001,16995,0
designer-mc5e,4_Des_mc5e_wCDM_2_lenspotentialCls.dat,0.1,0,10.309799999932459,13947,34.3735999992497,1,5.000000000005e-07,0.029092093933187905,9.699509204897779e-06,0,199999.9999998,14045,0.0001,27992,0
designer-mc5e,4_Des_mc5e_wCDM_2_matterpower.dat,1.0,0,,725,,1,0.0,0.0,0.0,0,,585,0.0001,1310,0
designer-mc5e,4_Des_mc5e_wCDM_2_scalCls.dat,100.0,0,16.430200000014942,9513,10016.43020000911,1,0.00010000000000331966,9.98359675085731e-05,6.08635317889673e-06,0,999999.9999668035,11481,0.0001,20994,0
designer-mc5e,4_Des_mc5e_wCDM_2_scalarCovCls.dat,0.1,0,10.429499999931675,17422,24.984200000022724,1,5.000000000005e-07,0.04002529598702742,9.588187353243695e-06,0,199999.9999998,73552,0.0001,90974,0
designer-mc5e,4_Des_mc5e_wCDM_2_tensCls.dat,0.01,0,,6808,1000043.5328059391,1,9.999999999940612e-09,9.999564690890836e-07,0.0,0,1000000.0000059388,10687,0.0001,17495,0
designer-mc5e,4_Des_mc5e_wCDM_2_totCls.dat,0.1,0,10.309799999932459,13947,34.3735999992497,1,5.000000000005e-07,0.029092093933187905,9.699509204897779e-06,0,199999.9999998,3548,0.0001,17495,0
designer-mc5e,4_Des_mc5e_wCDM_2_transfer_out.dat,1000.0,0,,1985,,1,0.0,0.0,0.0,0,,1304,0.0001,3289,0
gr-baseline,1_EFT_GR_lensedCls.dat,0.1,0,22.6981999998513,13547,1041.3294999654313,1,1.0000000000287557e-07,0.0009603108334424374,4.405635689202453e-06,0,999999.9999712444,3448,0.0001,16995,0
gr-baseline,1_EFT_GR_lensedtotCls.dat,0.1,0,10.162600000023685,13556,128.07279999574843,1,1.0000000000287557e-07,0.007808059166608339,9.840001574377319e-06,0,999999.9999712444,3439,0.0001,16995,0
gr-baseline,1_EFT_GR_lenspotentialCls.dat,0.1,0,11.969100000187357,13947,27.497000000025015,1,1.0000000000287557e-07,0.03636760373855658,8.354847064393703e-06,0,999999.9999712444,14045,0.0001,27992,0
gr-baseline,1_EFT_GR_matterpower.dat,1.0,0,,725,,1,0.0,0.0,0.0,0,,583,0.0001,1308,0
gr-baseline,1_EFT_GR_scalCls.dat,100.0,0,20.367000000018525,9538,10020.367000009113,1,0.00010000000000331966,9.979674397146238e-05,4.909903274901019e-06,0,999999.9999668035,11456,0.0001,20994,0
gr-baseline,1_EFT_GR_scalarCovCls.dat,0.1,0,13.425599999912047,17425,167.50690000396102,1,1.0000000000287557e-07,0.005969903329214218,7.448456679824747e-06,0,999999.9999712444,73549,0.0001,90974,0
gr-baseline,1_EFT_GR_tensCls.dat,0.01,0,,6832,,1,0.0,0.0,0.0,0,,10663,0.0001,17495,0
gr-baseline,1_EFT_GR_totCls.dat,0.1,0,11.969100000187357,13947,27.497000000025015,1,1.0000000000287557e-07,0.03636760373855658,8.354847064393703e-06,0,999999.9999712444,3548,0.0001,17495,0
gr-baseline,1_EFT_GR_transfer_out.dat,1000.0,0,,1980,,1,0.0,0.0,0.0,0,,1296,0.0001,3276,0
horava,5_Horava_SolSyst_1_lensedCls.dat,0.1,0,19.49630000004544,13547,1019.496300002376,1,1.9999999999881224e-08,0.000980876536773767,5.129178356907051e-06,0,5000000.000029694,3448,0.0001,16995,0
horava,5_Horava_SolSyst_1_lensedtotCls.dat,0.1,0,17.654400000041143,13556,1017.6544000023719,1,1.0000000000287557e-07,0.0009826518708096474,5.664310313563018e-06,0,999999.9999712444,3439,0.0001,16995,0
horava,5_Horava_SolSyst_1_lenspotentialCls.dat,0.1,0,10.934799999831244,13947,1010.9347999843983,1,9.999999998899778e-08,0.0009891834765362048,9.145114679879221e-06,0,1000000.0001100223,14045,0.0001,27992,0
horava,5_Horava_SolSyst_1_matterpower.dat,1.0,0,,725,,1,0.0,0.0,0.0,0,,583,0.0001,1308,0
horava,5_Horava_SolSyst_1_scalCls.dat,100.0,0,11.488999999958205,9538,1011.4889999963203,1,9.999999999621423e-05,0.0009886414978350115,8.703977717848707e-06,0,1000000.0000378577,11456,0.0001,20994,0
horava,5_Horava_SolSyst_1_scalarCovCls.dat,0.1,0,19.565099999871826,17425,124.40579999940599,1,1.0000000000287557e-07,0.00803821043717234,5.111141777995263e-06,0,999999.9999712444,73549,0.0001,90974,0
horava,5_Horava_SolSyst_1_tensCls.dat,0.01,0,,6832,,1,0.0,0.0,0.0,0,,10663,0.0001,17495,0
horava,5_Horava_SolSyst_1_totCls.dat,0.1,0,10.934799999831244,13947,1010.9347999843983,1,9.999999998899778e-08,0.0009891834765362048,9.145114679879221e-06,0,1000000.0001100223,3548,0.0001,17495,0
horava,5_Horava_SolSyst_1_transfer_out.dat,1000.0,0,,1980,12711325791.285076,1,7.867000000000021e-08,7.866999999996877e-11,0.0,0,12711325791.279995,1296,0.0001,3276,0
horava,5_Horava_SolSyst_2_lensedCls.dat,0.1,0,6.016849999993982,13545,21.76629999952489,1,1.300000000002688e-06,0.045942580963316125,1.6619992188620293e-05,0,76923.07692291788,3450,0.0001,16995,0
horava,5_Horava_SolSyst_2_lensedtotCls.dat,0.1,0,5.898949999994101,13554,31.490400000744653,1,1.2999999999992184e-06,0.031755709675848925,1.6952169453902814e-05,0,76923.07692312317,3441,0.0001,16995,0
horava,5_Horava_SolSyst_2_lenspotentialCls.dat,0.1,0,7.10894999999289,13947,23.418300000021297,1,1.1099999999999131e-06,0.04270164785655195,1.4066774980848088e-05,0,90090.09009009715,14045,0.0001,27992,0
horava,5_Horava_SolSyst_2_matterpower.dat,1.0,0,,724,,1,0.0,0.0,0.0,0,,584,0.0001,1308,0
horava,5_Horava_SolSyst_2_scalCls.dat,100.0,0,10.260900000096822,9536,1016.6272999778091,1,0.00010000000000331966,0.0009836446454092153,9.745733804934889e-06,0,999999.9999668035,11458,0.0001,20994,0
horava,5_Horava_SolSyst_2_scalarCovCls.dat,0.1,0,7.225599999992774,17425,20.267400000018434,1,1.11999999999942e-06,0.0493403199225895,1.383968113376052e-05,0,89285.71428576052,73549,0.0001,90974,0
horava,5_Horava_SolSyst_2_tensCls.dat,0.01,0,,6831,,1,0.0,0.0,0.0,0,,10664,0.0001,17495,0
horava,5_Horava_SolSyst_2_totCls.dat,0.1,0,7.10894999999289,13947,23.418300000021297,1,1.1099999999999131e-06,0.04270164785655195,1.4066774980848088e-05,0,90090.09009009715,3548,0.0001,17495,0
horava,5_Horava_SolSyst_2_transfer_out.dat,1000.0,0,,1980,10342331161.449514,1,9.669000000000042e-08,9.668999999994648e-11,0.0,0,10342331161.443745,1296,0.0001,3276,0
horava,5_Horava_SolSyst_3_lensedCls.dat,0.1,0,12.819599999916015,13546,114.57789999945292,1,4.0000000000456337e-07,0.008727686578343422,7.800555399595551e-06,0,249999.9999971479,3449,0.0001,16995,0
horava,5_Horava_SolSyst_3_lensedtotCls.dat,0.1,0,11.42379999992516,13555,114.87369999945152,1,4.0000000000456337e-07,0.008705212768499445,8.753654650874064e-06,0,249999.9999971479,3440,0.0001,16995,0
horava,5_Horava_SolSyst_3_lenspotentialCls.dat,0.1,0,10.035000000157082,13952,114.01869999945558,1,5.000000000005e-07,0.00877049115631712,9.965122072589405e-06,0,199999.9999998,14040,0.0001,27992,0
horava,5_Horava_SolSyst_3_matterpower.dat,1.0,0,,712,,1,0.0,0.0,0.0,0,,594,0.0001,1306,0
horava,5_Horava_SolSyst_3_scalCls.dat,100.0,0,10.581400000099846,9575,1011.004799996322,1,0.00010000000000331966,0.000989114987390404,9.450545296374431e-06,0,999999.9999668035,11419,0.0001,20994,0
horava,5_Horava_SolSyst_3_scalarCovCls.dat,0.1,0,10.146000000158818,17507,30.068900000027345,1,5.000000000005e-07,0.03325695319745952,9.856100926319207e-06,0,199999.9999998,73467,0.0001,90974,0
horava,5_Horava_SolSyst_3_tensCls.dat,0.01,0,87.17509999749323,6732,100087.17509712194,1,0.0,9.991290083166265e-06,1.1471165505158648e-06,0,,10763,0.0001,17495,0
horava,5_Horava_SolSyst_3_totCls.dat,0.1,0,10.035000000157082,13952,114.01869999945558,1,5.000000000005e-07,0.00877049115631712,9.965122072589405e-06,0,199999.9999998,3543,0.0001,17495,0
horava,5_Horava_SolSyst_3_transfer_out.dat,1000.0,0,,1991,2237937516.784807,1,4.4684000000000016e-07,4.468399999999449e-10,0.0,0,2237937516.7845306,1324,0.0001,3315,0
horava,5_Horava_eta_1_lensedCls.dat,0.1,0,10.127700000023605,13547,21.750800000019783,1,1.4000000000003593e-06,0.045975320447941705,9.873910167142287e-06,0,71428.5714285531,3448,0.0001,16995,0
horava,5_Horava_eta_1_lensedtotCls.dat,0.1,0,10.372799999950471,13556,20.44070000001859,1,1.4000000000003593e-06,0.04892200364953698,9.64059848840019e-06,0,71428.5714285531,3439,0.0001,16995,0
horava,5_Horava_eta_1_lenspotentialCls.dat,0.1,0,10.180800000096069,13947,32.69489999928634,1,1.4000000000003593e-06,0.03058581001996727,9.822410812417137e-06,0,71428.5714285531,14045,0.0001,27992,0
horava,5_Horava_eta_1_matterpower.dat,1.0,0,,725,,1,0.0,0.0,0.0,0,,583,0.0001,1308,0
horava,5_Horava_eta_1_scalCls.dat,100.0,0,10.084799999951848,9538,1012.7962000147381,1,0.00010000000000331966,0.0009873654739082237,9.91591305732166e-06,0,999999.9999668035,11456,0.0001,20994,0
horava,5_Horava_eta_1_scalarCovCls.dat,0.1,0,10.084799999951848,17425,21.14320000001923,1,1.3999999999986246e-06,0.047296530326492225,9.91591305732166e-06,0,71428.5714286416,73549,0.0001,90974,0
horava,5_Horava_eta_1_tensCls.dat,0.01,0,15.419699999824086,6832,100015.41969885897,1,0.0,9.998458267844558e-06,6.485210477580034e-06,0,,10663,0.0001,17495,0
horava,5_Horava_eta_1_totCls.dat,0.1,0,10.180800000096069,13947,32.69489999928634,1,1.4000000000003593e-06,0.03058581001996727,9.822410812417137e-06,0,71428.5714285531,3548,0.0001,17495,0
horava,5_Horava_eta_1_transfer_out.dat,1000.0,0,,1980,10000000081.986444,1,1.0000000000287557e-07,9.999999918013557e-11,0.0,0,9999999999.712444,1296,0.0001,3276,0
horava,5_Horava_eta_2_lensedCls.dat,0.1,0,10.115400000130263,13546,26.43370000002404,1,1.0999999999969368e-06,0.03783049667655646,9.88591652319357e-06,0,90909.09090934407,3449,0.0001,16995,0
horava,5_Horava_eta_2_lensedtotCls.dat,0.1,0,10.449500000024354,13554,20.468100000018616,1,1.3000000000096268e-06,0.048856513306026965,9.5698358772924e-06,0,76923.0769225073,3441,0.0001,16995,0
horava,5_Horava_eta_2_lenspotentialCls.dat,0.1,0,10.010199999934422,13947,26.862200000024433,1,1.000000000001e-06,0.037227032782091204,9.989810393464178e-06,0,99999.9999999,14045,0.0001,27992,0
horava,5_Horava_eta_2_matterpower.dat,1.0,0,,724,,1,0.0,0.0,0.0,0,,584,0.0001,1308,0
horava,5_Horava_eta_2_scalCls.dat,100.0,0,10.681799999948996,9536,35.9967,1,0.00010000000000331966,0.027780324307505967,9.36171806254353e-06,0,999999.9999668035,11458,0.0001,20994,0
horava,5_Horava_eta_2_scalarCovCls.dat,0.1,0,6.090299999993909,17425,20.246800000018418,1,8.999999999981245e-07,0.049390520971170276,1.6419552403017917e-05,0,111111.11111134266,73549,0.0001,90974,0
horava,5_Horava_eta_2_tensCls.dat,0.01,0,,6831,,1,0.0,0.0,0.0,0,,10664,0.0001,17495,0
horava,5_Horava_eta_2_totCls.dat,0.1,0,10.010199999934422,13947,26.862200000024433,1,1.000000000001e-06,0.037227032782091204,9.989810393464178e-06,0,99999.9999999,3548,0.0001,17495,0
horava,5_Horava_eta_2_transfer_out.dat,1000.0,0,70.01610000000001,1980,1070.0161,1,0.00010000000000331966,0.0009345653771004005,1.4282429326969082e-06,0,9999999.999668034,1296,0.0001,3276,0
horava,5_Horava_eta_3_lensedCls.dat,0.1,0,10.970399999947617,13547,110.97039999947015,1,3.000000000016878e-07,0.009011412052265962,9.115437905680513e-06,0,333333.33333145804,3448,0.0001,16995,0
horava,5_Horava_eta_3_lensedtotCls.dat,0.1,0,10.522100000099288,13555,21.700700000019737,1,3.000000000086267e-07,0.04608146280991353,9.503806274323224e-06,0,333333.33332374814,3440,0.0001,16995,0
horava,5_Horava_eta_3_lenspotentialCls.dat,0.1,0,10.936900000009949,13941,20.936900000019044,1,3.000000000016878e-07,0.04776256274802337,9.1433587213844e-06,0,333333.33333145804,14051,0.0001,27992,0
horava,5_Horava_eta_3_matterpower.dat,1.0,0,,723,,1,0.0,0.0,0.0,0,,585,0.0001,1308,0
horava,5_Horava_eta_3_scalCls.dat,100.0,0,10.098200000009186,9530,1011.2355999963211,1,0.00010000000000331966,0.000988889236102485,9.902754946417088e-06,0,999999.9999668035,11464,0.0001,20994,0
horava,5_Horava_eta_3_scalarCovCls.dat,0.1,0,10.318700000024048,17415,110.37709999947296,1,3.999999999976245e-07,0.009059850276957583,9.691143264148289e-06,0,250000.0000014847,73559,0.0001,90974,0
horava,5_Horava_eta_3_tensCls.dat,0.01,0,,6824,,1,0.0,0.0,0.0,0,,10671,0.0001,17495,0
horava,5_Horava_eta_3_totCls.dat,0.1,0,10.936900000009949,13941,20.936900000019044,1,3.000000000016878e-07,0.04776256274802337,9.1433587213844e-06,0,333333.33333145804,3554,0.0001,17495,0
horava,5_Horava_eta_3_transfer_out.dat,1000.0,0,,1981,58004640371.24318,1,1.7239999999999855e-08,1.7239999999995993e-11,0.0,0,58004640371.23019,1295,0.0001,3276,0
horava,5_Horava_eta_4_lensedCls.dat,0.1,0,10.40570000002425,13541,21.09550000001919,1,1.1999999999998123e-06,0.04740347467465054,9.610117531715017e-06,0,83333.33333334637,3454,0.0001,16995,0
horava,5_Horava_eta_4_lensedtotCls.dat,0.1,0,10.007099999934443,13548,23.588500000021455,1,1.0999999999969368e-06,0.04239353922458361,9.992905037488895e-06,0,90909.09090934407,3447,0.0001,16995,0
horava,5_Horava_eta_4_lenspotentialCls.dat,0.1,0,10.008500000023325,13948,20.339000000018498,1,1.1999999999998123e-06,0.04916662569443387,9.99150721884068e-06,0,83333.33333334637,14044,0.0001,27992,0
horava,5_Horava_eta_4_matterpower.dat,1.0,0,,713,,1,0.0,0.0,0.0,0,,593,0.0001,1306,0
horava,5_Horava_eta_4_scalCls.dat,100.0,0,10.441199999950145,9446,10011.160900009105,1,0.00010000000000331966,9.988851542672644e-05,9.57744320580752e-06,0,999999.9999668035,11548,0.0001,20994,0
horava,5_Horava_eta_4_scalarCovCls.dat,0.1,0,10.045799999934188,17492,26.58280000002418,1,1.1999999999998123e-06,0.03761830958360633,9.954408807726127e-06,0,83333.33333334637,73482,0.0001,90974,0
horava,5_Horava_eta_4_tensCls.dat,0.01,0,,6738,1000038.2645059391,1,9.999999999940612e-09,9.999617369581773e-07,0.0,0,1000000.0000059388,10757,0.0001,17495,0
horava,5_Horava_eta_4_totCls.dat,0.1,0,10.008500000023325,13948,20.339000000018498,1,1.1999999999998123e-06,0.04916662569443387,9.99150721884068e-06,0,83333.33333334637,3547,0.0001,17495,0
horava,5_Horava_eta_4_transfer_out.dat,1000.0,0,,1987,100000000088.80708,1,9.999999999940612e-09,9.999999991119291e-12,0.0,0,100000000000.59389,1315,0.0001,3302,0
horndeski-full,5_ADE_1_lensedCls.dat,0.1,0,1.7075764705893155,13544,27.578900000025087,1,2.9000000000001247e-06,0.03625960426264609,5.856253100365584e-05,0,34482.758620688175,3451,0.0001,16995,0
horndeski-full,5_ADE_1_lensedtotCls.dat,0.1,0,1.6418375000040544,13553,27.728900000025217,1,2.9000000000001247e-06,0.03606345725936083,6.090736750729172e-05,0,34482.758620688175,3442,0.0001,16995,0
horndeski-full,5_ADE_1_lenspotentialCls.dat,0.1,0,0.762000000000482,13943,27.29740000002483,1,2.9000000000001247e-06,0.03663352553719733,0.00013123359580044194,0,34482.758620688175,14049,0.0001,27992,0
horndeski-full,5_ADE_1_matterpower.dat,1.0,0,,723,,1,0.0,0.0,0.0,0,,585,0.0001,1308,0
horndeski-full,5_ADE_1_scalCls.dat,100.0,0,10.903299999947938,9431,10020.694800236957,1,0.00010000000000331966,9.979347938791162e-05,9.171535223324818e-06,0,999999.9999668035,11563,0.0001,20994,0
horndeski-full,5_ADE_1_scalarCovCls.dat,0.1,0,0.8739833333324594,17417,21.61180000001966,1,2.9000000000001247e-06,0.04627101861016159,0.00011441865786925762,0,34482.758620688175,73557,0.0001,90974,0
horndeski-full,5_ADE_1_tensCls.dat,0.01,0,,6901,10000031.029942548,1,1.0000000000157452e-09,9.999968970153738e-08,0.0,0,9999999.999842549,10594,0.0001,17495,0
horndeski-full,5_ADE_1_totCls.dat,0.1,0,0.762000000000482,13943,27.29740000002483,1,2.9000000000001247e-06,0.03663352553719733,0.00013123359580044194,0,34482.758620688175,3552,0.0001,17495,0
horndeski-full,5_ADE_1_transfer_out.dat,1000.0,0,,1974,,1,0.0,0.0,0.0,0,,1289,0.0001,3263,0
horndeski-full,5_hdsk_TG_1_lensedCls.dat,0.1,0,6.494799999993504,13548,20.378000000018535,1,1.2000000000067512e-06,0.04907252919811024,1.539693293097555e-05,0,83333.33333286451,3447,0.0001,16995,0
horndeski-full,5_hdsk_TG_1_lensedtotCls.dat,0.1,0,6.734424999993265,13554,21.067300000019163,1,1.1999999999928734e-06,0.04746692741827811,1.4849077686677039e-05,0,83333.33333382824,3441,0.0001,16995,0
horndeski-full,5_hdsk_TG_1_lenspotentialCls.dat,0.1,0,8.415049999991584,13944,30.507399999334083,1,1.299999999995749e-06,0.03277893232533182,1.1883470686460568e-05,0,76923.07692332847,14048,0.0001,27992,0
horndeski-full,5_hdsk_TG_1_matterpower.dat,1.0,0,,751,,1,0.0,0.0,0.0,0,,575,0.0001,1326,0
horndeski-full,5_hdsk_TG_1_scalCls.dat,100.0,0,10.250400000096723,9490,123.298,1,0.00010000000000331966,0.00811043163717173,9.755716849982088e-06,0,999999.9999668035,11504,0.0001,20994,0
horndeski-full,5_hdsk_TG_1_scalarCovCls.dat,0.1,0,8.191499999991809,17453,22.324900000020307,1,1.1999999999998123e-06,0.044793033787344644,1.2207776353549412e-05,0,83333.33333334637,73521,0.0001,90974,0
horndeski-full,5_hdsk_TG_1_tensCls.dat,0.01,0,94.79909999727398,6654,100094.79909712171,1,9.999999999940612e-09,9.990529068645242e-06,1.0548623352212792e-06,0,1000000.0000059388,10841,0.0001,17495,0
horndeski-full,5_hdsk_TG_1_totCls.dat,0.1,0,8.415049999991584,13944,30.507399999334083,1,1.299999999995749e-06,0.03277893232533182,1.1883470686460568e-05,0,76923.07692332847,3551,0.0001,17495,0
horndeski-full,5_hdsk_TG_1_transfer_out.dat,1000.0,0,,1974,10000000016.376442,1,1.0000000000287557e-07,9.999999983623557e-11,0.0,0,9999999999.712444,1341,0.0001,3315,0
horndeski-full,5_hdsk_TG_2_lensedCls.dat,0.1,0,6.495324999993504,13548,20.378000000018535,1,1.1999999999928734e-06,0.04907252919811024,1.5395688437468488e-05,0,83333.33333382824,3447,0.0001,16995,0
horndeski-full,5_hdsk_TG_2_lensedtotCls.dat,0.1,0,8.9799000000741,13554,20.811100000018925,1,1.1999999999928734e-06,0.0480512803263206,1.1135981469634944e-05,0,83333.33333382824,3441,0.0001,16995,0
horndeski-full,5_hdsk_TG_2_lenspotentialCls.dat,0.1,0,8.415049999991584,13944,28.687200000026092,1,1.1999999999998123e-06,0.0348587523355047,1.1883470686460568e-05,0,83333.33333334637,14048,0.0001,27992,0
horndeski-full,5_hdsk_TG_2_matterpower.dat,1.0,0,,751,,1,0.0,0.0,0.0,0,,575,0.0001,1326,0
horndeski-full,5_hdsk_TG_2_scalCls.dat,100.0,0,10.250400000096723,9490,10011.358400009107,1,0.00010000000000331966,9.988654486678755e-05,9.755716849982088e-06,0,999999.9999668035,11504,0.0001,20994,0
horndeski-full,5_hdsk_TG_2_scalarCovCls.dat,0.1,0,8.191499999991809,17453,20.473800000018624,1,1.1999999999998123e-06,0.04884291142821998,1.2207776353549412e-05,0,83333.33333334637,73521,0.0001,90974,0
horndeski-full,5_hdsk_TG_2_tensCls.dat,0.01,0,94.79909999727398,6654,100094.79909712171,1,9.999999999940612e-09,9.990529068645242e-06,1.0548623352212792e-06,0,1000000.0000059388,10841,0.0001,17495,0
horndeski-full,5_hdsk_TG_2_totCls.dat,0.1,0,8.415049999991584,13944,28.687200000026092,1,1.1999999999998123e-06,0.0348587523355047,1.1883470686460568e-05,0,83333.33333334637,3551,0.0001,17495,0
horndeski-full,5_hdsk_TG_2_transfer_out.dat,1000.0,0,,1974,10000000061.223845,1,1.0000000000287557e-07,9.999999938776156e-11,0.0,0,9999999999.712444,1341,0.0001,3315,0
horndeski-full,5_hdsk_TG_3_lensedCls.dat,0.1,0,9.603199999990396,13878,20.397400000018553,1,1.6000000000043757e-06,0.049025856236534576,1.0413195601476592e-05,0,62499.99999982908,3117,0.0001,16995,0
horndeski-full,5_hdsk_TG_3_lensedtotCls.dat,0.1,0,9.382399999990618,13964,20.92130000001903,1,1.5000000000015001e-06,0.047798176977486596,1.065825375171598e-05,0,66666.6666666,3031,0.0001,16995,0
horndeski-full,5_hdsk_TG_3_lenspotentialCls.dat,0.1,0,10.023900000023362,13942,20.070400000018253,1,2.1000000000014063e-06,0.04982461734689346,9.976156984783063e-06,0,47619.047619015735,14050,0.0001,27992,0
horndeski-full,5_hdsk_TG_3_matterpower.dat,1.0,0,,750,,1,0.0,0.0,0.0,0,,564,0.0001,1314,0
horndeski-full,5_hdsk_TG_3_scalCls.dat,100.0,0,10.197899999951305,9535,1084.0234999369015,1,0.00010000000000331966,0.0009224892265326422,9.805940438764598e-06,0,999999.9999668035,11459,0.0001,20994,0
horndeski-full,5_hdsk_TG_3_scalarCovCls.dat,0.1,0,10.046500000023414,17424,27.288699999404347,1,2.099999999997937e-06,0.036645204792526864,9.953715224184238e-06,0,47619.0476190944,73550,0.0001,90974,0
horndeski-full,5_hdsk_TG_3_tensCls.dat,0.01,0,,6681,1000016.0865059389,1,9.999999999940612e-09,9.999839137528327e-07,0.0,0,1000000.0000059388,10814,0.0001,17495,0
horndeski-full,5_hdsk_TG_3_totCls.dat,0.1,0,10.023900000023362,13942,20.070400000018253,1,2.1000000000014063e-06,0.04982461734689346,9.976156984783063e-06,0,47619.047619015735,3553,0.0001,17495,0
horndeski-full,5_hdsk_TG_3_transfer_out.dat,1000.0,0,49.576400003426805,1999,100049.57640691558,1,1.0000000000287557e-06,9.995044815910668e-06,2.0170887759717896e-06,0,999999999.9712443,1303,0.0001,3302,0
kmouflage-kmimic,5_Kmimic_1_lensedCls.dat,0.1,0,0.01724241486068128,15186,1.1832176470583173,1,0.0007565000000000002,0.8451530472742459,0.005799651661788679,0,132.18770654329145,1809,0.0001,16995,0
kmouflage-kmimic,5_Kmimic_1_lensedtotCls.dat,0.1,0,0.017553786707882674,15197,1.1832176470583173,1,0.0007565000000000072,0.8451530472742459,0.00569677652258895,0,132.18770654329023,1798,0.0001,16995,0
kmouflage-kmimic,5_Kmimic_1_lenspotentialCls.dat,0.1,200,0.01862090878032107,13953,0.599099628252776,1,0.0007508999999999988,1.669171458036815,0.005370307173497456,0,133.1735251032097,14039,0.0001,27992,200
kmouflage-kmimic,5_Kmimic_1_matterpower.dat,1.0,4,0.10836938775510002,730,0.5561048458149824,1,0.00013199999999990997,1.7982220574512,0.0009227698160110151,0,7575.757575762743,578,0.0001,1308,4
kmouflage-kmimic,5_Kmimic_1_scalCls.dat,100.0,0,0.2258479245283135,10872,10.454654545454545,1,0.07739999999999725,0.0956511758138176,0.0004427758200959844,0,1291.9896640827333,10122,0.0001,20994,0
kmouflage-kmimic,5_Kmimic_1_scalarCovCls.dat,0.1,200,0.018930157103824865,17439,0.599099628252776,1,0.0007510000000000017,1.669171458036815,0.005282576338460227,0,133.15579227696375,73535,0.0001,90974,200
kmouflage-kmimic,5_Kmimic_1_tensCls.dat,0.01,0,,6678,,1,0.0,0.0,0.0,0,,10817,0.0001,17495,0
kmouflage-kmimic,5_Kmimic_1_totCls.dat,0.1,200,0.01862090878032107,13953,0.599099628252776,1,0.0007508999999999988,1.669171458036815,0.005370307173497456,0,133.1735251032097,3542,0.0001,17495,200
kmouflage-kmimic,5_Kmimic_1_transfer_out.dat,1000.0,0,0.18606344827586208,1783,2.824672351421189,1,0.19400000000007367,0.3540233611508485,0.0005374510734195232,0,5154.639175255775,1493,0.0001,3276,0
kmouflage-kmimic,5_Kmimic_2_lensedCls.dat,0.1,623,0.01591918656056597,14304,0.7230515151511764,1,0.0011274000000000006,1.383027321076727,0.006281728002843679,0,88.69966294128078,2691,0.0001,16995,623
kmouflage-kmimic,5_Kmimic_2_lensedtotCls.dat,0.1,623,0.015738903625110618,14313,0.7279656250001448,1,0.0011274000000000006,1.3736912371374692,0.00635368272034242,0,88.69966294128078,2682,0.0001,16995,623
kmouflage-kmimic,5_Kmimic_2_lenspotentialCls.dat,0.1,705,0.011253035714285894,13955,0.6165674418603739,1,1.4799999999995372e-05,1.6218825907879468,0.008886490946887206,0,6756.756756758869,14037,0.0001,27992,705
kmouflage-kmimic,5_Kmimic_2_matterpower.dat,1.0,2,0.11882525252527872,731,0.41770235294122116,1,9.199999999998099e-05,2.3940492385512595,0.000841571954401916,0,10869.56521739355,577,0.0001,1308,2
kmouflage-kmimic,5_Kmimic_2_scalCls.dat,100.0,0,0.3442750000000497,10693,20.0994,1,0.04080000000000439,0.0497527289371822,0.00029046547091710284,0,2450.980392156599,10301,0.0001,20994,0
kmouflage-kmimic,5_Kmimic_2_scalarCovCls.dat,0.1,705,0.011443878462913224,17443,0.6249666666665584,1,1.4899999999998248e-05,1.6000853378849644,0.008738296227461279,0,6711.409395973944,73531,0.0001,90974,705
kmouflage-kmimic,5_Kmimic_2_tensCls.dat,0.01,0,,6681,,1,0.0,0.0,0.0,0,,10814,0.0001,17495,0
kmouflage-kmimic,5_Kmimic_2_totCls.dat,0.1,705,0.011253035714285894,13955,0.6165674418603739,1,1.4799999999995372e-05,1.6218825907879468,0.008886490946887206,0,6756.756756758869,3540,0.0001,17495,705
kmouflage-kmimic,5_Kmimic_2_transfer_out.dat,1000.0,0,0.20434174757281554,1777,2.5633438679245284,1,0.1740999999999957,0.3901154318439818,0.0004893762590748414,0,5743.825387708355,1486,0.0001,3263,0
kmouflage-kmimic,5_Kmimic_3_lensedCls.dat,0.1,0,1.0349440677959063,13546,17.16899838707776,1,1.9199999999996997e-05,0.058244515926604644,9.662357910120441e-05,0,5208.333333334148,3449,0.0001,16995,0
kmouflage-kmimic,5_Kmimic_3_lensedtotCls.dat,0.1,0,1.037788333333294,13556,17.171895161310665,1,1.9199999999996997e-05,0.05823469049898822,9.635876294620495e-05,0,5208.333333334148,3439,0.0001,16995,0
kmouflage-kmimic,5_Kmimic_3_lenspotentialCls.dat,0.1,0,0.29126595744686123,13953,14.391922972965059,1,1.2999999999999123e-05,0.06948341801706973,0.00034332882866424264,0,7692.307692308212,14039,0.0001,27992,0
kmouflage-kmimic,5_Kmimic_3_matterpower.dat,1.0,0,0.2695199999999168,736,9.104921186436679,1,1.2999999999985246e-05,0.10983071456891569,0.00037102997922243566,0,76923.07692316423,572,0.0001,1308,0
kmouflage-kmimic,5_Kmimic_3_scalCls.dat,100.0,0,2.501524999996943,9653,27.807699999999997,1,0.00740000000000407,0.035961262528004835,3.997561487497515e-05,0,13513.513513506081,11341,0.0001,20994,0
kmouflage-kmimic,5_Kmimic_3_scalarCovCls.dat,0.1,0,0.2917765957445614,17438,14.39045405404614,1,1.2999999999999123e-05,0.06949051060128514,0.00034272796879001894,0,7692.307692308212,73536,0.0001,90974,0
kmouflage-kmimic,5_Kmimic_3_tensCls.dat,0.01,0,,6707,,1,0.0,0.0,0.0,0,,10788,0.0001,17495,0
kmouflage-kmimic,5_Kmimic_3_totCls.dat,0.1,0,0.29126595744686123,13953,14.391922972965059,1,1.2999999999999123e-05,0.06948341801706973,0.00034332882866424264,0,7692.307692308212,3542,0.0001,17495,0
kmouflage-kmimic,5_Kmimic_3_transfer_out.dat,1000.0,0,0.7431032258064516,1779,16.61956507936508,1,0.05600000000004002,0.06017004628127147,0.00013457080594889782,0,17857.142857130097,1484,0.0001,3263,0
kmouflage-kmimic,5_Kmouflage_1_lensedCls.dat,0.1,0,10.45009999998955,14084,114.48190000270714,1,1.9999999999187335e-07,0.008735005271369126,9.569286418321356e-06,0,500000.0000203167,2911,0.0001,16995,0
kmouflage-kmimic,5_Kmouflage_1_lensedtotCls.dat,0.1,0,10.946800000009958,14114,20.946800000019053,1,1.0000000000287557e-07,0.04773998892427914,9.13508970657261e-06,0,999999.9999712444,2881,0.0001,16995,0
kmouflage-kmimic,5_Kmouflage_1_lenspotentialCls.dat,0.1,0,10.386300000024207,13951,120.84059999942302,1,1.9999999999187335e-07,0.008275364405711116,9.6280677430622e-06,0,500000.0000203167,14041,0.0001,27992,0
kmouflage-kmimic,5_Kmouflage_1_matterpower.dat,1.0,0,,759,,1,0.0,0.0,0.0,0,,549,0.0001,1308,0
kmouflage-kmimic,5_Kmouflage_1_scalCls.dat,100.0,0,32.76710000077484,9575,100032.76710236547,1,0.00010000000000331966,9.996724363094752e-06,3.0518416337617705e-06,0,999999.9999668035,11419,0.0001,20994,0
kmouflage-kmimic,5_Kmouflage_1_scalarCovCls.dat,0.1,0,11.384599999824303,17435,121.46809999942,1,2.0000000000575113e-07,0.008232614159641707,8.78379565391347e-06,0,499999.9999856222,73539,0.0001,90974,0
kmouflage-kmimic,5_Kmouflage_1_tensCls.dat,0.01,0,,6889,,1,0.0,0.0,0.0,0,,10606,0.0001,17495,0
kmouflage-kmimic,5_Kmouflage_1_totCls.dat,0.1,0,10.386300000024207,13951,120.84059999942302,1,1.9999999999187335e-07,0.008275364405711116,9.6280677430622e-06,0,500000.0000203167,3544,0.0001,17495,0
kmouflage-kmimic,5_Kmouflage_1_transfer_out.dat,1000.0,0,,1773,4999999999998.342,1,2.0000000000043854e-10,2.0000000000006632e-13,0.0,0,4999999999989.036,1425,0.0001,3198,0
kmouflage-kmimic,5_Kmouflage_2_lensedCls.dat,0.1,0,11.969199999815281,16645,38.95779999914964,1,1.0000000000287557e-07,0.02566880060018347,8.354777261767144e-06,0,999999.9999712444,350,0.0001,16995,0
kmouflage-kmimic,5_Kmouflage_2_lensedtotCls.dat,0.1,0,10.26770000002393,16677,129.08470000305243,1,1.0000000000287557e-07,0.007746851485701661,9.739279488080772e-06,0,999999.9999712444,318,0.0001,16995,0
kmouflage-kmimic,5_Kmouflage_2_lenspotentialCls.dat,0.1,0,11.09990000002587,13933,129.66450000306617,1,1.9999999999881224e-07,0.00771221112930951,9.009090171962534e-06,0,500000.0000029694,14059,0.0001,27992,0
kmouflage-kmimic,5_Kmouflage_2_matterpower.dat,1.0,0,,845,,1,0.0,0.0,0.0,0,,461,0.0001,1306,0
kmouflage-kmimic,5_Kmouflage_2_scalCls.dat,100.0,0,25.9400000006134,10245,100025.94000236531,1,0.00010000000000331966,9.99740667247269e-06,3.855050115560344e-06,0,999999.9999668035,10749,0.0001,20994,0
kmouflage-kmimic,5_Kmouflage_2_scalarCovCls.dat,0.1,0,10.456800000163684,20373,122.41429999941549,1,1.9999999999881224e-07,0.008168980258064416,9.56315507597302e-06,0,500000.0000029694,70601,0.0001,90974,0
kmouflage-kmimic,5_Kmouflage_2_tensCls.dat,0.01,0,,7524,,1,0.0,0.0,0.0,0,,9971,0.0001,17495,0
kmouflage-kmimic,5_Kmouflage_2_totCls.dat,0.1,0,11.09990000002587,13933,129.66450000306617,1,1.9999999999881224e-07,0.00771221112930951,9.009090171962534e-06,0,500000.0000029694,3562,0.0001,17495,0
kmouflage-kmimic,5_Kmouflage_2_transfer_out.dat,1000.0,0,,1773,384615384615.92566,1,2.600000000002313e-09,2.5999999999963425e-12,0.0,0,384615384615.0425,1243,0.0001,3016,0
kmouflage-kmimic,5_Kmouflage_3_lensedCls.dat,0.1,0,20.21279999986758,13548,10020.212799934356,1,0.0,9.97982797337948e-05,4.947360088689104e-06,0,,3447,0.0001,16995,0
kmouflage-kmimic,5_Kmouflage_3_lensedtotCls.dat,0.1,0,12.068799999942375,13555,112.0687999994649,1,9.999999999593667e-08,0.008923090101837217,8.285827919965322e-06,0,1000000.0000406334,3440,0.0001,16995,0
kmouflage-kmimic,5_Kmouflage_3_lenspotentialCls.dat,0.1,0,10.231999999989768,13948,100010.23199989999,1,1.0000000000287557e-07,9.998976904693112e-06,9.773260359665755e-06,0,999999.9999712444,14044,0.0001,27992,0
kmouflage-kmimic,5_Kmouflage_3_matterpower.dat,1.0,0,,742,,1,0.0,0.0,0.0,0,,566,0.0001,1308,0
kmouflage-kmimic,5_Kmouflage_3_scalCls.dat,100.0,0,21.088799999539678,9482,10021.08879978126,1,1.9999999999881224e-08,9.97895558037394e-05,4.7418534957979015e-06,0,5000000000.029694,11512,0.0001,20994,0
kmouflage-kmimic,5_Kmouflage_3_scalarCovCls.dat,0.1,0,17.66009999998234,17431,1040.5973000393947,1,1.9999999999881224e-08,0.0009609865410588152,5.662482092406046e-06,0,5000000.000029694,73543,0.0001,90974,0
kmouflage-kmimic,5_Kmouflage_3_tensCls.dat,0.01,0,,6739,,1,0.0,0.0,0.0,0,,10756,0.0001,17495,0
kmouflage-kmimic,5_Kmouflage_3_totCls.dat,0.1,0,10.231999999989768,13948,100010.23199989999,1,1.0000000000287557e-07,9.998976904693112e-06,9.773260359665755e-06,0,999999.9999712444,3547,0.0001,17495,0
kmouflage-kmimic,5_Kmouflage_3_transfer_out.dat,1000.0,0,,1781,27624309392266.34,1,3.6199999999998696e-11,3.61999999999985e-14,0.0,0,27624309392266.188,1469,0.0001,3250,0
pure-eft-gamma,2_PEFT_gamma1_const_1_lensedCls.dat,0.1,0,22.6981999998513,13547,1041.3294999654313,1,1.0000000000287557e-07,0.0009603108334424374,4.405635689202453e-06,0,999999.9999712444,3448,0.0001,16995,0
pure-eft-gamma,2_PEFT_gamma1_const_1_lensedtotCls.dat,0.1,0,10.162600000023685,13556,128.07279999574843,1,1.0000000000287557e-07,0.007808059166608339,9.840001574377319e-06,0,999999.9999712444,3439,0.0001,16995,0
pure-eft-gamma,2_PEFT_gamma1_const_1_lenspotentialCls.dat,0.1,0,11.969100000187357,13947,27.497000000025015,1,1.0000000000287557e-07,0.03636760373855658,8.354847064393703e-06,0,999999.9999712444,14045,0.0001,27992,0
pure-eft-gamma,2_PEFT_gamma1_const_1_matterpower.dat,1.0,0,,725,,1,0.0,0.0,0.0,0,,583,0.0001,1308,0
pure-eft-gamma,2_PEFT_gamma1_const_1_scalCls.dat,100.0,0,20.367000000018525,9538,10020.367000009113,1,0.00010000000000331966,9.979674397146238e-05,4.909903274901019e-06,0,999999.9999668035,11456,0.0001,20994,0
pure-eft-gamma,2_PEFT_gamma1_const_1_scalarCovCls.dat,0.1,0,13.425599999912047,17425,167.50690000396102,1,1.0000000000287557e-07,0.005969903329214218,7.448456679824747e-06,0,999999.9999712444,73549,0.0001,90974,0
pure-eft-gamma,2_PEFT_gamma1_const_1_tensCls.dat,0.01,0,,6832,,1,0.0,0.0,0.0,0,,10663,0.0001,17495,0
pure-eft-gamma,2_PEFT_gamma1_const_1_totCls.dat,0.1,0,11.969100000187357,13947,27.497000000025015,1,1.0000000000287557e-07,0.03636760373855658,8.354847064393703e-06,0,999999.9999712444,3548,0.0001,17495,0
pure-eft-gamma,2_PEFT_gamma1_const_1_transfer_out.dat,1000.0,0,,1980,,1,0.0,0.0,0.0,0,,1296,0.0001,3276,0
pure-eft-gamma,2_PEFT_gamma1_const_2_lensedCls.dat,0.1,0,22.6981999998513,13547,1041.3294999654313,1,1.0000000000287557e-07,0.0009603108334424374,4.405635689202453e-06,0,999999.9999712444,3448,0.0001,16995,0
pure-eft-gamma,2_PEFT_gamma1_const_2_lensedtotCls.dat,0.1,0,10.162600000023685,13556,128.07279999574843,1,1.0000000000287557e-07,0.007808059166608339,9.840001574377319e-06,0,999999.9999712444,3439,0.0001,16995,0
pure-eft-gamma,2_PEFT_gamma1_const_2_lenspotentialCls.dat,0.1,0,11.969100000187357,13947,27.497000000025015,1,1.0000000000287557e-07,0.03636760373855658,8.354847064393703e-06,0,999999.9999712444,14045,0.0001,27992,0
pure-eft-gamma,2_PEFT_gamma1_const_2_matterpower.dat,1.0,0,,725,,1,0.0,0.0,0.0,0,,583,0.0001,1308,0
pure-eft-gamma,2_PEFT_gamma1_const_2_scalCls.dat,100.0,0,20.367000000018525,9538,10020.367000009113,1,0.00010000000000331966,9.979674397146238e-05,4.909903274901019e-06,0,999999.9999668035,11456,0.0001,20994,0
pure-eft-gamma,2_PEFT_gamma1_const_2_scalarCovCls.dat,0.1,0,13.425599999912047,17425,167.50690000396102,1,1.0000000000287557e-07,0.005969903329214218,7.448456679824747e-06,0,999999.9999712444,73549,0.0001,90974,0
pure-eft-gamma,2_PEFT_gamma1_const_2_tensCls.dat,0.01,0,,6832,,1,0.0,0.0,0.0,0,,10663,0.0001,17495,0
pure-eft-gamma,2_PEFT_gamma1_const_2_totCls.dat,0.1,0,11.969100000187357,13947,27.497000000025015,1,1.0000000000287557e-07,0.03636760373855658,8.354847064393703e-06,0,999999.9999712444,3548,0.0001,17495,0
pure-eft-gamma,2_PEFT_gamma1_const_2_transfer_out.dat,1000.0,0,,1980,,1,0.0,0.0,0.0,0,,1296,0.0001,3276,0
pure-eft-gamma,2_PEFT_gamma3_const_1_lensedCls.dat,0.1,0,10.676199999949024,13551,34.10589999925554,1,9.999999999940612e-09,0.029320440159087663,9.366628575755183e-06,0,10000000.000059389,3444,0.0001,16995,0
pure-eft-gamma,2_PEFT_gamma3_const_1_lensedtotCls.dat,0.1,0,14.062499999907875,13558,187.51150000443405,1,9.999999999940612e-09,0.005333006242157698,7.111111111157698e-06,0,10000000.000059389,3437,0.0001,16995,0
pure-eft-gamma,2_PEFT_gamma3_const_1_lenspotentialCls.dat,0.1,0,11.969100000187357,13949,30.032300000027316,1,1.0000000000287557e-07,0.033297483043226474,8.354847064393703e-06,0,999999.9999712444,14043,0.0001,27992,0
pure-eft-gamma,2_PEFT_gamma3_const_1_matterpower.dat,1.0,0,,734,,1,0.0,0.0,0.0,0,,574,0.0001,1308,0
pure-eft-gamma,2_PEFT_gamma3_const_1_scalCls.dat,100.0,0,,9630,1000014.0931023306,1,0.00010000000000331966,9.999859070962822e-07,0.0,0,999999.9999668035,11364,0.0001,20994,0
pure-eft-gamma,2_PEFT_gamma3_const_1_scalarCovCls.dat,0.1,0,11.608299999923954,17553,174.12970000411764,1,1.0000000000287557e-07,0.005742845706254321,8.614525813483035e-06,0,999999.9999712444,73421,0.0001,90974,0
pure-eft-gamma,2_PEFT_gamma3_const_1_tensCls.dat,0.01,0,,6907,1000056.8888059391,1,9.999999999940612e-09,9.99943114430213e-07,0.0,0,1000000.0000059388,10588,0.0001,17495,0
pure-eft-gamma,2_PEFT_gamma3_const_1_totCls.dat,0.1,0,11.969100000187357,13949,30.032300000027316,1,1.0000000000287557e-07,0.033297483043226474,8.354847064393703e-06,0,999999.9999712444,3546,0.0001,17495,0
pure-eft-gamma,2_PEFT_gamma3_const_1_transfer_out.dat,1000.0,0,,2004,,1,0.0,0.0,0.0,0,,1272,0.0001,3276,0
pure-eft-gamma,2_PEFT_gamma3_const_2_lensedCls.dat,0.1,0,18.030300000042022,13547,1018.0303000023725,1,1.0000000000287557e-07,0.0009822890340274444,5.546219419519749e-06,0,999999.9999712444,3448,0.0001,16995,0
pure-eft-gamma,2_PEFT_gamma3_const_2_lensedtotCls.dat,0.1,0,12.418000000028941,13555,136.25600000322203,1,9.999999999940612e-08,0.0073391263502257005,8.052826542097515e-06,0,1000000.0000059388,3440,0.0001,16995,0
pure-eft-gamma,2_PEFT_gamma3_const_2_lenspotentialCls.dat,0.1,0,11.969100000187357,13947,119.65899999942866,1,1.0000000000287557e-07,0.00835708137294123,8.354847064393703e-06,0,999999.9999712444,14045,0.0001,27992,0
pure-eft-gamma,2_PEFT_gamma3_const_2_matterpower.dat,1.0,0,,727,,1,0.0,0.0,0.0,0,,581,0.0001,1308,0
pure-eft-gamma,2_PEFT_gamma3_const_2_scalCls.dat,100.0,0,22.09339999989451,9576,100022.0933995224,1,0.00010000000000331966,9.997791148058244e-06,4.526238605215923e-06,0,999999.9999668035,11418,0.0001,20994,0
pure-eft-gamma,2_PEFT_gamma3_const_2_scalarCovCls.dat,0.1,0,21.419899999897726,17426,121.41989999942025,1,1.0000000000287557e-07,0.008235882256572232,4.668555875633288e-06,0,999999.9999712444,73548,0.0001,90974,0
pure-eft-gamma,2_PEFT_gamma3_const_2_tensCls.dat,0.01,0,,6833,,1,0.0,0.0,0.0,0,,10662,0.0001,17495,0
pure-eft-gamma,2_PEFT_gamma3_const_2_totCls.dat,0.1,0,11.969100000187357,13947,119.65899999942866,1,1.0000000000287557e-07,0.00835708137294123,8.354847064393703e-06,0,999999.9999712444,3548,0.0001,17495,0
pure-eft-gamma,2_PEFT_gamma3_const_2_transfer_out.dat,1000.0,0,,1987,,1,0.0,0.0,0.0,0,,1289,0.0001,3276,0
pure-eft-gamma,2_PEFT_gamma3_exp_1_lensedCls.dat,0.1,0,11.516199999924556,13552,31.40109999931459,1,1.0000000000114084e-07,0.03184601813381785,8.683419878141671e-06,0,999999.9999885916,3443,0.0001,16995,0
pure-eft-gamma,2_PEFT_gamma3_exp_1_lensedtotCls.dat,0.1,0,10.429400000098411,13557,110.42940000104201,1,9.999999999593667e-08,0.009055559479545882,9.588279287308609e-06,0,1000000.0000406334,3438,0.0001,16995,0
pure-eft-gamma,2_PEFT_gamma3_exp_1_lenspotentialCls.dat,0.1,0,10.263699999932761,13949,1017.1065000023705,1,1.0000000000287557e-07,0.0009831812106182287,9.743075109429847e-06,0,999999.9999712444,14043,0.0001,27992,0
pure-eft-gamma,2_PEFT_gamma3_exp_1_matterpower.dat,1.0,0,,734,,1,0.0,0.0,0.0,0,,574,0.0001,1308,0
pure-eft-gamma,2_PEFT_gamma3_exp_1_scalCls.dat,100.0,0,15.967099999923759,9628,10023.160800237016,1,0.00010000000000331966,9.976892718077049e-05,6.262878043005774e-06,0,999999.9999668035,11366,0.0001,20994,0
pure-eft-gamma,2_PEFT_gamma3_exp_1_scalarCovCls.dat,0.1,0,10.273599999932697,17597,29.110000000026478,1,1.0000000000287557e-07,0.0343524562005871,9.733686341755092e-06,0,999999.9999712444,73377,0.0001,90974,0
pure-eft-gamma,2_PEFT_gamma3_exp_1_tensCls.dat,0.01,0,,6859,,1,0.0,0.0,0.0,0,,10636,0.0001,17495,0
pure-eft-gamma,2_PEFT_gamma3_exp_1_totCls.dat,0.1,0,10.263699999932761,13949,1017.1065000023705,1,1.0000000000287557e-07,0.0009831812106182287,9.743075109429847e-06,0,999999.9999712444,3546,0.0001,17495,0
pure-eft-gamma,2_PEFT_gamma3_exp_1_transfer_out.dat,1000.0,0,,2004,,1,0.0,0.0,0.0,0,,1272,0.0001,3276,0
pure-eft-gamma,2_PEFT_gamma3_exp_2_lensedCls.dat,0.1,0,10.82170000002522,13547,147.1111999951164,1,9.999999999940612e-08,0.0067975789744981795,9.24069231264653e-06,0,1000000.0000059388,3448,0.0001,16995,0
pure-eft-gamma,2_PEFT_gamma3_exp_2_lensedtotCls.dat,0.1,0,13.321599999936392,13554,113.32159999945893,1,7.000000000045165e-08,0.0088244430011999,7.506605813151384e-06,0,1428571.4285622113,3441,0.0001,16995,0
pure-eft-gamma,2_PEFT_gamma3_exp_2_lenspotentialCls.dat,0.1,0,10.4092999999503,13946,110.40929999947281,1,1.0000000000287557e-07,0.009057208043206278,9.606793924709392e-06,0,999999.9999712444,14046,0.0001,27992,0
pure-eft-gamma,2_PEFT_gamma3_exp_2_matterpower.dat,1.0,0,,727,,1,0.0,0.0,0.0,0,,581,0.0001,1308,0
pure-eft-gamma,2_PEFT_gamma3_exp_2_scalCls.dat,100.0,0,37.642699998750395,9569,100037.6426966791,1,9.999999999976694e-05,9.996237146771517e-06,2.6565575796454464e-06,0,1000000.0000023306,11425,0.0001,20994,0
pure-eft-gamma,2_PEFT_gamma3_exp_2_scalarCovCls.dat,0.1,0,18.13680000004227,17426,123.48559999941038,1,1.0000000000287557e-07,0.008098110225036561,5.513651801848559e-06,0,999999.9999712444,73548,0.0001,90974,0
pure-eft-gamma,2_PEFT_gamma3_exp_2_tensCls.dat,0.01,0,,6833,,1,0.0,0.0,0.0,0,,10662,0.0001,17495,0
pure-eft-gamma,2_PEFT_gamma3_exp_2_totCls.dat,0.1,0,10.4092999999503,13946,110.40929999947281,1,1.0000000000287557e-07,0.009057208043206278,9.606793924709392e-06,0,999999.9999712444,3549,0.0001,17495,0
pure-eft-gamma,2_PEFT_gamma3_exp_2_transfer_out.dat,1000.0,0,,1987,,1,0.0,0.0,0.0,0,,1289,0.0001,3276,0
pure-eft-gamma,2_PEFT_gamma3_lin_1_lensedCls.dat,0.1,0,14.159600000033,13547,121.77139999941858,1,1.0000000000287557e-07,0.008212108918882223,7.0623463939494724e-06,0,999999.9999712444,3448,0.0001,16995,0
pure-eft-gamma,2_PEFT_gamma3_lin_1_lensedtotCls.dat,0.1,0,13.109799999937405,13555,113.10979999945992,1,2.0000000000575113e-07,0.008840966918912197,7.627881432247439e-06,0,499999.9999856222,3440,0.0001,16995,0
pure-eft-gamma,2_PEFT_gamma3_lin_1_lenspotentialCls.dat,0.1,0,11.969100000187357,13947,165.86859998506523,1,1.0000000000287557e-07,0.0060288686351126115,8.354847064393703e-06,0,999999.9999712444,14045,0.0001,27992,0
pure-eft-gamma,2_PEFT_gamma3_lin_1_matterpower.dat,1.0,0,,729,,1,0.0,0.0,0.0,0,,579,0.0001,1308,0
pure-eft-gamma,2_PEFT_gamma3_lin_1_scalCls.dat,100.0,0,20.95799999989993,9562,100020.95799952242,1,0.00010000000000331966,9.997904639193467e-06,4.771447657241983e-06,0,999999.9999668035,11432,0.0001,20994,0
pure-eft-gamma,2_PEFT_gamma3_lin_1_scalarCovCls.dat,0.1,0,10.412599999950283,17518,110.41259999947279,1,1.0000000000287557e-07,0.009056937342339325,9.603749303774031e-06,0,999999.9999712444,73456,0.0001,90974,0
pure-eft-gamma,2_PEFT_gamma3_lin_1_tensCls.dat,0.01,0,,6831,,1,0.0,0.0,0.0,0,,10664,0.0001,17495,0
pure-eft-gamma,2_PEFT_gamma3_lin_1_totCls.dat,0.1,0,11.969100000187357,13947,165.86859998506523,1,1.0000000000287557e-07,0.0060288686351126115,8.354847064393703e-06,0,999999.9999712444,3548,0.0001,17495,0
pure-eft-gamma,2_PEFT_gamma3_lin_1_transfer_out.dat,1000.0,0,,1997,,1,0.0,0.0,0.0,0,,1279,0.0001,3276,0
pure-eft-gamma,2_PEFT_gamma3_lin_2_lensedCls.dat,0.1,0,17.140099999887713,13547,121.32000000286885,1,1.0000000000287557e-07,0.008242664028819263,5.834271678733211e-06,0,999999.9999712444,3448,0.0001,16995,0
pure-eft-gamma,2_PEFT_gamma3_lin_2_lensedtotCls.dat,0.1,0,21.221799999860977,13555,121.91439999941788,1,1.0000000000287557e-07,0.00820247649174154,4.712135634142962e-06,0,999999.9999712444,3440,0.0001,16995,0
pure-eft-gamma,2_PEFT_gamma3_lin_2_lenspotentialCls.dat,0.1,0,11.969100000187357,13947,120.92069999942262,1,1.0000000000287557e-07,0.008269882658674444,8.354847064393703e-06,0,999999.9999712444,14045,0.0001,27992,0
pure-eft-gamma,2_PEFT_gamma3_lin_2_matterpower.dat,1.0,0,,726,,1,0.0,0.0,0.0,0,,582,0.0001,1308,0
pure-eft-gamma,2_PEFT_gamma3_lin_2_scalCls.dat,100.0,0,10.419099999950252,9509,100010.41909952245,1,0.00010000000000331966,9.99895819859408e-06,9.597757963785498e-06,0,999999.9999668035,11485,0.0001,20994,0
pure-eft-gamma,2_PEFT_gamma3_lin_2_scalarCovCls.dat,0.1,0,16.67879999998332,17426,122.38039999941566,1,1.0000000000287557e-07,0.008171243107595455,5.995635177596711e-06,0,999999.9999712444,73548,0.0001,90974,0
pure-eft-gamma,2_PEFT_gamma3_lin_2_tensCls.dat,0.01,0,,6832,,1,0.0,0.0,0.0,0,,10663,0.0001,17495,0
pure-eft-gamma,2_PEFT_gamma3_lin_2_totCls.dat,0.1,0,11.969100000187357,13947,120.92069999942262,1,1.0000000000287557e-07,0.008269882658674444,8.354847064393703e-06,0,999999.9999712444,3548,0.0001,17495,0
pure-eft-gamma,2_PEFT_gamma3_lin_2_transfer_out.dat,1000.0,0,,1983,,1,0.0,0.0,0.0,0,,1293,0.0001,3276,0
pure-eft-gamma,2_PEFT_gamma3_power_1_lensedCls.dat,0.1,0,15.218500000035469,13551,1015.2185000023662,1,1.0000000000287557e-07,0.0009850096309293706,6.570949830782728e-06,0,999999.9999712444,3444,0.0001,16995,0
pure-eft-gamma,2_PEFT_gamma3_power_1_lensedtotCls.dat,0.1,0,13.953800000032519,13557,119.51419999942932,1,1.0000000000287557e-07,0.008367206574656191,7.166506614668904e-06,0,999999.9999712444,3438,0.0001,16995,0
pure-eft-gamma,2_PEFT_gamma3_power_1_lenspotentialCls.dat,0.1,0,11.969100000187357,13948,33.1549999992763,1,1.0000000000287557e-07,0.03016136329427923,8.354847064393703e-06,0,999999.9999712444,14044,0.0001,27992,0
pure-eft-gamma,2_PEFT_gamma3_power_1_matterpower.dat,1.0,0,,733,,1,0.0,0.0,0.0,0,,575,0.0001,1308,0
pure-eft-gamma,2_PEFT_gamma3_power_1_scalCls.dat,100.0,0,16.297400000385384,9628,100016.29740236507,1,9.999999999976694e-05,9.998370525325536e-06,6.135948065190479e-06,0,1000000.0000023306,11366,0.0001,20994,0
pure-eft-gamma,2_PEFT_gamma3_power_1_scalarCovCls.dat,0.1,0,18.35709999991235,17553,118.35709999943487,1,1.0000000000287557e-07,0.008449007283929522,5.447483535007026e-06,0,999999.9999712444,73421,0.0001,90974,0
pure-eft-gamma,2_PEFT_gamma3_power_1_tensCls.dat,0.01,0,,6848,,1,0.0,0.0,0.0,0,,10647,0.0001,17495,0
pure-eft-gamma,2_PEFT_gamma3_power_1_totCls.dat,0.1,0,11.969100000187357,13948,33.1549999992763,1,1.0000000000287557e-07,0.03016136329427923,8.354847064393703e-06,0,999999.9999712444,3547,0.0001,17495,0
pure-eft-gamma,2_PEFT_gamma3_power_1_transfer_out.dat,1000.0,0,,2001,,1,0.0,0.0,0.0,0,,1275,0.0001,3276,0
pure-eft-gamma,2_PEFT_gamma3_power_2_lensedCls.dat,0.1,0,11.290099999825761,13548,1011.2900999843928,1,9.999999999940612e-08,0.0009888359433316246,8.857317472966873e-06,0,1000000.0000059388,3447,0.0001,16995,0
pure-eft-gamma,2_PEFT_gamma3_power_2_lensedtotCls.dat,0.1,0,10.612799999930473,13555,1020.2206000023779,1,1.0000000000287557e-07,0.000980180168874917,9.42258404951145e-06,0,999999.9999712444,3440,0.0001,16995,0
pure-eft-gamma,2_PEFT_gamma3_power_2_lenspotentialCls.dat,0.1,0,11.969100000187357,13946,1013.2742000023616,1,1.0000000000287557e-07,0.0009868996960523315,8.354847064393703e-06,0,999999.9999712444,14046,0.0001,27992,0
pure-eft-gamma,2_PEFT_gamma3_power_2_matterpower.dat,1.0,0,,727,,1,0.0,0.0,0.0,0,,581,0.0001,1308,0
pure-eft-gamma,2_PEFT_gamma3_power_2_scalCls.dat,100.0,0,17.036199999918654,9567,10021.927000236987,1,0.00010000000000331966,9.978120973904052e-05,5.869853605879098e-06,0,999999.9999668035,11427,0.0001,20994,0
pure-eft-gamma,2_PEFT_gamma3_power_2_scalarCovCls.dat,0.1,0,15.485899999761006,17426,135.22539999551097,1,1.0000000000287557e-07,0.007395060395703741,6.457487133556545e-06,0,999999.9999712444,73548,0.0001,90974,0
pure-eft-gamma,2_PEFT_gamma3_power_2_tensCls.dat,0.01,0,,6833,,1,0.0,0.0,0.0,0,,10662,0.0001,17495,0
pure-eft-gamma,2_PEFT_gamma3_power_2_totCls.dat,0.1,0,11.969100000187357,13946,1013.2742000023616,1,1.0000000000287557e-07,0.0009868996960523315,8.354847064393703e-06,0,999999.9999712444,3549,0.0001,17495,0
pure-eft-gamma,2_PEFT_gamma3_power_2_transfer_out.dat,1000.0,0,,1987,,1,0.0,0.0,0.0,0,,1289,0.0001,3276,0
pure-eft-gamma,2_PEFT_gamma4_const_1_lensedCls.dat,0.1,0,13.478800000031413,13548,1013.4788000023619,1,9.999999999593667e-08,0.0009867004618129846,7.4190580763693316e-06,0,1000000.0000406334,3447,0.0001,16995,0
pure-eft-gamma,2_PEFT_gamma4_const_1_lensedtotCls.dat,0.1,0,12.20270000002844,13557,132.96330000314418,1,1.0000000000287557e-07,0.007520872300675096,8.194907684345837e-06,0,999999.9999712444,3438,0.0001,16995,0
pure-eft-gamma,2_PEFT_gamma4_const_1_lenspotentialCls.dat,0.1,0,10.620599999930423,13947,1014.9698000023654,1,1.0000000000287557e-07,0.0009852509897315855,9.415663898523164e-06,0,999999.9999712444,14045,0.0001,27992,0
pure-eft-gamma,2_PEFT_gamma4_const_1_matterpower.dat,1.0,0,,590,,1,0.0,0.0,0.0,0,,718,0.0001,1308,0
pure-eft-gamma,2_PEFT_gamma4_const_1_scalCls.dat,100.0,0,21.135199999899086,9563,100021.13519952241,1,0.00010000000000331966,9.997886926650027e-06,4.7314432794805575e-06,0,999999.9999668035,11431,0.0001,20994,0
pure-eft-gamma,2_PEFT_gamma4_const_1_scalarCovCls.dat,0.1,0,12.915199999987085,17467,1040.3624999654635,1,1.0000000000287557e-07,0.0009612034267221248,7.74281466799585e-06,0,999999.9999712444,73507,0.0001,90974,0
pure-eft-gamma,2_PEFT_gamma4_const_1_tensCls.dat,0.01,0,,6832,,1,0.0,0.0,0.0,0,,10663,0.0001,17495,0
pure-eft-gamma,2_PEFT_gamma4_const_1_totCls.dat,0.1,0,10.620599999930423,13947,1014.9698000023654,1,1.0000000000287557e-07,0.0009852509897315855,9.415663898523164e-06,0,999999.9999712444,3548,0.0001,17495,0
pure-eft-gamma,2_PEFT_gamma4_const_1_transfer_out.dat,1000.0,0,,1516,14338767.727080708,1,6.974100000000001e-05,6.974099999621058e-08,0.0,0,14338767.7263016,1760,0.0001,3276,0
pure-eft-gamma,2_PEFT_gamma4_lin_1_lensedCls.dat,0.1,0,22.6981999998513,13547,1041.3294999654313,1,1.0000000000287557e-07,0.0009603108334424374,4.405635689202453e-06,0,999999.9999712444,3448,0.0001,16995,0
pure-eft-gamma,2_PEFT_gamma4_lin_1_lensedtotCls.dat,0.1,0,10.162600000023685,13556,128.07279999574843,1,1.0000000000287557e-07,0.007808059166608339,9.840001574377319e-06,0,999999.9999712444,3439,0.0001,16995,0
pure-eft-gamma,2_PEFT_gamma4_lin_1_lenspotentialCls.dat,0.1,0,11.969100000187357,13947,27.497000000025015,1,1.0000000000287557e-07,0.03636760373855658,8.354847064393703e-06,0,999999.9999712444,14045,0.0001,27992,0
pure-eft-gamma,2_PEFT_gamma4_lin_1_matterpower.dat,1.0,0,,725,,1,0.0,0.0,0.0,0,,583,0.0001,1308,0
pure-eft-gamma,2_PEFT_gamma4_lin_1_scalCls.dat,100.0,0,20.367000000018525,9538,10020.367000009113,1,0.00010000000000331966,9.979674397146238e-05,4.909903274901019e-06,0,999999.9999668035,11456,0.0001,20994,0
pure-eft-gamma,2_PEFT_gamma4_lin_1_scalarCovCls.dat,0.1,0,13.425599999912047,17425,167.50690000396102,1,1.0000000000287557e-07,0.005969903329214218,7.448456679824747e-06,0,999999.9999712444,73549,0.0001,90974,0
pure-eft-gamma,2_PEFT_gamma4_lin_1_tensCls.dat,0.01,0,,6832,,1,0.0,0.0,0.0,0,,10663,0.0001,17495,0
pure-eft-gamma,2_PEFT_gamma4_lin_1_totCls.dat,0.1,0,11.969100000187357,13947,27.497000000025015,1,1.0000000000287557e-07,0.03636760373855658,8.354847064393703e-06,0,999999.9999712444,3548,0.0001,17495,0
pure-eft-gamma,2_PEFT_gamma4_lin_1_transfer_out.dat,1000.0,0,,1980,,1,0.0,0.0,0.0,0,,1296,0.0001,3276,0
pure-eft-gamma,2_PEFT_gamma4_power_1_lensedCls.dat,0.1,0,22.6981999998513,13547,1041.3294999654313,1,1.0000000000287557e-07,0.0009603108334424374,4.405635689202453e-06,0,999999.9999712444,3448,0.0001,16995,0
pure-eft-gamma,2_PEFT_gamma4_power_1_lensedtotCls.dat,0.1,0,10.162600000023685,13556,128.07279999574843,1,1.0000000000287557e-07,0.007808059166608339,9.840001574377319e-06,0,999999.9999712444,3439,0.0001,16995,0
pure-eft-gamma,2_PEFT_gamma4_power_1_lenspotentialCls.dat,0.1,0,11.969100000187357,13947,27.497000000025015,1,1.0000000000287557e-07,0.03636760373855658,8.354847064393703e-06,0,999999.9999712444,14045,0.0001,27992,0
pure-eft-gamma,2_PEFT_gamma4_power_1_matterpower.dat,1.0,0,,725,,1,0.0,0.0,0.0,0,,583,0.0001,1308,0
pure-eft-gamma,2_PEFT_gamma4_power_1_scalCls.dat,100.0,0,20.367000000018525,9538,10020.367000009113,1,0.00010000000000331966,9.979674397146238e-05,4.909903274901019e-06,0,999999.9999668035,11456,0.0001,20994,0
pure-eft-gamma,2_PEFT_gamma4_power_1_scalarCovCls.dat,0.1,0,13.425599999912047,17425,167.50690000396102,1,1.0000000000287557e-07,0.005969903329214218,7.448456679824747e-06,0,999999.9999712444,73549,0.0001,90974,0
pure-eft-gamma,2_PEFT_gamma4_power_1_tensCls.dat,0.01,0,,6832,,1,0.0,0.0,0.0,0,,10663,0.0001,17495,0
pure-eft-gamma,2_PEFT_gamma4_power_1_totCls.dat,0.1,0,11.969100000187357,13947,27.497000000025015,1,1.0000000000287557e-07,0.03636760373855658,8.354847064393703e-06,0,999999.9999712444,3548,0.0001,17495,0
pure-eft-gamma,2_PEFT_gamma4_power_1_transfer_out.dat,1000.0,0,,1980,,1,0.0,0.0,0.0,0,,1296,0.0001,3276,0
pure-eft-gamma,2_PEFT_gamma4_power_2_lensedCls.dat,0.1,0,22.6981999998513,13547,1041.3294999654313,1,1.0000000000287557e-07,0.0009603108334424374,4.405635689202453e-06,0,999999.9999712444,3448,0.0001,16995,0
pure-eft-gamma,2_PEFT_gamma4_power_2_lensedtotCls.dat,0.1,0,10.162600000023685,13556,128.07279999574843,1,1.0000000000287557e-07,0.007808059166608339,9.840001574377319e-06,0,999999.9999712444,3439,0.0001,16995,0
pure-eft-gamma,2_PEFT_gamma4_power_2_lenspotentialCls.dat,0.1,0,11.969100000187357,13947,27.497000000025015,1,1.0000000000287557e-07,0.03636760373855658,8.354847064393703e-06,0,999999.9999712444,14045,0.0001,27992,0
pure-eft-gamma,2_PEFT_gamma4_power_2_matterpower.dat,1.0,0,,725,,1,0.0,0.0,0.0,0,,583,0.0001,1308,0
pure-eft-gamma,2_PEFT_gamma4_power_2_scalCls.dat,100.0,0,20.367000000018525,9538,10020.367000009113,1,0.00010000000000331966,9.979674397146238e-05,4.909903274901019e-06,0,999999.9999668035,11456,0.0001,20994,0
pure-eft-gamma,2_PEFT_gamma4_power_2_scalarCovCls.dat,0.1,0,13.425599999912047,17425,167.50690000396102,1,1.0000000000287557e-07,0.005969903329214218,7.448456679824747e-06,0,999999.9999712444,73549,0.0001,90974,0
pure-eft-gamma,2_PEFT_gamma4_power_2_tensCls.dat,0.01,0,,6832,,1,0.0,0.0,0.0,0,,10663,0.0001,17495,0
pure-eft-gamma,2_PEFT_gamma4_power_2_totCls.dat,0.1,0,11.969100000187357,13947,27.497000000025015,1,1.0000000000287557e-07,0.03636760373855658,8.354847064393703e-06,0,999999.9999712444,3548,0.0001,17495,0
pure-eft-gamma,2_PEFT_gamma4_power_2_transfer_out.dat,1000.0,0,,1980,,1,0.0,0.0,0.0,0,,1296,0.0001,3276,0
pure-eft-gamma,2_PEFT_gamma5_const_1_lensedCls.dat,0.1,0,16.085699999983913,13552,165.30550000390895,1,9.999999999940612e-09,0.006049405494531961,6.216701791038003e-06,0,10000000.000059389,3443,0.0001,16995,0
pure-eft-gamma,2_PEFT_gamma5_const_1_lensedtotCls.dat,0.1,0,11.20380000010572,13559,111.20380000104932,1,9.999999999940612e-09,0.008992498457701661,8.925543119214589e-06,0,10000000.000059389,3436,0.0001,16995,0
pure-eft-gamma,2_PEFT_gamma5_const_1_lenspotentialCls.dat,0.1,0,11.967400000027892,13948,128.94729999571942,1,1.0000000000287557e-07,0.007755106156028055,8.356033892053991e-06,0,999999.9999712444,14044,0.0001,27992,0
pure-eft-gamma,2_PEFT_gamma5_const_1_matterpower.dat,1.0,0,,730,,1,0.0,0.0,0.0,0,,578,0.0001,1308,0
pure-eft-gamma,2_PEFT_gamma5_const_1_scalCls.dat,100.0,0,39.012100000922516,9600,100039.0121023656,1,0.00010000000000331966,9.99610031111406e-06,2.5633072815263807e-06,0,999999.9999668035,11394,0.0001,20994,0
pure-eft-gamma,2_PEFT_gamma5_const_1_scalarCovCls.dat,0.1,0,10.078000000023488,17428,122.04469999941725,1,1.0000000000287557e-07,0.008193719186533908,9.922603691185448e-06,0,999999.9999712444,73546,0.0001,90974,0
pure-eft-gamma,2_PEFT_gamma5_const_1_tensCls.dat,0.01,0,,6832,,1,0.0,0.0,0.0,0,,10663,0.0001,17495,0
pure-eft-gamma,2_PEFT_gamma5_const_1_totCls.dat,0.1,0,11.967400000027892,13948,128.94729999571942,1,1.0000000000287557e-07,0.007755106156028055,8.356033892053991e-06,0,999999.9999712444,3547,0.0001,17495,0
pure-eft-gamma,2_PEFT_gamma5_const_1_transfer_out.dat,1000.0,0,,1992,,1,0.0,0.0,0.0,0,,1284,0.0001,3276,0
pure-eft-gamma,2_PEFT_gamma5_exp_1_lensedCls.dat,0.1,0,17.15590000003998,13551,1017.1559000023707,1,1.0000000000287557e-07,0.0009831334606599336,5.828898513034405e-06,0,999999.9999712444,3444,0.0001,16995,0
pure-eft-gamma,2_PEFT_gamma5_exp_1_lensedtotCls.dat,0.1,0,12.4798999998074,13558,1012.4798999843745,1,9.999999999593667e-08,0.0009876739281593965,8.012884718751216e-06,0,1000000.0000406334,3437,0.0001,16995,0
pure-eft-gamma,2_PEFT_gamma5_exp_1_lenspotentialCls.dat,0.1,0,10.458899999931482,13948,134.8058999955249,1,1.0000000000287557e-07,0.007418072948092009,9.56123492916608e-06,0,999999.9999712444,14044,0.0001,27992,0
pure-eft-gamma,2_PEFT_gamma5_exp_1_matterpower.dat,1.0,0,,730,,1,0.0,0.0,0.0,0,,578,0.0001,1308,0
pure-eft-gamma,2_PEFT_gamma5_exp_1_scalCls.dat,100.0,0,26.471000000625956,9588,100026.47100236532,1,0.00010000000000331966,9.997353600291997e-06,3.777719013170463e-06,0,999999.9999668035,11406,0.0001,20994,0
pure-eft-gamma,2_PEFT_gamma5_exp_1_scalarCovCls.dat,0.1,0,28.42640000107616,17428,1033.4642999656926,1,1.0000000000287557e-07,0.0009676192975734106,3.5178566401730163e-06,0,999999.9999712444,73546,0.0001,90974,0
pure-eft-gamma,2_PEFT_gamma5_exp_1_tensCls.dat,0.01,0,,6832,,1,0.0,0.0,0.0,0,,10663,0.0001,17495,0
pure-eft-gamma,2_PEFT_gamma5_exp_1_totCls.dat,0.1,0,10.458899999931482,13948,134.8058999955249,1,1.0000000000287557e-07,0.007418072948092009,9.56123492916608e-06,0,999999.9999712444,3547,0.0001,17495,0
pure-eft-gamma,2_PEFT_gamma5_exp_1_transfer_out.dat,1000.0,0,,1993,,1,0.0,0.0,0.0,0,,1283,0.0001,3276,0
pure-eft-gamma,2_PEFT_gamma5_exp_2_lensedCls.dat,0.1,0,10.451099999931532,13548,1023.5696000023856,1,1.0000000000287557e-07,0.000976973134018116,9.568370793567675e-06,0,999999.9999712444,3447,0.0001,16995,0
pure-eft-gamma,2_PEFT_gamma5_exp_2_lensedtotCls.dat,0.1,0,12.027200000028031,13556,118.64560000280561,1,1.0000000000287557e-07,0.008428462580798218,8.314487162412443e-06,0,999999.9999712444,3439,0.0001,16995,0
pure-eft-gamma,2_PEFT_gamma5_exp_2_lenspotentialCls.dat,0.1,0,10.181099999951387,13947,110.18109999947391,1,1.0000000000287557e-07,0.009075966749331553,9.822121381822935e-06,0,999999.9999712444,14045,0.0001,27992,0
pure-eft-gamma,2_PEFT_gamma5_exp_2_matterpower.dat,1.0,0,,736,,1,0.0,0.0,0.0,0,,572,0.0001,1308,0
pure-eft-gamma,2_PEFT_gamma5_exp_2_scalCls.dat,100.0,0,22.01559999989488,9515,100022.0155995224,1,0.00010000000000331966,9.997798924627698e-06,4.5422336888605115e-06,0,999999.9999668035,11479,0.0001,20994,0
pure-eft-gamma,2_PEFT_gamma5_exp_2_scalarCovCls.dat,0.1,0,13.425599999912047,17522,1015.2752000023662,1,1.0000000000287557e-07,0.0009849546211683979,7.448456679824747e-06,0,999999.9999712444,73452,0.0001,90974,0
pure-eft-gamma,2_PEFT_gamma5_exp_2_tensCls.dat,0.01,0,,6832,,1,0.0,0.0,0.0,0,,10663,0.0001,17495,0
pure-eft-gamma,2_PEFT_gamma5_exp_2_totCls.dat,0.1,0,10.181099999951387,13947,110.18109999947391,1,1.0000000000287557e-07,0.009075966749331553,9.822121381822935e-06,0,999999.9999712444,3548,0.0001,17495,0
pure-eft-gamma,2_PEFT_gamma5_exp_2_transfer_out.dat,1000.0,0,,2039,,1,0.0,0.0,0.0,0,,1237,0.0001,3276,0
pure-eft-gamma,2_PEFT_gamma6_const_1_lensedCls.dat,0.1,0,22.6981999998513,13547,1041.3294999654313,1,1.0000000000287557e-07,0.0009603108334424374,4.405635689202453e-06,0,999999.9999712444,3448,0.0001,16995,0
pure-eft-gamma,2_PEFT_gamma6_const_1_lensedtotCls.dat,0.1,0,10.162600000023685,13556,128.07279999574843,1,1.0000000000287557e-07,0.007808059166608339,9.840001574377319e-06,0,999999.9999712444,3439,0.0001,16995,0
pure-eft-gamma,2_PEFT_gamma6_const_1_lenspotentialCls.dat,0.1,0,11.969100000187357,13947,27.497000000025015,1,1.0000000000287557e-07,0.03636760373855658,8.354847064393703e-06,0,999999.9999712444,14045,0.0001,27992,0
pure-eft-gamma,2_PEFT_gamma6_const_1_matterpower.dat,1.0,0,,725,,1,0.0,0.0,0.0,0,,583,0.0001,1308,0
pure-eft-gamma,2_PEFT_gamma6_const_1_scalCls.dat,100.0,0,20.367000000018525,9538,10020.367000009113,1,0.00010000000000331966,9.979674397146238e-05,4.909903274901019e-06,0,999999.9999668035,11456,0.0001,20994,0
pure-eft-gamma,2_PEFT_gamma6_const_1_scalarCovCls.dat,0.1,0,13.425599999912047,17425,167.50690000396102,1,1.0000000000287557e-07,0.005969903329214218,7.448456679824747e-06,0,999999.9999712444,73549,0.0001,90974,0
pure-eft-gamma,2_PEFT_gamma6_const_1_tensCls.dat,0.01,0,,6832,,1,0.0,0.0,0.0,0,,10663,0.0001,17495,0
pure-eft-gamma,2_PEFT_gamma6_const_1_totCls.dat,0.1,0,11.969100000187357,13947,27.497000000025015,1,1.0000000000287557e-07,0.03636760373855658,8.354847064393703e-06,0,999999.9999712444,3548,0.0001,17495,0
pure-eft-gamma,2_PEFT_gamma6_const_1_transfer_out.dat,1000.0,0,,1980,,1,0.0,0.0,0.0,0,,1296,0.0001,3276,0
pure-eft-gamma,2_PEFT_gamma6_exp_1_lensedCls.dat,0.1,0,22.6981999998513,13547,1041.3294999654313,1,1.0000000000287557e-07,0.0009603108334424374,4.405635689202453e-06,0,999999.9999712444,3448,0.0001,16995,0
pure-eft-gamma,2_PEFT_gamma6_exp_1_lensedtotCls.dat,0.1,0,10.162600000023685,13556,128.07279999574843,1,1.0000000000287557e-07,0.007808059166608339,9.840001574377319e-06,0,999999.9999712444,3439,0.0001,16995,0
pure-eft-gamma,2_PEFT_gamma6_exp_1_lenspotentialCls.dat,0.1,0,11.969100000187357,13947,27.497000000025015,1,1.0000000000287557e-07,0.03636760373855658,8.354847064393703e-06,0,999999.9999712444,14045,0.0001,27992,0
pure-eft-gamma,2_PEFT_gamma6_exp_1_matterpower.dat,1.0,0,,725,,1,0.0,0.0,0.0,0,,583,0.0001,1308,0
pure-eft-gamma,2_PEFT_gamma6_exp_1_scalCls.dat,100.0,0,20.367000000018525,9538,10020.367000009113,1,0.00010000000000331966,9.979674397146238e-05,4.909903274901019e-06,0,999999.9999668035,11456,0.0001,20994,0
pure-eft-gamma,2_PEFT_gamma6_exp_1_scalarCovCls.dat,0.1,0,13.425599999912047,17425,167.50690000396102,1,1.0000000000287557e-07,0.005969903329214218,7.448456679824747e-06,0,999999.9999712444,73549,0.0001,90974,0
pure-eft-gamma,2_PEFT_gamma6_exp_1_tensCls.dat,0.01,0,,6832,,1,0.0,0.0,0.0,0,,10663,0.0001,17495,0
pure-eft-gamma,2_PEFT_gamma6_exp_1_totCls.dat,0.1,0,11.969100000187357,13947,27.497000000025015,1,1.0000000000287557e-07,0.03636760373855658,8.354847064393703e-06,0,999999.9999712444,3548,0.0001,17495,0
pure-eft-gamma,2_PEFT_gamma6_exp_1_transfer_out.dat,1000.0,0,,1980,,1,0.0,0.0,0.0,0,,1296,0.0001,3276,0
pure-eft-gamma,2_PEFT_gamma6_lin_1_lensedCls.dat,0.1,0,22.6981999998513,13547,1041.3294999654313,1,1.0000000000287557e-07,0.0009603108334424374,4.405635689202453e-06,0,999999.9999712444,3448,0.0001,16995,0
pure-eft-gamma,2_PEFT_gamma6_lin_1_lensedtotCls.dat,0.1,0,10.162600000023685,13556,128.07279999574843,1,1.0000000000287557e-07,0.007808059166608339,9.840001574377319e-06,0,999999.9999712444,3439,0.0001,16995,0
pure-eft-gamma,2_PEFT_gamma6_lin_1_lenspotentialCls.dat,0.1,0,11.969100000187357,13947,27.497000000025015,1,1.0000000000287557e-07,0.03636760373855658,8.354847064393703e-06,0,999999.9999712444,14045,0.0001,27992,0
pure-eft-gamma,2_PEFT_gamma6_lin_1_matterpower.dat,1.0,0,,725,,1,0.0,0.0,0.0,0,,583,0.0001,1308,0
pure-eft-gamma,2_PEFT_gamma6_lin_1_scalCls.dat,100.0,0,20.367000000018525,9538,10020.367000009113,1,0.00010000000000331966,9.979674397146238e-05,4.909903274901019e-06,0,999999.9999668035,11456,0.0001,20994,0
pure-eft-gamma,2_PEFT_gamma6_lin_1_scalarCovCls.dat,0.1,0,13.425599999912047,17425,167.50690000396102,1,1.0000000000287557e-07,0.005969903329214218,7.448456679824747e-06,0,999999.9999712444,73549,0.0001,90974,0
pure-eft-gamma,2_PEFT_gamma6_lin_1_tensCls.dat,0.01,0,,6832,,1,0.0,0.0,0.0,0,,10663,0.0001,17495,0
pure-eft-gamma,2_PEFT_gamma6_lin_1_totCls.dat,0.1,0,11.969100000187357,13947,27.497000000025015,1,1.0000000000287557e-07,0.03636760373855658,8.354847064393703e-06,0,999999.9999712444,3548,0.0001,17495,0
pure-eft-gamma,2_PEFT_gamma6_lin_1_transfer_out.dat,1000.0,0,,1980,,1,0.0,0.0,0.0,0,,1296,0.0001,3276,0
pure-eft-gamma,2_PEFT_gamma6_power_1_lensedCls.dat,0.1,0,22.6981999998513,13547,1041.3294999654313,1,1.0000000000287557e-07,0.0009603108334424374,4.405635689202453e-06,0,999999.9999712444,3448,0.0001,16995,0
pure-eft-gamma,2_PEFT_gamma6_power_1_lensedtotCls.dat,0.1,0,10.162600000023685,13556,128.07279999574843,1,1.0000000000287557e-07,0.007808059166608339,9.840001574377319e-06,0,999999.9999712444,3439,0.0001,16995,0
pure-eft-gamma,2_PEFT_gamma6_power_1_lenspotentialCls.dat,0.1,0,11.969100000187357,13947,27.497000000025015,1,1.0000000000287557e-07,0.03636760373855658,8.354847064393703e-06,0,999999.9999712444,14045,0.0001,27992,0
pure-eft-gamma,2_PEFT_gamma6_power_1_matterpower.dat,1.0,0,,725,,1,0.0,0.0,0.0,0,,583,0.0001,1308,0
pure-eft-gamma,2_PEFT_gamma6_power_1_scalCls.dat,100.0,0,20.367000000018525,9538,10020.367000009113,1,0.00010000000000331966,9.979674397146238e-05,4.909903274901019e-06,0,999999.9999668035,11456,0.0001,20994,0
pure-eft-gamma,2_PEFT_gamma6_power_1_scalarCovCls.dat,0.1,0,13.425599999912047,17425,167.50690000396102,1,1.0000000000287557e-07,0.005969903329214218,7.448456679824747e-06,0,999999.9999712444,73549,0.0001,90974,0
pure-eft-gamma,2_PEFT_gamma6_power_1_tensCls.dat,0.01,0,,6832,,1,0.0,0.0,0.0,0,,10663,0.0001,17495,0
pure-eft-gamma,2_PEFT_gamma6_power_1_totCls.dat,0.1,0,11.969100000187357,13947,27.497000000025015,1,1.0000000000287557e-07,0.03636760373855658,8.354847064393703e-06,0,999999.9999712444,3548,0.0001,17495,0
pure-eft-gamma,2_PEFT_gamma6_power_1_transfer_out.dat,1000.0,0,,1980,,1,0.0,0.0,0.0,0,,1296,0.0001,3276,0
pure-eft-omega,2_PEFT_Omega_const_1_lensedCls.dat,0.1,0,12.447199999918457,13533,125.64170000297102,1,1.0000000000287557e-07,0.007959140953810345,8.033935342940993e-06,0,999999.9999712444,3462,0.0001,16995,0
pure-eft-omega,2_PEFT_Omega_const_1_lensedtotCls.dat,0.1,0,12.986600000030265,13540,166.9869000039487,1,1.0000000000287557e-07,0.005988493708047477,7.70024486776885e-06,0,999999.9999712444,3455,0.0001,16995,0
pure-eft-omega,2_PEFT_Omega_const_1_lenspotentialCls.dat,0.1,0,11.969100000187357,13954,113.63119999945742,1,1.0000000000287557e-07,0.00880039989021303,8.354847064393703e-06,0,999999.9999712444,14038,0.0001,27992,0
pure-eft-omega,2_PEFT_Omega_const_1_matterpower.dat,1.0,0,,685,,1,0.0,0.0,0.0,0,,623,0.0001,1308,0
pure-eft-omega,2_PEFT_Omega_const_1_scalCls.dat,100.0,0,76.4540000018079,9544,100076.45400236649,1,0.00010000000000331966,9.992360440512342e-06,1.3079760378480566e-06,0,999999.9999668035,11450,0.0001,20994,0
pure-eft-omega,2_PEFT_Omega_const_1_scalarCovCls.dat,0.1,0,10.5982000000247,17434,120.776500002856,1,1.0000000000287557e-07,0.008279756409370639,9.43556452980383e-06,0,999999.9999712444,73540,0.0001,90974,0
pure-eft-omega,2_PEFT_Omega_const_1_tensCls.dat,0.01,0,,6832,,1,0.0,0.0,0.0,0,,10663,0.0001,17495,0
pure-eft-omega,2_PEFT_Omega_const_1_totCls.dat,0.1,0,11.969100000187357,13954,113.63119999945742,1,1.0000000000287557e-07,0.00880039989021303,8.354847064393703e-06,0,999999.9999712444,3541,0.0001,17495,0
pure-eft-omega,2_PEFT_Omega_const_1_transfer_out.dat,1000.0,0,,1914,100000000001499.56,1,9.99999999985252e-12,9.999999999850044e-15,0.0,0,100000000001474.8,1362,0.0001,3276,0
pure-eft-omega,2_PEFT_Omega_const_2_lensedCls.dat,0.1,0,14.888900000034699,13548,136.14190000321935,1,7.000000000045165e-08,0.007345277243643236,6.716412898183677e-06,0,1428571.4285622113,3447,0.0001,16995,0
pure-eft-omega,2_PEFT_Omega_const_2_lensedtotCls.dat,0.1,0,13.13400000003061,13556,117.22289999944027,1,1.0000000000287557e-07,0.008530756362492098,7.613826709286351e-06,0,999999.9999712444,3439,0.0001,16995,0
pure-eft-omega,2_PEFT_Omega_const_2_lenspotentialCls.dat,0.1,0,10.232899999842077,13946,138.5022999954022,1,1.0000000000287557e-07,0.007220096706214961,9.77240078585184e-06,0,999999.9999712444,14046,0.0001,27992,0
pure-eft-omega,2_PEFT_Omega_const_2_matterpower.dat,1.0,0,,718,,1,0.0,0.0,0.0,0,,590,0.0001,1308,0
pure-eft-omega,2_PEFT_Omega_const_2_scalCls.dat,100.0,0,,9552,1000025.4896023307,1,0.00010000000000331966,9.999745110473726e-07,0.0,0,999999.9999668035,11442,0.0001,20994,0
pure-eft-omega,2_PEFT_Omega_const_2_scalarCovCls.dat,0.1,0,16.334599999983663,17425,1066.052299964611,1,1.0000000000287557e-07,0.0009380402819197486,6.121974214250733e-06,0,999999.9999712444,73549,0.0001,90974,0
pure-eft-omega,2_PEFT_Omega_const_2_tensCls.dat,0.01,0,70.143099997983,6832,100070.1430971224,1,9.999999999940612e-09,9.992990606893174e-06,1.4256569784180563e-06,0,1000000.0000059388,10663,0.0001,17495,0
pure-eft-omega,2_PEFT_Omega_const_2_totCls.dat,0.1,0,10.232899999842077,13946,138.5022999954022,1,1.0000000000287557e-07,0.007220096706214961,9.77240078585184e-06,0,999999.9999712444,3549,0.0001,17495,0
pure-eft-omega,2_PEFT_Omega_const_2_transfer_out.dat,1000.0,0,,1970,99999999999375.88,1,1.0000000000064279e-11,1.0000000000062413e-14,0.0,0,99999999999357.22,1306,0.0001,3276,0
pure-eft-omega,2_PEFT_Omega_exp_1_lensedCls.dat,0.1,0,21.910999999856458,13547,136.1959000032206,1,1.0000000000287557e-07,0.007342364931516684,4.563917666955188e-06,0,999999.9999712444,3448,0.0001,16995,0
pure-eft-omega,2_PEFT_Omega_exp_1_lensedtotCls.dat,0.1,0,10.259599999841665,13554,137.77450000325794,1,1.0000000000287557e-07,0.00725823719176156,9.746968692886984e-06,0,999999.9999712444,3441,0.0001,16995,0
pure-eft-omega,2_PEFT_Omega_exp_1_lenspotentialCls.dat,0.1,0,10.200199999989799,13946,121.28550000286802,1,1.0000000000287557e-07,0.008245008677676665,9.803729338650223e-06,0,999999.9999712444,14046,0.0001,27992,0
pure-eft-omega,2_PEFT_Omega_exp_1_matterpower.dat,1.0,0,,723,,1,0.0,0.0,0.0,0,,585,0.0001,1308,0
pure-eft-omega,2_PEFT_Omega_exp_1_scalCls.dat,100.0,0,86.36240000204221,9560,100086.36240236672,1,0.00010000000000331966,9.99137121179212e-06,1.157911313229314e-06,0,999999.9999668035,11434,0.0001,20994,0
pure-eft-omega,2_PEFT_Omega_exp_1_scalarCovCls.dat,0.1,0,11.886099999816562,17529,115.56849999944819,1,1.0000000000287557e-07,0.008652876865277085,8.413188514444881e-06,0,999999.9999712444,73445,0.0001,90974,0
pure-eft-omega,2_PEFT_Omega_exp_1_tensCls.dat,0.01,0,,6832,,1,0.0,0.0,0.0,0,,10663,0.0001,17495,0
pure-eft-omega,2_PEFT_Omega_exp_1_totCls.dat,0.1,0,10.200199999989799,13946,121.28550000286802,1,1.0000000000287557e-07,0.008245008677676665,9.803729338650223e-06,0,999999.9999712444,3549,0.0001,17495,0
pure-eft-omega,2_PEFT_Omega_exp_1_transfer_out.dat,1000.0,0,,1978,155569383945.25134,1,6.428000000000089e-09,6.427999999999514e-12,0.0,0,155569383945.23743,1298,0.0001,3276,0
pure-eft-omega,2_PEFT_Omega_lin_1_lensedCls.dat,0.1,0,28.448599999813627,13546,138.11599999541502,1,2.0000000000054696e-07,0.0072402907703176785,3.5151114642075575e-06,0,499999.99999863264,3449,0.0001,16995,0
pure-eft-omega,2_PEFT_Omega_lin_1_lensedtotCls.dat,0.1,0,14.136699999907389,13552,34.055099999256655,1,1.9999999999881224e-07,0.02936417746598388,7.073786668787986e-06,0,500000.0000029694,3443,0.0001,16995,0
pure-eft-omega,2_PEFT_Omega_lin_1_lenspotentialCls.dat,0.1,0,11.969100000187357,13945,138.4330999954045,1,1.0000000000287557e-07,0.007223705891388667,8.354847064393703e-06,0,999999.9999712444,14047,0.0001,27992,0
pure-eft-omega,2_PEFT_Omega_lin_1_matterpower.dat,1.0,0,,716,,1,0.0,0.0,0.0,0,,592,0.0001,1308,0
pure-eft-omega,2_PEFT_Omega_lin_1_scalCls.dat,100.0,0,10.117699999951691,9562,100010.11769952245,1,0.00010000000000331966,9.998988332405242e-06,9.88366921340596e-06,0,999999.9999668035,11432,0.0001,20994,0
pure-eft-omega,2_PEFT_Omega_lin_1_scalarCovCls.dat,0.1,0,15.386000000035859,17425,122.01019999941744,1,1.0000000000287557e-07,0.008196036069154667,6.4994150526301145e-06,0,999999.9999712444,73549,0.0001,90974,0
pure-eft-omega,2_PEFT_Omega_lin_1_tensCls.dat,0.01,0,,6832,,1,0.0,0.0,0.0,0,,10663,0.0001,17495,0
pure-eft-omega,2_PEFT_Omega_lin_1_totCls.dat,0.1,0,11.969100000187357,13945,138.4330999954045,1,1.0000000000287557e-07,0.007223705891388667,8.354847064393703e-06,0,999999.9999712444,3550,0.0001,17495,0
pure-eft-omega,2_PEFT_Omega_lin_1_transfer_out.dat,1000.0,0,,1967,10000027.987223307,1,9.999999999976694e-05,9.999972012855022e-08,0.0,0,10000000.000023305,1309,0.0001,3276,0
pure-eft-omega,2_PEFT_Omega_lin_2_lensedCls.dat,0.1,0,10.93300000002548,13546,121.44409999942013,1,1.0000000000287557e-07,0.008234241103559373,9.146620323769043e-06,0,999999.9999712444,3449,0.0001,16995,0
pure-eft-omega,2_PEFT_Omega_lin_2_lensedtotCls.dat,0.1,0,12.82580000002989,13556,1012.8258000023607,1,1.0000000000287557e-07,0.0009873366180024928,7.796784606010304e-06,0,999999.9999712444,3439,0.0001,16995,0
pure-eft-omega,2_PEFT_Omega_lin_2_lenspotentialCls.dat,0.1,0,11.969100000187357,13947,112.98639999946052,1,1.0000000000287557e-07,0.00885062272985753,8.354847064393703e-06,0,999999.9999712444,14045,0.0001,27992,0
pure-eft-omega,2_PEFT_Omega_lin_2_matterpower.dat,1.0,0,,724,,1,0.0,0.0,0.0,0,,584,0.0001,1308,0
pure-eft-omega,2_PEFT_Omega_lin_2_scalCls.dat,100.0,0,21.1745999998989,9547,10023.215200237019,1,9.999999999976694e-05,9.976838569487694e-05,4.722639388724107e-06,0,1000000.0000023306,11447,0.0001,20994,0
pure-eft-omega,2_PEFT_Omega_lin_2_scalarCovCls.dat,0.1,0,13.425599999912047,17425,113.5543999994578,1,1.0000000000287557e-07,0.008806351845501142,7.448456679824747e-06,0,999999.9999712444,73549,0.0001,90974,0
pure-eft-omega,2_PEFT_Omega_lin_2_tensCls.dat,0.01,0,,6832,,1,0.0,0.0,0.0,0,,10663,0.0001,17495,0
pure-eft-omega,2_PEFT_Omega_lin_2_totCls.dat,0.1,0,11.969100000187357,13947,112.98639999946052,1,1.0000000000287557e-07,0.00885062272985753,8.354847064393703e-06,0,999999.9999712444,3548,0.0001,17495,0
pure-eft-omega,2_PEFT_Omega_lin_2_transfer_out.dat,1000.0,0,,1980,1190476190476.6636,1,8.399999999998937e-10,8.399999999996661e-13,0.0,0,1190476190476.341,1296,0.0001,3276,0
pure-eft-omega,2_PEFT_Omega_power_1_lensedCls.dat,0.1,0,14.21490000022251,13546,34.15009999925458,1,1.0000000000287557e-07,0.029282491120723737,7.034871859698955e-06,0,999999.9999712444,3449,0.0001,16995,0
pure-eft-omega,2_PEFT_Omega_power_1_lensedtotCls.dat,0.1,0,15.823500000036878,13553,144.78460000342372,1,1.0000000000287557e-07,0.006906811912153316,6.319714348896701e-06,0,999999.9999712444,3442,0.0001,16995,0
pure-eft-omega,2_PEFT_Omega_power_1_lenspotentialCls.dat,0.1,0,10.200199999989799,13946,120.80829999942317,1,1.0000000000287557e-07,0.008277576954603075,9.803729338650223e-06,0,999999.9999712444,14046,0.0001,27992,0
pure-eft-omega,2_PEFT_Omega_power_1_matterpower.dat,1.0,0,,723,,1,0.0,0.0,0.0,0,,585,0.0001,1308,0
pure-eft-omega,2_PEFT_Omega_power_1_scalCls.dat,100.0,0,47.35749999896629,9559,10047.357499780688,1,0.00010000000000331966,9.952865716401828e-05,2.1115979517960785e-06,0,999999.9999668035,11435,0.0001,20994,0
pure-eft-omega,2_PEFT_Omega_power_1_scalarCovCls.dat,0.1,0,13.425599999912047,17509,1015.2752000023662,1,1.0000000000287557e-07,0.0009849546211683979,7.448456679824747e-06,0,999999.9999712444,73465,0.0001,90974,0
pure-eft-omega,2_PEFT_Omega_power_1_tensCls.dat,0.01,0,,6832,,1,0.0,0.0,0.0,0,,10663,0.0001,17495,0
pure-eft-omega,2_PEFT_Omega_power_1_totCls.dat,0.1,0,10.200199999989799,13946,120.80829999942317,1,1.0000000000287557e-07,0.008277576954603075,9.803729338650223e-06,0,999999.9999712444,3549,0.0001,17495,0
pure-eft-omega,2_PEFT_Omega_power_1_transfer_out.dat,1000.0,0,,1983,703729767769.1715,1,1.4210000000000496e-09,1.4210000000000104e-12,0.0,0,703729767769.1521,1293,0.0001,3276,0
pure-eft-omega,2_PEFT_Omega_power_2_lensedCls.dat,0.1,0,18.815200000043852,13546,136.97410000323902,1,1.0000000000287557e-07,0.007300650268746814,5.3148518219188175e-06,0,999999.9999712444,3449,0.0001,16995,0
pure-eft-omega,2_PEFT_Omega_power_2_lensedtotCls.dat,0.1,0,31.042599999796636,13556,167.73890000396653,1,1.0000000000287557e-07,0.005961646344266911,3.221379652498667e-06,0,999999.9999712444,3439,0.0001,16995,0
pure-eft-omega,2_PEFT_Omega_power_2_lenspotentialCls.dat,0.1,0,11.969100000187357,13947,1025.0429000023892,1,1.0000000000287557e-07,0.0009755689249666226,8.354847064393703e-06,0,999999.9999712444,14045,0.0001,27992,0
pure-eft-omega,2_PEFT_Omega_power_2_matterpower.dat,1.0,0,,725,,1,0.0,0.0,0.0,0,,583,0.0001,1308,0
pure-eft-omega,2_PEFT_Omega_power_2_scalCls.dat,100.0,0,,9539,1000018.1433023306,1,9.999999999976694e-05,9.999818570268428e-07,0.0,0,1000000.0000023306,11455,0.0001,20994,0
pure-eft-omega,2_PEFT_Omega_power_2_scalarCovCls.dat,0.1,0,11.14720000002598,17425,190.7088000045097,1,1.0000000000287557e-07,0.005243596519805866,8.970862638130377e-06,0,999999.9999712444,73549,0.0001,90974,0
pure-eft-omega,2_PEFT_Omega_power_2_tensCls.dat,0.01,0,,6832,,1,0.0,0.0,0.0,0,,10663,0.0001,17495,0
pure-eft-omega,2_PEFT_Omega_power_2_totCls.dat,0.1,0,11.969100000187357,13947,1025.0429000023892,1,1.0000000000287557e-07,0.0009755689249666226,8.354847064393703e-06,0,999999.9999712444,3548,0.0001,17495,0
pure-eft-omega,2_PEFT_Omega_power_2_transfer_out.dat,1000.0,0,,1986,2132196162046.9321,1,4.690000000000289e-10,4.689999999999948e-13,0.0,0,2132196162046.777,1290,0.0001,3276,0
pure-eft-wde,2_PEFT_wDE_LCDM_1_lensedCls.dat,0.1,0,22.6981999998513,13547,1041.3294999654313,1,1.0000000000287557e-07,0.0009603108334424374,4.405635689202453e-06,0,999999.9999712444,3448,0.0001,16995,0
pure-eft-wde,2_PEFT_wDE_LCDM_1_lensedtotCls.dat,0.1,0,10.162600000023685,13556,128.07279999574843,1,1.0000000000287557e-07,0.007808059166608339,9.840001574377319e-06,0,999999.9999712444,3439,0.0001,16995,0
pure-eft-wde,2_PEFT_wDE_LCDM_1_lenspotentialCls.dat,0.1,0,11.969100000187357,13947,27.497000000025015,1,1.0000000000287557e-07,0.03636760373855658,8.354847064393703e-06,0,999999.9999712444,14045,0.0001,27992,0
pure-eft-wde,2_PEFT_wDE_LCDM_1_matterpower.dat,1.0,0,,725,,1,0.0,0.0,0.0,0,,583,0.0001,1308,0
pure-eft-wde,2_PEFT_wDE_LCDM_1_scalCls.dat,100.0,0,20.367000000018525,9538,10020.367000009113,1,0.00010000000000331966,9.979674397146238e-05,4.909903274901019e-06,0,999999.9999668035,11456,0.0001,20994,0
pure-eft-wde,2_PEFT_wDE_LCDM_1_scalarCovCls.dat,0.1,0,13.425599999912047,17425,167.50690000396102,1,1.0000000000287557e-07,0.005969903329214218,7.448456679824747e-06,0,999999.9999712444,73549,0.0001,90974,0
pure-eft-wde,2_PEFT_wDE_LCDM_1_tensCls.dat,0.01,0,,6832,,1,0.0,0.0,0.0,0,,10663,0.0001,17495,0
pure-eft-wde,2_PEFT_wDE_LCDM_1_totCls.dat,0.1,0,11.969100000187357,13947,27.497000000025015,1,1.0000000000287557e-07,0.03636760373855658,8.354847064393703e-06,0,999999.9999712444,3548,0.0001,17495,0
pure-eft-wde,2_PEFT_wDE_LCDM_1_transfer_out.dat,1000.0,0,,1980,,1,0.0,0.0,0.0,0,,1296,0.0001,3276,0
pure-eft-wde,2_PEFT_wDE_wCDM_1_lensedCls.dat,0.1,0,10.346800000024114,13549,26.44000000002405,1,1.0000000000287557e-07,0.0378214826020836,9.664823906885892e-06,0,999999.9999712444,3446,0.0001,16995,0
pure-eft-wde,2_PEFT_wDE_wCDM_1_lensedtotCls.dat,0.1,0,12.29720000002866,13557,27.808500000025298,1,1.0000000000287557e-07,0.03596022798781273,8.131932472413797e-06,0,999999.9999712444,3438,0.0001,16995,0
pure-eft-wde,2_PEFT_wDE_wCDM_1_lenspotentialCls.dat,0.1,0,10.38129999995043,13947,21.511400000019567,1,3.000000000016878e-07,0.046486978997140604,9.632704959925779e-06,0,333333.33333145804,14045,0.0001,27992,0
pure-eft-wde,2_PEFT_wDE_wCDM_1_matterpower.dat,1.0,0,,724,,1,0.0,0.0,0.0,0,,588,0.0001,1312,0
pure-eft-wde,2_PEFT_wDE_wCDM_1_scalCls.dat,100.0,0,20.743599999900955,9485,10021.96589978124,1,0.00010000000000331966,9.978082244540744e-05,4.8207639947008945e-06,0,999999.9999668035,11509,0.0001,20994,0
pure-eft-wde,2_PEFT_wDE_wCDM_1_scalarCovCls.dat,0.1,0,10.099600000023539,17426,25.867700000023532,1,3.000000000016878e-07,0.03865824947711201,9.901382232936644e-06,0,333333.33333145804,73548,0.0001,90974,0
pure-eft-wde,2_PEFT_wDE_wCDM_1_tensCls.dat,0.01,0,,6768,1000068.7918059392,1,9.999999999940612e-09,9.999312129260479e-07,0.0,0,1000000.0000059388,10727,0.0001,17495,0
pure-eft-wde,2_PEFT_wDE_wCDM_1_totCls.dat,0.1,0,10.38129999995043,13947,21.511400000019567,1,3.000000000016878e-07,0.046486978997140604,9.632704959925779e-06,0,333333.33333145804,3548,0.0001,17495,0
pure-eft-wde,2_PEFT_wDE_wCDM_1_transfer_out.dat,1000.0,0,,1996,9999999999459340.0,1,1.0000000000540735e-13,1.0000000000540659e-16,0.0,0,9999999999459266.0,1319,0.0001,3315,0
quintessence-galileon,5_quint_axion_lensedCls.dat,0.1,0,14.687099999773334,13551,133.23310000315055,1,1.9999999999881224e-07,0.007505642366471644,6.808696066721361e-06,0,500000.0000029694,3444,0.0001,16995,0
quintessence-galileon,5_quint_axion_lensedtotCls.dat,0.1,0,11.951900000027857,13559,121.98919999941752,1,1.0000000000287557e-07,0.008197446987149476,8.366870539392643e-06,0,999999.9999712444,3436,0.0001,16995,0
quintessence-galileon,5_quint_axion_lenspotentialCls.dat,0.1,0,11.231299999926422,13952,120.93389999942258,1,1.0000000000287557e-07,0.008268979996549972,8.903688798327453e-06,0,999999.9999712444,14040,0.0001,27992,0
quintessence-galileon,5_quint_axion_matterpower.dat,1.0,0,,725,,1,0.0,0.0,0.0,0,,601,0.0001,1326,0
quintessence-galileon,5_quint_axion_scalCls.dat,100.0,0,21.438900000506965,9341,100021.4389023652,1,0.00010000000000331966,9.997856569291497e-06,4.664418416879378e-06,0,999999.9999668035,11653,0.0001,20994,0
quintessence-galileon,5_quint_axion_scalarCovCls.dat,0.1,0,11.412100000026598,17469,122.47159999941525,1,1.0000000000287557e-07,0.008165158289797591,8.762629139226517e-06,0,999999.9999712444,73505,0.0001,90974,0
quintessence-galileon,5_quint_axion_tensCls.dat,0.01,0,,6566,1000061.3841059393,1,9.999999999940612e-09,9.999386196618378e-07,0.0,0,1000000.0000059388,10929,0.0001,17495,0
quintessence-galileon,5_quint_axion_totCls.dat,0.1,0,11.231299999926422,13952,120.93389999942258,1,1.0000000000287557e-07,0.008268979996549972,8.903688798327453e-06,0,999999.9999712444,3543,0.0001,17495,0
quintessence-galileon,5_quint_axion_transfer_out.dat,1000.0,0,,2030,50000000000779.625,1,1.999999999970504e-11,1.999999999968815e-14,0.0,0,50000000000737.4,1389,0.0001,3419,0
quintessence-galileon,5_quint_cubic_lensedCls.dat,0.1,0,10.219800000159974,13551,115.44809999944876,1,2.9999999999821836e-07,0.00866190088883901,9.784927297837009e-06,0,333333.33333531296,3444,0.0001,16995,0
quintessence-galileon,5_quint_cubic_lensedtotCls.dat,0.1,0,10.665600000024858,13558,28.478900000025902,1,2.0000000000054696e-07,0.035113715768484405,9.375937593737525e-06,0,499999.99999863264,3437,0.0001,16995,0
quintessence-galileon,5_quint_cubic_lenspotentialCls.dat,0.1,0,10.143899999989857,13901,32.03050000075743,1,2.999999999947489e-07,0.031220243204956307,9.858141346040478e-06,0,333333.3333391679,14091,0.0001,27992,0
quintessence-galileon,5_quint_cubic_matterpower.dat,1.0,0,,723,,1,0.0,0.0,0.0,0,,605,0.0001,1328,0
quintessence-galileon,5_quint_cubic_scalCls.dat,100.0,0,10.41489999995027,9296,100010.41489952247,1,0.00010000000000331966,9.998958618506589e-06,9.601628436228623e-06,0,999999.9999668035,11698,0.0001,20994,0
quintessence-galileon,5_quint_cubic_scalarCovCls.dat,0.1,0,10.232999999989767,17415,25.155900000022875,1,2.0000000000228169e-07,0.0397521058677722,9.772305286826933e-06,0,499999.9999942958,73559,0.0001,90974,0
quintessence-galileon,5_quint_cubic_tensCls.dat,0.01,0,,6511,,1,0.0,0.0,0.0,0,,10984,0.0001,17495,0
quintessence-galileon,5_quint_cubic_totCls.dat,0.1,0,10.143899999989857,13901,32.03050000075743,1,2.999999999947489e-07,0.031220243204956307,9.858141346040478e-06,0,333333.3333391679,3594,0.0001,17495,0
quintessence-galileon,5_quint_cubic_transfer_out.dat,1000.0,0,,2038,99999999999368.5,1,1.0000000000064279e-11,1.000000000006315e-14,0.0,0,99999999999357.22,1407,0.0001,3445,0
quintessence-galileon,5_quint_exponential_lensedCls.dat,0.1,0,11.924200000027792,13546,117.22309999944028,1,2.999999999947489e-07,0.008530741807756106,8.38630683817505e-06,0,333333.3333391679,3449,0.0001,16995,0
quintessence-galileon,5_quint_exponential_lensedtotCls.dat,0.1,0,10.819000000009842,13555,20.819000000018935,1,1.9999999999881224e-07,0.048033046736110786,9.242998428681859e-06,0,500000.0000029694,3440,0.0001,16995,0
quintessence-galileon,5_quint_exponential_lenspotentialCls.dat,0.1,0,10.269700000096906,13949,110.2697000010405,1,2.0000000000575113e-07,0.009068674350166582,9.737382786162829e-06,0,499999.9999856222,14043,0.0001,27992,0
quintessence-galileon,5_quint_exponential_matterpower.dat,1.0,0,,725,,1,0.0,0.0,0.0,0,,585,0.0001,1310,0
quintessence-galileon,5_quint_exponential_scalCls.dat,100.0,0,11.512900000108637,9513,10011.605600009107,1,0.00010000000000331966,9.988407853372594e-05,8.685908849990567e-06,0,999999.9999668035,11481,0.0001,20994,0
quintessence-galileon,5_quint_exponential_scalarCovCls.dat,0.1,0,10.934300000025484,17428,21.605600000019653,1,1.1999999999928734e-07,0.04628429666378579,9.145532864451035e-06,0,833333.3333382824,73546,0.0001,90974,0
quintessence-galileon,5_quint_exponential_tensCls.dat,0.01,0,,6808,,1,0.0,0.0,0.0,0,,10687,0.0001,17495,0
quintessence-galileon,5_quint_exponential_totCls.dat,0.1,0,10.269700000096906,13949,110.2697000010405,1,2.0000000000575113e-07,0.009068674350166582,9.737382786162829e-06,0,499999.9999856222,3546,0.0001,17495,0
quintessence-galileon,5_quint_exponential_transfer_out.dat,1000.0,0,,1985,100000000044.74149,1,9.999999999940612e-09,9.999999995525852e-12,0.0,0,100000000000.59389,1304,0.0001,3289,0
quintessence-galileon,5_quint_inverse_power_lensedCls.dat,0.1,0,11.346700000026445,13549,117.98409999943665,1,1.9999999999881224e-07,0.008475718338358938,8.813135096527356e-06,0,500000.0000029694,3446,0.0001,16995,0
quintessence-galileon,5_quint_inverse_power_lensedtotCls.dat,0.1,0,10.72240000002499,13557,110.78020000104533,1,1.9999999999881224e-07,0.009026883865443138,9.326270237984681e-06,0,500000.0000029694,3438,0.0001,16995,0
quintessence-galileon,5_quint_inverse_power_lenspotentialCls.dat,0.1,0,10.368999999950491,13947,110.368999999473,1,2.0000000000054696e-07,0.009060515180936448,9.644131546000336e-06,0,499999.99999863264,14045,0.0001,27992,0
quintessence-galileon,5_quint_inverse_power_matterpower.dat,1.0,0,,725,,1,0.0,0.0,0.0,0,,587,0.0001,1312,0
quintessence-galileon,5_quint_inverse_power_scalCls.dat,100.0,0,10.408199999950302,9503,100010.40819952247,1,0.00010000000000331966,9.998959288367096e-06,9.607809227385859e-06,0,999999.9999668035,11491,0.0001,20994,0
quintessence-galileon,5_quint_inverse_power_scalarCovCls.dat,0.1,0,11.530700000026872,17426,126.1514999958122,1,1.0000000000287557e-07,0.007926976690988189,8.672500368561054e-06,0,999999.9999712444,73548,0.0001,90974,0
quintessence-galileon,5_quint_inverse_power_tensCls.dat,0.01,0,,6793,1000049.3953059393,1,9.999999999940612e-09,9.999506071338365e-07,0.0,0,1000000.0000059388,10702,0.0001,17495,0
quintessence-galileon,5_quint_inverse_power_totCls.dat,0.1,0,10.368999999950491,13947,110.368999999473,1,2.0000000000054696e-07,0.009060515180936448,9.644131546000336e-06,0,499999.99999863264,3548,0.0001,17495,0
quintessence-galileon,5_quint_inverse_power_transfer_out.dat,1000.0,0,,1989,100000000001504.23,1,9.99999999985252e-12,9.999999999849577e-15,0.0,0,100000000001474.8,1313,0.0001,3302,0
quintessence-galileon,5_quint_quadratic_lensedCls.dat,0.1,0,10.181799999933299,13550,122.07009999941712,1,1.0000000000287557e-07,0.008192014260697541,9.821446109789537e-06,0,999999.9999712444,3445,0.0001,16995,0
quintessence-galileon,5_quint_quadratic_lensedtotCls.dat,0.1,0,21.31739999986035,13559,152.77040000361254,1,9.999999999940612e-09,0.006545770646514987,4.6910035933394835e-06,0,10000000.000059389,3436,0.0001,16995,0
quintessence-galileon,5_quint_quadratic_lenspotentialCls.dat,0.1,0,16.49209999989196,13949,137.15159999544704,1,1.0000000000287557e-07,0.007291201852790609,6.063509195351418e-06,0,999999.9999712444,14043,0.0001,27992,0
quintessence-galileon,5_quint_quadratic_matterpower.dat,1.0,0,,725,,1,0.0,0.0,0.0,0,,591,0.0001,1316,0
quintessence-galileon,5_quint_quadratic_scalCls.dat,100.0,0,11.8749000000108,9452,10011.874900009105,1,0.00010000000000331966,9.988139184590596e-05,8.42112354629589e-06,0,999999.9999668035,11542,0.0001,20994,0
quintessence-galileon,5_quint_quadratic_scalarCovCls.dat,0.1,0,13.881700000012627,17435,23.881700000021723,1,1.9999999999881224e-07,0.0418730659877266,7.2037286499426615e-06,0,500000.0000029694,73539,0.0001,90974,0
quintessence-galileon,5_quint_quadratic_tensCls.dat,0.01,0,,6721,,1,0.0,0.0,0.0,0,,10774,0.0001,17495,0
quintessence-galileon,5_quint_quadratic_totCls.dat,0.1,0,16.49209999989196,13949,137.15159999544704,1,1.0000000000287557e-07,0.007291201852790609,6.063509195351418e-06,0,999999.9999712444,3546,0.0001,17495,0
quintessence-galileon,5_quint_quadratic_transfer_out.dat,1000.0,0,,1998,10000000000726.527,1,9.999999999344301e-11,9.999999999273473e-14,0.0,0,10000000000655.7,1330,0.0001,3328,0
quintessence-galileon,5_scg_lensedCls.dat,0.1,0,11.477399999945197,13547,111.47739999946772,1,1.0000000000287557e-07,0.008970428086811989,8.712774670263081e-06,0,999999.9999712444,3448,0.0001,16995,0
quintessence-galileon,5_scg_lensedtotCls.dat,0.1,0,29.935599999803888,13553,1035.0609999656397,1,9.999999999940612e-09,0.0009661266341145077,3.3405042825483743e-06,0,10000000.000059389,3442,0.0001,16995,0
quintessence-galileon,5_scg_lenspotentialCls.dat,0.1,0,22.50430000005245,13933,125.15500000295953,1,1.0000000000287557e-07,0.007990092285376957,4.443595224013497e-06,0,999999.9999712444,14059,0.0001,27992,0
quintessence-galileon,5_scg_matterpower.dat,1.0,0,,717,,1,0.0,0.0,0.0,0,,593,0.0001,1310,0
quintessence-galileon,5_scg_scalCls.dat,100.0,0,84.74000000200384,9592,100084.7400023667,1,0.00010000000000331966,9.991533174551416e-06,1.1800802454287858e-06,0,999999.9999668035,11402,0.0001,20994,0
quintessence-galileon,5_scg_scalarCovCls.dat,0.1,0,11.678100000027218,17401,140.5505000033236,1,1.0000000000287557e-07,0.007114880416479151,8.563036795349153e-06,0,999999.9999712444,73573,0.0001,90974,0
quintessence-galileon,5_scg_tensCls.dat,0.01,0,92.90930000764334,7158,10092.90930083031,1,0.0,9.907945966756418e-05,1.0763185170028548e-06,0,,10337,0.0001,17495,0
quintessence-galileon,5_scg_totCls.dat,0.1,0,22.50430000005245,13933,125.15500000295953,1,1.0000000000287557e-07,0.007990092285376957,4.443595224013497e-06,0,999999.9999712444,3562,0.0001,17495,0
quintessence-galileon,5_scg_transfer_out.dat,1000.0,0,,1966,1298701298701.4673,1,7.70000000000079e-10,7.699999999999001e-13,0.0,0,1298701298701.1655,1310,0.0001,3276,0
rph-alpha-basis,3_RPH_KT_OmegaDE_1_lensedCls.dat,0.1,0,16.775700000039098,13547,1016.7757000023698,1,9.999999999940612e-09,0.0009835010809145707,5.961003117590738e-06,0,10000000.000059389,3448,0.0001,16995,0
rph-alpha-basis,3_RPH_KT_OmegaDE_1_lensedtotCls.dat,0.1,0,12.989599999937976,13556,112.9895999994605,1,9.999999999940612e-09,0.008850372069684066,7.698466465516836e-06,0,10000000.000059389,3439,0.0001,16995,0
rph-alpha-basis,3_RPH_KT_OmegaDE_1_lenspotentialCls.dat,0.1,0,11.625199999923842,13947,1036.274500039231,1,9.999999999940612e-09,0.000964995278724066,8.602002546249107e-06,0,10000000.000059389,14045,0.0001,27992,0
rph-alpha-basis,3_RPH_KT_OmegaDE_1_matterpower.dat,1.0,0,,725,,1,0.0,0.0,0.0,0,,583,0.0001,1308,0
rph-alpha-basis,3_RPH_KT_OmegaDE_1_scalCls.dat,100.0,0,,9538,1000024.9979023306,1,0.00010000000000331966,9.999750027225489e-07,0.0,0,999999.9999668035,11456,0.0001,20994,0
rph-alpha-basis,3_RPH_KT_OmegaDE_1_scalarCovCls.dat,0.1,0,11.208100000175444,17425,1024.0843000023867,1,1.0000000000374293e-08,0.0009764821118707408,8.922118824638848e-06,0,9999999.999625707,73549,0.0001,90974,0
rph-alpha-basis,3_RPH_KT_OmegaDE_1_tensCls.dat,0.01,0,,6832,,1,0.0,0.0,0.0,0,,10663,0.0001,17495,0
rph-alpha-basis,3_RPH_KT_OmegaDE_1_totCls.dat,0.1,0,11.625199999923842,13947,1036.274500039231,1,9.999999999940612e-09,0.000964995278724066,8.602002546249107e-06,0,10000000.000059389,3548,0.0001,17495,0
rph-alpha-basis,3_RPH_KT_OmegaDE_1_transfer_out.dat,1000.0,0,,1980,10000038.884268032,1,0.00010000000000331966,9.999961115883165e-08,0.0,0,9999999.999668034,1296,0.0001,3276,0
rph-alpha-basis,3_RPH_KT_power_1_lensedCls.dat,0.1,0,18.062800000282746,13547,121.92389999941784,1,9.999999999940612e-08,0.008201837375648046,5.536240228449336e-06,0,1000000.0000059388,3448,0.0001,16995,0
rph-alpha-basis,3_RPH_KT_power_1_lensedtotCls.dat,0.1,0,12.245999999919773,13556,1027.1788000023942,1,1.0000000000287557e-07,0.0009735403417571208,8.165931732864211e-06,0,999999.9999712444,3439,0.0001,16995,0
rph-alpha-basis,3_RPH_KT_power_1_lenspotentialCls.dat,0.1,0,11.625199999923842,13947,34.38079999924954,1,9.999999999940612e-09,0.029086001489838163,8.602002546249107e-06,0,10000000.000059389,14045,0.0001,27992,0
rph-alpha-basis,3_RPH_KT_power_1_matterpower.dat,1.0,0,,725,,1,0.0,0.0,0.0,0,,583,0.0001,1308,0
rph-alpha-basis,3_RPH_KT_power_1_scalCls.dat,100.0,0,20.752099999900913,9538,100020.7520995224,1,9.999999999976694e-05,9.997925220608043e-06,4.818789423743982e-06,0,1000000.0000023306,11456,0.0001,20994,0
rph-alpha-basis,3_RPH_KT_power_1_scalarCovCls.dat,0.1,0,11.208100000175444,17425,122.2053999994165,1,9.999999999940612e-09,0.008182944452575539,8.922118824638848e-06,0,10000000.000059389,73549,0.0001,90974,0
rph-alpha-basis,3_RPH_KT_power_1_tensCls.dat,0.01,0,,6832,,1,0.0,0.0,0.0,0,,10663,0.0001,17495,0
rph-alpha-basis,3_RPH_KT_power_1_totCls.dat,0.1,0,11.625199999923842,13947,34.38079999924954,1,9.999999999940612e-09,0.029086001489838163,8.602002546249107e-06,0,10000000.000059389,3548,0.0001,17495,0
rph-alpha-basis,3_RPH_KT_power_1_transfer_out.dat,1000.0,0,,1980,4.999999999957109e+16,1,2.000000000017157e-14,2.0000000000171563e-17,0.0,0,4.999999999957107e+16,1296,0.0001,3276,0
rph-alpha-basis,3_RPH_MB_OmegaDE_1_lensedCls.dat,0.1,0,10.250299999951057,13547,34.03019999925719,1,1.0000000000287557e-07,0.029385663323219607,9.755812025060485e-06,0,999999.9999712444,3448,0.0001,16995,0
rph-alpha-basis,3_RPH_MB_OmegaDE_1_lensedtotCls.dat,0.1,0,10.053799999951995,13556,110.0537999994745,1,1.0000000000287557e-07,0.00908646498353328,9.946487895171725e-06,0,999999.9999712444,3439,0.0001,16995,0
rph-alpha-basis,3_RPH_MB_OmegaDE_1_lenspotentialCls.dat,0.1,0,10.00970000002333,13947,60.72759999867445,1,9.999999999940612e-08,0.016466977124434817,9.990309399858831e-06,0,1000000.0000059388,14045,0.0001,27992,0
rph-alpha-basis,3_RPH_MB_OmegaDE_1_matterpower.dat,1.0,0,,728,,1,0.0,0.0,0.0,0,,580,0.0001,1308,0
rph-alpha-basis,3_RPH_MB_OmegaDE_1_scalCls.dat,100.0,0,10.033100000094674,9530,132.2481,1,0.00010000000000331966,0.007561545307645252,9.967009199455442e-06,0,999999.9999668035,11464,0.0001,20994,0
rph-alpha-basis,3_RPH_MB_OmegaDE_1_scalarCovCls.dat,0.1,0,10.033100000094674,17505,110.03310000103828,1,9.999999999940612e-08,0.009088174376533642,9.967009199455442e-06,0,1000000.0000059388,73469,0.0001,90974,0
rph-alpha-basis,3_RPH_MB_OmegaDE_1_tensCls.dat,0.01,0,,6832,,1,0.0,0.0,0.0,0,,10663,0.0001,17495,0
rph-alpha-basis,3_RPH_MB_OmegaDE_1_totCls.dat,0.1,0,10.00970000002333,13947,60.72759999867445,1,9.999999999940612e-08,0.016466977124434817,9.990309399858831e-06,0,1000000.0000059388,3548,0.0001,17495,0
rph-alpha-basis,3_RPH_MB_OmegaDE_1_transfer_out.dat,1000.0,0,,2003,500011.38274761254,1,0.0020000000000095497,1.9999544700460618e-06,0.0,0,499999.99999761255,1273,0.0001,3276,0
rph-alpha-basis,3_RPH_MB_const_1_lensedCls.dat,0.1,0,15.911200000249064,13562,1027.4974000023947,1,1.0000000000287557e-07,0.0009732384724259832,6.284881089951397e-06,0,999999.9999712444,3433,0.0001,16995,0
rph-alpha-basis,3_RPH_MB_const_1_lensedtotCls.dat,0.1,0,10.809699999948386,13573,110.80969999947091,1,1.0000000000287557e-07,0.009024480708861903,9.25095053521166e-06,0,999999.9999712444,3422,0.0001,16995,0
rph-alpha-basis,3_RPH_MB_const_1_lenspotentialCls.dat,0.1,0,17.630400000016035,13972,27.63040000002513,1,1.0000000000807974e-08,0.03619202038331296,5.672021054536996e-06,0,9999999.999192027,14020,0.0001,27992,0
rph-alpha-basis,3_RPH_MB_const_1_matterpower.dat,1.0,0,,721,,1,0.0,0.0,0.0,0,,587,0.0001,1308,0
rph-alpha-basis,3_RPH_MB_const_1_scalCls.dat,100.0,0,21.129599999538787,9555,1021.1295999777109,1,9.999999999976694e-05,0.0009793076216983896,4.732697258925053e-06,0,1000000.0000023306,11439,0.0001,20994,0
rph-alpha-basis,3_RPH_MB_const_1_scalarCovCls.dat,0.1,0,12.447399999918455,17454,42.14389999908009,1,1.0000000000287557e-07,0.02372822638678024,8.033806256780944e-06,0,999999.9999712444,73520,0.0001,90974,0
rph-alpha-basis,3_RPH_MB_const_1_tensCls.dat,0.01,0,,6832,,1,0.0,0.0,0.0,0,,10663,0.0001,17495,0
rph-alpha-basis,3_RPH_MB_const_1_totCls.dat,0.1,0,17.630400000016035,13965,27.63040000002513,1,1.0000000000807974e-08,0.03619202038331296,5.672021054536996e-06,0,9999999.999192027,3530,0.0001,17495,0
rph-alpha-basis,3_RPH_MB_const_1_transfer_out.dat,1000.0,0,,1981,14084507042.26319,1,7.100000000000068e-08,7.099999999995126e-11,0.0,0,14084507042.253387,1295,0.0001,3276,0
rph-alpha-basis,3_RPH_MK_OmegaDE_1_lensedCls.dat,0.1,0,25.177600000058682,13547,159.42310000376986,1,1.0000000000287557e-07,0.0062726167034535965,3.971784443305435e-06,0,999999.9999712444,3448,0.0001,16995,0
rph-alpha-basis,3_RPH_MK_OmegaDE_1_lensedtotCls.dat,0.1,0,16.2200000000378,13556,1016.2200000023685,1,9.999999999940612e-08,0.0009840388892146084,6.165228113425829e-06,0,1000000.0000059388,3439,0.0001,16995,0
rph-alpha-basis,3_RPH_MK_OmegaDE_1_lenspotentialCls.dat,0.1,0,11.625199999923842,13947,34.70780000082073,1,9.999999999940612e-09,0.028811967338072512,8.602002546249107e-06,0,10000000.000059389,14045,0.0001,27992,0
rph-alpha-basis,3_RPH_MK_OmegaDE_1_matterpower.dat,1.0,0,,725,,1,0.0,0.0,0.0,0,,583,0.0001,1308,0
rph-alpha-basis,3_RPH_MK_OmegaDE_1_scalCls.dat,100.0,0,18.230199999912955,9538,1040.544500015142,1,9.999999999976694e-05,0.0009610353040984293,5.485403341733908e-06,0,1000000.0000023306,11456,0.0001,20994,0
rph-alpha-basis,3_RPH_MK_OmegaDE_1_scalarCovCls.dat,0.1,0,11.208100000175444,17425,1046.4629000396167,1,1.0000000000374293e-08,0.0009556000503812817,8.922118824638848e-06,0,9999999.999625707,73549,0.0001,90974,0
rph-alpha-basis,3_RPH_MK_OmegaDE_1_tensCls.dat,0.01,0,,6832,,1,0.0,0.0,0.0,0,,10663,0.0001,17495,0
rph-alpha-basis,3_RPH_MK_OmegaDE_1_totCls.dat,0.1,0,11.625199999923842,13947,34.70780000082073,1,9.999999999940612e-09,0.028811967338072512,8.602002546249107e-06,0,10000000.000059389,3548,0.0001,17495,0
rph-alpha-basis,3_RPH_MK_OmegaDE_1_transfer_out.dat,1000.0,0,,1979,10000062.55877858,1,0.00010000000000331966,9.999937441612778e-08,0.0,0,9999999.999668034,1297,0.0001,3276,0
rph-alpha-basis,3_RPH_MK_const_1_lensedCls.dat,0.1,0,20.380500000047498,13548,1020.3805000023782,1,2.9999999999821836e-08,0.0009800265685179885,4.906650965372142e-06,0,3333333.3333531297,3447,0.0001,16995,0
rph-alpha-basis,3_RPH_MK_const_1_lensedtotCls.dat,0.1,0,13.063800000030449,13555,119.73339999942829,1,3.0000000000038676e-08,0.00835188844553629,7.654740580823874e-06,0,3333333.3333290364,3440,0.0001,16995,0
rph-alpha-basis,3_RPH_MK_const_1_lenspotentialCls.dat,0.1,0,22.778200000538636,13945,32.7782000007751,1,0.0,0.030508081590091985,4.390162523712818e-06,0,,14047,0.0001,27992,0
rph-alpha-basis,3_RPH_MK_const_1_matterpower.dat,1.0,0,,718,,1,0.0,0.0,0.0,0,,590,0.0001,1308,0
rph-alpha-basis,3_RPH_MK_const_1_scalCls.dat,100.0,0,,9552,1000040.8019668021,1,0.00010000000000331966,9.999591996979304e-07,0.0,0,999999.9999668035,11442,0.0001,20994,0
rph-alpha-basis,3_RPH_MK_const_1_scalarCovCls.dat,0.1,0,10.188699999951352,17425,110.18869999947387,1,1.0000000000540735e-13,0.009075340756400383,9.814794821761116e-06,0,999999999945.9266,73549,0.0001,90974,0
rph-alpha-basis,3_RPH_MK_const_1_tensCls.dat,0.01,0,,6832,,1,0.0,0.0,0.0,0,,10663,0.0001,17495,0
rph-alpha-basis,3_RPH_MK_const_1_totCls.dat,0.1,0,22.778200000538636,13945,32.7782000007751,1,0.0,0.030508081590091985,4.390162523712818e-06,0,,3550,0.0001,17495,0
rph-alpha-basis,3_RPH_MK_const_1_transfer_out.dat,1000.0,0,,1970,9999999999790164.0,1,1.0000000000209863e-13,1.0000000000209836e-16,0.0,0,9999999999790138.0,1306,0.0001,3276,0
rph-alpha-basis,3_RPH_MK_power_1_lensedCls.dat,0.1,0,22.90610000054166,13548,32.90610000077813,1,1.0000000000287557e-07,0.03038950224962402,4.365649324749098e-06,0,999999.9999712444,3447,0.0001,16995,0
rph-alpha-basis,3_RPH_MK_power_1_lensedtotCls.dat,0.1,0,10.517599999931099,13557,121.85809999941813,1,0.0,0.0082062661407389,9.50787251850756e-06,0,,3438,0.0001,16995,0
rph-alpha-basis,3_RPH_MK_power_1_lenspotentialCls.dat,0.1,0,21.81929999985706,13947,136.93489999545423,1,0.0,0.007302740207450377,4.5830984495678195e-06,0,,14045,0.0001,27992,0
rph-alpha-basis,3_RPH_MK_power_1_matterpower.dat,1.0,0,,724,,1,0.0,0.0,0.0,0,,584,0.0001,1308,0
rph-alpha-basis,3_RPH_MK_power_1_scalCls.dat,100.0,0,67.18310000158867,9544,100067.18310236627,1,0.00010000000000331966,9.993286200302297e-06,1.4884695704371384e-06,0,999999.9999668035,11450,0.0001,20994,0
rph-alpha-basis,3_RPH_MK_power_1_scalarCovCls.dat,0.1,0,11.208100000175444,17425,10011.20810015671,1,1.0000000000374293e-08,9.988804447930182e-05,8.922118824638848e-06,0,9999999.999625707,73549,0.0001,90974,0
rph-alpha-basis,3_RPH_MK_power_1_tensCls.dat,0.01,0,,6832,,1,0.0,0.0,0.0,0,,10663,0.0001,17495,0
rph-alpha-basis,3_RPH_MK_power_1_totCls.dat,0.1,0,21.81929999985706,13947,136.93489999545423,1,0.0,0.007302740207450377,4.5830984495678195e-06,0,,3548,0.0001,17495,0
rph-alpha-basis,3_RPH_MK_power_1_transfer_out.dat,1000.0,0,,1982,16051364365.976503,1,6.229999999999981e-08,6.229999999997906e-11,0.0,0,16051364365.971157,1294,0.0001,3276,0
